id,date,title,category
12136,2013-10-28,Request to accept the resignation of Corinne Abbott from the Community Enhancement Commission.,Appointments & Resignations
12451,2014-02-03,Accept Resignation Of Jessica Hurst From The Community Enhancement Commission.,Appointments & Resignations
12798,2014-04-07,Request to Appoint Mayor,Appointments & Resignations
12812,2014-04-07,Appointment of Mayor,Appointments & Resignations
13136,2014-05-19,Appointment to Town Council to Fill Vacancy.,Appointments & Resignations
13229,2014-06-16,Appointment of Town Officials for Fiscal Year 2014-2015,Appointments & Resignations
13230,2014-06-16,Accept Resignation of Melvin R. McCoy From the Planning Commission.,Appointments & Resignations
13246,2014-06-16,Appointment to Town Council to Fill Vacancy.,Appointments & Resignations
13281,2014-07-07,"Accept resignation of Marshall O. Potter, Jr. from the Board of Zoning Appeals.",Appointments & Resignations
14006,2014-11-17,Accept Resignation Of Bridget Halsall From The Town Business Liaison Committee.,Appointments & Resignations
14196,2015-02-23,"Consideration of Vacation of a Portion of Locust Street SE Adjacent to Vienna Elementary School and Waters Field, Acquire Appraisal and Appoint Viewers.",Appointments & Resignations
14566,2015-07-06,Appointment of Town Officials for Fiscal Year 2015-2016,Appointments & Resignations
15434,2016-06-06,Appointment of Town Officials for Fiscal Year 2016-2017,Appointments & Resignations
16414,2017-06-05,Appointment of Town Officials for Fiscal Year 2017-18,Appointments & Resignations
18564,2018-06-04,Appointment of Town Officials for Fiscal Year 2018-19,Appointments & Resignations
18698,2018-07-09,Request to appoint viewers for alley vacation for property adjacent to 211-213 Mill Street NE and 156 Church Street NE,Appointments & Resignations
20513,2019-06-03,Appointment of Town Officials for Fiscal Year 2019-20,Appointments & Resignations
22807,2020-06-01,Appointment of Town Officials for Fiscal Year 2020-21,Appointments & Resignations
25444,2021-06-07,Appointment of Town Officials for Fiscal Year 2021-22,Appointments & Resignations
28371,2022-06-06,Appointment of Town Officials for Fiscal Year 2022-23,Appointments & Resignations
30831,2023-06-05,Appointment of Town Officials for Fiscal Year 2023-24,Appointments & Resignations
33264,2024-06-03,8:45 p.m. - 9:00 p.m. - Appointment of Town Officials for Fiscal Year 2024-25,Appointments & Resignations
34427,2024-12-09,Appointment of Treasurer,Appointments & Resignations
35788,2025-06-02,8:45 p.m. - 9:00 p.m. Appointment of Town Officials for Fiscal Year 2025-26,Appointments & Resignations
36326,2025-09-08,Appoint New Town Clerk,Appointments & Resignations
36327,2025-09-08,Appointment / Re-appointment to Town Boards and Commissions,Appointments & Resignations
38131,2026-06-01,Appointment of Town Officials for FY 2026-27,Appointments & Resignations
12128,2013-10-28,Request to adopt the Town of Vienna Capital Improvement Plan for 2014 through 2030.,"Budget, Taxes & Finance"
12132,2013-10-28,Request to approve the proposed General Obligation Debt Ordinance at the conclusion of the Public Hearing on 2014 Financing of Capital Improvement Projects.,"Budget, Taxes & Finance"
12165,2013-11-04,Request for approval of bank placement and/or bond issuance.,"Budget, Taxes & Finance"
12220,2013-11-18,Request Council appropriation of FY 2012 - 2013 encumbrance balances and carry forward request into the FY 2013 - 2014 General Fund budget.,"Budget, Taxes & Finance"
12320,2013-12-16,"Request to accept the Comprehensive Annual Financial Report (CAFR) for fiscal year ending June 30, 2013.","Budget, Taxes & Finance"
12325,2013-12-16,Distinguished Budget Presentation Award,"Budget, Taxes & Finance"
12639,2014-03-17,Request to set Public Hearing date for FY 2014-2015 Budget.,"Budget, Taxes & Finance"
12641,2014-03-17,Request to set date of Public Hearing for FY 2014-2015 Real Estate Tax rate.,"Budget, Taxes & Finance"
12642,2014-03-17,Request to approve supplemental legal fees for services rendered.,"Budget, Taxes & Finance"
12760,2014-03-22,FY 14/15 Budget Work Session,"Budget, Taxes & Finance"
12779,2014-03-24,FY 14/15 Budget Work Session,"Budget, Taxes & Finance"
12806,2014-04-07,Public Hearing on FY 2014-2015 Proposed Budget.,"Budget, Taxes & Finance"
12861,2014-04-28,Annual Audit Fee to Robinson Farmer Cox Associates PLLC,"Budget, Taxes & Finance"
12871,2014-04-28,Public Hearing for FY 2014/15 Proposed Real Estate Tax Rate,"Budget, Taxes & Finance"
12901,2014-05-12,Intent to adopt the Real Estate Property Tax Rate for Fiscal Year 2014-2015.,"Budget, Taxes & Finance"
12908,2014-05-12,Intent to Adopt the Fiscal Year 2014-2015 Budget,"Budget, Taxes & Finance"
13161,2014-06-02,Renewal of Annual Audit Contract to Robinson Farmer Cox Associates PLLC.,"Budget, Taxes & Finance"
13225,2014-06-16,Request approval to purchase a server and storage hardware for the Town Financial and Application Systems.,"Budget, Taxes & Finance"
13360,2014-09-08,Supplemental Invoice for Town Attorney Charges.,"Budget, Taxes & Finance"
13405,2014-09-22,Request to approve FY14 and FY15 spending with Double H Locates.,"Budget, Taxes & Finance"
13437,2014-10-20,Request for Approval to Increase the Spending Limit for Council Approval.,"Budget, Taxes & Finance"
13440,2014-10-20,Approval of Capital Improvement Plan Through 2030.,"Budget, Taxes & Finance"
13446,2014-10-20,"Award contract for hot-mix asphalt to National Asphalt Manufacturing Corporation, and approve FY15 spending.","Budget, Taxes & Finance"
13513,2014-11-03,Request to approve FY15 spending with Cargill Inc. for roadway deicing salt.,"Budget, Taxes & Finance"
14063,2014-12-15,"Request to Accept the Comprehensive Annual Financial Report for Fiscal Year Ending June 30, 2014","Budget, Taxes & Finance"
14332,2015-04-13,Request the Award of Contact RFP 15-04 For Auditing Services.,"Budget, Taxes & Finance"
14337,2015-04-13,Public Hearing on FY 2015-2016 Proposed Budget.,"Budget, Taxes & Finance"
14395,2015-04-27,Request to approve additional FY15 spending with HD Supply.,"Budget, Taxes & Finance"
14399,2015-04-27,Public Hearing for FY 2015/16 Proposed Real Estate Tax Rate,"Budget, Taxes & Finance"
14424,2015-05-11,Intent to Adopt the Real Estate Tax Rate for Fy15/16.,"Budget, Taxes & Finance"
14426,2015-05-11,Intent to Adopt the FY 2015-2016 Budget.,"Budget, Taxes & Finance"
14428,2015-05-11,"Authorization of the expenditure for annual auditing fee with Robinson, Farmer, Cox Associates.","Budget, Taxes & Finance"
14438,2015-05-11,Intent to Adopt the FY 2015-2016 Budget.,"Budget, Taxes & Finance"
14464,2015-06-01,New World Systems payment for the Standard Service Maintenance Agreement,"Budget, Taxes & Finance"
14571,2015-07-06,Supplemental Invoice for Town Attorney Charges.,"Budget, Taxes & Finance"
14710,2015-09-28,"Request approval of spending with Whitman, Requardt and Associates, LLP for Construction Management Support.","Budget, Taxes & Finance"
14712,2015-09-28,Approval of Capital Improvement Plan Through 2034.,"Budget, Taxes & Finance"
14735,2015-10-19,Consideration of a Marshall Road SW Revenue Sharing Grant Application.,"Budget, Taxes & Finance"
14787,2015-11-02,Increase FY16 spending with Ferguson Waterworks,"Budget, Taxes & Finance"
14893,2015-12-14,301 & 303 Niblick Drive SE Performance Bond Reduction Request.,"Budget, Taxes & Finance"
14984,2016-01-25,Presentation of Comprehensive Annual Financial Report,"Budget, Taxes & Finance"
14988,2016-01-25,Approve spending with Quarles Fuel.,"Budget, Taxes & Finance"
15012,2016-02-01,"Request to Set The Date to Amend The Fiscal Year 2016 Operating Budget, Public Hearing for February 22, 2016.","Budget, Taxes & Finance"
15013,2016-02-01,Presentation of Comprehensive Annual Financial Report,"Budget, Taxes & Finance"
15017,2016-02-01,Approve spending with Quarles Fuel.,"Budget, Taxes & Finance"
15066,2016-02-22,Public Hearing for Amendment of FY16 Operating Budget,"Budget, Taxes & Finance"
15093,2016-03-07,Request to Set a Public Hearing for the FY17 Real Estate Tax Rate,"Budget, Taxes & Finance"
15094,2016-03-07,Request to Set a Public Hearing for the FY17 Operating Budget,"Budget, Taxes & Finance"
15177,2016-04-04,FY2013 Revenue-Sharing Grant Extension.,"Budget, Taxes & Finance"
15183,2016-04-04,Request to approve additional FY16 spending with HD Supply.,"Budget, Taxes & Finance"
15185,2016-04-04,Public Hearing on FY 2016-2017 Proposed Budget.,"Budget, Taxes & Finance"
15186,2016-04-04,Request to Defer the April 18 Public Hearing on the FY17 Real Estate Tax Rate to May 9,"Budget, Taxes & Finance"
15276,2016-04-18,Request to approve additional FY16 spending with RJ Merkel,"Budget, Taxes & Finance"
15306,2016-05-09,Public Hearing for FY 2016-17 Proposed Real Estate Tax Rate,"Budget, Taxes & Finance"
15314,2016-05-09,VDOT Resolutions:  Beulah Road Phase II Fund Transfer and FY2013 Revenue-Sharing Grant Funding Confirmation,"Budget, Taxes & Finance"
15387,2016-05-23,Intent to Adopt the Real Estate Tax Rate for FY16-17,"Budget, Taxes & Finance"
15388,2016-05-23,Intent to Adopt the FY 2016-17 Budget.,"Budget, Taxes & Finance"
15391,2016-05-23,"Request for approval of 304 & 308 Adahi Road SE, Performance Bond Reduction Request.","Budget, Taxes & Finance"
15426,2016-06-06,Request approval of FY16 spending with Waste Management Recycle America,"Budget, Taxes & Finance"
15441,2016-06-06,Intent to Adopt the FY 2016-17 Budget.,"Budget, Taxes & Finance"
15506,2016-07-11,"Request approval for additional FY16 spending with Double H Locates in the amount of $20,000","Budget, Taxes & Finance"
15604,2016-08-22,"Renewal of Annual Audit Contract with Robinson, Farmer, Cox Associates PLLC","Budget, Taxes & Finance"
15611,2016-08-22,Contract Renewal for Munis Financial Software Support,"Budget, Taxes & Finance"
15700,2016-09-26,Approval of Capital Improvement Plan through 2034,"Budget, Taxes & Finance"
15737,2016-10-03,Request FY17 spending with Arthur Construction,"Budget, Taxes & Finance"
15740,2016-10-03,Approve FY18 VDOT Revenue Sharing Resolutions,"Budget, Taxes & Finance"
15743,2016-10-03,2017 Town Council & Budget Calendar Dates,"Budget, Taxes & Finance"
15814,2016-11-07,Request Council appropriation of FY 2015-16 encumbrance balances and carry-forward funds into the FY 2016-17 General Fund budget,"Budget, Taxes & Finance"
15815,2016-11-07,"The Fairfax County School Board (FFCSB) seeks approval to provide an additional public-use trailer as a temporary classroom at Cedar Lane School.  The school is located at 101 Cedar Lane, SW and is further identified as Fairfax County Tax Map Parcel 49-1-(2)-3.","Budget, Taxes & Finance"
15864,2016-11-21,The Fairfax County School Board (FFCSB) seeks approval to provide an additional public-use trailer as a temporary classroom at Cedar Lane School. The school is located at 101 Cedar Lane SW and is further identified as Fairfax County Tax Map Parcel 49-1-(2)-3.,"Budget, Taxes & Finance"
15892,2016-12-05,The Fairfax County School Board (FFCSB) seeks approval to provide an additional public-use trailer as a temporary classroom at Cedar Lane School. The school is located at 101 Cedar Lane SW and is further identified as Fairfax County Tax Map Parcel 49-1-(2)-3.,"Budget, Taxes & Finance"
15937,2017-01-09,Presentation of Comprehensive Annual Financial Report,"Budget, Taxes & Finance"
15983,2017-01-30,Request to increase spending with Meridian Enterprise Office Solutions for scanning services,"Budget, Taxes & Finance"
15986,2017-01-30,Request to approve additional FY17 spending with HD Supply.,"Budget, Taxes & Finance"
16129,2017-03-13,Intent to Adopt Amendments to the 2016-17 Budget,"Budget, Taxes & Finance"
16131,2017-03-13,Request to Set a Public Hearing for the FY18 Operating Budget,"Budget, Taxes & Finance"
16133,2017-03-13,Request to Set a Public Hearing for the FY18 Real Estate Tax Rate,"Budget, Taxes & Finance"
16207,2017-04-03,Request FY17 spending with Pavement Management Services for pavement condition rating services,"Budget, Taxes & Finance"
16210,2017-04-03,Request to increase FY17 spending with Shannon Baum Signs for road sign materials,"Budget, Taxes & Finance"
16259,2017-04-17,Public Hearing on FY 2017-2018 Proposed Budget,"Budget, Taxes & Finance"
16292,2017-04-24,Set public hearing to increase cigarette tax rate,"Budget, Taxes & Finance"
16293,2017-04-24,Public Hearing for FY 2017-18 Proposed Real Estate Tax Rate,"Budget, Taxes & Finance"
16325,2017-05-08,Intent to Adopt the FY 2017-18 Operating Budget,"Budget, Taxes & Finance"
16327,2017-05-08,Intent to Adopt the Real Estate Tax Rate for FY2017-18,"Budget, Taxes & Finance"
16374,2017-05-22,"Public Hearing to Amend Chapter 6, Article 3 of the Town Code of Vienna - Cigarette Tax","Budget, Taxes & Finance"
16403,2017-06-05,"Request approval for of the fifth-year contract payment not to exceed $77,820 to New World Systems for the standard software maintenance agreement for computer-aided dispatch, law enforcement records management, and mobile data system","Budget, Taxes & Finance"
16404,2017-06-05,"Renewal of annual audit contract with Robinson, Farmer, Cox Associates PLLC","Budget, Taxes & Finance"
16407,2017-06-05,"Intent to Adopt Amendment to Chapter 6, Article 3 of the Town Code of Vienna - Cigarette Tax","Budget, Taxes & Finance"
16409,2017-06-05,"Request approval for additional FY17 spending with Double H Locates for $16,000","Budget, Taxes & Finance"
16443,2017-06-05,"Intent to Adopt Amendment to Chapter 6, Article 3 of the Town Code of Vienna - Cigarette Tax","Budget, Taxes & Finance"
16510,2017-07-10,Request award of IFB 18-03 and FY18 spending for slurry seal application as needed with Slurry Pavers,"Budget, Taxes & Finance"
16685,2017-08-21,Supplemental Invoice for Town Attorney Charges.,"Budget, Taxes & Finance"
16757,2017-09-11,Request approval for additional FY17 spending with Double H Locates,"Budget, Taxes & Finance"
16758,2017-09-11,Request approval for FY2018 spending with National Asphalt Manufacturing Corporation.,"Budget, Taxes & Finance"
16763,2017-09-11,Request appropriation of previously approved funds for Keller Brothers,"Budget, Taxes & Finance"
16764,2017-09-11,Renewal of Tyler Munis Financial System software,"Budget, Taxes & Finance"
16768,2017-09-11,Presentation of Certificate of Achievement for Excellence in Financial Reporting,"Budget, Taxes & Finance"
16867,2017-09-11,Request approval for additional FY17 spending with Double H Locates,"Budget, Taxes & Finance"
16832,2017-09-25,Request Council appropriation of FY 2016-17 encumbrance balances and carry-forward funds into the FY 2017-18 General Fund budget,"Budget, Taxes & Finance"
16833,2017-09-25,Approval of Capital Improvement Plan through 2034,"Budget, Taxes & Finance"
16915,2017-10-16,Request approval for additional FY18 spending with James River Equipment to purchase a 12’ 5000 Series Snow Blade to go with VRP #163.,"Budget, Taxes & Finance"
17031,2017-11-13,Request to award IFB 18-10 and FY18 spending for Yard Waste Disposal,"Budget, Taxes & Finance"
17211,2017-12-11,Presentation of 2017 Comprehensive Annual Financial Report (CAFR),"Budget, Taxes & Finance"
17212,2017-12-11,"Authorization for Payment of Supplemental Legal Fees to BrigliaHundley, P.C.","Budget, Taxes & Finance"
17517,2018-01-08,Approve FY19-20 VDOT Revenue Sharing Resolutions,"Budget, Taxes & Finance"
17603,2018-01-29,Public Hearing for Issuance of 2018 Bond,"Budget, Taxes & Finance"
17616,2018-01-29,Public Hearing for Issuance of 2018 Bond,"Budget, Taxes & Finance"
17715,2018-02-13,Acceptance of Bid for Bond Purchase,"Budget, Taxes & Finance"
17761,2018-02-26,Request additional FY18 spending with Broad Run,"Budget, Taxes & Finance"
17762,2018-02-26,Request additional FY18 spending with Chantilly Crushed Stone,"Budget, Taxes & Finance"
17825,2018-03-12,"Request to Set a Public Hearing on April 9, 2018 Regarding the FY 2018-19 Operating Budget","Budget, Taxes & Finance"
17827,2018-03-12,"Request to Set a Public Hearing on April 23, 2018 Regarding the FY 2018-19 Real Estate Tax Rate","Budget, Taxes & Finance"
18019,2018-04-09,Request approval for additional FY18 spending with Virginia Public Works Equipment Company,"Budget, Taxes & Finance"
18022,2018-04-09,Request award of IFB 18-13 and FY18 spending for Midlantic Marking,"Budget, Taxes & Finance"
18024,2018-04-09,Public Hearing on FY 2018-19 Proposed Budget,"Budget, Taxes & Finance"
18165,2018-04-09,Public Hearing on FY 2018-19 Proposed Budget,"Budget, Taxes & Finance"
18184,2018-04-23,Request additional FY18 spending with Arthur Construction,"Budget, Taxes & Finance"
18187,2018-04-23,Public Hearing for FY 2018-19 Proposed Real Estate Tax Rate,"Budget, Taxes & Finance"
18267,2018-05-07,Revision to General Fund Balance Policy,"Budget, Taxes & Finance"
18268,2018-05-07,Intent to Adopt the FY 2018-19 Budget,"Budget, Taxes & Finance"
18270,2018-05-07,Intent to adopt the Real Estate Tax Rate for FY 2018-19,"Budget, Taxes & Finance"
18446,2018-05-21,"Request approval for additional FY spending with Sagres Construction, Corp.","Budget, Taxes & Finance"
18556,2018-06-04,"Renewal of annual audit contract with Robinson, Farmer, Cox Associates PLLC","Budget, Taxes & Finance"
18562,2018-06-04,2018 CIP Update,"Budget, Taxes & Finance"
18700,2018-07-09,Request additional FY18 spending with Potomac Truck Center Inc.,"Budget, Taxes & Finance"
18707,2018-07-09,Supplemental Invoice for Town Attorney Charges,"Budget, Taxes & Finance"
18906,2018-08-20,Request approval for additional FY18 spending with Double H Locates,"Budget, Taxes & Finance"
19035,2018-09-17,320 Nutley St SW Performance Bond Extension Request,"Budget, Taxes & Finance"
19038,2018-09-17,"Request approval for payment not to exceed $82,156 to Tyler Technologies for the standard software maintenance agreement.","Budget, Taxes & Finance"
19236,2018-10-15,Approval of Capital Improvement Plan through 2034,"Budget, Taxes & Finance"
19310,2018-10-29,Request approval for additional FY18 spending as well as FY19 spending for utility marking with Double H Locates and Pinpoint Underground LLC,"Budget, Taxes & Finance"
19311,2018-10-29,Request Council appropriation of FY2017-18 encumbrance balances and carryforward funds into the FY2018-19 general fund budget,"Budget, Taxes & Finance"
19313,2018-10-29,Request additional FY19 spending with Arthur Construction,"Budget, Taxes & Finance"
19314,2018-10-29,Request approval for FY19 spending on de-icing salt with Mid-Atlantic Salt,"Budget, Taxes & Finance"
19336,2018-10-29,Request Council appropriation of FY2017-18 encumbrance balances and carryforward funds into the FY2018-19 general fund budget,"Budget, Taxes & Finance"
19555,2018-12-10,Presentation of 2018 Comprehensive Annual Financial Report (CAFR),"Budget, Taxes & Finance"
19559,2018-12-10,Request additional FY19 spending with Alpha Sheet Metal Inc.,"Budget, Taxes & Finance"
19627,2019-01-07,Request additional FY19 spending with Broad Run,"Budget, Taxes & Finance"
19874,2019-02-25,2018 Investment Report,"Budget, Taxes & Finance"
19968,2019-03-11,"Request to set a public hearing for April 8, 2019 regarding the FY 2019-20 operating budget","Budget, Taxes & Finance"
19970,2019-03-11,"Request to re-set a public hearing for May 13, 2019 regarding the FY 2019-20 real estate tax rate","Budget, Taxes & Finance"
19971,2019-03-11,Operating Budget Overview,"Budget, Taxes & Finance"
20174,2019-04-08,"Request to re-set a public hearing for May 13, 2019 regarding the FY 2019-20 real estate tax rate","Budget, Taxes & Finance"
20180,2019-04-08,Public Hearing on FY 2019-20 Proposed Budget,"Budget, Taxes & Finance"
20197,2019-04-08,Public Hearing on FY 2019-20 Proposed Budget,"Budget, Taxes & Finance"
20363,2019-05-13,Public Hearing regarding FY 2019-20 Proposed Real Estate Tax Rate,"Budget, Taxes & Finance"
20364,2019-05-13,Intent to adopt the Real Estate Tax Rate for FY 2019-20,"Budget, Taxes & Finance"
20365,2019-05-13,Intent to Adopt the FY 2019-20 Budget,"Budget, Taxes & Finance"
20518,2019-06-03,Request appropriation for annual audit contract with Robinson Farmer Cox Associates PLLC (year 5 of 6-year contract),"Budget, Taxes & Finance"
20680,2019-07-01,"Award of IFB 20-03 to Arthur Construction for On Call Roadway Maintenance and request FY20 spending in the amount of $260,000.00.","Budget, Taxes & Finance"
21062,2019-09-30,Request award of IFB 20-08 for Construction and Demolition Debris Disposal and request FY20 spending,"Budget, Taxes & Finance"
21152,2019-10-21,Request approval for FY20 spending with Eastern Salt for de-icing salt,"Budget, Taxes & Finance"
21153,2019-10-21,Approval of 2020-36 Capital Improvement Plan (CIP),"Budget, Taxes & Finance"
21273,2019-11-04,Request Council’s approval of appropriation of FY2018-19 purchase order roll forwards and carryforward funds into the FY2019-20 General Fund budget,"Budget, Taxes & Finance"
21822,2019-12-09,Public hearing for issuance of 2020 bond,"Budget, Taxes & Finance"
21823,2019-12-09,Presentation of 2019 Comprehensive Annual Financial Report (CAFR),"Budget, Taxes & Finance"
22171,2020-01-27,Presentation of Mid-Year Financial Review for fiscal year 2020,"Budget, Taxes & Finance"
22199,2020-02-03,2019 Investment Report,"Budget, Taxes & Finance"
22306,2020-02-24,"Request additional FY20 spending with Ferguson Enterprises, Inc.","Budget, Taxes & Finance"
22307,2020-02-24,"Request additional FY spending with Chantilly Crushed Stone, Inc.","Budget, Taxes & Finance"
22309,2020-02-24,"Request additional FY20 spending with Shannon Baum Signs, Inc.","Budget, Taxes & Finance"
22311,2020-02-24,Council Approval of Revised 2020 CIP for 2020 Bond Issue,"Budget, Taxes & Finance"
22314,2020-02-24,Appropriate funds for Davenport & Company as Financial Advisor,"Budget, Taxes & Finance"
22372,2020-03-09,"Request to set a public hearing for April 13, 2020 regarding the FY 2020-21 operating budget","Budget, Taxes & Finance"
22373,2020-03-09,"Request to set a public hearing for April 27, 2020 regarding the FY 2020-21 real estate tax rate","Budget, Taxes & Finance"
22396,2020-03-10,Special Meeting to Accept Bid for Bond Purchase,"Budget, Taxes & Finance"
22515,2020-04-13,Public Hearing on FY 2020-21 Proposed Budget,"Budget, Taxes & Finance"
22518,2020-04-13,Request additional FY20 spending with Potomac Truck Center,"Budget, Taxes & Finance"
22519,2020-04-13,"Resolution to extend the due date for the first installment of Town of Vienna real estate taxes to August 28, 2020","Budget, Taxes & Finance"
22593,2020-04-27,Request CIP and revenue-share funding for roadway maintenance utilizing IFB 20-03,"Budget, Taxes & Finance"
22595,2020-04-27,Approval of spending with Moody’s Investor Services for bond rating services,"Budget, Taxes & Finance"
22596,2020-04-27,Public hearing regarding FY 2020-21 proposed real estate tax rate,"Budget, Taxes & Finance"
22620,2020-04-27,Public hearing regarding FY 2020-21 proposed real estate tax rate,"Budget, Taxes & Finance"
22701,2020-05-11,Correct Date on Motion to Adopt the Town of Vienna FY 2020-21 Tax Rates and Motion to Adopt FY 2020-21 Budget,"Budget, Taxes & Finance"
22806,2020-06-01,Request appropriation of federal CARES Act funding,"Budget, Taxes & Finance"
22913,2020-06-15,Request additional FY20 spending with James G Walters Contractor,"Budget, Taxes & Finance"
22924,2020-06-15,Intent to Adopt Real Estate Tax Rate for FY 2020-21,"Budget, Taxes & Finance"
22925,2020-06-15,Adopt FY 2020-21 Budget,"Budget, Taxes & Finance"
23018,2020-07-06,Request approval of spending of CARES Act funds for procurement of network upgrades to improve information technology infrastructure security and performance,"Budget, Taxes & Finance"
23019,2020-07-06,Request appropriation for annual audit contract with Robinson Farmer Cox Associates,"Budget, Taxes & Finance"
23025,2020-07-06,Increase Appropriation for Supplemental Legal Services,"Budget, Taxes & Finance"
23030,2020-07-06,Rollover of Federal CARES Act Funding,"Budget, Taxes & Finance"
23031,2020-07-06,Set a public hearing for August 31 to amend the 2019-20 budget related to federal CARES Act spending,"Budget, Taxes & Finance"
23032,2020-07-06,Set a public hearing for August 31 to amend the 2020-21 budget related to federal CARES Act spending,"Budget, Taxes & Finance"
23034,2020-07-06,"Approve CARES funding certification, including a $1 million appropriation to the RISE grant program","Budget, Taxes & Finance"
23254,2020-08-31,"Approve transfer of spending for 2021, utilizing IFB 20-03 for roadway maintenance, from the general fund to the capital project fund","Budget, Taxes & Finance"
23256,2020-08-31,"Public hearing to amend the FY 2019-20 budget for use of Coronavirus Aid, Relief, and Economic Security Funds (CARES Act Funds)","Budget, Taxes & Finance"
23257,2020-08-31,Public hearing to amend FY 2020-21 budget for use of CARES Act funding and supplemental appropriations,"Budget, Taxes & Finance"
23265,2020-08-31,"Approval to publish a list of delinquent real estate tax payments as of June 30, 2020 (Consent)","Budget, Taxes & Finance"
23303,2020-08-31,"Public hearing to amend the FY 2019-20 budget for use of Coronavirus Aid, Relief, and Economic Security Funds (CARES Act Funds)","Budget, Taxes & Finance"
23304,2020-08-31,Public hearing to amend FY 2020-21 budget for use of CARES Act funding and supplemental appropriations,"Budget, Taxes & Finance"
23367,2020-09-14,2020 Investment Report,"Budget, Taxes & Finance"
23368,2020-09-14,2020-21 financial review for first two months of fiscal year,"Budget, Taxes & Finance"
23666,2020-10-26,Financial Review First Quarter 2020-21,"Budget, Taxes & Finance"
23667,2020-10-26,Approval of FY 2020-21 Capital Improvement Plan (CIP),"Budget, Taxes & Finance"
23675,2020-10-26,"Town Meeting with Restaurant Owners, Landlords, and Tenants to Find Financial Ways to Survive During the Upcoming Winter Season. (Requested By Councilmember Brill)","Budget, Taxes & Finance"
23697,2020-10-26,"Town Meeting with Restaurant Owners, Landlords, and Tenants to Find Financial Ways to Survive During the Upcoming Winter Season. (Requested By Councilmember Brill)","Budget, Taxes & Finance"
23785,2020-11-16,Presentation of Certificate of Achievement for Excellence in Financial Reporting,"Budget, Taxes & Finance"
23885,2020-12-07,Presentation of 2020 Comprehensive Annual Financial Report (CAFR),"Budget, Taxes & Finance"
23976,2021-01-04,"Council Acceptance of $49,290.06 in Coronavirus Relief Funds for Utility Relief","Budget, Taxes & Finance"
24099,2021-02-01,"Approve Spending For Temporary Help with VAPFS, LLC-Hire Strategy","Budget, Taxes & Finance"
24104,2021-02-01,Increase annual fee to auditors to meet federal audit requirements,"Budget, Taxes & Finance"
24240,2021-02-22,Amend sub recipient agreement with Fairfax County for CARES Act funds spending date extension,"Budget, Taxes & Finance"
24245,2021-02-22,Financial Report on First Seven Months of Fiscal 2021,"Budget, Taxes & Finance"
24647,2021-03-22,"Request to set a public hearing for April 12, 2021 regarding the FY 2021-22 operating budget","Budget, Taxes & Finance"
24649,2021-03-22,"Request to set a public hearing for April 26, 2021 regarding the FY 2021-22 real estate tax rate","Budget, Taxes & Finance"
24650,2021-03-22,"Approve an increase in spending for temporary help with VAPFS, LLC-Hire Strategy","Budget, Taxes & Finance"
24806,2021-04-12,Public hearing on FY 2021-22 proposed budget,"Budget, Taxes & Finance"
24998,2021-04-26,Public hearing on the FY 2021-22 proposed real estate tax rate,"Budget, Taxes & Finance"
25002,2021-04-26,Financial Report on First Three Quarters of Fiscal 20-2021,"Budget, Taxes & Finance"
25176,2021-05-17,Intent to Adopt Real Estate Tax Rate for FY 2021-22,"Budget, Taxes & Finance"
25180,2021-05-17,Adopt FY 2021-22 Budget,"Budget, Taxes & Finance"
25181,2021-05-17,Consider Unfreezing Portion of 2021-22 Budget,"Budget, Taxes & Finance"
25183,2021-05-17,Request additional FY21 spending with Arthur Construction utilizing IFB 20-03 and IFB 17-03.,"Budget, Taxes & Finance"
25185,2021-05-17,Approve Spending with Spotted MP To Partially Cover Vacant Communications Manager Position,"Budget, Taxes & Finance"
25704,2021-07-12,Renewal of Annual Audit Contract to Robinson Farmer Cox Associates PLLC.,"Budget, Taxes & Finance"
25710,2021-07-12,"Set Public Hearing to Amend 2022 Budget for American Rescue Plan (ARPA) Funds and Other Supplemental Appropriations for August 30, 2021","Budget, Taxes & Finance"
25712,2021-07-12,Council Acceptance of American Recovery Plan (ARPA) Funds,"Budget, Taxes & Finance"
25713,2021-07-12,Preliminary Results for FY 2020-21,"Budget, Taxes & Finance"
25716,2021-07-12,Increase 2021 Spending with Sprint,"Budget, Taxes & Finance"
25969,2021-08-30,"Approval to Publish a list of Delinquent Real Estate Tax Payments as of June 30, 2021 (Consent)","Budget, Taxes & Finance"
25970,2021-08-30,Public Hearing to Amend FY 2021-22 Budget for Award of American Rescue Plan Act Funds and Supplemental Appropriations,"Budget, Taxes & Finance"
26117,2021-09-13,"Award of IFB 22-01 to Midlantic Marking, Inc. and request fiscal year spending","Budget, Taxes & Finance"
26673,2021-10-25,"Award of IFB 22-05 to Arthur Construction Co, Inc. and request fiscal year spending","Budget, Taxes & Finance"
26675,2021-10-25,Adopt 2022 Capital Improvement Plan (CIP),"Budget, Taxes & Finance"
26842,2021-11-15,Set Public Hearing for Budget Carryforward Supplemental Appropriation from FY 2021 To FY 2022,"Budget, Taxes & Finance"
26844,2021-11-15,Request fiscal year spending for deicing road salt.,"Budget, Taxes & Finance"
26849,2021-11-15,Approve Supplemental Legal Invoices for FY 2021,"Budget, Taxes & Finance"
26998,2021-12-06,Presentation of 2021 Annual Comprehensive Financial Report (ACFR),"Budget, Taxes & Finance"
26999,2021-12-06,Presentation of Certificate of Achievement for Excellence in Financial Reporting,"Budget, Taxes & Finance"
27001,2021-12-06,Request approval for additional FY22 spending with Mid-Atlantic Waste Systems.,"Budget, Taxes & Finance"
27004,2021-12-06,Public Hearing for Budget Carryforward Supplemental Appropriation from FY 2021 To FY 2022,"Budget, Taxes & Finance"
27036,2021-12-06,Public Hearing for Budget Carryforward Supplemental Appropriation from FY 2021 To FY 2022,"Budget, Taxes & Finance"
27302,2022-01-24,Adopt 2022 Capital Improvement Plan (CIP),"Budget, Taxes & Finance"
27303,2022-01-24,Approve Phase 1 ARPA Spending,"Budget, Taxes & Finance"
27305,2022-01-24,Request increase in spending with Human Circuit for FY 22,"Budget, Taxes & Finance"
27409,2022-02-07,Public Hearing for Issuance of 2022 Bond,"Budget, Taxes & Finance"
27505,2022-02-22,Special Meeting to Accept Bid for Bond Sale,"Budget, Taxes & Finance"
27558,2022-02-28,Approve Spending with Davenport & Company as Financial Advisor for 2022 Bond Issue,"Budget, Taxes & Finance"
27559,2022-02-28,"Approve Spending with McGuire Woods, LLC As Bond Counsel For 2022 Bond Issue","Budget, Taxes & Finance"
27605,2022-03-07,"Council Acceptance of $63,046.89 in Federal, State and Local Fiscal Recovery Funds (SLFRF) for Utility Relief","Budget, Taxes & Finance"
27654,2022-03-07,"Council Acceptance of $63,046.89 in Federal, State and Local Fiscal Recovery Funds (SLFRF) for Utility Relief","Budget, Taxes & Finance"
27743,2022-03-21,ARPA Funded Marketing Support for Economic Development Division,"Budget, Taxes & Finance"
27751,2022-03-21,"Request to Set a Public Hearing for April 11, 2022 regarding the FY 2022-23 Operating Budget","Budget, Taxes & Finance"
27754,2022-03-21,"Request to set a public hearing for April 25, 2022 regarding the FY 2022-23 real estate tax rate","Budget, Taxes & Finance"
27812,2022-03-21,ARPA Funded Marketing Support for Economic Development Division,"Budget, Taxes & Finance"
27912,2022-04-11,Approve Debt Management Policy,"Budget, Taxes & Finance"
27913,2022-04-11,"Amend Town Code Chapter 6, Section 6-4.2, Eligibility for (Real Estate Tax) Exemption or Deferral","Budget, Taxes & Finance"
27914,2022-04-11,Increase Appropriation with Davenport & Company LLC for 2022 Bond Issue Financial Advisory Services,"Budget, Taxes & Finance"
27920,2022-04-11,Public Hearing for 2022-23 Budget,"Budget, Taxes & Finance"
28047,2022-04-25,Public Hearing on the FY 2022-23 Proposed Tax Rate,"Budget, Taxes & Finance"
28217,2022-05-16,Intent to Adopt Real Estate Tax Rate for FY 2022-23,"Budget, Taxes & Finance"
28219,2022-05-16,Adopt FY 2022-23 Operating Budget,"Budget, Taxes & Finance"
28837,2022-08-29,"Approval to Publish a list of Delinquent Real Estate Tax Payments as of June 30, 2022","Budget, Taxes & Finance"
28910,2022-09-12,Approve Increase in Spending with McGuire Woods for 2022 Bond Counsel Services,"Budget, Taxes & Finance"
29007,2022-09-26,"Request approval with Presidio for the procurement of additional speakers and hardware to support extended use of the intercom system with the Town of Vienna VOIP system. Approved by Council January 24, 2022 Phase 1 ARPA funding.","Budget, Taxes & Finance"
29008,2022-09-26,"Request Approval for Spending with Capital Building Services, Inc. for cleaning services at Town-owned buildings. General Fund Budget Item","Budget, Taxes & Finance"
29013,2022-09-26,Presentation of GFOA’s Distinguished Budget Award,"Budget, Taxes & Finance"
29014,2022-09-26,Public Hearing for Supplemental Adjustment to the 2022-23 General Fund Budget,"Budget, Taxes & Finance"
29478,2022-12-05,Presentation of 2022 Annual Comprehensive Financial Report (ACFR),"Budget, Taxes & Finance"
30021,2023-02-27,Update Investment Policy,"Budget, Taxes & Finance"
30022,2023-02-27,"Approve Second Year of Changes to Tax Relief for the Elderly and Disabled
Code of Vienna Chapter 6, Section 6-4.2","Budget, Taxes & Finance"
30223,2023-03-20,"Request to Set a Public Hearing for April 10, 2023 regarding the FY2023-24 Operating Budget","Budget, Taxes & Finance"
30225,2023-03-20,"Request to set a public hearing for April 24, 2023 regarding the FY2023-24 real estate tax rate","Budget, Taxes & Finance"
30409,2023-04-10,Public Hearing for 2023-24 Budget,"Budget, Taxes & Finance"
30522,2023-04-24,Public Hearing on FY2023-24 Proposed Tax Rate,"Budget, Taxes & Finance"
30580,2023-05-01,Approve 2023 Capital Improvement Plan (CIP),"Budget, Taxes & Finance"
30581,2023-05-01,Approve 2023 ARPA Reallocation Plan,"Budget, Taxes & Finance"
30709,2023-05-15,Intent to Adopt Real Estate Tax Rate for FY2023-24,"Budget, Taxes & Finance"
30712,2023-05-15,Intent to Adopt FY2023-24 Budget,"Budget, Taxes & Finance"
30961,2023-06-20,Request approval for 2022 Holiday Ornament allocation and Donation to the Vienna Public Art Foundation.,"Budget, Taxes & Finance"
31044,2023-07-10,Appropriate Spending for the Town Attorney for FY 2023-24,"Budget, Taxes & Finance"
31263,2023-08-28,"Approval To Publish a List of Delinquent Real Estate Tax Payments as of Aug. 3, 2023","Budget, Taxes & Finance"
31271,2023-08-28,Certificate of Achievement for Excellence in Financial Reporting,"Budget, Taxes & Finance"
31335,2023-09-11,Set a Public Hearing on 2023-24 Supplemental Appropriations (Carryforwards),"Budget, Taxes & Finance"
31507,2023-10-02,Public Hearing on 2023-24 Budget Supplemental Appropriations (Purchase Order Roll Forwards and Carry Forwards),"Budget, Taxes & Finance"
31639,2023-10-23,Presentation of GFOA's Distinguished Budget Award,"Budget, Taxes & Finance"
31644,2023-10-23,Approve 2024 CIP Plan and CIP and ARPA Reallocation,"Budget, Taxes & Finance"
31938,2023-12-04,8:35 p.m. - 9:05 p.m. -   Presentation of the 2023 Annual Comprehensive Financial Report (ACFR),"Budget, Taxes & Finance"
32104,2024-01-08,"7:45p.m. - 8:15 p.m.   Mid-year Financial Review, FY 2023-24","Budget, Taxes & Finance"
32304,2024-01-29,Approve Spending with McGuire Woods as Bond Counsel for 2023 and 2024 Debt Issuances,"Budget, Taxes & Finance"
32305,2024-01-29,9:40 p.m. to 9:55 p.m. - Increase Appropriation to Tyler Technologies to Move Software to the Cloud,"Budget, Taxes & Finance"
32307,2024-01-29,9:55 p.m. to 10:35 p.m. - Approve ARPA and CIP Reallocation,"Budget, Taxes & Finance"
32774,2024-03-18,10:45 p.m. - 11:00 p.m. - Reallocate AARPA and CIP,"Budget, Taxes & Finance"
32775,2024-03-18,"Request to Set a Public Hearing for April 8, 2024 regarding the FY2024-25 Operating Budget","Budget, Taxes & Finance"
32777,2024-03-18,"Request to Set a Public Hearing for April 29, 2024 regarding the FY2024-25 Real Estate Tax Rate","Budget, Taxes & Finance"
32780,2024-03-18,"Request to Set a Public Hearing for Special Events Meals Taxes Ordinance Change on May 20, 2024","Budget, Taxes & Finance"
32879,2024-04-08,8:00 p.m. - 8:15 p.m. Public Hearing for 2024-25 Operating Budget,"Budget, Taxes & Finance"
33021,2024-04-29,7:55 p.m. - 8:25 p.m.  Public Hearing on FY2024-25 Proposed Tax Rate,"Budget, Taxes & Finance"
33178,2024-05-20,Request award of IFB 24-24 for Construction and Demolition Debris Disposal and Request for FY25 Spending,"Budget, Taxes & Finance"
33179,2024-05-20,Intent to Adopt Real Estate Tax Rate for FY2024-25,"Budget, Taxes & Finance"
33180,2024-05-20,Intent to Adopt FY 2024-25 Operating Budget,"Budget, Taxes & Finance"
33262,2024-06-03,"Request award of IFB 24-22 for Crushed Stone, Gravel, Sand and Other Aggregates and Request for FY25 Spending","Budget, Taxes & Finance"
33503,2024-07-08,Request to Award IFB 24-12 to Sagres Construction Corporation (Primary) and A&M Concrete Corporation (Secondary) for On-Call Roadway Maintenance and request for FY25 spending,"Budget, Taxes & Finance"
33504,2024-07-08,Request award of IFB 24-28 for Pavement Marking as needed to Resurface Inc. and request FY25 spending,"Budget, Taxes & Finance"
33511,2024-07-08,9:30 p.m. - 9:45 p.m. Appropriate Spending for the Town Attorney for FY 2024-25,"Budget, Taxes & Finance"
33666,2024-08-26,Set a Public Hearing on 2024-25 Supplemental Appropriations (Carryforwards),"Budget, Taxes & Finance"
33667,2024-08-26,"Approval To Publish a List of Delinquent Real Estate Tax Payments as of Aug. 26, 2024","Budget, Taxes & Finance"
33670,2024-08-26,"Set a Public Hearing to Amend Town Code Definition and Application Of Meals Taxes at Special Events for the Nov. 16, 2024 Council Meeting.","Budget, Taxes & Finance"
34078,2024-10-07,8:00 p.m. - 8:30 p.m. Public Hearing on 2024-25 Budget Supplemental Appropriations (Purchase Orders Rolled Forward and 2024 Surplus Carried Forward),"Budget, Taxes & Finance"
34221,2024-10-28,Set Public Hearing to Raise Meals Taxes,"Budget, Taxes & Finance"
34320,2024-11-18,Public Hearing to Change Meals Tax Collection for Town-Sponsored Special Events,"Budget, Taxes & Finance"
34423,2024-12-09,7:45 p.m. - 8:00 p.m. - Presentation of the 2024 Annual Comprehensive Financial Report (ACFR),"Budget, Taxes & Finance"
34424,2024-12-09,8:10 p.m. - 8:40 p.m. - Intent to Adopt Change to Meals Tax Collection Method for Certain Town-Sponsored Events.,"Budget, Taxes & Finance"
34426,2024-12-09,"8:55 p.m. - 9:10 p.m. - Amendment to Town Code Chapter 6, Section 6-33 Levy, to Increase the Meals Tax Rate from 3% to 4% For a Period of 10 Years","Budget, Taxes & Finance"
34765,2025-01-27,"Amendment to Town Code Chapter 6, Section 6-33 Levy, to Increase the Meals Tax Rate from 3% to 4% for a Period of 10 Years","Budget, Taxes & Finance"
35203,2025-03-24,"Request to Set a Public Hearing for April 7, 2025, regarding the FY2025-26 Operating Budget","Budget, Taxes & Finance"
35205,2025-03-24,"Request to Set a Public Hearing for April 28, 2025 regarding the FY2025-26 Real Estate Tax Rate","Budget, Taxes & Finance"
35278,2025-04-07,Public Hearing for Fiscal Year 2025-26 Operating Budget,"Budget, Taxes & Finance"
35470,2025-04-28,7:45 p.m. -8:00 p.m. Public Hearing for Fiscal Year 2025-26 Proposed Tax Rate,"Budget, Taxes & Finance"
35674,2025-05-19,Intent to Adopt Real Estate Tax Rate for FY2025-26,"Budget, Taxes & Finance"
35675,2025-05-19,Intent to Adopt FY2025-26 Operating Budget,"Budget, Taxes & Finance"
36034,2025-07-07,Appropriate Spending for the Town Attorney for FY 2025-26,"Budget, Taxes & Finance"
36197,2025-08-25,"Approval to Publish a List of Delinquent Real Estate Tax Payments as of August 25, 2025","Budget, Taxes & Finance"
36198,2025-08-25,Set a Public Hearing on 2025-26 Supplemental Appropriations (Fiscal Year 2024-2025 End of Year Update),"Budget, Taxes & Finance"
36199,2025-08-25,"Amendment to Town Code Chapter 6, Section 6-33 Levy, to Increase the Meals Tax Rate from 3% to 4%","Budget, Taxes & Finance"
36249,2025-09-08,"8:00 p.m. – 8:30 p.m. Notice of Intent to Adopt - Amendment to Town Code Chapter 6, Section 6-33 Levy, to Increase the Meals Tax Rate from 3% to 4%","Budget, Taxes & Finance"
36324,2025-09-08,"8:00 p.m. – 8:30 p.m. Notice of Intent to Adopt - Amendment to Town Code Chapter 6, Section 6-33 Levy, to Increase the Meals Tax Rate from 3% to 4%","Budget, Taxes & Finance"
36391,2025-09-29,"8:00 p.m. - 8:15 p.m. Ratify approval to award a town-wide copier services purchase order to Ubeo Midco, LLC for Fiscal Year 2026","Budget, Taxes & Finance"
36394,2025-09-29,"9:15 p.m. - 9:45 p.m. Intent to Adopt - Amendment to Town Code, Chapter 6, Section 6-33 Levy, to Increase the Meals Tax Rate from 3% to 4%","Budget, Taxes & Finance"
36433,2025-09-29,1. Government Finance Officers Association (GFOA) Triple Crown: Budgeting and Financial Reporting,"Budget, Taxes & Finance"
36483,2025-10-06,"8:30 p.m. - 9:15 p.m. Set a Public Hearing on Bond Ordinance for Nov. 10, 2025","Budget, Taxes & Finance"
36484,2025-10-06,8:00 p.m. - 8:30 p.m. Public Hearing on 2025-26 Budget Supplemental Appropriations,"Budget, Taxes & Finance"
36627,2025-10-27,"9:30 PM - 10:00 PM Request approval to increase FY26 spending with Brightview Landscape Services, Inc., for horticulture services.","Budget, Taxes & Finance"
36631,2025-10-27,10:00 PM - 10:30 PM Capital Improvement Plan (CIP) Approval 2026 - 2042,"Budget, Taxes & Finance"
36685,2025-11-10,9:00 - 9:15 PM Public Hearing on Bond Ordinance,"Budget, Taxes & Finance"
36822,2025-12-02,Special Meeting to Accept Bid for Bond Sale,"Budget, Taxes & Finance"
36843,2025-12-08,Approve Spending with Davenport & Company as Financial Advisor for 2025 Bond Issuance,"Budget, Taxes & Finance"
36844,2025-12-08,"Approve Spending with McGuire Woods, LLC as Bond Counsel for 2025 Bond Issuance","Budget, Taxes & Finance"
36845,2025-12-08,8:30-9:00 Presentation of the 2025 Annual Comprehensive Financial Report (ACFR),"Budget, Taxes & Finance"
37074,2026-01-26,Fiscal Year 2026 Mid-Year Financial Review,"Budget, Taxes & Finance"
37107,2026-02-02,Fiscal Year 2026 Mid-Year Financial Review,"Budget, Taxes & Finance"
37654,2026-03-23,"Request to Set a Public Hearing for April 6, 2026, regarding the FY2026-27 Proposed Operating Budget","Budget, Taxes & Finance"
37656,2026-03-23,"Request to Set a Public Hearing for April 27, 2026, regarding the FY2026-27 Proposed Real Estate Tax Rate","Budget, Taxes & Finance"
37710,2026-04-06,Public Hearing for Fiscal Year 2026-27 Operating Budget (5 mins.),"Budget, Taxes & Finance"
37838,2026-04-27,Public Hearing for Fiscal Year 2026-27 Proposed Tax Rate (5 mins.),"Budget, Taxes & Finance"
37839,2026-04-27,"Donation of Funds to Historic Vienna, Inc. (HVI) for Vienna250 Programs (5 mins)","Budget, Taxes & Finance"
37895,2026-05-04,Fiscal Year 2026-27 Proposed Tax Rate (5 mins),"Budget, Taxes & Finance"
37984,2026-05-18,Intent to Adopt Real Estate Tax Rate for FY2026-27 (5 min. Staff Presentation),"Budget, Taxes & Finance"
37986,2026-05-18,Intent to Adopt FY 2026-27 Operating Budget (5 Min. Staff Presentation),"Budget, Taxes & Finance"
38319,2026-07-06,Approval of payment to Tyler Technologies for the standard software maintenance agreement (SSMA) for the Vienna Finance Department,"Budget, Taxes & Finance"
38320,2026-07-06,Appropriate Spending for the Town Attorney for FY 2026-27,"Budget, Taxes & Finance"
38326,2026-07-06,"Request to Set a Public Hearing for Sept. 14, 2026 Regarding Reducing the Town of Vienna Meals Tax Rate from 4% to 3%","Budget, Taxes & Finance"
38496,2026-08-24,"Approval to Publish a List of Delinquent Real Estate Tax Payments as of Aug. 24, 2026","Budget, Taxes & Finance"
38502,2026-08-24,GFOA Financial Report Award,"Budget, Taxes & Finance"
12803,2014-04-07,Recommend approval of Memorandum of Understanding (MOU) between the Town of Vienna and the Vienna Business Association for the 2014 Vienna Oktoberfest.,"Community, Arts & Events"
13408,2014-09-22,Request for Approval of an MOU between the Town Of Vienna and the Vienna Business Association for First Night 2014-15.,"Community, Arts & Events"
13413,2014-09-22,Introduction of the Vienna Teen Council,"Community, Arts & Events"
14091,2015-01-05,"Setting of Public Hearing for Vienna Arts Commission for February 2, 2015.","Community, Arts & Events"
14477,2015-06-01,Request Approval of MOU between the Town of Vienna and the Vienna Business Association for 2015 Oktoberfest,"Community, Arts & Events"
14578,2015-07-06,Request Approval of MOU between the Town Of Vienna and the Vienna Business Association for First Night 2015-16.,"Community, Arts & Events"
15519,2016-07-11,Request approval of MOU between the Town of Vienna and Vienna Business Association for 2016 Oktoberfest,"Community, Arts & Events"
15612,2016-08-22,Request approval of a revised MOU between the Town of Vienna and Vienna Business Association for 2016 Oktoberfest.,"Community, Arts & Events"
15613,2016-08-22,Request approval of an MOU between the Town of Vienna and Vienna Business Association for First Night Vienna 2016-17,"Community, Arts & Events"
16135,2017-03-13,Review and approval of artist contract for “Taking Flight” public art statue.,"Community, Arts & Events"
16216,2017-04-03,Request approval to amend the 2016 Vienna First Night Memorandum of Understanding between the Town of Vienna and Vienna Business Association,"Community, Arts & Events"
16753,2017-09-11,Request approval of MOU between Town of Vienna and Vienna Business Association for 2017 Oktoberfest,"Community, Arts & Events"
19026,2018-09-17,Request approval of MOU between the Town of Vienna and Vienna Business Association for 2018 Oktoberfest.,"Community, Arts & Events"
19237,2018-10-15,Request approval of MOU between the Town of Vienna and Vienna Business Association for 2018 Halloween Parade,"Community, Arts & Events"
20297,2019-04-29,Request approval of MOU between Town of Vienna and Vienna Business Association for 2019 Oktoberfest,"Community, Arts & Events"
20362,2019-05-13,Historic Vienna Inc. 2018 Annual Report Presentation,"Community, Arts & Events"
20410,2019-05-13,Historic Vienna Inc. 2018 Annual Report Presentation,"Community, Arts & Events"
20620,2019-06-17,Presentation of Vienna Stories; 1950-2000,"Community, Arts & Events"
20961,2019-09-16,Request to approve Freeman Store and Museum Lease Renewal Agreement,"Community, Arts & Events"
20962,2019-09-16,Request approval of MOU between the Town of Vienna and Vienna Business Association for 2019 Halloween Parade,"Community, Arts & Events"
20963,2019-09-16,"Request Approval of Photography License and Use Permit for Historic Vienna, Inc.","Community, Arts & Events"
23550,2020-10-05,Request approval of MOU between the Town of Vienna and Vienna Business Association for 2020 Halloween Wave Parade,"Community, Arts & Events"
24322,2021-03-01,Viva Vienna 2021 Update,"Community, Arts & Events"
24811,2021-04-12,Viva Vienna 2021 Update,"Community, Arts & Events"
25178,2021-05-17,Request approval of MOU between Town of Vienna and Rotary Club of Vienna for 2021 Viva Vienna Festival,"Community, Arts & Events"
25973,2021-08-30,Request approval of a Memorandum of Understanding (MOU) between the Town of Vienna and Vienna Business Association for 2021 Oktoberfest.,"Community, Arts & Events"
26121,2021-09-13,2021 Town Holiday Ornament,"Community, Arts & Events"
26480,2021-10-11,Request approval of MOU between the Town of Vienna and Vienna Business Association for 2021 Halloween Parade,"Community, Arts & Events"
27752,2022-03-21,Request approval of MOU between Town of Vienna and Rotary Club of Vienna for 2022 Viva! Vienna! Festival and Backstage Brewfest,"Community, Arts & Events"
28832,2022-08-29,Request approval of a Memorandum of Understanding (MOU) between the Town of Vienna and Vienna Business Association for 2022 Oktoberfest.,"Community, Arts & Events"
29268,2022-10-24,Approval of Historic Vienna Lease Agreement Addendum to incorporate an Archeological Proposal for the grounds of the Freeman Store and Museum.,"Community, Arts & Events"
30065,2023-03-06,Request approval of MOU between Town of Vienna and Rotary Club of Vienna for 2023 Viva! Vienna! Festival and Backstage Brewfest,"Community, Arts & Events"
30069,2023-03-06,Approval of the Liberty Amendments Month Organizational Structure,"Community, Arts & Events"
30222,2023-03-20,Approval of the Vienna Public Art Commission Master Plan,"Community, Arts & Events"
30517,2023-04-24,Request approval of MOU between the Town of Vienna and Vienna Business Association for 2023 Halloween Parade,"Community, Arts & Events"
30518,2023-04-24,Request approval of a Memorandum of Understanding (MOU) between the Town of Vienna and Vienna Business Association for 2023 Oktoberfest.,"Community, Arts & Events"
30841,2023-06-05,Request approval of placement of public art on Town-owned property.,"Community, Arts & Events"
31647,2023-10-23,Vienna 2024 Independence Day Celebration and Fireworks Display - Date Selection,"Community, Arts & Events"
31754,2023-11-13,Patrick Henry Library Garage Design Review,"Community, Arts & Events"
32572,2024-03-04,Request approval of a Memorandum of Understanding (MOU) between the Town of Vienna and Vienna Business Association for 2024 Oktoberfest.,"Community, Arts & Events"
32573,2024-03-04,Request approval of Memorandum of Understanding (MOU) between the Town of Vienna and Vienna Business Association for 2024 Halloween Parade,"Community, Arts & Events"
32575,2024-03-04,8:40 p.m. - 9:10 p.m. Request approval of Memorandum of Understanding (MOU) between Town of Vienna and Rotary Club of Vienna for 2024 Viva! Vienna! Festival and Brewfest,"Community, Arts & Events"
33751,2024-09-09,Request to approve Freeman Store & Museum and Little Library Museum Lease Renewal Agreement,"Community, Arts & Events"
34768,2025-01-27,Request approval of a Memorandum of Understanding (MOU) between the Town of Vienna and First Baptist Church for the 2025 Juneteenth and Liberty Amendments Month (LAM) Kickoff Parade.,"Community, Arts & Events"
34935,2025-02-24,Request approval of Memorandum of Understanding (MOU) between the Town of Vienna and Vienna Business Association for 2025 Halloween Parade,"Community, Arts & Events"
35196,2025-03-24,Request approval of a Memorandum of Understanding (MOU) between the Town of Vienna and Vienna Business Association for 2025 Oktoberfest.,"Community, Arts & Events"
35197,2025-03-24,Request approval of Memorandum of Understanding (MOU) between Town of Vienna and Rotary Club of Vienna for 2025 Viva! Vienna! Festival and Brewfest,"Community, Arts & Events"
36629,2025-10-27,10:30 PM - 10:45 PM Town Holiday Ornament,"Community, Arts & Events"
37296,2026-03-02,Request approval of Memorandum of Understanding (MOU) between Town of Vienna and Rotary Club of Vienna for 2026 Viva! Vienna! Festival and Brewfest,"Community, Arts & Events"
37298,2026-03-02,Request approval of Memorandum of Understanding (MOU) between the Town of Vienna and Vienna Business Association for 2026 Halloween Parade,"Community, Arts & Events"
37299,2026-03-02,Request approval of a Memorandum of Understanding (MOU) between the Town of Vienna and First Baptist Church for the 2026 Juneteenth and Liberty Amendments Month (LAM) Kickoff Parade.,"Community, Arts & Events"
37300,2026-03-02,Request approval of a Memorandum of Understanding (MOU) between the Town of Vienna and Vienna Business Association for 2026 Oktoberfest,"Community, Arts & Events"
37991,2026-05-18,Wings Program (5 min. Staff Presentation),"Community, Arts & Events"
12386,2014-01-06,Approval of the Consent Agenda,Consent Agenda
13155,2014-06-02,Consent Agenda,Consent Agenda
14503,2015-06-01,Consent Agenda,Consent Agenda
14547,2015-06-01,Approval of the Consent Agenda,Consent Agenda
14562,2015-07-06,Consent Agenda,Consent Agenda
14657,2015-09-14,Consent Agenda,Consent Agenda
15421,2016-06-06,Consent Agenda,Consent Agenda
15459,2016-06-06,Approval of the Consent Agenda,Consent Agenda
16400,2017-06-05,Consent Agenda,Consent Agenda
16506,2017-07-10,Consent Agenda,Consent Agenda
18546,2018-06-04,Consent Agenda,Consent Agenda
20506,2019-06-03,Consent Agenda,Consent Agenda
21810,2019-12-09,Consent Agenda,Consent Agenda
22303,2020-02-24,Consent Agenda,Consent Agenda
22367,2020-03-09,Consent Agenda,Consent Agenda
22526,2020-04-13,Consent Agenda,Consent Agenda
22590,2020-04-27,Consent Agenda,Consent Agenda
22909,2020-06-15,Consent Agenda,Consent Agenda
23015,2020-07-06,Consent Agenda,Consent Agenda
23247,2020-08-31,Consent Agenda,Consent Agenda
23355,2020-09-14,Consent Agenda,Consent Agenda
23544,2020-10-05,Consent Agenda,Consent Agenda
24639,2021-03-22,Consent Agenda,Consent Agenda
24803,2021-04-12,Consent Agenda,Consent Agenda
25173,2021-05-17,Consent Agenda,Consent Agenda
25428,2021-06-07,Consent Agenda,Consent Agenda
25695,2021-07-12,Consent Agenda,Consent Agenda
25967,2021-08-30,Consent Agenda,Consent Agenda
26478,2021-10-11,Consent Agenda,Consent Agenda
26695,2021-11-01,Consent Agenda,Consent Agenda
26840,2021-11-15,Consent Agenda,Consent Agenda
27286,2022-01-24,Consent Agenda,Consent Agenda
27552,2022-02-28,Consent Agenda,Consent Agenda
27611,2022-03-07,Consent Agenda,Consent Agenda
27740,2022-03-21,Consent Agenda,Consent Agenda
27910,2022-04-11,Consent Agenda,Consent Agenda
28358,2022-06-06,Consent Agenda,Consent Agenda
28829,2022-08-29,Consent Agenda,Consent Agenda
28905,2022-09-12,Consent Agenda,Consent Agenda
29004,2022-09-26,Consent Agenda,Consent Agenda
29261,2022-10-24,Consent Agenda,Consent Agenda
29813,2023-01-30,Consent Agenda,Consent Agenda
30058,2023-03-06,Consent Agenda,Consent Agenda
30214,2023-03-20,Consent Agenda,Consent Agenda
30402,2023-04-10,Consent Agenda,Consent Agenda
30513,2023-04-24,Consent Agenda,Consent Agenda
30826,2023-06-05,Consent Agenda,Consent Agenda
30957,2023-06-20,Consent Agenda,Consent Agenda
31033,2023-07-10,Consent Agenda,Consent Agenda
31259,2023-08-28,Consent Agenda,Consent Agenda
32102,2024-01-08,Consent Agenda,Consent Agenda
32301,2024-01-29,Consent Agenda,Consent Agenda
32497,2024-02-26,Consent Agenda - 7:45 p.m. - 7:55 p.m.,Consent Agenda
32568,2024-03-04,Consent Agenda 7:45 p.m. - 7:50 p.m.,Consent Agenda
32771,2024-03-18,10:30 p.m. - 10:35 p.m. - Consent Agenda,Consent Agenda
32851,2024-03-18,10:30 p.m. - 10:35 p.m. - Consent Agenda,Consent Agenda
33175,2024-05-20,Consent Agenda,Consent Agenda
33259,2024-06-03,8:30 p.m. - 8:45 p.m.- Consent Agenda,Consent Agenda
33495,2024-07-08,8:15 p.m.- 8:30 p.m. Consent Agenda,Consent Agenda
33656,2024-08-26,Consent Agenda 8:20 p.m. - 8:30 p.m.,Consent Agenda
33759,2024-09-09,8:10 p.m. - 8:15 p.m. Consent Agenda,Consent Agenda
33941,2024-09-23,8:00 p.m. - 8:05 p.m. Consent Agenda,Consent Agenda
34217,2024-10-28,Consent Agenda,Consent Agenda
34420,2024-12-09,8:00 p.m. - 8:10 p.m. - Consent Agenda,Consent Agenda
34464,2024-12-09,8:00 p.m. - 8:10 p.m. - Consent Agenda,Consent Agenda
34929,2025-02-24,Consent Agenda,Consent Agenda
35194,2025-03-24,Consent Agenda,Consent Agenda
35273,2025-04-07,Consent Agenda,Consent Agenda
35478,2025-04-28,8:00 p.m. - 8:15 p.m. Consent Agenda,Consent Agenda
35781,2025-06-02,8:30 p.m. - 8:45 p.m. Consent Agenda,Consent Agenda
36024,2025-07-07,Consent Agenda,Consent Agenda
36194,2025-08-25,Consent Agenda,Consent Agenda
36243,2025-09-08,7:50 p.m. - 8:00 p.m. Consent Agenda,Consent Agenda
36838,2025-12-08,9:45 Consent Agenda,Consent Agenda
36951,2026-01-05,Consent Agenda,Consent Agenda
37068,2026-01-26,Consent Agenda,Consent Agenda
37104,2026-02-02,Consent Agenda,Consent Agenda
37234,2026-02-23,Consent Agenda,Consent Agenda
37289,2026-03-02,Consent Agenda,Consent Agenda
37705,2026-04-06,Consent Agenda,Consent Agenda
37834,2026-04-27,Consent Agenda,Consent Agenda
38123,2026-06-01,Consent Agenda,Consent Agenda
38312,2026-07-06,Consent Agenda,Consent Agenda
38489,2026-08-24,Consent Agenda,Consent Agenda
12129,2013-10-28,Request to approve a contract for Maple Avenue West median improvements.,Contracts & Purchasing
12134,2013-10-28,Request to replace Vehicle #44 through the Town’s Vehicle Replacement Program.,Contracts & Purchasing
12143,2013-10-28,Request to award new Janitorial Services Contract to 2Clean Commercial Cleaning Services.,Contracts & Purchasing
12167,2013-11-04,Request to award bank contract.,Contracts & Purchasing
12261,2013-11-18,Request for approval of outside printing costs and postage costs from Datamatx.,Contracts & Purchasing
12382,2014-01-06,Request to renew Vienna-Cox franchise agreement.,Contracts & Purchasing
12420,2014-01-27,Request for procurement of additional Audio/Video equipment for the Council Chambers.,Contracts & Purchasing
12425,2014-01-27,"Request to purchase 1100 tons of road deicing salt from International Salt Company, LLC.",Contracts & Purchasing
12492,2014-02-24,"Request to set public hearing for Qwest franchise renewal for Monday, March 17, 2014.",Contracts & Purchasing
12794,2014-04-07,Request approval of Town of Vienna telephone upgrade to Voice over Internet Protocol (VoIP).,Contracts & Purchasing
12800,2014-04-07,Request approval to purchase sand for road treatment during inclement weather.,Contracts & Purchasing
12805,2014-04-07,Request to increase current Rice Tire Company contract.,Contracts & Purchasing
12899,2014-05-12,Approval of Tyler Technologies Inc. Contract for Administrative Software with Related Goods and Services,Contracts & Purchasing
12903,2014-05-12,"Request Approval to Purchase Rectrac/Webtrac Module for On-Line Facility Scheduling From Vermont Systems, Inc.",Contracts & Purchasing
12904,2014-05-12,Award of Concrete Repair Contract to Sagres Construction.,Contracts & Purchasing
12934,2014-05-12,Approval of Tyler Technologies Inc. Contract for Administrative Software with Related Goods and Services,Contracts & Purchasing
12935,2014-05-12,Award of Concrete Repair Contract to Sagres Construction.,Contracts & Purchasing
13130,2014-05-19,"Increase Contract with Ferguson Enterprises, Inc.",Contracts & Purchasing
13131,2014-05-19,Increase Utility Marking Contract with Double H Locates.,Contracts & Purchasing
13132,2014-05-19,Award of Concrete Curb Contract at Three Developer Projects.,Contracts & Purchasing
13133,2014-05-19,Approval of VML/VACO Finance Contract.,Contracts & Purchasing
13134,2014-05-19,"Award Contract to Urban, LTD for Additional Engineering Services for Follin Lane, SE",Contracts & Purchasing
13164,2014-06-02,"Request approval to continue to ride VITA Contract VA-140331-DELL for the purchase of computers, laptops and maintenance contracts for servers.",Contracts & Purchasing
13166,2014-06-02,Purchase of Natural Gas Heated Pressure Washer.,Contracts & Purchasing
13168,2014-06-02,Request to purchase Conflict Monitor Tester,Contracts & Purchasing
13169,2014-06-02,Contract Renewal for Neogov - Online Onboarding System,Contracts & Purchasing
13170,2014-06-02,Contract Renewal for Sungard Public Sector Asp Hosting Fees,Contracts & Purchasing
13171,2014-06-02,Approval of Copier Contract,Contracts & Purchasing
13172,2014-06-02,Request to renew CDL drug testing contract RFP12-07 with INOVA Health Systems.,Contracts & Purchasing
13173,2014-06-02,FY 2015 funding and renewals of Town contracts.,Contracts & Purchasing
13174,2014-06-02,FY 2015 funding of contracts issued by other jurisdictions.,Contracts & Purchasing
13175,2014-06-02,Contract award and renewal with Datamatx for outsourced bill printing.,Contracts & Purchasing
13185,2014-06-02,Purchase of Natural Gas Heated Pressure Washer.,Contracts & Purchasing
13231,2014-06-16,Award contract to AMEC for MS-4 Permit Compliance Services.,Contracts & Purchasing
13234,2014-06-16,"Request to Award IFB 14-24, Gymnastics Equipment, to Buddy’s All Stars in the amount not to exceed $13,511.95.",Contracts & Purchasing
13237,2014-06-16,Increase Contract with Shannon Baum Signs.,Contracts & Purchasing
13239,2014-06-16,Approval of Memorandum of Understanding for Skillsource Group.,Contracts & Purchasing
13319,2014-08-18,Request Approval of Resolution for Issuance of Vehicle and Equipment Replacement Financing.,Contracts & Purchasing
13355,2014-09-08,Request Approval to Ride National Joint Powers (Njpa) Contract #111309-Cdw for the Purchase of Server Maintenance and Supplies.,Contracts & Purchasing
13356,2014-09-08,Request Approval to add additional $3000.00 to Purchase Order 140277 with Presidio Networked Solutions for Network Services Support to Complete Domain Consolidation for Town Network.,Contracts & Purchasing
13401,2014-09-22,Request to approve vehicle purchases within the Vehicle Replacement Program.,Contracts & Purchasing
13411,2014-09-22,Award of Capital Lease Contract (IFB 15-02) for the financing of FY14/15 vehicle and equipment replacement.,Contracts & Purchasing
13442,2014-10-20,"Award Follin Lane SE additional engineering services contract to Urban, LTD.",Contracts & Purchasing
13484,2014-10-27,Request to approve Department of Public Works vehicle purchases within the Vehicle Replacement Program.,Contracts & Purchasing
13511,2014-11-03,Request to Ride Montgomery County Contract for Annual Granicus Maintenance Renewal for Meeting Video Streaming and Agenda Management Software Suites,Contracts & Purchasing
14002,2014-11-17,Janitorial Services Contract Renewal and FY15 expenditure approval.,Contracts & Purchasing
14060,2014-12-15,Request to purchase a vehicle under the Vehicle Replacement Program.,Contracts & Purchasing
14062,2014-12-15,Manhole Riser Rings Contract Award.,Contracts & Purchasing
14065,2014-12-15,Request Permission to Revise Contract with Granicus to add the Boards and Commission Module.,Contracts & Purchasing
14396,2015-04-27,Award of IFB 15-10 Fuel Management and Dispensing System Replacement Contract,Contracts & Purchasing
14397,2015-04-27,Community Enhancement Commission Green Home Award,Contracts & Purchasing
14427,2015-05-11,Request Approval of Resolution for Issuance of Vehicle and Equipment Replacement Financing.,Contracts & Purchasing
14429,2015-05-11,Service Agreement Renewal for Outsourced Bill Printing with Datamatx.,Contracts & Purchasing
14430,2015-05-11,Contract Renewal for Sungard Public Sector ASP Hosting Fees,Contracts & Purchasing
14469,2015-06-01,FY 2016 funding of contracts issued by other jurisdictions.,Contracts & Purchasing
14471,2015-06-01,"Request approval to continue to ride VITA Contract VA-140331-DELL for the purchase of computers, laptops and maintenance contracts for servers.",Contracts & Purchasing
14473,2015-06-01,FY 2016 funding and renewals of Town contracts.,Contracts & Purchasing
14573,2015-07-06,Award Follin Lane SE Reconstruction contract.,Contracts & Purchasing
14575,2015-07-06,Request approval of Am-Liner Contract Increase.,Contracts & Purchasing
14662,2015-09-14,Request for procurement of Audio/Visual Upgrades for Cable Access Channel.,Contracts & Purchasing
14663,2015-09-14,Approval of Additional Expense for Human Circuit for Annual Maintenance Support.,Contracts & Purchasing
14709,2015-09-28,Award On-Call Roadway Maintenance Contract to Sagres Construction.,Contracts & Purchasing
14713,2015-09-28,Memorandum of Understanding between the Town of Vienna and Faith Baptist Church.,Contracts & Purchasing
14738,2015-10-19,"Request approval for FY16 road salt purchases from Cargill, Inc.",Contracts & Purchasing
14742,2015-10-19,Memorandum of Understanding between the Town of Vienna and Faith Baptist Church.,Contracts & Purchasing
14785,2015-11-02,Request approval of vehicle purchases within the Vehicle Replacement Program.,Contracts & Purchasing
14786,2015-11-02,Request replacement of vehicle #93 within the Vehicle Replacement Program.,Contracts & Purchasing
14788,2015-11-02,Request to Increase funding for implementation of Tyler Munis software,Contracts & Purchasing
14789,2015-11-02,Memorandum of Understanding between the Town of Vienna and Faith Baptist Church.,Contracts & Purchasing
14889,2015-12-14,Salt Brine Memorandum of Understanding.,Contracts & Purchasing
14895,2015-12-14,Increase funds to Follin Lane SE reconstruction contracts.,Contracts & Purchasing
14922,2016-01-04,"Purchase of two dump trucks, IFB 16-13.",Contracts & Purchasing
15098,2016-03-07,Award of RFP 16-03 construction testing and inspection services to TRIAD Engineering.,Contracts & Purchasing
15181,2016-04-04,Adoption of Restated Agreement for ICMA-RC 401(a) Governmental Money Purchase Plan,Contracts & Purchasing
15271,2016-04-18,Increase Award for Datamatx Outsourced Bill Printing and Postage.,Contracts & Purchasing
15273,2016-04-18,Approval of Tyler Technologies Inc. Contract for Permits & Code Enforcement Software with Related Goods and Services,Contracts & Purchasing
15424,2016-06-06,FY2017 funding of contracts issued by other jurisdictions,Contracts & Purchasing
15429,2016-06-06,"Request approval to continue to ride VITA Contract VA-140331-DELL for the purchase of computers, laptops, and maintenance contracts for servers for FY17",Contracts & Purchasing
15503,2016-07-11,FY2017 funding and renewals of Town contracts,Contracts & Purchasing
15507,2016-07-11,FY2017 funding with National Asphalt,Contracts & Purchasing
15508,2016-07-11,Award On-Call Roadway Maintenance funding to Sagres Construction,Contracts & Purchasing
15509,2016-07-11,"FY2017 funding with Service Tire Truck Centers in the amount of $30,000",Contracts & Purchasing
15512,2016-07-11,Service Agreement Renewal for Outsourced Bill Printing with Datamatx,Contracts & Purchasing
15514,2016-07-11,Contract Renewal for SunGard Public Sector ASP Hosting Fees,Contracts & Purchasing
15515,2016-07-11,Request Approval of Resolution for Issuance of Vehicle and Equipment Replacement Financing Request for Proposals for FY2017,Contracts & Purchasing
15518,2016-07-11,Award IFB17-01 to Day & Night Printing for Printing and Mail Preparation of Vienna Voice.,Contracts & Purchasing
15569,2016-07-11,Request Approval of Resolution for Issuance of Vehicle and Equipment Replacement Financing Request for Proposals for FY2017,Contracts & Purchasing
15605,2016-08-22,Request expenditure for temporary experienced accounting staff from Robert Half/Accountemps Company,Contracts & Purchasing
15610,2016-08-22,"Request approval to spend $22,179 to replace DPW Vehicle #40 within the VRP",Contracts & Purchasing
15617,2016-08-22,Munis Project Funding Request to Address Corrections and Modifications,Contracts & Purchasing
15618,2016-08-22,"Increase funds for Follin Lane Construction Contract with Jeffery Stack, Inc. IFB 16-02.",Contracts & Purchasing
15653,2016-09-12,Request approval of vehicle purchases within the Vehicle Replacement Program,Contracts & Purchasing
15657,2016-09-12,"Request award of IFB 16-12, Beulah Road Phase II",Contracts & Purchasing
15658,2016-09-12,Award of Capital Lease Contract (IFB 17-08) for Financing of FY 16-17 Vehicle and Equipment Replacement Program,Contracts & Purchasing
15698,2016-09-26,Award of Concrete Curb Contract at Nelson Drive and 329 Adahi Road SE Developer Projects,Contracts & Purchasing
15699,2016-09-26,"Award of IFB 17-04 to National Asphalt for Cold Mix, Tack, and Reclaimed Asphalt Pavement (RAP) in the amount of $89,700.",Contracts & Purchasing
15738,2016-10-03,"Request approval to spend $9,785 on an 84” snow blower to go with VRP #144.",Contracts & Purchasing
15788,2016-10-24,"Request approval to spend an additional $3,200 for an upgraded trailer for VRP vehicle #101.",Contracts & Purchasing
15856,2016-11-21,Request approval of a vehicle addition and purchase within the Vehicle Replacement Program,Contracts & Purchasing
15859,2016-11-21,Request approval of vehicle purchases within the Vehicle Replacement Program,Contracts & Purchasing
15861,2016-11-21,Request Additional Funds for Tyler Munis Utility Billing Conversion,Contracts & Purchasing
15893,2016-12-05,Authorize Expenditure of Funds for Expert Consultants in a Matter Related to Potential Litigation.,Contracts & Purchasing
15916,2016-12-05,Authorize Expenditure of Funds for Expert Consultants in a Matter Related to Potential Litigation.,Contracts & Purchasing
15934,2017-01-09,Request to purchase a Monroe anti-icing system (brine system spreader),Contracts & Purchasing
15982,2017-01-30,"Increase funds for Follin Lane Construction Contract with Jeffery Stack, Inc., IFB 16-02",Contracts & Purchasing
15984,2017-01-30,Request to Procure Upgraded HD Encoder/Recorder for Granicus Archive Videos,Contracts & Purchasing
16130,2017-03-13,New World Upgrade,Contracts & Purchasing
16137,2017-03-13,"Request approval to award contract to Total Mobility, LLD dba 101 Mobility for replacement of a vertical lift at the Bowman House.",Contracts & Purchasing
16214,2017-04-03,"Request to award a contract with Trialogue Studio for brand creation research and positioning statement for a cost of $38,100",Contracts & Purchasing
16291,2017-04-24,"Request approval to spend $5,450 on a sweeper attachment to go with A770 Skid-Steer Loader VRP #144",Contracts & Purchasing
16405,2017-06-05,Service Agreement Renewal for Outsourced Bill Printing with Datamatx,Contracts & Purchasing
16406,2017-06-05,Contract Renewal for SunGard Public Sector ASP Hosting Fees,Contracts & Purchasing
16408,2017-06-05,Award Maple Ave. Design Guidelines RFP 17-03 to Lardner/Klein Landscape Architects,Contracts & Purchasing
16410,2017-06-05,FY 2018 funding of contracts issued by other jurisdictions,Contracts & Purchasing
16411,2017-06-05,FY 2018 funding and renewals of Town contracts,Contracts & Purchasing
16416,2017-06-05,"Request approval to continue to ride VITA Contract VA-140331-DELL for purchase of computers, laptops, and maintenance contracts for servers for FY18",Contracts & Purchasing
16513,2017-07-10,Request Approval of Resolution for Issuance of Vehicle and Equipment Replacement Financing Request for Proposals for FY 2017-18,Contracts & Purchasing
16683,2017-08-21,Request approval of vehicle purchases within the Vehicle Replacement Program for FY18,Contracts & Purchasing
16692,2017-08-21,Award of Capital Lease Contract (IFB 18-07) for Financing of FY 17-18 Vehicle and Equipment Replacement Program,Contracts & Purchasing
16693,2017-08-21,Contract Renewal for Printing and Mail Preparation of Town’s Monthly Newsletter.,Contracts & Purchasing
16913,2017-10-16,"Award RFP 17-02 for on-call engineering services for state/federal projects to Whitman, Requardt & Associates",Contracts & Purchasing
16965,2017-10-30,Request approval of vehicle purchases within the Vehicle Replacement Program for FY18,Contracts & Purchasing
16967,2017-10-30,Request approval to purchase software licensing to upgrade the Town’s existing email server - Exchange 2016,Contracts & Purchasing
16969,2017-10-30,Amendment to Purchase Order 20180222 for Printing and Mail Preparation for the Town’s Monthly Newsletter to Include Approximately 900 Additional Newsletters to be Mailed to Town Businesses.,Contracts & Purchasing
17600,2018-01-29,Request approval to increase purchase amount for VRP #34,Contracts & Purchasing
17764,2018-02-26,Request approval to purchase a tandem-axle leaf machine,Contracts & Purchasing
18020,2018-04-09,Request approval to purchase and reprogram mobile radios,Contracts & Purchasing
18030,2018-04-09,Terminate Maple Avenue Design Guidelines Contract with Lardner/Klein Landscape Architects,Contracts & Purchasing
18551,2018-06-04,"Renewal of Annual Contract with Day & Night Printing for Printing and Mail Preparation of Town’s Monthly Newsletter, Vienna Voice",Contracts & Purchasing
18552,2018-06-04,Renew service agreement for outsourced bill printing with Datamatx,Contracts & Purchasing
18553,2018-06-04,FY2019 funding of contracts issued by other jurisdictions,Contracts & Purchasing
18554,2018-06-04,FY2019 funding and renewals of Town contracts,Contracts & Purchasing
18557,2018-06-04,"Request approval to continue to ride VITA contract VA-140331-DELL for purchase of computers, laptops, and maintenance contracts for servers for FY19",Contracts & Purchasing
18702,2018-07-09,Award RFP 16-08 Creek Crossing Road Improvement - Design Services,Contracts & Purchasing
18703,2018-07-09,Request award of RFP 19-01 for On-Call Engineering Services,Contracts & Purchasing
18902,2018-08-20,Renewal of Maintenance Agreement with Tyler Technologies,Contracts & Purchasing
18908,2018-08-20,Request approval for purchase of VRP #116 - Asphalt Paver,Contracts & Purchasing
18909,2018-08-20,Request approval for purchase of a John Deere 35G mini excavator,Contracts & Purchasing
18911,2018-08-20,Request approval of resolution for issuance of Vehicle and Equipment Replacement financing request for proposals for FY2018-19,Contracts & Purchasing
18916,2018-08-20,Request approval of vehicle purchases within the Vehicle Replacement Program.,Contracts & Purchasing
18936,2018-08-20,Renewal of Maintenance Agreement with Tyler Technologies,Contracts & Purchasing
19039,2018-09-17,Request approval of vehicle purchases within the Vehicle Replacement Program for FY19,Contracts & Purchasing
19230,2018-10-15,Request approval of vehicle purchase within the Vehicle Replacement Program for Vehicle #88,Contracts & Purchasing
19235,2018-10-15,Award of Capital Lease Contract (IFB 19-05) for Financing of FY 18-19 Vehicle and Equipment Replacement Program,Contracts & Purchasing
19312,2018-10-29,"Request award of IFB 19-06 for on-call, small-task concrete maintenance",Contracts & Purchasing
19317,2018-10-29,Award Capital Lease Contract (IFB 19-05) for Financing FY 18-19 Vehicle and Equipment Replacement Program,Contracts & Purchasing
19553,2018-12-10,Request for procurement of audio/visual upgrades for cable access channel.,Contracts & Purchasing
20292,2019-04-29,Request to Award Contract for Plan Review Software to Idtplans,Contracts & Purchasing
20510,2019-06-03,FY 2020 funding of contracts issued by other jurisdictions,Contracts & Purchasing
20511,2019-06-03,FY 2020 funding and renewals of Town contracts,Contracts & Purchasing
20512,2019-06-03,Request approval to purchase new fleet management software,Contracts & Purchasing
20514,2019-06-03,"(CONTRACT RENEWAL) Request approval to continue to ride VITA contract VA-140331-DELL for purchase of computers, laptops, and maintenance contracts for servers for FY20",Contracts & Purchasing
20515,2019-06-03,"Request approval for use of FY20 funds with Granicus, Inc., for agenda management suite, boards and commissions module, and HD video streaming services.",Contracts & Purchasing
20615,2019-06-17,Request approval for purchase of a Bobcat All-Wheel Steer Loader,Contracts & Purchasing
20682,2019-07-01,Request to award Old Courthouse Rd NE Waterline Relocation Project to EE Lyons Construction,Contracts & Purchasing
20684,2019-07-01,Request Approval of Resolution to Issue Vehicle and Equipment Replacement Financing for FY 2019-20,Contracts & Purchasing
20967,2019-09-16,Award Capital Lease Contract (IFB 20-09) for Financing of FY 19-20 Vehicle and Equipment Replacement Program,Contracts & Purchasing
21149,2019-10-21,Request approval of vehicle purchases within the Vehicle Replacement Program for FY20,Contracts & Purchasing
21815,2019-12-09,Request to include GIS module for previously awarded idtPlans plan review software,Contracts & Purchasing
21816,2019-12-09,Request approval of vehicle purchases within the Vehicle Replacement Program for FY20,Contracts & Purchasing
21817,2019-12-09,"Award RFP 20-03, Maple Avenue Utility Undergrounding Feasibility Study, to Rinker Design.",Contracts & Purchasing
21971,2019-12-09,"Award RFP 20-03, Maple Avenue Utility Undergrounding Feasibility Study, to Rinker Design.",Contracts & Purchasing
22035,2020-01-06,"Award RFP 20-03, Maple Avenue Utility Undergrounding Feasibility Study, to Rinker Design.",Contracts & Purchasing
22916,2020-06-15,"Request approval to continue to ride VITA contract VA-190822-DELL for purchase of computers, laptops, and maintenance contracts for servers for FY21",Contracts & Purchasing
22917,2020-06-15,"Request approval for use of FY21 funds with Granicus, Inc., for agenda management suite, boards and commissions module, and HD video streaming services.",Contracts & Purchasing
22920,2020-06-15,FY 2021 funding of contracts issued by other jurisdictions,Contracts & Purchasing
22921,2020-06-15,FY 2021 funding and renewals of Town contracts,Contracts & Purchasing
23022,2020-07-06,Renewal of maintenance agreement with Tyler Technologies,Contracts & Purchasing
23028,2020-07-06,Resolution to Issue Vehicle and Equipment Replacement Financing For FY 2020-21,Contracts & Purchasing
23268,2020-08-31,Purchase of Property for a Public Purpose,Contracts & Purchasing
23359,2020-09-14,Request approval of vehicle purchases within the Vehicle Replacement Program for FY21,Contracts & Purchasing
23366,2020-09-14,Award Capital Lease IFB 21-02 for Financing FY 20-21 Vehicle and Equipment Replacement Program,Contracts & Purchasing
23715,2020-11-02,Amendment of sub-award agreement to provide assistance to Town of Vienna residents and business workers,Contracts & Purchasing
23720,2020-11-02,"Reassign Purchase Order 20210139-01 to ZoneCo, LLC",Contracts & Purchasing
23877,2020-12-07,Northern Virginia Critical Incident Response Team MOU,Contracts & Purchasing
23979,2021-01-04,Award Marketing Contract to Marketing Firm to Provide Business Focused Marketing Services,Contracts & Purchasing
24641,2021-03-22,Request approval for cable access channel equipment upgrades,Contracts & Purchasing
25003,2021-04-26,Extend deadline for federal sub-award agreement for Covid-19 Municipal Utility Relief Program,Contracts & Purchasing
25077,2021-04-26,Extend deadline for federal sub-award agreement for Covid-19 Municipal Utility Relief Program,Contracts & Purchasing
25182,2021-05-17,Resolution to Issue Vehicle and Equipment Replacement Financing for FY 2021-22,Contracts & Purchasing
25434,2021-06-07,FY 2022 funding of contracts issued by other jurisdictions.,Contracts & Purchasing
25435,2021-06-07,FY 2022 funding and renewals of Town contracts,Contracts & Purchasing
25441,2021-06-07,Request award of IFB 21-05 for Bowman House roof replacement.,Contracts & Purchasing
25448,2021-06-07,Use of Right of Way and Telecommunication Facilities License Renewal by U.S. Federal Government,Contracts & Purchasing
25700,2021-07-12,"Request approval to continue to ride VITA contract VA-190822-DELL for purchase of computers, laptops, and maintenance contracts for servers for FY22",Contracts & Purchasing
25702,2021-07-12,"Request approval for use of FY22 funds with Granicus, Inc., for agenda management suite, boards and commissions module, and HD video streaming services.",Contracts & Purchasing
25705,2021-07-12,Renewal of Maintenance Agreement with Tyler Technologies,Contracts & Purchasing
25706,2021-07-12,Request approval of vehicle purchases within the Vehicle Replacement Program for FY22,Contracts & Purchasing
26672,2021-10-25,"Vienna License/Franchise Agreement with Level 3 Communications, LLC",Contracts & Purchasing
26676,2021-10-25,Request approval of additional funds for Vehicle Replacement Program for FY22,Contracts & Purchasing
27000,2021-12-06,Request formal approval for purchase of a Leaf Machine within the FY22 Vehicle Replacement Program,Contracts & Purchasing
27291,2022-01-24,"Request formal approval to increase the current purchase order with Vertex Roofing Contractors, Inc. by $12,000 for the Bowman House Roof replacement.",Contracts & Purchasing
27746,2022-03-21,Request to upgrade Town’s existing Voice Over Internet Protocol (VOIP) Phone system and install Informacast interoffice paging and alert system.,Contracts & Purchasing
28042,2022-04-25,Request approval for purchase of Bobcat (Toolcat) UW56,Contracts & Purchasing
28366,2022-06-06,FY 2023 funding of contracts issued by other jurisdictions.,Contracts & Purchasing
28367,2022-06-06,FY 2023 funding and renewals of Town contracts,Contracts & Purchasing
28844,2022-08-29,Request approval for replacement of two in-ground heavy truck lifts,Contracts & Purchasing
28846,2022-08-29,Request approval of sanitation trucks purchase within the Vehicle Replacement Program.,Contracts & Purchasing
28909,2022-09-12,"Request approval with SHI for the continued use of Microsoft Office 365 product, application suite, and annual support services.",Contracts & Purchasing
29816,2023-01-30,Request approval of vehicle purchases within the Vehicle Replacement Program for FY23.,Contracts & Purchasing
30219,2023-03-20,Geographic Information System Mapping (ArcGIS) Presentation,Contracts & Purchasing
30834,2023-06-05,FY2024 funding of contracts issued by other jurisdictions.,Contracts & Purchasing
30835,2023-06-05,FY 2024 funding and renewal of Town contracts.,Contracts & Purchasing
30959,2023-06-20,Request approval of three (3) vehicle purchases within the Vehicle Replacement Program (VRP) for FY24.,Contracts & Purchasing
31037,2023-07-10,Request approval for the purchase of vehicles as outlined in the FY 23 and FY 24 Vehicle Replacement Plan (VRP),Contracts & Purchasing
31039,2023-07-10,FY 2024 funding and renewals of additional Town contracts,Contracts & Purchasing
31043,2023-07-10,Renewal of Maintenance Agreement with Tyler Technologies,Contracts & Purchasing
31264,2023-08-28,"Request to Approve On-Call Engineering Services Contracts for Local/State/Federal Projects - RFP 23-17 (RDA, RKK, and WRA)",Contracts & Purchasing
31294,2023-08-28,"Request to Approve On-Call Engineering Services Contracts for Local/State/Federal Projects - RFP 23-17 (RDA, RKK, and WRA)",Contracts & Purchasing
31638,2023-10-23,"Request to Approve On-Call Civil Engineering Services Contracts - VA RFP 23-37 (Bowman Consulting Group, Ltd., Urban, Ltd., and Whitman, Requardt & Associates, LLP)",Contracts & Purchasing
31641,2023-10-23,Request to Approve Cox Franchise Extension Agreement,Contracts & Purchasing
31661,2023-10-23,"Request to Approve On-Call Civil Engineering Services Contracts - VA RFP 23-37 (Bowman Consulting Group, Ltd., Urban, Ltd., and Whitman, Requardt & Associates, LLP)",Contracts & Purchasing
31937,2023-12-04,8:25 p.m. - 8:35 p.m. -  STARS Award for Alsinia Ervin and Robert Froh,Contracts & Purchasing
32363,2024-02-05,Introduction to Government Procurement,Contracts & Purchasing
33261,2024-06-03,FY 2025 funding of contracts issued by other jurisdictions.,Contracts & Purchasing
33266,2024-06-03,FY 2025 funding and renewal of Town contracts,Contracts & Purchasing
33498,2024-07-08,Approve Two Agreements to Execute Culinary Careers Collaborative Workforce Program (MOA & MOU),Contracts & Purchasing
33502,2024-07-08,FY 2025 funding of additional contracts issued by other jurisdictions.,Contracts & Purchasing
33663,2024-08-26,Request approval to purchase FY25 Vehicle Replacement Program (VRP) vehicles/equipment.,Contracts & Purchasing
33671,2024-08-26,"Request approval with SHI for the continued use of Microsoft Office 365 product, application suite, and annual support services.",Contracts & Purchasing
33946,2024-09-23,Renewal of Maintenance Agreement with Tyler Technologies,Contracts & Purchasing
34938,2025-02-24,Public Hearing for Authorization of Vehicle Financing,Contracts & Purchasing
35472,2025-04-28,"8:15 p.m. - 8:45 p.m. Request approval to award Invitation for Bid (IFB) 25-13 to Ball Rock Inc. in the amount of $329,846.96 for replacement of the Meadow Lane bathroom facility.",Contracts & Purchasing
35690,2025-05-19,2024 Special Gratitude Award for Maud Robinson,Contracts & Purchasing
35783,2025-06-02,FY 2026 funding of contracts issued by other jurisdictions under the Virginia Public Procurement Act cooperative procurement provisions.,Contracts & Purchasing
35784,2025-06-02,FY 2026 funding and renewal of Town contracts,Contracts & Purchasing
35785,2025-06-02,7:40 p.m. - 8:10 p.m. New Website Update,Contracts & Purchasing
35817,2025-06-02,FY 2026 funding of contracts issued by other jurisdictions under the Virginia Public Procurement Act cooperative procurement provisions.,Contracts & Purchasing
35818,2025-06-02,FY 2026 funding and renewal of Town contracts,Contracts & Purchasing
36033,2025-07-07,Renewal of Maintenance Agreement with Tyler Technologies,Contracts & Purchasing
37652,2026-03-23,Use of Right of Way and Telecommunication Facilities License Renewal by U.S. Federal Government,Contracts & Purchasing
37981,2026-05-18,"Vienna License/Franchise Agreement with Level 3 Communications, LLC (a subsidiary of Lumen Technologies)",Contracts & Purchasing
38125,2026-06-01,FY 2027 funding of contracts issued by other jurisdictions under the Virginia Public Procurement Act cooperative procurement provisions.,Contracts & Purchasing
38126,2026-06-01,FY 2027 funding and renewal of Town contracts,Contracts & Purchasing
38127,2026-06-01,Grounds Maintenance and License Agreement Between the Town of Vienna and Navy Federal Credit Union,Contracts & Purchasing
16420,2017-06-05,Town Business Liaison (TBLC) Survey Results,Economic Development
19759,2019-01-28,Town Business Liaison Committee Report on 2018 Activities and State of Businesses in Vienna,Economic Development
23973,2021-01-04,Award RFP 21-01 Market Study & Economic Development Strategy,Economic Development
26395,2021-09-27,Request approval to amend the Resolution of the Town Business Liaison Committee.,Economic Development
26454,2021-09-27,Request approval to amend the Resolution of the Town Business Liaison Committee.,Economic Development
28838,2022-08-29,Adding Economic Development Director and Public Information Director to Town Code and updating the holidays in Town Code.,Economic Development
32362,2024-02-05,Recommendations to Improve the Business Permitting & Licensing Process,Economic Development
33668,2024-08-26,7:50 p.m. - 8:20 p.m. -Economic Development Department Quarterly Update,Economic Development
33669,2024-08-26,Request Approval to Amend Town Business Liaison Committee Resolution & Bylaws,Economic Development
34219,2024-10-28,Request Approval to Amend Town Business Liaison Committee Resolution & Bylaws,Economic Development
36846,2025-12-08,8-8:30 Economic development quarterly update,Economic Development
37241,2026-02-23,Economic Development February 2026 Update (10 Mins.),Economic Development
37992,2026-05-18,Economic Development Quarterly Update (15 min. Staff Presentation),Economic Development
12381,2014-01-06,Request to refer Single Lot Tree Canopy Ordinance to the Planning Commission.,"Environment, Trees & Sustainability"
12448,2014-02-03,Request to support the development of a community learning garden.,"Environment, Trees & Sustainability"
12638,2014-03-17,"Request to set date for Public Hearing on a proposed ordinance to amend the Vienna Town Code, Chapter 18, requiring minimum tree canopy requirements for the single-family detached residential zones.","Environment, Trees & Sustainability"
12799,2014-04-07,"Request for additional $10,000 for tree and stump removal under IFB 13-14, Elswick & Elswick DBA Greentree.","Environment, Trees & Sustainability"
12802,2014-04-07,"Public Hearing on a Proposed Ordinance to Amend the Vienna Town Code, Chapter 18, Zoning, Article 25, Site Plan Control Provisions, Section 18-251, Where Applicable and Section 18-252, Site Plan Specifications (Addition Of Minimum Tree Canopy Requirements For The Single-Family Detached Residential Zones).","Environment, Trees & Sustainability"
12858,2014-04-28,"Approval of a Proposed Ordinance to Amend the Vienna Town Code, Chapter 18, Zoning, Article 25, Site Plan Control Provisions, Section 18-251, Where Applicable and Section 18-252, Site Plan Specifications (Addition Of Minimum Tree Canopy Requirements For The Single-Family Detached Residential Zones).","Environment, Trees & Sustainability"
12859,2014-04-28,Request to award a contract for On-Call Environmental Professional Services to AMEC,"Environment, Trees & Sustainability"
12862,2014-04-28,Request To Approve Tree Vienna Donation Program,"Environment, Trees & Sustainability"
12905,2014-05-12,"Request to purchase goods under Town of Vienna IFB 13-02, Landscape: Plants, Trees and Related Supplies, to Purchase Trees for Maple Avenue East Service Road Sidewalk Project from Merrifield Garden Center","Environment, Trees & Sustainability"
12906,2014-05-12,"Adoption of Ordinance to Amend The Vienna Town Code, Chapter 18, Zoning, Article 25, Site Plan Control Provisions, Section 18-251, Where Applicable and Section 18-252, Site Plan Specifications (Addition Of Minimum Tree Canopy Requirements for the Single-Family Detached Residential Zones).","Environment, Trees & Sustainability"
13160,2014-06-02,"Request Renewal of IFB 13-14, Tree Maintenance and Removal, to Elswick & Elswick dba Greentree","Environment, Trees & Sustainability"
13323,2014-08-18,Approve MOU with Fairfax County and Award a Design Contract to Wetlands Studies and Solutions for a Hunters Branch Stream Restoration Project,"Environment, Trees & Sustainability"
14195,2015-02-23,Request Adoption of a Solarize Nova Resolution.,"Environment, Trees & Sustainability"
14392,2015-04-27,Approve MOU with Fairfax County and Award a Design Contract to Stantec for a Wolftrap Creek Stream Restoration Phase II Project.,"Environment, Trees & Sustainability"
14475,2015-06-01,"Renewal of IFB 13-14, Tree Removal and Maintenance","Environment, Trees & Sustainability"
14485,2015-06-01,Request to Endorse I-66 Corridor Improvements Environmental Assessment Study Resolution.,"Environment, Trees & Sustainability"
14523,2015-06-01,Request to Endorse I-66 Corridor Improvements Environmental Assessment Study Resolution.,"Environment, Trees & Sustainability"
15742,2016-10-03,Request approval to hold the Solarize NOVA program,"Environment, Trees & Sustainability"
15891,2016-12-05,Presentation of the Fairfax County Environmental Excellence Award,"Environment, Trees & Sustainability"
15935,2017-01-09,Request approval of the Vienna Sustainability Challenge,"Environment, Trees & Sustainability"
16128,2017-03-13,Adoption of Multi-Jurisdictional Hazardous Mitigation Plan Update,"Environment, Trees & Sustainability"
16211,2017-04-03,Request approval of Stormwater Local Assistance Fund (SLAF) Grant Agreement No. 15-23 for Wolftrap Creek Stream Restoration,"Environment, Trees & Sustainability"
16215,2017-04-03,"Request to increase FY17 spending with Elswick & Elswick, dba Greentree, for tree maintenance and removal","Environment, Trees & Sustainability"
16294,2017-04-24,Request approval of an amended agreement with Fairfax County for Wolftrap Creek Stream Restoration,"Environment, Trees & Sustainability"
16917,2017-10-16,Request approval of the Northside Piney Branch Stream Restoration Funding Agreement with Fairfax County,"Environment, Trees & Sustainability"
17208,2017-12-11,Award a Design Contract to Amec Foster Wheeler for Piney Branch Stream Restoration Project,"Environment, Trees & Sustainability"
18021,2018-04-09,Request approval to hold the Solarize NOVA program,"Environment, Trees & Sustainability"
18561,2018-06-04,"Request to increase FY18 spending with Ross Tree Expert Company, dba RTEC Treecare, for tree maintenance and removal.","Environment, Trees & Sustainability"
18563,2018-06-04,"Request approval for spending $30,000 with Ross Tree Expert Company, dba RTEC Treecare, for tree maintenance and removal.","Environment, Trees & Sustainability"
19233,2018-10-15,Funding agreement for the design of Hunter’s Branch Phase II Stream Restoration,"Environment, Trees & Sustainability"
19623,2019-01-07,"Request to increase FY19 spending with Ross Tree Expert Company, dba RTEC Treecare, for tree maintenance and removal.","Environment, Trees & Sustainability"
19631,2019-01-07,Request approval to participate in the 2019 Solarize NOVA program,"Environment, Trees & Sustainability"
20291,2019-04-29,Approve the Bee City USA Resolution,"Environment, Trees & Sustainability"
20618,2019-06-17,Award design contract to Wood Environment & Infrastructure Solutions for Hunters Branch Phase II stream restoration project,"Environment, Trees & Sustainability"
20621,2019-06-17,"Request approval for spending $50,000 with Ross Tree Expert Company, dba RTEC Treecare, for tree maintenance and removal.","Environment, Trees & Sustainability"
21269,2019-11-04,Request to award RFP 20-02 a contract for On-Call Environmental Professional Services to Wood Environment & Infrastructure Solutions.,"Environment, Trees & Sustainability"
22312,2020-02-24,"Request award of IFB 20-11, Piney Branch Stream Restoration - Construction and request approval of Amended Funding Agreement with Fairfax County","Environment, Trees & Sustainability"
22911,2020-06-15,Request approval to offer 2020 Solarize NOVA program,"Environment, Trees & Sustainability"
23026,2020-07-06,Award a design contract to Wood Environment & Infrastructure Solutions for Bear Branch - Southside Park Stream Restoration Project,"Environment, Trees & Sustainability"
23362,2020-09-14,Request approval of pro bono tree project by Kirkland & Ellis and Ramboll US Corporation,"Environment, Trees & Sustainability"
23717,2020-11-02,Request modification of requirements for required parking associated with restaurant use and tree canopy coverage at 435 Maple Avenue W,"Environment, Trees & Sustainability"
24100,2021-02-01,Request to use Wood Environment & Infrastructure Solutions for environmental professional services.,"Environment, Trees & Sustainability"
24809,2021-04-12,Request approval to hold the 2021 Solarize NOVA program,"Environment, Trees & Sustainability"
25714,2021-07-12,"Request formal approval to increase FY21 spending with Ross Tree Expert Company, dba RTEC Treecare, for tree maintenance and removal","Environment, Trees & Sustainability"
25715,2021-07-12,"FY 2022 Funding and Renewal of Town Contract with Ross Tree Expert Company, dba RTEC Treecare","Environment, Trees & Sustainability"
26483,2021-10-11,Request approval of the Urban Tree Canopy Assessment funding agreement with the Virginia Department of Forestry,"Environment, Trees & Sustainability"
27002,2021-12-06,Request approval of the Bear Branch Phase II Stream Restoration Funding Agreement with Fairfax County,"Environment, Trees & Sustainability"
27405,2022-02-07,"Setting of Public Hearing on Leaf Collection and Mulching Program for March 21, 2022","Environment, Trees & Sustainability"
27748,2022-03-21,Public Hearing for Leaf Mulch Program Alternatives,"Environment, Trees & Sustainability"
28317,2022-05-16,Leaf mulch survey,"Environment, Trees & Sustainability"
28845,2022-08-29,"Award a Design Contract to A. Morton Thomas and Associates, Inc. for Bear Branch Phase II - Southside Park Stream Restoration Project","Environment, Trees & Sustainability"
30064,2023-03-06,Presentation of Trees in Vienna: A Review of Programs to Help Vienna Preserve and Manage its Tree Canopy.,"Environment, Trees & Sustainability"
30404,2023-04-10,Adoption of Multi-Jurisdictional Hazardous Mitigation Plan Update,"Environment, Trees & Sustainability"
30829,2023-06-05,"Request formal approval to increase FY2023 spending with Ross Tree Expert Company, dba RTEC Treecare, for tree maintenance and removal","Environment, Trees & Sustainability"
30833,2023-06-05,Request formal approval to increase FY2023 spending with PlanIT Geo for tree inventory,"Environment, Trees & Sustainability"
30962,2023-06-20,Tree Inventory Report,"Environment, Trees & Sustainability"
31268,2023-08-28,"Discussion of Proposed Code Amendments to Enhance Tree Canopy, Tree Preservation and Amendments to Tree Board and/or Creation of an Independent Tree Commission","Environment, Trees & Sustainability"
31467,2023-09-25,"Set a Public Hearing on Proposed Amendments to Town Code Chapters 17, 28 and 27, related to Enhancing Vienna’s Tree Canopy","Environment, Trees & Sustainability"
31517,2023-10-02,"Renew the motion to set a Public Hearing on Proposed Amendments to Town Code Chapters 17, 18 and 27, related to Enhancing Vienna’s Tree Canopy","Environment, Trees & Sustainability"
31643,2023-10-23,"Public Hearing on Proposed Amendments to Town Code Chapters 17, 18 and 27, related to Enhancing Vienna's Tree Canopy","Environment, Trees & Sustainability"
31761,2023-11-13,Presentation of PFAS Overview and Current Activities,"Environment, Trees & Sustainability"
31767,2023-11-13,"Preserving and Enhancing Tree Canopy - Consideration of Intent to Adopt new Town code amendments to Chapters 17, 18 and 27","Environment, Trees & Sustainability"
32365,2024-02-05,"Request to Direct the Town Clerk to advertise a Notice of Intent to Adopt Text Amendments Related to Preserving and Enhancing Tree Canopy in Chapters 17, 18 and 27","Environment, Trees & Sustainability"
32502,2024-02-26,"8:25 p.m. - 8:40 p.m. Request to Direct the Town Clerk to advertise a Notice of Intent to Adopt Text Amendments Related to Preserving and Enhancing Tree Canopy in Chapters 17, 18 and 27","Environment, Trees & Sustainability"
32576,2024-03-04,"8:20 p.m. - 8:40 p.m. Request $50,000 of funding from the Maud Robinson Trust to be used for the planting of new trees.","Environment, Trees & Sustainability"
32773,2024-03-18,"Request to Direct the Town Clerk to advertise a Notice of Intent to Adopt Text Amendments Related to Preserving and Enhancing Tree Canopy in Chapters 17, 18 and 27 and creating a new Tree Advocacy Committee to replace the Tree Board.","Environment, Trees & Sustainability"
32877,2024-04-08,"8:30 p.m. - 9:00 p.m. Request to Direct the Town Clerk to advertise a Notice of Intent to Adopt Text Amendments Related to Preserving and Enhancing Tree Canopy in Chapters 17, 18 and 27 and creating a new Tree Advocacy Committee to replace the Tree Board.","Environment, Trees & Sustainability"
33023,2024-04-29,"9:30 p.m. - 10:00 p.m. Adopt Text Amendments Related to Preserving and Enhancing Tree Canopy in Chapters 18 and 27, and Adopt a new Chapter 17 - Tree Preservation and Canopy Requirements During Development","Environment, Trees & Sustainability"
33071,2024-04-29,"9:30 p.m. - 10:00 p.m. Adopt Text Amendments Related to Preserving and Enhancing Tree Canopy in Chapters 18 and 27, and Adopt a new Chapter 17 - Tree Preservation and Canopy Requirements During Development","Environment, Trees & Sustainability"
33263,2024-06-03,"9:00 p.m. - 9:30 p.m. - Request to Update the Town Code - Chapter 23: Environmental Controls with the Updated Revised Consolidated Virginia Erosion and Stormwater Management 
(VESM) Model Ordinance","Environment, Trees & Sustainability"
33505,2024-07-08,"Request to Award RFP 24-16 for On-Call Environmental Professional Services to WSP USA Environment & Infrastructure, Inc., and Request for FY25 Spending","Environment, Trees & Sustainability"
33658,2024-08-26,"8:30 p.m. - 8:45 p.m. - Request to Award a Purchase Order to Accu-Steel, Inc. for the fabrication and installation of Canopy Covered Stockpile Bins at the Northside Property Yard","Environment, Trees & Sustainability"
33664,2024-08-26,"8:45 p.m. 9:15 p.m. - Request award of IFB 24-01 to KBS Earthworks, Inc. for the Bear Branch - Southside Park Stream Restoration construction project","Environment, Trees & Sustainability"
33952,2024-09-23,7:45 p.m. - 7:55 p.m. - Conservation and Sustainability Commission Presentation of the Eco-Efficient Homes Award to Select Recipients by the Conservation and Sustainability Commission,"Environment, Trees & Sustainability"
36692,2025-11-10,Vienna Recipients of the Fairfax County Design and Environmental Achievement Award,"Environment, Trees & Sustainability"
38129,2026-06-01,Tree Advocacy Committee - Request to Amend Vienna Green Streets Policy (5 min. Staff Presentation),"Environment, Trees & Sustainability"
38322,2026-07-06,"Request to award Purchase Order for Engineering & Design Services to WSP USA Environment & Infrastructure, Inc. for the Bear Branch - Onondio Circle Stream Restoration Project.","Environment, Trees & Sustainability"
38325,2026-07-06,"Amend Council’s June 1, 2026, motion to reschedule the Tree Advocacy Committee - Green Streets Policy work session from July 6, 2026, to Aug.  24, 2026","Environment, Trees & Sustainability"
12449,2014-02-03,Request to award RFP 14-02 Citizen Survey to ETC Institute.,Governance & Administration
12490,2014-02-24,Request to accept Classification and Compensation Study.,Governance & Administration
13176,2014-06-02,2015 VRS Contribution Rate Election,Governance & Administration
13177,2014-06-02,Increase Annual Compensation for Mayor.,Governance & Administration
13240,2014-06-16,2015 Town Observed Holidays,Governance & Administration
13272,2014-07-07,"Public Hearing on Town Code, Chapter 11, changes related to the Classification and Compensation Study with Intent to Adopt on August 18, 2014.",Governance & Administration
13324,2014-08-18,"Adoption of Changes to the Town Code, Chapter 11 - Personnel, related to the 2014 Classification and Compensation Study.",Governance & Administration
13325,2014-08-18,Catastrophic Leave Request for Jerry Lambert,Governance & Administration
13489,2014-10-27,Approval of 2015 Town Council Meeting Schedule and Calendar,Governance & Administration
14140,2015-02-02,Public Hearing for Establishing Vienna Public Arts Commission.,Governance & Administration
14194,2015-02-23,Establish Vienna Public Art Commission.,Governance & Administration
14472,2015-06-01,"Request approval for the use of FY16 funds with Granicus, Inc. using revised contract approved by Council on 12/15/2014 and executed by the Town Manager dated 12/16/2014 for the continued use of Granicus, Inc. for Agenda Management Suite, Boards and Commissions Module, and Video Streaming.",Governance & Administration
14572,2015-07-06,Authorization of Building Construction Project Manager Position.,Governance & Administration
14659,2015-09-14,Defer the Town Manager vehicle purchase under the Vehicle Replacement Program.,Governance & Administration
14708,2015-09-28,Change Public Works Inspector Position from Part-Time to Full-Time.,Governance & Administration
14740,2015-10-19,Purchase of replacement Town Manager’s vehicle within the Vehicle Replacement Program.,Governance & Administration
14741,2015-10-19,Approval of 2016 Town Council Meeting Schedule and Calendar,Governance & Administration
14896,2015-12-14,Proposed Resolution and Requirement for Conflict of Interest Disclosure Affidavits for use by Applicants in Land Development Activity.,Governance & Administration
15430,2016-06-06,"Request approval for the use of FY17 funds with Granicus, Inc. using Town of Vienna contract approved by Council on 12/15/2014 and executed by the Town Manager dated 12/16/2014 for the continued use of Granicus, Inc. for Agenda Management Suite, Boards and Commissions Module, and Video Streaming.",Governance & Administration
15524,2016-07-11,Addendum to the Town Manager’s Employee Agreement,Governance & Administration
15656,2016-09-12,"Request approval to enter into contract for a Classification and Compensation study with Springsted Incorporated, Mechanicsville, Virginia.",Governance & Administration
15863,2016-11-21,Request for additional experienced accounting staff from Robert Half/Accountemps Company,Governance & Administration
15936,2017-01-09,Presentation on Employee 457 Deferred Compensation Plan Conversion.,Governance & Administration
16412,2017-06-05,"Request approval for use of FY18 funds with Granicus, Inc., using Town of Vienna contract approved by Council on 12/15/2014 and executed by the Town Manager dated 12/16/2014 and the amended contract dated 2/10/17 for the continued use of Granicus, Inc. for agenda management suite, boards and commissions module, and HD video streaming services",Governance & Administration
16518,2017-07-10,Adoption of Brand Positioning Statement,Governance & Administration
16524,2017-07-10,Adopt Resolution and Policy on Electronic Participation of Members of the Town Council of The Town of Vienna.,Governance & Administration
16694,2017-08-21,Adoption of Town Logo Concept,Governance & Administration
16830,2017-09-25,Adoption of Official Town Logo,Governance & Administration
16835,2017-09-25,2018 Town Council meeting schedule and calendar,Governance & Administration
17823,2018-03-12,Request Approval of Revisions to Town Civilian and Sworn Pension Plans,Governance & Administration
18696,2018-07-09,"Request approval for use of FY19 funds with Granicus, Inc., using Town of Vienna contract approved by Council on 12/15/2014 and executed by the Town Manager dated 12/16/2014 and the amended contract dated 2/10/17, for continued use of Granicus, Inc. for agenda management suite, boards and commissions module, and HD video streaming services.",Governance & Administration
19030,2018-09-17,2019 Town Council Meeting Resolution for its Schedule and Calendar,Governance & Administration
19756,2019-01-28,Presentation on 2018 National Citizen Survey Results,Governance & Administration
20300,2019-04-29,Adoption of the Town of Vienna’s 2019 Strategic Plan,Governance & Administration
20325,2019-04-29,Adoption of the Town of Vienna’s 2019 Strategic Plan,Governance & Administration
20517,2019-06-03,"Request to establish an agreement with Granicus, Inc. (formally Vision Technologies) for migration and redesign services for the Town’s external website.",Governance & Administration
20959,2019-09-16,"Resolution to include members of Council, Boards and Commissions as ""Employees"" of the Town for purposes of Workers' Compensation insurance coverage, replacing Resolution dated October 1, 2001.",Governance & Administration
20960,2019-09-16,Consider resolution to adopt 2020 Town Council meeting schedule and to include the schedule in the 2020 Town Calendar,Governance & Administration
22521,2020-04-13,Re-adoption of the Continuity of Government ordinance,Governance & Administration
22559,2020-04-13,Resolution for Continuity of Government,Governance & Administration
22560,2020-04-13,Resolution for Continuity of Government,Governance & Administration
22600,2020-04-27,Resolution for Continuity of Government,Governance & Administration
22602,2020-04-27,Resolution for Continuity of Government,Governance & Administration
22630,2020-05-11,Resolution for Continuity of Government,Governance & Administration
22642,2020-05-11,Resolution for Continuity of Government,Governance & Administration
22803,2020-06-01,Addendum to Town Manager Employment Agreement,Governance & Administration
22812,2020-06-01,Resolution for Continuity of Government,Governance & Administration
22814,2020-06-01,Resolution for Continuity of Government,Governance & Administration
22930,2020-06-15,Resolution for Continuity of Government,Governance & Administration
22933,2020-06-15,Resolution for Continuity of Government,Governance & Administration
23033,2020-07-06,Resolution for Continuity of Government,Governance & Administration
23040,2020-07-06,Resolution for Continuity of Government,Governance & Administration
23070,2020-07-06,"Mayor's Response to June 15, 2020 Petition",Governance & Administration
23164,2020-08-19,Resolution for Continuity of Government,Governance & Administration
23249,2020-08-31,Two-hour limit for Town Council meetings,Governance & Administration
23255,2020-08-31,Re-adoption and extension of the Continuity of Government ordinance,Governance & Administration
23266,2020-08-31,Resolution for Continuity of Government,Governance & Administration
23306,2020-08-31,Two-hour limit for Town Council meetings,Governance & Administration
23326,2020-09-04,Resolution for Continuity of Government,Governance & Administration
23363,2020-09-14,"Request to adopt 2021 Town Council meeting schedule and include the schedule in the 2021 Town calendar. In addition, consider adding Liberty Amendments Day as an official Town holiday.",Governance & Administration
23373,2020-09-14,Resolution for Continuity of Government,Governance & Administration
23557,2020-10-05,Resolution for Continuity of Government,Governance & Administration
23671,2020-10-26,Resolution for Continuity of Government,Governance & Administration
23724,2020-11-02,Resolution for Continuity of Government,Governance & Administration
23790,2020-11-16,Resolution for Continuity of Government,Governance & Administration
23887,2020-12-07,Resolution for Continuity of Government,Governance & Administration
23980,2021-01-04,Resolution for Continuity of Government,Governance & Administration
24105,2021-02-01,Resolution for Continuity of Government,Governance & Administration
24248,2021-02-22,Resolution for Continuity of Government,Governance & Administration
24305,2021-03-01,Resolution for Continuity of Government,Governance & Administration
24378,2021-03-08,Resolution for Continuity of Government,Governance & Administration
24379,2021-03-08,Resolution for Continuity of Government,Governance & Administration
24652,2021-03-22,Resolution for Continuity of Government,Governance & Administration
24656,2021-03-22,Re-adoption and extension of the Continuity of Government ordinance,Governance & Administration
24813,2021-04-12,Resolution for Continuity of Government,Governance & Administration
25005,2021-04-26,Resolution for Continuity of Government,Governance & Administration
25186,2021-05-17,Resolution for Continuity of Government,Governance & Administration
25443,2021-06-07,Resolution for Continuity of Government,Governance & Administration
25701,2021-07-12,Update of Electronic Participation Resolution for Town Council,Governance & Administration
25720,2021-07-12,Resolution for Continuity of Government,Governance & Administration
25975,2021-08-30,Resolution for Continuity of Government,Governance & Administration
26122,2021-09-13,Re-adoption and extension of the Continuity of Government ordinance,Governance & Administration
26189,2021-09-13,Resolution for Continuity of Government,Governance & Administration
26396,2021-09-27,Request to adopt 2022 Town Council meeting schedule and include the schedule in the 2022 Town calendar.,Governance & Administration
26397,2021-09-27,Resolution for Continuity of Government,Governance & Administration
26484,2021-10-11,Resolution on Planning Commission Membership-Number of Members,Governance & Administration
26488,2021-10-11,Resolution for Continuity of Government,Governance & Administration
26680,2021-10-25,Resolution for Continuity of Government,Governance & Administration
26702,2021-11-01,Resolution for Continuity of Government,Governance & Administration
26853,2021-11-15,Resolution for Continuity of Government,Governance & Administration
27007,2021-12-06,Resolution for Continuity of Government,Governance & Administration
27408,2022-02-07,Update of Electronic Participation Resolution for Town Council,Governance & Administration
28842,2022-08-29,Request to adopt 2023 Town Council meeting schedule for inclusion in the 2023 Town calendar.,Governance & Administration
28847,2022-08-29,"Setting of a Public Hearing on September 12, 2022 for the Town of Vienna Vision for 2023",Governance & Administration
29484,2022-11-14,"Amend the 2023 Town Calendar by Moving the October 9, 2023 Council Meeting to October 2, 2023.",Governance & Administration
29655,2023-01-09,"Proposal to Increase Mayor and Council Salaries Effective Jan. 1, 2024",Governance & Administration
29661,2023-01-09,Motion to Adopt Top Four Council Priorities,Governance & Administration
29695,2023-01-09,Motion to Adopt Top Four Council Priorities,Governance & Administration
30836,2023-06-05,Request to adopt 2024 Town Council meeting schedule for inclusion in the 2024 Town Calendar,Governance & Administration
31936,2023-12-04,"10:30 p.m. - 11:00 p.m. - Consideration of the temporary Right of Entry and Compensation Agreement for Dominion Energy Virginia at 125 Center St., S",Governance & Administration
32115,2024-01-08,8:20 p.m. - 8:25 p.m. - Set Meeting Dates for Strategic Plan Update and Town Council Priorities,Governance & Administration
32303,2024-01-29,7:50 p.m. - 8:20 p.m. - Town Wide Survey Results,Governance & Administration
32311,2024-01-29,8:25 p.m. - 8:55 p.m. - Town Council Priorities,Governance & Administration
33499,2024-07-08,Approve Town Manager Contract,Governance & Administration
33510,2024-07-08,Request to adopt 2025 Vienna Town Council meeting schedule for inclusion in the 2025 Town calendar.,Governance & Administration
34773,2025-01-27,Town Council Top Priorities for 2025,Governance & Administration
34953,2025-02-24,Town Council Top Priorities For 2025,Governance & Administration
35786,2025-06-02,Request to adopt 2026 Town Council meeting schedule for inclusion in the 2026 Town calendar.,Governance & Administration
36201,2025-08-25,Strategic Plan: Review of Board/Commission Input and Potential Adoption,Governance & Administration
36202,2025-08-25,Changing the November 10 Meeting to a Town Council Meeting and the November 17 Meeting to a Work Session,Governance & Administration
36247,2025-09-08,8:30 p.m. – 9:15 p.m. Strategic Plan: Review of Board/Commission Input and Potential Adoption,Governance & Administration
36393,2025-09-29,8:45 p.m. - 9:15 p.m. Strategic Plan: Potential Adoption,Governance & Administration
36466,2025-09-29,Changes to 2025 and 2026 Town Council Meeting Dates on Town Calendar,Governance & Administration
36467,2025-09-29,Changes to 2025 and 2026 Town Council meeting dates on Town Calendar,Governance & Administration
36854,2025-12-08,PROPOSED - Memorandum of Understanding between and among the Mayor and Town Council Members and the Town Manager,Governance & Administration
36953,2026-01-05,Annual Re-adoption of Town Council Electronic Participation Resolution,Governance & Administration
36958,2026-01-05,Public Notice Improvements Update,Governance & Administration
37073,2026-01-26,Town Council Priorities 2026,Governance & Administration
37108,2026-02-02,Town Council Priorities 2026,Governance & Administration
37237,2026-02-23,Town Council Priorities ( 5 mins.),Governance & Administration
37841,2026-04-27,Next Steps for Strategic Plan (10 mins),Governance & Administration
38314,2026-07-06,Request to adopt 2027 Town Council meeting schedule for inclusion in the 2027 Town of Vienna Calendar.,Governance & Administration
12145,2013-10-28,"Request for authorization to ride Commonwealth of Virginia Contract #E194-736 for the Purchase of a Ford F-150 One-half-ton Pickup Truck from Hall Automotive, Virginia Beach, VA, to replace existing Vehicle #55 in accordance with the Town of Vienna's Vehicle Replacement Program.",Grants & Intergovernmental
12257,2013-11-18,2014 Legislative Agenda,Grants & Intergovernmental
13165,2014-06-02,Request approval to continue riding Fairfax County Schools Contract 4400001435 for Cell and Mobile Device Service with Sprint.,Grants & Intergovernmental
13414,2014-09-22,Town of Vienna Cooperation Agreement for CDBG and HOME Programs with Fairfax County.,Grants & Intergovernmental
13447,2014-10-20,Set Public Hearing for the 2015 Legislative Agenda.,Grants & Intergovernmental
14009,2014-11-17,Public Hearing on the 2015 Legislative Priorities.,Grants & Intergovernmental
14468,2015-06-01,Request approval to continue riding Fairfax County Schools Contract 4400001435 for Cell and Mobile Device Service with Sprint.,Grants & Intergovernmental
14574,2015-07-06,Old Courthouse Road NE Fairfax County Agreement and Design Contract Award.,Grants & Intergovernmental
14716,2015-09-28,Request to ride Aepa/Fairfax County Contract (Aepa Ifb #012c) #4400002721 for Replacement of the Synthetic Turf at Waters Field.,Grants & Intergovernmental
15428,2016-06-06,Request approval to ride Fairfax County Schools contract 4400006677 for cell and mobile device service with Sprint.,Grants & Intergovernmental
15790,2016-10-24,Request to Set a Public Hearing for the 2017 Legislative Agenda,Grants & Intergovernmental
15866,2016-11-21,Receipt of Public Comment and Input for the 2017 Legislative Agenda,Grants & Intergovernmental
16009,2017-02-06,Adoption of the Deferred Compensation Plan [457(b)] of the Commonwealth of Virginia,Grants & Intergovernmental
16050,2017-02-06,Resolution supporting re-districting Reform,Grants & Intergovernmental
16051,2017-02-06,Resolution opposing SB1282,Grants & Intergovernmental
16295,2017-04-24,Update of the I-66 Expansion Project by Susan Shaw of VDOT.,Grants & Intergovernmental
16415,2017-06-05,Request approval to ride Fairfax County Schools contract 4400006677 for cell and mobile device service with Sprint.,Grants & Intergovernmental
16430,2017-06-05,"Set a public hearing to grant a ten-year license for use of a right-of-way to Mobilitie, LLC.",Grants & Intergovernmental
16446,2017-06-05,"Set a public hearing to grant a ten-year license for use of a right-of-way to Mobilitie, LLC.",Grants & Intergovernmental
16519,2017-07-10,"Public hearing to grant a 10-year license for use of a right-of-way to Mobilitie, LLC",Grants & Intergovernmental
17036,2017-11-13,Public Hearing on the 2018 Legislative Agenda,Grants & Intergovernmental
17822,2018-03-12,"Request to Set a Public Hearing for April 23, 2018 Regarding Transferring Collection of Vehicle License Registration Fees to Fairfax County",Grants & Intergovernmental
18034,2018-04-09,Public Hearing Regarding Transferring Collection of Vehicle License Registration Fees to Fairfax County,Grants & Intergovernmental
18191,2018-04-23,Request Approval of MOU with Fairfax County to Transfer Collection of Vehicle License Fees to the County,Grants & Intergovernmental
18560,2018-06-04,Request approval to ride Fairfax County Public Schools contract 4400006677 for cell and mobile device service with Sprint.,Grants & Intergovernmental
19041,2018-09-17,Request approval to fund joint feasibility study to redesign Patrick Henry Library with Fairfax County,Grants & Intergovernmental
19477,2018-11-19,Public Hearing on the 2019 Legislative Agenda,Grants & Intergovernmental
19628,2019-01-07,Consideration of a resolution to endorse a project submittal for FY20 I-66 Commuter Choice Funding,Grants & Intergovernmental
19629,2019-01-07,Resolution in support of funding request from Fairfax County’s Economic Development Support Fund for Economic Development Strategy and Market Study,Grants & Intergovernmental
19755,2019-01-28,Old Courthouse Road NE Fairfax County agreement for construction funding,Grants & Intergovernmental
19763,2019-01-28,Resolution to Support the Ratification of the Equal Rights Amendment,Grants & Intergovernmental
20370,2019-05-13,"Set a public hearing to grant a ten-year license for use of a right-of-way to Cox Wireless Access, LLC.",Grants & Intergovernmental
20516,2019-06-03,(CONTRACT RENEWAL) Request approval to ride Fairfax County Public Schools contract 4400006677 for cell and mobile device services with Sprint.,Grants & Intergovernmental
20632,2019-06-17,"Public Hearing for a Request to Grant a Ten-Year License for use of Public Right-of-Way to Cox Wireless Access, LLC.",Grants & Intergovernmental
20689,2019-07-01,"Intent to Grant a Ten-Year License for use of Public Right-of-Way to Cox Wireless Access, LLC.",Grants & Intergovernmental
21276,2019-11-04,Public Hearing on the Town’s 2020 Legislative Agenda,Grants & Intergovernmental
21826,2019-12-09,Acceptance of Byrne/JAG Law Enforcement Equipment Grant,Grants & Intergovernmental
22375,2020-03-09,VDOT Presentation on Transform I-66 Project updates,Grants & Intergovernmental
22919,2020-06-15,Request approval to ride Fairfax County Public Schools contract 4400006677 for cell and mobile device services with Sprint.,Grants & Intergovernmental
23552,2020-10-05,Request to set a public hearing for November 2 regarding the Town’s 2021 legislative agenda,Grants & Intergovernmental
23716,2020-11-02,Public hearing on the Town’s 2021 Legislative Agenda,Grants & Intergovernmental
23745,2020-11-02,Public hearing on the Town’s 2021 Legislative Agenda,Grants & Intergovernmental
24810,2021-04-12,"Amend sub-award with Fairfax County to return $50,000 of CHO funds for Town CARES use",Grants & Intergovernmental
25699,2021-07-12,Request approval to ride Fairfax County Public Schools contract 4400006677 for cell and mobile device services with Sprint.,Grants & Intergovernmental
26701,2021-11-01,"Request to set a public hearing for Nov. 15, 2021 regarding the Town of Vienna 2022 legislative agenda",Grants & Intergovernmental
26845,2021-11-15,Public hearing on the Town’s 2022 Legislative Agenda,Grants & Intergovernmental
26850,2021-11-15,Request Approval of MOU Between the Town of Vienna and The Fairfax County Government Print Shop,Grants & Intergovernmental
26997,2021-12-06,Resolution to Approve the Town’s participation in the proposed National Opioid Settlement Agreements,Grants & Intergovernmental
27606,2022-03-07,Delegate Mark Keam- Legislative Update,Grants & Intergovernmental
29273,2022-10-24,Presentation From VDOT To Provide an Update on the Opening of the Remaining 13-Mile Section of the I66 Express Lanes.,Grants & Intergovernmental
29350,2022-11-14,Public hearing on the Town’s 2023 Legislative Agenda,Grants & Intergovernmental
30228,2023-03-20,"A Resolution of the Town of Vienna, Virginia Town Council Approving of the Town’s Participation in the Proposed Settlement of Opioid-Related Claims",Grants & Intergovernmental
31654,2023-10-23,Request to Set a Public Hearing for the Proposed 2024 Legislative Agenda,Grants & Intergovernmental
31755,2023-11-13,Public hearing on the Town’s 2024 Legislative Agenda,Grants & Intergovernmental
31939,2023-12-04,10:00 p.m. - 10:15 p.m.  -  Adoption of Town’s 2024 Legislative Agenda,Grants & Intergovernmental
33509,2024-07-08,"9:45 p.m. - 10:00 p.m.  Resolution of the Town of Vienna, Virginia Town Council Approving of the Town’s Participation and Submission of Participation Form in the Proposed Settlement of Opioid-Related Claims",Grants & Intergovernmental
34321,2024-11-18,Public hearing on the Town’s 2025 Legislative Agenda,Grants & Intergovernmental
36245,2025-09-08,"Resolution of the Town of Vienna, Virginia Town Council Approving of the Town’s Participation and Submission of Participation Form in the Proposed Settlement of Opioid-Related Claims",Grants & Intergovernmental
36325,2025-09-08,"Resolution of the Town of Vienna, Virginia Town Council Approving of the Town’s Participation and Submission of Participation Form in the Proposed Settlement of Opioid-Related Claims",Grants & Intergovernmental
36632,2025-10-27,"9:00 pm - 9:30 pm Resolution of the Town of Vienna, Virginia Town Council opposing proposed redistricting of Vienna students from James Madison High School",Grants & Intergovernmental
36691,2025-11-10,8:30 - 9:00 pm Public Hearing on the Town’s 2026 Legislative Agenda,Grants & Intergovernmental
12131,2013-10-28,Request to grant permanent and temporary easements to Fairfax Water at the Wall Street water tank.,"Land Use, Zoning & Development"
12218,2013-11-18,"Request for approval of a final plat and requested public improvements waiver for the resubdivision of 350 Church Street NE in the RS-16 zone. Filed by Jordan Land Design, LLC, on behalf of 350 Church Street LLC owner.","Land Use, Zoning & Development"
12375,2014-01-06,Request approval of easement and license for Ayr Hill Avenue NE sidewalk project.,"Land Use, Zoning & Development"
12379,2014-01-06,Request to set public hearing for alley vacation at 210 Center Street North.,"Land Use, Zoning & Development"
12380,2014-01-06,Request to set public hearing for Alley Vacation at 114 Ayr Hill Avenue NW.,"Land Use, Zoning & Development"
12421,2014-01-27,Public hearing for Alley Vacation at 114 Ayr Hill Avenue NW.,"Land Use, Zoning & Development"
12422,2014-01-27,Public hearing for alley vacation at 210 Center Street North.,"Land Use, Zoning & Development"
12488,2014-02-24,Request to accept easement at 385 Courthouse Road SW.,"Land Use, Zoning & Development"
12503,2014-02-24,Request to accept easement at 385 Courthouse Road SW.,"Land Use, Zoning & Development"
12517,2014-03-03,Request to accept Wade Hampton Drive sidewalk easements.,"Land Use, Zoning & Development"
12520,2014-03-03,Request for an increase in the Maple Avenue commercial corridor zoning code contract.,"Land Use, Zoning & Development"
12521,2014-03-03,"Proposed amendments to the Code of the Town of Vienna, Chapter 18, Zoning, Article 2, Section 18-4 adding new definitions, and adding a new article 13.1 MAC: Maple Avenue Commercial Zone Regulations.","Land Use, Zoning & Development"
12631,2014-03-17,Request to accept Wade Hampton Drive sidewalk easements.,"Land Use, Zoning & Development"
12634,2014-03-17,Request for an increase in the Maple Avenue commercial corridor zoning code contract.,"Land Use, Zoning & Development"
12636,2014-03-17,"Proposed amendments to the Code of the Town of Vienna, Chapter 18, Zoning, Article 2, Section 18-4 adding new definitions, and adding a new article 13.1 MAC: Maple Avenue Commercial Zone Regulations.","Land Use, Zoning & Development"
12795,2014-04-07,Request acceptance of Maple Avenue traffic signal easements.,"Land Use, Zoning & Development"
13140,2014-05-19,Set Public Hearing to Approve Granting a Conservation Easement and Approve a Parking and Easement Agreement with the Northern Virginia Regional Park Authority to Expand the Vienna Train Station Parking Lot.,"Land Use, Zoning & Development"
13178,2014-06-02,Public Hearing to Approve Granting a Conservation Easement and Approve a Parking and Easement Agreement with the Northern Virginia Regional Park Authority to Expand the Vienna Train Station Parking Lot.,"Land Use, Zoning & Development"
13224,2014-06-16,"Request for a one-year renewal of a Contract with Lardner/Klein Landscape Architects, P.C. and associated firms to provide the services outlined in RFP 12-06 for the Maple Avenue Commercial Corridor Zoning Code Update.","Land Use, Zoning & Development"
13227,2014-06-16,"Request to set date for a Public Hearing on a proposed Ordinance to amend the Code of the Town of Vienna, Chapter 18, Zoning, Article 2, Section 18-4, Definitions, adding new definitions, and adding a new article 13.1 MAC: Maple Avenue Commercial Zone Regulations.","Land Use, Zoning & Development"
13235,2014-06-16,Set alley vacation Public Hearing 112 Ayr Hill Avenue NW and 119 Wilmar Place NW.,"Land Use, Zoning & Development"
13245,2014-06-16,Approval to Grant a Conservation Easement and Approve a Parking and Easement Agreement with the Northern Virginia Regional Park Authority to Expand the Vienna Train Station Parking Lot.,"Land Use, Zoning & Development"
13271,2014-07-07,"Request for Approval of Final Plat and Certain Waivers from Town Code requirements for Andrew Minor Subdivision, a proposed three-lot resubdivision of Fairfax County located at 130 Pleasant Street NW and in the RS-16 zone (recommended new addresses are 301, 303 and 305 Salsbury Lane NW).  Application filed by Anthony Venafro, Smith Engineering, agent for Michael W. Covel, owner.","Land Use, Zoning & Development"
13273,2014-07-07,"Public Hearing on a proposed ordinance to amend the Code of the Town of Vienna, Chapter 18, Zoning, Article 2, Section 18-4, Definitions, adding new Definitions, and adding a new Article 13.1 Mac: Maple Avenue Commercial Zone Regulations.","Land Use, Zoning & Development"
13313,2014-08-18,"Bond Reduction, Birdseye Subdivision 411 and 413 Upham Place NW","Land Use, Zoning & Development"
13314,2014-08-18,Alley vacation Public Hearing 112 Ayr Hill Avenue NW and 119 Wilmar Place NW.,"Land Use, Zoning & Development"
13320,2014-08-18,"Public Hearing on a Proposed Ordinance to Amend the Code of the Town of Vienna, Chapter 18, Zoning, Article 2, Section 18-4, Definitions, adding new Definitions, and adding a new Article 13.1 MAC: Maple Avenue Commercial Zone Regulations.","Land Use, Zoning & Development"
13327,2014-08-18,Request Approval to Submit Conceptual Community Center Renovation and Expansion Site Plan to the Planning Commission.,"Land Use, Zoning & Development"
13358,2014-09-08,"Approval of a Proposed Ordinance to Amend the Code of the Town of Vienna, Chapter 18, Zoning, Article 2, Section 18-4, Definitions, adding new Definitions, and adding a new Article 13.1 MAC: Maple Avenue Commercial Zone Regulations.","Land Use, Zoning & Development"
13402,2014-09-22,Bond Reduction - Wilmar Subdivision at 110 and 112 Ayr Hill Avenue NW.,"Land Use, Zoning & Development"
13403,2014-09-22,Request to set a Public Hearing for alley vacation at 101 Wilmar Place NW.,"Land Use, Zoning & Development"
13415,2014-09-22,"Approval of a Proposed Ordinance to Amend the Code of the Town of Vienna, Chapter 18, Zoning, Article 2, Section 18-4, Definitions, adding new Definitions, and adding a new Article 13.1 MAC: Maple Avenue Commercial Zone Regulations.","Land Use, Zoning & Development"
13432,2014-10-20,"Request for the approval of Site Plan, Building Elevations, Master Sign Plan and certain Site Plan Modifications - all in accordance with the provisions of Sections 18-87.4 through 18-87.6 of the Town Code - for redevelopment of the Arrington Property located at 120 Church Street, NW, in the C-1B Pedestrian Commercial Zone. Filed by Paul Layer Architecture, LLC, agent for Arrington Properties, LLC.","Land Use, Zoning & Development"
13433,2014-10-20,Consideration of Vacation of a Portion of Ninovan Road SE East of Tapawingo Road.,"Land Use, Zoning & Development"
13435,2014-10-20,"Request for Approval of Final Plat for the proposed resubdivision of Lots 37 and 38, Onon’dio Subdivision, into three lots and located at 304 and 308 Adahi Road SE and in the RS-12.5, Single-Family Detached Residential zone (recommended new addresses are 304, 306 and 308 Adahi Road SE).  Application filed by Ashleigh T. Bleeker, Smith Engineering, on behalf of BFR Construction Company, agent for Alexis & Jennifer Skotzo and Parvis Solehi, property owners.","Land Use, Zoning & Development"
13438,2014-10-20,"Adoption of an Ordinance to Amend the Code of the Town of Vienna, Chapter 18, Zoning, Article 2, Section 18-4, Definitions, adding new Definitions, and adding a new Article 13.1 MAC: Maple Avenue Commercial Zone Regulations.","Land Use, Zoning & Development"
13483,2014-10-27,Public Hearing for alley vacation at 101 Wilmar Place NW.,"Land Use, Zoning & Development"
13486,2014-10-27,"Set Date for a Public Hearing on a Request for Approval of a Revised Site Plan and certain Site Plan Modifications for the expansion of the Vienna Community Center on property principally located at 120 Cherry Street, SE, along with a limited portion of 130 Cherry Street, SE, in the PR-Park & Recreation zone and a portion of the W & O D Trail property zoned RM-2, Multi-Family Low Density.  Application filed by Adtek Engineers, Inc. and the Department of Parks and Recreation, Agents for the Town of Vienna, owner.","Land Use, Zoning & Development"
13494,2014-10-27,Public Hearing for alley vacation at 101 Wilmar Place NW.,"Land Use, Zoning & Development"
14005,2014-11-17,"Public Hearing on a Request for Approval of a Revised Site Plan and certain Site Plan Modifications for the expansion of the Vienna Community Center on property principally located at 120 Cherry Street, SE, along with a limited portion of 130 Cherry Street, SE, in the PR-Park & Recreation zone and a portion of the W & O D Trail property zoned RM-2, Multi-Family Low Density.  Application filed by Adtek Engineers, Inc. and the Department of Parks and Recreation, Agents for the Town of Vienna, owner.","Land Use, Zoning & Development"
14008,2014-11-17,Adopt a VDOT Land Use Permit Resolution.,"Land Use, Zoning & Development"
14059,2014-12-15,"Request for approval of a final plat for the proposed resubdivision into two lots of existing Parcel 60, Part of Ayr Hill Chancery, on property located at 340 Park Street NE and in the RS-12.5, Single-Family Detached Residential zone (recommended new addresses are 340 and 344 Park Street NE).  Application filed by Jordan Land Design LLC, on behalf of 340 Park Street LLC, property owner.","Land Use, Zoning & Development"
14089,2015-01-05,Request to set Public Hearing for Vacation of a Portion of Ninovan Road SE East of Tapawingo Road and adjacent to 911 Ninovan Road SE.,"Land Use, Zoning & Development"
14138,2015-02-02,"Public Hearing for Vacation of a Portion of Ninovan Road SE, east of Tapawingo Road and adjacent to 911 Ninovan Road SE.","Land Use, Zoning & Development"
14193,2015-02-23,"Request for Approval of a site plan and certain site plan modifications for the construction of a new office building, entryways, parking areas, pedestrian bridge and a parking structure for Navy Federal Credit Union Campus Expansion on property located at 1041 Electric Avenue SE, and in the CMP-Planned Industrial zone. Application filed by Aaron Vinson, Walter L. Phillips, Incorporated and J3 Design Collective, Inc., on behalf of Navy Federal Credit Union, owner.","Land Use, Zoning & Development"
14325,2015-04-13,"Request for Approval of a final plat for Onondio Cove, a resubdivision of six contiguous parcels within Block 10, Onon’dio Subdivision, into eight lots and located between the Washington and Old Dominion Trail and Ninovan and Tapawingo Roads SE, and in the RS-12.5, Single-Family Detached Residential zone (recommended new addresses are 902, 913, 914, 915, 916, 918, 920 and 921 Ninovan Road SE).  Application filed by Joshua Marshall, Land Design Consultants, on behalf of Satpal Singh Sahni and Carolyn Jackson Sahni, property owners.","Land Use, Zoning & Development"
14326,2015-04-13,"Request for Approval for the Vacation of A Portion of Ninovan Road SE, East of Tapawingo Road and Adjacent to 911 Ninovan Road SE.","Land Use, Zoning & Development"
14328,2015-04-13,"Proposed ordinance to re-number the Code of the Town of Vienna, Chapter 18, Zoning, Article 14, CMP Industrial Park Regulations, Section 18-95.1 Applicability and Purpose.","Land Use, Zoning & Development"
14335,2015-04-13,Request Withdrawal of Consideration of Vacation of a Portion of Locust Street SE Adjacent to Vienna Elementary School and Waters Field,"Land Use, Zoning & Development"
14389,2015-04-27,301 & 303 Niblick Drive SE Subdivision Partial Bond Reduction Request,"Land Use, Zoning & Development"
14398,2015-04-27,"Adoption of a proposed ordinance to re-number the Code of the Town of Vienna, Chapter 18, Zoning, Article 14, CMP Industrial Park Regulations, Section 18-95.1 Applicability and Purpose.","Land Use, Zoning & Development"
14463,2015-06-01,Request to Refer Variance Standards Ordinance to The Planning Commission.,"Land Use, Zoning & Development"
14466,2015-06-01,"Request to Set Public Hearing on a Proposed Ordinance to Amend the Code of the Town of Vienna, Chapter 18, Zoning, Article 2, Definitions and Article 23, Board of Zoning Appeals, Updating Variance Standards Consistent with the Code of Virginia.","Land Use, Zoning & Development"
14470,2015-06-01,"Request for approval of a Final Plat for the two-lot resubdivision of existing Lot 55, Part of Ayr Hill Chancery, located at 412 Glyndon Street NE and in the RS-12.5, Single-Family Detached Residential zone (recommended new addresses of 410 and 412 Glyndon Street NE).  Application filed by Jordan Land Design, LLC, Engineer on behalf of Dennis E. and Christina Rice, owners.","Land Use, Zoning & Development"
14522,2015-06-01,"Request for approval of a Final Plat for the two-lot resubdivision of existing Lot 55, Part of Ayr Hill Chancery, located at 412 Glyndon Street NE and in the RS-12.5, Single-Family Detached Residential zone (recommended new addresses of 410 and 412 Glyndon Street NE).  Application filed by Jordan Land Design, LLC, Engineer on behalf of Dennis E. and Christina Rice, owners.","Land Use, Zoning & Development"
14564,2015-07-06,"Public Hearing on a Proposed Ordinance to Amend the Code of the Town Of Vienna, Chapter 18, Zoning, Article 2, Definitions and Article 23, Board of Zoning Appeals, Updating Variance Standards Consistent With the Code of Virginia.","Land Use, Zoning & Development"
14890,2015-12-14,"Request for approval on a final plat for the proposed two-lot subdivision of existing Parcel 1, First Addition to Beulah Heights, on property located at 409 Beulah Road NE and in the RS-12.5, Single-Family Detached Residential and RS-16, Single-Family Detached Residential zones. (Recommended new addresses are 409 and 411 Beulah Road NE).","Land Use, Zoning & Development"
14894,2015-12-14,Versailles Gallery Signage.,"Land Use, Zoning & Development"
14986,2016-01-25,Set alley vacation Public Hearing 105 Wilmar Place NW.,"Land Use, Zoning & Development"
15015,2016-02-01,Set alley vacation Public Hearing 105 Wilmar Place NW.,"Land Use, Zoning & Development"
15180,2016-04-04,Set alley vacation Public Hearing 102 Ayr Hill Avenue NW.,"Land Use, Zoning & Development"
15269,2016-04-18,Request to Set a Public Hearing on Amending the Town Code to Allow for Cash Proffers:,"Land Use, Zoning & Development"
15270,2016-04-18,"Request to set a Public Hearing for Vienna Market Rezoning Application for May 23, 2016.","Land Use, Zoning & Development"
15272,2016-04-18,"Request to set a Public Hearing for May 9, 2016 to Consider the Flagship Carwash Rezoning","Land Use, Zoning & Development"
15277,2016-04-18,Onondio Cove Subdivision Partial Bond Reduction Request,"Land Use, Zoning & Development"
19109,2016-04-18,"Set a public hearing for the Comprehensive Paln for May 23, 2016","Land Use, Zoning & Development"
15305,2016-05-09,Set alley vacation Public Hearing for 120 Church Street NE,"Land Use, Zoning & Development"
15308,2016-05-09,"Set a Public Hearing for May 23, 2016 to Consider Amending Planning and Zoning Development Review Fees","Land Use, Zoning & Development"
15311,2016-05-09,Public Hearing on a Recommendation to the Town Council on a Zoning Ordinance amendment to allow cash contribution proffers and non-cash proffers as permitted by and consistent with State code Section 15.2­-2301.1,"Land Use, Zoning & Development"
15312,2016-05-09,Public hearing to consider a Rezoning and Site Plan for Flagship Carwash Center for Maple Avenue Commercial (MAC) zone.,"Land Use, Zoning & Development"
15313,2016-05-09,"Request approval of a Master Sign Plan for 144 Church St NW, in the C-1B Pedestrian Commercial zoning district; filed by Steve Bukont, property owner.","Land Use, Zoning & Development"
15350,2016-05-09,Public hearing to consider a Rezoning and Site Plan for Flagship Carwash Center for Maple Avenue Commercial (MAC) zone.,"Land Use, Zoning & Development"
15352,2016-05-09,"Set a Public Hearing for May 23, 2016 to Consider Amending Planning and Zoning Development Review Fees","Land Use, Zoning & Development"
15392,2016-05-23,Public Hearing to consider the rezoning and site plan application for Vienna Market Rezoning Application,"Land Use, Zoning & Development"
15394,2016-05-23,Public Hearing to consider amending Planning and Zoning Development Review Fees,"Land Use, Zoning & Development"
15395,2016-05-23,Joint Public Hearing with Planning Commission to consider approval of an update to the Town of Vienna Comprehensive Plan,"Land Use, Zoning & Development"
15396,2016-05-23,Intent to adopt a Zoning Ordinance amendment to allow cash contribution proffers and non-cash proffers as permitted by and consistent with State code Section 15.2­-2301.1,"Land Use, Zoning & Development"
15423,2016-06-06,Set alley vacation Public Hearing 106 Ayr Hill Avenue NW,"Land Use, Zoning & Development"
15516,2016-07-11,"Town Council will consider sending Zoning Ordinance amendments to the MAC, RM-2 Zone, and Parking Requirements to the Planning Commission for review and recommended changes and updates.","Land Use, Zoning & Development"
15517,2016-07-11,"Consideration of approval by Town Council of a final plat for a proposed re-subdivision into two lots of existing Parcel 1, First Addition to Beulah Heights, on property located at 409 Beulah Road NE and in the RS-12.5, Single-Family Detached Residential zone.","Land Use, Zoning & Development"
15608,2016-08-22,Intent to adopt proposed amendments to Section 1-12 of the Town Code to increase Planning and Zoning Development Review Fees.,"Land Use, Zoning & Development"
15623,2016-08-22,Public Hearing for 120 Church Street NE Alley Vacation.  APPLICATION AND REQUEST FOR VACATION HAS BEEN WITHDRAWN,"Land Use, Zoning & Development"
15791,2016-10-24,Public Hearing to consider amending Planning and Zoning Development Review Fees,"Land Use, Zoning & Development"
15793,2016-10-24,Setting a public hearing for Zoning Ordinance amendments to the MAC,"Land Use, Zoning & Development"
15795,2016-10-24,"Proposed amendments to the Town of Vienna Zoning Code, Sec. 18-248 - Protest against proposed change","Land Use, Zoning & Development"
15816,2016-11-07,Intent to adopt amended Planning and Zoning Development Review Fees,"Land Use, Zoning & Development"
15862,2016-11-21,"Request to set a Public Hearing for Zoning Ordinance amendments to RM-2 Zone Definitions and Parking Requirements for January 9, 2017","Land Use, Zoning & Development"
15865,2016-11-21,Re-set a public hearing for Zoning Ordinance amendments to the MAC,"Land Use, Zoning & Development"
15889,2016-12-05,Public hearing to consider Zoning Ordinance amendments to the Maple Avenue Commercial Zone (MAC),"Land Use, Zoning & Development"
15938,2017-01-09,Intent to adopt Zoning Ordinance amendments to the Maple Avenue Commercial Zone (MAC),"Land Use, Zoning & Development"
15940,2017-01-09,"Defer Public Hearings originally set for January 9, 2017 to a later date to be determined by staff, to consider Zoning Ordinance - Chapter 18 amendments to the RM-2 Zone, Definitions, and Parking Requirements.","Land Use, Zoning & Development"
16134,2017-03-13,"Schedule a public hearing on April 3, 2017 to consider draft Planning Commission-recommended changes to the parking section of the Zoning Ordinance.","Land Use, Zoning & Development"
16372,2017-05-22,"Schedule a public hearing on July 10, 2017 to consider draft Planning Commission-recommended changes to the Definitions section of the Zoning Ordinance Article 2, Section 18.4","Land Use, Zoning & Development"
16417,2017-06-05,"Public hearing to adopt an ordinance to amend and vacate boundary lines of abutting Linncrest Lot 2, to include the adjacent 2,790 square foot parcel, Westwood View Lot A, on property located at 503 Creek Crossing NE in the RS-16 zoning district (16,000 sf; 2.7DU/AC).","Land Use, Zoning & Development"
16418,2017-06-05,"Schedule a public hearing on July 10, 2017 to consider Planning Commission recommended changes to the protest vote provision in the Zoning Ordinance, Article 24 - Rezoning and Amendments, Section 18-248 - Protest against proposed change.","Land Use, Zoning & Development"
16493,2017-06-05,Request to re-set the Public Hearing for definitions.,"Land Use, Zoning & Development"
16508,2017-07-10,"Review of proposed re-subdivision application by Mashie Drive, LLC., re-subdividing four existing lots into seven new lots in the RS-16 Zone./ Review of an alternative layout for a 6 lot subdivision on a cul-de-sac off Mashie Drive.","Land Use, Zoning & Development"
16515,2017-07-10,Request approval of Planning and Zoning Department’s Work Plan for Zoning Code Changes,"Land Use, Zoning & Development"
16517,2017-07-10,"Public hearing to consider Planning Commission-recommended changes to the protest vote provision in the Zoning Ordinance, Article 24 - Rezoning and Amendments, Section 18-248 - Protest against proposed change.","Land Use, Zoning & Development"
16521,2017-07-10,"Request to forward Chapter 18: Zoning Article 11: C-1 Local Commercial Zone Regulations, Section 72: Permitted Uses to the Planning Commission for its review","Land Use, Zoning & Development"
16682,2017-08-21,"Adoption of changes to the rezoning protest vote provision in the Zoning Ordinance, Article 24 - Rezoning and Amendments, Section 18-248 - Protest against proposed change.","Land Use, Zoning & Development"
16684,2017-08-21,"Public hearing to consider recommended changes from Planning Commission, staff, and Town Council regarding the Definitions section of the Zoning Ordinance, Article 2, Section 18.4","Land Use, Zoning & Development"
16691,2017-08-21,"Review of a proposed six-lot subdivision and final plat application by Mashie Drive, LLC as well as Planning Commission’s recommendation for approval of re-subdivision of four existing lots into six new lots in the RS-16 zone with two waivers requested.","Land Use, Zoning & Development"
16695,2017-08-21,"Consideration of Planning Commission recommendation to Town Council on a request for site plan modifications for yard setbacks, maximum lot coverage, and building setbacks for a proposed townhouse condominium development on property located at 135 Center Street S, in the RM-2, Multi-Family, Low Density zone (proposed addresses are 135 Center Street S to 159 Center Street S and 101 Locust Street SW to 107 Locust Street SW). Application filed by John Sekas of Sekas Homes, Ltd on behalf of Willow Creek Estates, LC, owner.","Land Use, Zoning & Development"
16759,2017-09-11,"Intent to adopt ordinance amendments as recommended by the Planning Commission, staff, and Town Council regarding the Definitions section of the Zoning Ordinance, Article 2, Section 18.4","Land Use, Zoning & Development"
16760,2017-09-11,Council referral to the Planning Commission to amend BZA voting requirements per Section 18-241- Decisions of Board - to assure that any BZA action results from the vote of a “majority of the membership of the board” consistent with State of Virginia Code (15.2-2312).,"Land Use, Zoning & Development"
16761,2017-09-11,Approval of an advisory Design Guidelines Steering Committee for the Maple Avenue Commercial Zone,"Land Use, Zoning & Development"
16829,2017-09-25,Andrew Minor Subdivision Partial Bond Reduction Request,"Land Use, Zoning & Development"
16918,2017-10-16,"Set a public hearing on October 30, 2017 to consider Planning Commission-recommended changes to BZA voting requirements, per Section 18-241- Decisions of Board, to be consistent with State of Virginia Code (15.2-2312).","Land Use, Zoning & Development"
16966,2017-10-30,"Public hearing to consider Planning Commission-recommended changes to BZA voting requirements, per Section 18-241- Decisions of Board, to be consistent with State of Virginia Code (15.2-2312).","Land Use, Zoning & Development"
16968,2017-10-30,Onondio Cove Subdivision Performance Bond Extension Request,"Land Use, Zoning & Development"
17033,2017-11-13,Andrew Minor Subdivision Performance Bond Extension Request,"Land Use, Zoning & Development"
17038,2017-11-13,"Intent to adopt Planning Commission recommended changes to BZA voting requirements, per Section 18-241- Decisions of Board, to be consistent with State of Virginia Code (15.2-2312).","Land Use, Zoning & Development"
17220,2017-12-11,Update and staff briefing on Sagebrush Application by Planning and Zoning,"Land Use, Zoning & Development"
18027,2018-04-09,"Request to set a public hearing for May 7, 2018 for rezoning of 245 Maple Avenue W and 101, 107, and 115 Pleasant Street NW from C-1A Special Commercial Zone to Maple Avenue Commercial (MAC) Zone for the proposed Vienna Market.","Land Use, Zoning & Development"
18028,2018-04-09,Request to approve the final plat of 713 Kingsley Road SW and 911 Myers Circle SW.,"Land Use, Zoning & Development"
18194,2018-04-23,"Set a Public Hearing for May 21, 2018 on the Rezoning of 200 Maple Avenue East and 109 Park Street Northeast","Land Use, Zoning & Development"
18269,2018-05-07,"Public hearing on rezoning of 245 Maple Avenue W and 101, 107, and 115 Pleasant Street NW from C-1A Special Commercial Zone to Maple Avenue Commercial (MAC) Zone for the proposed Vienna Market","Land Use, Zoning & Development"
18443,2018-05-21,Public Hearing on Rezoning of 200 Maple Avenue East and 109 Park Street Northeast From C-1a Special Commercial Zone to C-2 General Commercial Zone for Proposed Automobile Service Station and Convenience Store,"Land Use, Zoning & Development"
18444,2018-05-21,Request For Approval of Site Plan Modifications of Requirements for 200 Maple Avenue East and 109 Park Street Northeast for Minimum Required Off-Street Parking for Convenience Store,"Land Use, Zoning & Development"
18549,2018-06-04,Request to approve the final plat of 713 Kingsley Road SW and 911 Myers Circle SW.,"Land Use, Zoning & Development"
18558,2018-06-04,"Request to set a public hearing for July 9, 2018 regarding rezoning of 430-444 Maple Avenue W from C-1 Local Commercial Zone and RS-16 Single Family Detached Residential Zone to Maple Avenue Commercial (MAC) Zone for the proposed 444 Maple mixed-use development.","Land Use, Zoning & Development"
18705,2018-07-09,"Public hearing on rezoning of 430, 440, and 444 Maple Avenue W from C-1 Local Commercial Zone and RS-16 Single Family Detached Residential Zone to Maple Avenue Commercial (MAC) Zone for the proposed 444 Maple project.","Land Use, Zoning & Development"
18706,2018-07-09,"Request to set a public hearing August 20, 2018 regarding proposed text amendments to Sec. 18-95.1. - Statement of purpose and intent, Sec. 18-95.3. - Procedure for MAC Zone designation, Sec. 18-95.4. - Permitted uses, Sec. 18-95.9. - Height limit, Sec. 18-95.14. - Site development standards, and Sec. 18-95.16. - Neighborhood compatibility of Article 13.1. - MAC Maple Avenue Commercial Zone Regulations of Chapter 18 - Zoning, and to Sec. 18-4. - Definitions. Finished lot grade.","Land Use, Zoning & Development"
18708,2018-07-09,"Request to refer proposed text amendments to Sec. 18-95.4. - Permitted uses, subsection A. of Article 13.1. - MAC Maple Avenue Commercial Zone Regulations of Chapter 18 of the Town Code to the Planning Commission for public hearing.","Land Use, Zoning & Development"
18913,2018-08-20,"Public hearing to consider Planning Commission recommendations on proposed text amendments to Article 13.1. - MAC Maple Avenue Commercial Zone Regulations, Sec. 18-95.1. - Statement of Purpose and Intent, Sec. 18-95.3. - Procedure for MAC Zone Designation, Sec. 18-95.4. - Permitted uses, Sec. 18-95.9. - Height limit, Sec. 18-95.14. - Site Development Standards, and Article 2. - Definitions, Sec. 18-4. - Definitions. Finished lot grade of Chapter 18 of the Vienna Town Code.","Land Use, Zoning & Development"
18914,2018-08-20,"Consideration of rezoning of 430, 440, and 444 Maple Avenue W from C-1 Local Commercial Zone and RS-16 Single Family Detached Residential Zone to Maple Avenue Commercial (MAC) Zone for the proposed 444 Maple project.","Land Use, Zoning & Development"
19032,2018-09-17,Request approval of final plat for Malcolm Road subdivision located at 424 and 440 Malcolm Road NW,"Land Use, Zoning & Development"
19033,2018-09-17,Request modification of requirements for required parking associated with restaurant use at 133 Maple Avenue East,"Land Use, Zoning & Development"
19042,2018-09-17,"Public hearing to consider Planning Commission recommendations on proposed text amendments to Article 13.1. - MAC Maple Avenue Commercial Zone Regulations, Sec. 18-95.1. - Statement of Purpose and Intent, Sec. 18-95.3. - Procedure for MAC Zone Designation, Sec. 18-95.4. - Permitted uses, Sec. 18-95.9. - Height limit, Sec. 18-95.14. - Site Development Standards of Chapter 18 of the Vienna Town Code.","Land Use, Zoning & Development"
19044,2018-09-17,Joint public hearing with Planning Commission and Town Council on the temporary suspension of the Maple Avenue Commercial (MAC) Zone for a period of time between 120 and 270 days for staff to develop design guidelines.,"Land Use, Zoning & Development"
19063,2018-09-17,Request approval of final plat for Malcolm Road subdivision located at 424 and 440 Malcolm Road NW,"Land Use, Zoning & Development"
19316,2018-10-29,"Consideration of rezoning application for 430, 440, and 444 Maple Avenue West from C-1 Local Commercial Zone and RS-16 Single-Family Detached Residential Zone to Maple Avenue Commercial (MAC) Zone for the proposed 444 Maple project.","Land Use, Zoning & Development"
19475,2018-11-19,409 Beulah Road NW subdivision performance bond reduction request,"Land Use, Zoning & Development"
19551,2018-12-10,Consideration of final plat for addition to the Jennie Lynne Subdivision,"Land Use, Zoning & Development"
19624,2019-01-07,Request funding approval for Maple Avenue Corridor Multimodal Transportation and Land Use Study,"Land Use, Zoning & Development"
19630,2019-01-07,Resolution in support of funding request from Fairfax County’s Economic Development Support Fund to update the Town’s zoning and subdivision ordinances,"Land Use, Zoning & Development"
19757,2019-01-28,"Consideration of correction for resubdivision of lots 18, 19B & 20 of Malcolm Heights Subdivision","Land Use, Zoning & Development"
20788,2019-01-28,"Consideration of correction for resubdivision of lots 18, 19B & 20 of Malcolm Heights Subdivision","Land Use, Zoning & Development"
19871,2019-02-25,"344 Park St NE - Parcel 60, Ayrhill Subdivision Performance Bond Reduction Request","Land Use, Zoning & Development"
19872,2019-02-25,Andrew Minor Subdivision Performance Bond Reduction Request,"Land Use, Zoning & Development"
19876,2019-02-25,Presentation on Visual Preference Survey Results for Mac Design Guidelines,"Land Use, Zoning & Development"
20181,2019-04-08,"Request to set a public hearing on April 29, 2019 regarding rezoning of 374 to 380 Maple Avenue W from C-1 Local Commercial and RS-16 Single-Family Detached Residential zoning districts to Maple Avenue Commercial (MAC) Zone for a proposed 380 Maple mixed-use development.","Land Use, Zoning & Development"
20183,2019-04-08,"Request to set a public hearing on May 13, 2019, to extend the temporary suspension of the Maple Avenue Commercial (MAC) Zone, set to expire on June 27, 2019, to October 31, 2019, and refer the matter to the Planning Commission for consideration.","Land Use, Zoning & Development"
20293,2019-04-29,"Request to set a public hearing on June 3, 2019 regarding rezoning of 100 to 112 Maple Avenue East from C-2 General Commercial and C-1A Special Commercial zoning districts to Maple Avenue Commercial (MAC) Zone for a proposed mixed-use development of an assisted living facility and retail space.","Land Use, Zoning & Development"
20298,2019-04-29,"Public hearing on rezoning of 374 to 380 Maple Avenue W from C-1 Local Commercial Zone and RS-16 Single-Family Detached Residential Zone to Maple Avenue Commercial (MAC) Zone for 380 Maple, a mixed-use building with ground floor retail and multi-family residential condominium units

AND

Consideration of a request for a related modification of requirement","Land Use, Zoning & Development"
20368,2019-05-13,"Public hearing to extend the temporary suspension of the Maple Avenue Commercial (MAC) zone, currently set to expire June 27, 2019, to November 15, 2019.","Land Use, Zoning & Development"
20369,2019-05-13,"Continuation of public hearing on rezoning of 374-380 Maple Avenue W from C-1 Local Commercial zone and RS-16 Single-Family Detached Residential zone to Maple Avenue Commercial (MAC) zone for 380 Maple, a mixed-use building with ground floor retail and multifamily residential condominium units.
AND
Consideration of a request for a related modification of requirement.","Land Use, Zoning & Development"
20508,2019-06-03,"Consideration of vacation and relocation of boundary lines of Lot 67 of Part Block 10 of Windover Heights subdivision (325 West Street NW) and Lot A of George M Pollard subdivision (315 West Street NW), located in the RS-12.5 and RS-16 zoning districts.","Land Use, Zoning & Development"
20519,2019-06-03,"Public hearing on rezoning of 100-112 Maple Avenue E from C-2 General Commercial zone and C-1A Special Commercial zone to Maple Avenue Commercial (MAC) zone for Sunrise Assisted Living 

AND 

Consideration of a request for a related modification of requirement.","Land Use, Zoning & Development"
20520,2019-06-03,"Intent to Adopt extension of the temporary suspension of the Maple Avenue Commercial (MAC) zone, currently set to expire June 27, 2019 to November 15, 2019.","Land Use, Zoning & Development"
20521,2019-06-03,"Continuation of public hearing on rezoning of 374-380 Maple Avenue W from C-1 Local Commercial zone and RS-16 Single-Family Detached Residential zone to Maple Avenue Commercial (MAC) zone for 380 Maple, a mixed-use building with ground floor retail and multifamily residential condominium units.
AND
Consideration of a request for a related modification of requirement.","Land Use, Zoning & Development"
20619,2019-06-17,Request vacation of abandoned sanitary sewer easement on 102 Sharon Lane NW,"Land Use, Zoning & Development"
20623,2019-06-17,"Consideration of rezoning of 100-112 Maple Avenue E from C-2 general commercial zone and C-1A special commercial zone to Maple Avenue Commercial (MAC) zone for Sunrise Assisted Living 
AND
Consideration of a request for a related modification of requirements.","Land Use, Zoning & Development"
20624,2019-06-17,"Consideration of rezoning of 374-380 Maple Avenue W from C-1 Local Commercial zone and RS-16 Single-Family Detached Residential zone to Maple Avenue Commercial (MAC) zone for 380 Maple, a mixed-use building with ground floor retail and multifamily residential condominium units.
AND
Consideration of a request for a related modification of requirements.","Land Use, Zoning & Development"
20733,2019-06-17,"Consideration of rezoning of 100-112 Maple Avenue E from C-2 general commercial zone and C-1A special commercial zone to Maple Avenue Commercial (MAC) zone for Sunrise Assisted Living 
AND
Consideration of a request for a related modification of requirements.","Land Use, Zoning & Development"
20683,2019-07-01,"Consideration of a final plat for the Addition to the Katrina Hine Echols Division to re-subdivide one lot into two lots on property located at 309 Glyndon Street SE in the RS-10, Single-Family Detached Residential zone","Land Use, Zoning & Development"
20688,2019-07-01,"Consideration of a Motion to Rescind Action taken by Town Council on June 17, 2019, regarding the Rezoning Application for 374-380 Maple Avenue West.","Land Use, Zoning & Development"
20755,2019-07-15,"Consideration of a motion to rescind and repeal action taken by Town Council on June 17, 2019, regarding a rezoning application for 374-380 Maple Avenue W.","Land Use, Zoning & Development"
20957,2019-09-16,Recommend approval to add 131 Wade Hampton Drive SW to the Town of Vienna historic property register.,"Land Use, Zoning & Development"
20970,2019-09-16,"Request to set a public hearing on November 4, 2019, to extend temporary suspension of the Maple Avenue Commercial (MAC) Zone, set to expire on November 15, 2019, to June 30, 2020 and refer the matter to the Planning Commission for consideration.","Land Use, Zoning & Development"
21060,2019-09-30,Mashie Subdivision Performance Bond Extension Request,"Land Use, Zoning & Development"
21154,2019-10-21,"Public hearing on appeal of Board of Architectural Review’s September 19, 2019 approval for Vienna Market located at 245 Maple Avenue West","Land Use, Zoning & Development"
21270,2019-11-04,"Public hearing to extend temporary suspension of the Maple Avenue Commercial (MAC) Zone, currently set to expire November 15, 2019, to June 30, 2020.","Land Use, Zoning & Development"
21275,2019-11-04,"Consideration of appeal of Board of Architectural Review’s September 19, 2019 approval for Vienna Market, located at 245 Maple Avenue W","Land Use, Zoning & Development"
21813,2019-12-09,"Request to set a public hearing for February 3, 2020 to amend the Comprehensive Plan as it relates to Town-owned properties at 114 Locust Street SW and 440 Beulah Road NE and refer the matter to the Planning Commission for consideration.","Land Use, Zoning & Development"
21821,2019-12-09,"Request to set a public hearing for January 27, 2020 regarding proposed amendments to proffered conditions for 374 to 380 Maple Avenue W and to refer this matter to the Planning Commission for a recommendation.","Land Use, Zoning & Development"
21830,2019-12-09,"Motion by Councilmember Potter for comprehensive reorganization and update of Subdivision and Zoning Ordinances, Chapters 17 and 18 of Town Code","Land Use, Zoning & Development"
21973,2019-12-09,"Motion by Councilmember Potter for comprehensive reorganization and update of Subdivision and Zoning Ordinances, Chapters 17 and 18 of Town Code","Land Use, Zoning & Development"
22040,2020-01-06,Request for alley vacation for property adjacent to 108-110 Church Street NE and behind 207 Center Street N.,"Land Use, Zoning & Development"
22042,2020-01-06,Comprehensive Plan Edit - Transportation Level of Service (LOS),"Land Use, Zoning & Development"
22170,2020-01-27,"Public hearing on proposed amendments to proffered conditions for 374 to 380 Maple Avenue W in the Maple Avenue Commercial (MAC) Zone for Sunrise of Vienna, a mixed-use building with a ground floor restaurant and 85-unit assisted living facility

AND
Consideration of a request for a related modification of requirements.","Land Use, Zoning & Development"
22198,2020-02-03,"Public hearing on proposed amendments to the Town of Vienna Comprehensive Plan for Town-owned properties located at 114 Locust Street SW and 440 Beulah Road NE, specifically amending the Future Land Use Plan (page 38) and Community Facilities and Services chapter (pages 98-99).","Land Use, Zoning & Development"
22308,2020-02-24,320 Nutley St SW Subdivision Performance Bond Reduction,"Land Use, Zoning & Development"
22517,2020-04-13,Onondio Cove Subdivision Performance Bond Extension Request,"Land Use, Zoning & Development"
22594,2020-04-27,"Request to set a June 1, 2020 public hearing to extend temporary suspension of the Maple Avenue Commercial (MAC) Zone, set currently to expire June 30, 2020, to June 30, 2022, and refer the matter to the Planning Commission for consideration.","Land Use, Zoning & Development"
22804,2020-06-01,"Public hearing to repeal or extend the temporary suspension of the Maple Avenue Commercial (MAC) Zone to June 30, 2022","Land Use, Zoning & Development"
22817,2020-06-01,Proposed Emergency Ordinance to Permit Temporary Waivers of Zoning Regulations and Review for Business Operations Adversely Affected by the Ongoing Pandemic Disaster,"Land Use, Zoning & Development"
22935,2020-06-01,"Public hearing to repeal or extend the temporary suspension of the Maple Avenue Commercial (MAC) Zone to June 30, 2022","Land Use, Zoning & Development"
22936,2020-06-01,Proposed Emergency Ordinance to Permit Temporary Waivers of Zoning Regulations and Review for Business Operations Adversely Affected by the Ongoing Pandemic Disaster,"Land Use, Zoning & Development"
22923,2020-06-15,Intent to Adopt the Repeal of the Maple Avenue Commercial (MAC) Zone,"Land Use, Zoning & Development"
22926,2020-06-15,Re-Adoption of an Emergency Ordinance to Permit Temporary Waivers of Zoning Regulations and Review for Business Operations Adversely Affected by the Ongoing Pandemic Disaster,"Land Use, Zoning & Development"
23017,2020-07-06,"Award RFP 20-05 - Clarify, Simplify, Reorganize, and Update the Subdivision and Zoning Ordinances - to Calfee Zoning","Land Use, Zoning & Development"
23029,2020-07-06,"Referral to the Planning Commission of proposed amendments relating to Chapter 18 - Zoning, Article 19. - Nameplates and Signs, Sec. 18-185. - Special regulations for certain uses and signs, Subsection E. Temporary signs and other related amendments under Article 19 based on the model sign ordinance prepared by the Local Government Attorney’s Association of Virginia, and the setting of a public hearing for September 14, 2020, to consider proposed amendments to Chapter 18-Zoning, Article 19, related to signs.","Land Use, Zoning & Development"
23085,2020-07-06,"Award RFP 20-05 - Clarify, Simplify, Reorganize, and Update the Subdivision and Zoning Ordinances - to Calfee Zoning","Land Use, Zoning & Development"
23086,2020-07-06,"Referral to the Planning Commission of proposed amendments relating to Chapter 18 - Zoning, Article 19. - Nameplates and Signs, Sec. 18-185. - Special regulations for certain uses and signs, Subsection E. Temporary signs and other related amendments under Article 19 based on the model sign ordinance prepared by the Local Government Attorney’s Association of Virginia, and the setting of a public hearing for September 14, 2020, to consider proposed amendments to Chapter 18-Zoning, Article 19, related to signs.","Land Use, Zoning & Development"
23161,2020-08-19,"Emergency ordinance regarding a temporary waiver of zoning restrictions for child day care in commercial zones, industrial zones, and for public, semi-public and private institutions in other zones.","Land Use, Zoning & Development"
23252,2020-08-31,Public hearing on rezoning of 117 Courthouse Road SW (parcel # 0384 02 0032) from C-2 General Commercial zone and C-1A Special Commercial zone to RS-10 Single-Family Detached Residential zone,"Land Use, Zoning & Development"
23253,2020-08-31,Onondio Cove subdivision bond reduction request,"Land Use, Zoning & Development"
23259,2020-08-31,"Extension and Re-adoption of emergency ordinance to waive zoning regulations to permit temporary outdoor activity through March 31, 2021","Land Use, Zoning & Development"
23328,2020-09-04,"Proposed Emergency Ordinance to Permit Temporary Waivers of Zoning Regulations and Review for Public, Semi-Public and Private Institutions Adversely Affected by the Ongoing Pandemic Disaster","Land Use, Zoning & Development"
23382,2020-09-04,"Proposed Emergency Ordinance to Permit Temporary Waivers of Zoning Regulations and Review for Public, Semi-Public and Private Institutions Adversely Affected by the Ongoing Pandemic Disaster","Land Use, Zoning & Development"
23361,2020-09-14,"Public hearing on proposed amendments to Chapter 18 - Zoning, Article 19 - Nameplates and Signs relating to Temporary Sign Regulations","Land Use, Zoning & Development"
23369,2020-09-14,"Request to set a public hearing for October 5, 2020 regarding amending the Comprehensive Plan as it relates to Town-owned property at 301 Center Street S and refer the matter to the Planning Commission for consideration.","Land Use, Zoning & Development"
23371,2020-09-14,"Re-adoption of emergency ordinance to permit a temporary waiver of zoning restrictions for child day care in commercial zones, industrial zones, and for public, semi-public, and private institutions in other zones.","Land Use, Zoning & Development"
23549,2020-10-05,Public hearing on proposed amendments to the Town of Vienna Comprehensive Plan for Town-owned property located at 301 Center Street S,"Land Use, Zoning & Development"
23551,2020-10-05,"Re-adoption of emergency ordinance to permit temporary waivers of zoning regulations and review for public, semi-public, and private institutions","Land Use, Zoning & Development"
23554,2020-10-05,"Request to consider proposed amendments to Chapter 18 - Zoning, Article 19 - Nameplates and Signs relating to Temporary Sign Regulations","Land Use, Zoning & Development"
23567,2020-10-05,Define land-use goals to be used as guidance for the Town’s Zoning and Subdivision Ordinance update,"Land Use, Zoning & Development"
23664,2020-10-26,Mashie Drive Subdivision Performance Bond Reduction Request,"Land Use, Zoning & Development"
23665,2020-10-26,"Set a public hearing for February 1, 2021 regarding amendments to Chapter 18 - Zoning related to family day homes and refer the matter to the Planning Commission for consideration.","Land Use, Zoning & Development"
23719,2020-11-02,"Request approval of final plat for subdivision of 311 Ayito Road SE into two lots on property located in RS-12.5, Single-Family Detached Residential zone","Land Use, Zoning & Development"
23784,2020-11-16,Request approval to demolish the residential structure and outbuildings at 124 Courthouse Road SW,"Land Use, Zoning & Development"
23878,2020-12-07,"Request approval of final plat for subdivision of 117 and 121 Courthouse Road SW into three lots on property located in RS-10, single-family detached residential zone.","Land Use, Zoning & Development"
23879,2020-12-07,"Request approval of final plat for subdivision of 601 Marshall Road SW and 1011 Ware Street SW into six lots on property located in the RS-16, single-family detached residential zone.","Land Use, Zoning & Development"
23880,2020-12-07,"Request approval of modifications of requirement for lot coverage, front yard setback and side yard setback in RM-2 multifamily, low-density zoning district, for property located at 201 Park Street SE. Application filed by John Sekas of Sekas Homes, Ltd.","Land Use, Zoning & Development"
23892,2020-12-07,Request approval to demolish the residential structure and outbuildings at 124 Courthouse Road SW,"Land Use, Zoning & Development"
23971,2021-01-04,"Re-adoption of emergency ordinance to permit temporary waivers of zoning regulations and review for public, semi-public, and private institutions","Land Use, Zoning & Development"
23972,2021-01-04,"Re-adoption of emergency ordinance to permit a temporary waiver of zoning restrictions for child day care in commercial zones, industrial zones, and for public, semi-public, and private institutions in other zones.","Land Use, Zoning & Development"
23974,2021-01-04,Set a Public Hearing to consider the alley vacation of 131 Wilmar Place NW,"Land Use, Zoning & Development"
23975,2021-01-04,Dominion Energy Strategic Underground Program - Easement request at 413 Tapawingo Road SW,"Land Use, Zoning & Development"
24101,2021-02-01,"Public hearing on proposed text amendments to add Family Day Home provisions to Sections 18-4, 18-13, 18-210 of Chapter 18 of the Town Code.","Land Use, Zoning & Development"
24102,2021-02-01,"Public hearing on proposed text amendment to Sidewalk Ordinance, Section 17-67.2 of Chapter 17 of the Town Code","Land Use, Zoning & Development"
24103,2021-02-01,"Public hearing on proposed text amendments to Temporary Sign Regulations in Article 19 of Chapter 18 of the Town Code, Sections 18-175, 18-177, 18-178, and 18-185","Land Use, Zoning & Development"
24241,2021-02-22,"Intent to adopt text amendments to add family day home provisions to sections 18-4, 18-13, 18-210 of Chapter 18 of the Town Code.","Land Use, Zoning & Development"
24242,2021-02-22,"Intent to adopt text amendments to Sidewalk Ordinance, Section 17-67.2 of Chapter 17 of the Town Code","Land Use, Zoning & Development"
24243,2021-02-22,"Intent to adopt text amendments to Temporary Sign Regulations in Article 19 of Chapter 18 of the Town Code, sections 18-175, 18-177, 18-178, and 18-185","Land Use, Zoning & Development"
24246,2021-02-22,Public hearing to consider Dominion Energy easement request at 413 Tapawingo Road SW,"Land Use, Zoning & Development"
24303,2021-03-01,"Extension and re-adoption of emergency ordinance to waive zoning regulations to permit temporary outdoor activity through September 1, 2021","Land Use, Zoning & Development"
24642,2021-03-22,Set a public hearing to consider alley vacation of 131 Wilmar Place NW,"Land Use, Zoning & Development"
24807,2021-04-12,Public hearing for alley vacation request at 131 Wilmar Place NW.,"Land Use, Zoning & Development"
24808,2021-04-12,Mashie Subdivision performance bond extension request,"Land Use, Zoning & Development"
25430,2021-06-07,"Extension and re-adoption of emergency ordinance to waive zoning regulations to permit temporary outdoor activity through December 7, 2021","Land Use, Zoning & Development"
25431,2021-06-07,"Extension and re-adoption of emergency ordinance to permit temporary waivers of zoning regulations and review for public, semi-public, and private institutions through December 7, 2021","Land Use, Zoning & Development"
25432,2021-06-07,"Extension and re-adoption of emergency ordinance to permit a temporary waiver of zoning restrictions for child day care in commercial zones, industrial zones, and for public, semi-public, and private institutions in other zones through December 7, 2021","Land Use, Zoning & Development"
25433,2021-06-07,"Set a public hearing to consider adoption of an ordinance to amend and vacate boundary lines of abutting Linncrest Lot 3, to include the adjacent 2,790 square foot parcel, Westwood View Lot B, on property located at 505 Creek Crossing Road NE in the RS-16 zoning district","Land Use, Zoning & Development"
25703,2021-07-12,"Public hearing to consider adoption of an ordinance to amend and vacate boundary lines of abutting Linncrest Lot 3, to include the adjacent 2,790 square foot parcel, Westwood View Lot B, on property located at 505 Creek Crossing Road NE in the RS-16 zoning district","Land Use, Zoning & Development"
25707,2021-07-12,"Set a public hearing for consideration of a rezoning of 117-121 Courthouse Road SW on September 13, 2021, requested change from RS-10 Single Family Detached Residential to RM-2 Multifamily, Low Density","Land Use, Zoning & Development"
25971,2021-08-30,Malcolm Road Subdivision Surety Bond reduction request,"Land Use, Zoning & Development"
26118,2021-09-13,"Public hearing on a requested change to the zoning map for three parcels, located at 117 Courthouse Road SW (Parcel # 0384 02 0032A), 119 Courthouse Road SW (Parcel # 0384 02 0057A), and 121 Courthouse Road SW (Parcel # 0384 02 0057B) in the RS-10 Single-Family Detached Residential zoning district. Requested zoning is RM-2 Multifamily, Low Density","Land Use, Zoning & Development"
26119,2021-09-13,"Request for site plan modifications of requirements related to 117-121 Courthouse Road SW rezoning request for lot coverage, front yard setback, rear yard setback and minimum lot area requirements.","Land Use, Zoning & Development"
26120,2021-09-13,"Town Donation to Offset Application Fee for Conditional Use Permit for Proposed Hypothermia Shelter, Located at 124 Park Street, SE","Land Use, Zoning & Development"
26389,2021-09-27,Presentation on Results of Public Engagement Efforts on Potential Updates to the Zoning Code for Lot Coverage and Porch Projections into the Front Yard,"Land Use, Zoning & Development"
26404,2021-09-27,Public Hearing for preliminary receipt of public input on proposed amendments to Chapter 18 - Zoning related to lot coverage and porch projections into the front yard.,"Land Use, Zoning & Development"
26452,2021-09-27,Public Hearing for preliminary receipt of public input on proposed amendments to Chapter 18 - Zoning related to lot coverage and porch projections into the front yard.,"Land Use, Zoning & Development"
26485,2021-10-11,"Request to set a Public Hearing for Dec. 6, 2021 regarding amendments to chapter 18 - zoning related to lot coverage and porch projections into the front yard and refer the matter to the Planning Commission for consideration","Land Use, Zoning & Development"
26486,2021-10-11,"Request to set a public hearing for Nov. 15, 2021 for consideration of a zoning ordinance text amendment for Section 18-72 and Section 18-210, related to the allowance of outdoor dining, advertise for intent to adopt, and refer the matter to the Planning Commission","Land Use, Zoning & Development"
26843,2021-11-15,"Approve Changes to Planning and Zoning Fee Schedule, Chapter 1 Section 1-12 of the Town Code","Land Use, Zoning & Development"
26847,2021-11-15,"Public hearing for consideration of a zoning ordinance text amendment for Section 18-72 and Section 18-210, related to the allowance of outdoor dining and adoption of text amendments","Land Use, Zoning & Development"
26869,2021-11-15,"Request to re-set a Public Hearing for January 3, 2022 regarding amendments to chapter 18 - zoning related to lot coverage and porch projections into the front yard","Land Use, Zoning & Development"
27003,2021-12-06,"Consideration of a zoning ordinance text amendment for Section 18-72 and Section 18-210, related to the allowance of outdoor dining and adoption of text amendments","Land Use, Zoning & Development"
27006,2021-12-06,"Extension and re-adoption of emergency ordinance to waive zoning regulations to permit temporary outdoor activity through Dec. 31, 2021","Land Use, Zoning & Development"
27288,2022-01-24,"Approve Changes to Planning and Zoning Fee Schedule, Chapter 1 Section 1-12 of the Town Code","Land Use, Zoning & Development"
27295,2022-01-24,"Public Hearing on Consideration of Zoning Ordinance Text Amendments for Sections 18-15 and 18-168, Related to Lot Coverage and Porch Projections into the Front Yard","Land Use, Zoning & Development"
27297,2022-01-24,"Recommend approval to add 131 Courthouse Road, SW to the Town of Vienna Historic Property Register.","Land Use, Zoning & Development"
27300,2022-01-24,Recommend approval to add Louise Archer Elementary School to the Town of Vienna Historic Property Register.,"Land Use, Zoning & Development"
27301,2022-01-24,Request approval to ride District Department of Transportation (DDOT) contract for Meadow Lane Park Site Survey and Site Plan Submission with Kimley-Horn,"Land Use, Zoning & Development"
27344,2022-01-24,Proposal to Refer Medical Testing Zoning Text Amendment to Planning Commission for Review,"Land Use, Zoning & Development"
27555,2022-02-28,"Consideration of Zoning Ordinance Text Amendment for 18-168, Related to Porch Projections into the Front Yard","Land Use, Zoning & Development"
27556,2022-02-28,Public Hearing on Temporary Medical Testing Zoning Text Amendment,"Land Use, Zoning & Development"
27742,2022-03-21,"Consideration of Request for Site Plan Modifications for Louise Archer Elementary School, Located At 324 Nutley St., NW, Related to School Renovation and Expansion","Land Use, Zoning & Development"
27744,2022-03-21,"Intent to Adopt Text Amendment to 18-168, Related to Porch Projections into the Front Yard","Land Use, Zoning & Development"
27745,2022-03-21,Intent to Adopt Temporary Medical Testing Zoning Text Amendment,"Land Use, Zoning & Development"
27750,2022-03-21,"Consideration of request for site plan modifications for White Oak Tower, located at 301 Maple Avenue W, related to medical office use limitation related to parking.","Land Use, Zoning & Development"
27809,2022-03-21,"Consideration of Request for Site Plan Modifications for Louise Archer Elementary School, Located At 324 Nutley St., NW, Related to School Renovation and Expansion","Land Use, Zoning & Development"
27919,2022-04-11,Set a public hearing to consider alley vacation of 115 Wilmar Place NW,"Land Use, Zoning & Development"
28043,2022-04-25,Request Approval of Final Plat for Re-Subdivision of 841 Ninovan Road SE (Existing Lots 213 and 215 of Onondio Part of Block 4).,"Land Use, Zoning & Development"
28044,2022-04-25,"Request to Approve Boundary Line Adjustment of Two Lots Not Within the Same Subdivision, Located at 200 and 204 Courthouse Road SW, Located in the RS-10 Single-Family Detached Residential Zoning District","Land Use, Zoning & Development"
28045,2022-04-25,"Refer Zoning Text Amendments to and Set a Joint Public Hearing with the Planning Commission on May 11, 2022 for Text Amendments Related to Outdoor Dining in Sections 18-72, 18-74, and 18-210.","Land Use, Zoning & Development"
28048,2022-04-25,Public Hearing to consider alley vacation of 115 Wilmar Place NW,"Land Use, Zoning & Development"
28156,2022-05-11,"Joint Public Hearing with the Planning Commission on May 11, 2022 for Text Amendments Related to Outdoor Dining in Sections 18-72, 18-74, and 18-210.","Land Use, Zoning & Development"
28227,2022-05-16,Introduction of new Planning & Zoning Director,"Land Use, Zoning & Development"
28365,2022-06-06,"Intent to Adopt Text Amendments Related to Outdoor Dining in Sections 18-72, 18-74, and 18-210","Land Use, Zoning & Development"
28416,2022-06-13,"Consideration of Approval and Intent to Adopt Zoning Ordinance Text Amendments for Section 18-15 and Section 18-169, Related to Lot Coverage","Land Use, Zoning & Development"
28835,2022-08-29,"Intent to Adopt Text Amendments Related to Historic Structures, Sites and Places in Sections 25-8","Land Use, Zoning & Development"
29009,2022-09-26,"Consideration of request to modify conditions of approved site plan for White Oak Tower, located at 301 Maple Ave. W, so as to remove the existing limitation on the amount of medical office, related to parking.","Land Use, Zoning & Development"
29015,2022-09-26,"Parkwood Oaks Performance Bond reduction request. Subdivision approved December 7, 2020 - no associated funding","Land Use, Zoning & Development"
29263,2022-10-24,"Public hearing on, and Town Council consideration of, a requested change to the zoning map for twelve parcels, located at 127-133 Park Street, NE (Parcel #s 0382-52-0001, 0002, 0003, 0004,005,006, 0007, 0008, 0009, 0010, 0011, and 0012) in the T Transitional zoning district. Requested zoning is RM-2 Multifamily, Low Density.","Land Use, Zoning & Development"
29267,2022-10-24,"Request for modifications of site plan requirement related to the proposed rezoning of twelve parcels located at 127-133 Park Street NE for lot coverage, front yard setback, rear yard setback, and minimum lot area requirements.","Land Use, Zoning & Development"
29351,2022-11-14,"Request approval of final plat for subdivision of 204 Courthouse Road SW, into two lots, on property located in the RS-10, Single-Family Detached Residential zone.","Land Use, Zoning & Development"
29356,2022-11-14,"Continuation of the Public hearing on, and Town Council consideration of, a requested change to the zoning map for a single parcel with 12 existing condominium units; and a related request for modifications of site plan requirements for lot coverage, front yard setback, rear yard setback, and minimum lot area.  The parcel is 127-133 Park St., NE (Tax ID #s 0382-52-0001, 0002, 0003, 0004,005,006, 0007, 0008, 0009, 0010, 0011, and 0012) in the T Transitional zoning district.  Requested zoning is RM-2 Multifamily, Low Density.","Land Use, Zoning & Development"
29411,2022-11-14,"Continuation of the Public hearing on, and Town Council consideration of, a requested change to the zoning map for a single parcel with 12 existing condominium units; and a related request for modifications of site plan requirements for lot coverage, front yard setback, rear yard setback, and minimum lot area.  The parcel is 127-133 Park St., NE (Tax ID #s 0382-52-0001, 0002, 0003, 0004,005,006, 0007, 0008, 0009, 0010, 0011, and 0012) in the T Transitional zoning district.  Requested zoning is RM-2 Multifamily, Low Density.","Land Use, Zoning & Development"
29479,2022-12-05,"Town Council consideration of a requested change to the zoning map for a single parcel with 12 existing condominium units; and a related request for modifications of site plan requirements for lot coverage, front yard setback, rear yard setback, and minimum lot area.  The parcel is 127-133 Park St., NE (Tax ID #s 0382-52-0001, 0002, 0003, 0004,005,006, 0007, 0008, 0009, 0010, 0011, and 0012) in the T Transitional zoning district.  Requested zoning is RM-2 Multifamily, Low Density.","Land Use, Zoning & Development"
29548,2022-12-05,Request to reconsider approval of final plat for subdivision of 204 Courthouse Rd. SW,"Land Use, Zoning & Development"
30061,2023-03-06,"Set a Public Hearing to consider alley vacation of 235 Lawyers Rd., NW","Land Use, Zoning & Development"
30220,2023-03-20,"Recommend approval to add 307 Windover Ave., NW to the Town of Vienna Historic Property Register.","Land Use, Zoning & Development"
30227,2023-03-20,"Public Hearing to consider alley vacation of 235 Lawyers Rd., NW","Land Use, Zoning & Development"
30277,2023-03-20,"Public Hearing to consider alley vacation of 235 Lawyers Rd., NW","Land Use, Zoning & Development"
30406,2023-04-10,"Request to approve 1) boundary line adjustment between two subdivisions, and 2) consolidation of parcel 0393 25 0024, also known as 405 Onondio Circle, SE, and parcel 0393 03110009b (no address), both of which are zoned RS-12.5 Single-Family Detached Residential.","Land Use, Zoning & Development"
30520,2023-04-24,"Ayito Subdivision (311 Ayito Road, SE) performance bond reduction request. Subdivision approved Nov. 2, 2020 - No associated funding.","Land Use, Zoning & Development"
31042,2023-07-10,Code Create Vienna: Joint Public Hearing (day 1) on Draft Chapter 18 - Zoning and Subdivision Ordinance.,"Land Use, Zoning & Development"
31065,2023-07-12,Code Create Vienna: Joint Public Hearing (day 2) on Draft Chapter 18 - Zoning and Subdivision Ordinance.,"Land Use, Zoning & Development"
31269,2023-08-28,Code Create Vienna - Direction to Staff on Draft Chapter 18 Zoning and Subdivision Ordinance,"Land Use, Zoning & Development"
31296,2023-08-28,Code Create Vienna - Direction to Staff on Draft Chapter 18 Zoning and Subdivision Ordinance,"Land Use, Zoning & Development"
31334,2023-09-11,Code Create Vienna - Direction to Staff on Draft Chapter 18 Zoning and Subdivision Ordinance; second meeting.,"Land Use, Zoning & Development"
31396,2023-09-11,Code Create Vienna - Direction to Staff on Draft Chapter 18 Zoning and Subdivision Ordinance; second meeting.,"Land Use, Zoning & Development"
31505,2023-10-02,"Request approval for spending of up to $327,608.60 with the Berg Corporation to remove asbestos containing material and demolish the Annex building located at 301 Center Street South.","Land Use, Zoning & Development"
31508,2023-10-02,"Code Create - Consideration of Intent to Adopt new Chapter 18 of Town Code, to replace the current Chapters 17 (Subdivisions) and 18 (Zoning) of the Town Code.","Land Use, Zoning & Development"
31642,2023-10-23,"Adopt new chapter 18 (Zoning and Subdivision) of Town Code, and repeal current chapters 17 (Subdivisions) and 18 (Zoning) of the Town Code.","Land Use, Zoning & Development"
31934,2023-12-04,"11:00 p.m. - 11:15 p.m. -  Consideration to Initiate Construction Management Services with Whitman, Requardt and Associates, LLP (WR&A) for Robinson Trust Construction Projects at Beulah Road, NE (Church Street to Ayr Hill Avenue), Lawyers Road, NW (Windover Avenue to West Street), and Tapawingo Road (Park Street, SE, to Plum Street, SW).","Land Use, Zoning & Development"
32306,2024-01-29,"8:55 p.m. - 9:40 p.m. - Request for approval of final plat for subdivision of two lots into three lots at 445 and 447 Courthouse Rd SW in the RS-16, Single-Family Detached Residential zone.","Land Use, Zoning & Development"
32366,2024-02-05,"Request for approval of final plat for subdivision of two lots into three lots at 445 and 447 Courthouse Rd SW in the RS-16, Single-Family Detached Residential zone. Deferred from January 29, 2024.","Land Use, Zoning & Development"
32778,2024-03-18,8:30 p.m. - 10:30 p.m. - Public Hearing on the Necessity for Public Improvements Within the Windover Heights Historic District Adjacent to and/or on the property 288 Windover Avenue NW,"Land Use, Zoning & Development"
32876,2024-04-08,"10:00 p.m. - 11:00 p.m.  Continued Discussion (Part 2) of Potential Zoning Amendments, as Follow-Up to Code Create","Land Use, Zoning & Development"
33020,2024-04-29,"10:00 p.m. - 10:30 p.m. Continued Discussion (Part 3) of Potential Zoning Amendments, as Follow-Up to Code Create","Land Use, Zoning & Development"
33072,2024-04-29,"10:00 p.m. - 10:30 p.m. Continued Discussion (Part 3) of Potential Zoning Amendments, as Follow-Up to Code Create","Land Use, Zoning & Development"
33047,2024-05-06,"9:15 p.m. - 10:00 p.m.Continued Discussion (Part 4) of Potential Zoning Amendments, as Follow-Up to Code Create","Land Use, Zoning & Development"
33182,2024-05-20,"Continued Discussion (Part 5) of Potential Zoning Amendments, as Follow-Up to Code Create","Land Use, Zoning & Development"
33265,2024-06-03,9:30p.m. - 10:00 p.m. - Review of Conditional Use Permit Application - Annex Property 301 Center St S,"Land Use, Zoning & Development"
33508,2024-07-08,"9:15 p.m. - 9:30 p.m. Request to Approve a Final Plat for Consolidation of Two Lots, 39 and 39A into one at 103 Saint Andrews Dr., NE, in the RS-12.5 Single-Family Detached Residential Zone.","Land Use, Zoning & Development"
33944,2024-09-23,"8:05 p.m. - 8:35 p.m. - Request For Approval of a Lot Line Adjustment for Lot 0382 02 0046, Located At 300 Glyndon Street, NE, In the PR Parks And Recreation Zoning District.","Land Use, Zoning & Development"
33945,2024-09-23,"8:35 p.m. - 9:05 p.m. - Recommendation to the Town Council on a Final Plat for a Proposed Lot Consolidation of Two Lots into one at 841 Ninovan Road, SE, In The RS-10 Residential Single-Unit, 10,000 Sq. Ft. Zone.","Land Use, Zoning & Development"
34079,2024-10-07,8:30 p.m. - 9:00 p.m. Request to set a Public Hearing Regarding Zoning Amendments and Refer to the Planning Commission for Consideration.,"Land Use, Zoning & Development"
34081,2024-10-07,"9:00 p.m. - 9:30 p.m. Review Draft Accessory Living Unit Zoning Amendments, Make Edits, Refer Draft to Planning Commission, and Set a Public Hearing.","Land Use, Zoning & Development"
34224,2024-10-28,"Request for approval of site plan modifications of requirements and landscape plan for proposed Vienna-Carter Library and parking garage located at 101 Maple Ave., E.","Land Use, Zoning & Development"
34225,2024-10-28,"Request approval of a sign that does not comply with the master sign plan for 144 Church St., NW, in the CS-O Church Street Vision Incentive Overlay zone.","Land Use, Zoning & Development"
34270,2024-10-28,"Request approval of a sign that does not comply with the master sign plan for 144 Church St., NW, in the CS-O Church Street Vision Incentive Overlay zone.","Land Use, Zoning & Development"
34322,2024-11-18,"Public Hearing - Zoning Amendments to Allow Accessory Living Units, With Regulations","Land Use, Zoning & Development"
34425,2024-12-09,"8:40 p.m. - 8:55 p.m. - Intent to Adopt - Zoning Amendments to Allow Accessory Living Units, With Regulations","Land Use, Zoning & Development"
34572,2025-01-06,"Request to Approve Final Plats for Two Lot Consolidations at 130 Wilmar Place NW - 1) Lots 61  and 62, and 2) Lots 63, 64, 65, and Part of 66, in the RS-10, Residential - Single-Unit, 10,000 sq. ft. Zone.","Land Use, Zoning & Development"
34573,2025-01-06,Public Hearing on the Necessity of Public Improvements within the Windover Heights Historic District adjacent to and/or on the property located at 348 Windover Avenue NW.,"Land Use, Zoning & Development"
34623,2025-01-13,"Request to Approve Final Plats for Two Lot Consolidations at 130 Wilmar Place NW - 1) Lots 61  and 62, and 2) Lots 63, 64, 65, and Part of 66, in the RS-10, Residential - Single-Unit, 10,000 sq. ft. Zone.","Land Use, Zoning & Development"
34764,2025-01-27,Public Hearing on Proposed Amendments to Chapter 18 - Zoning and Subdivision,"Land Use, Zoning & Development"
34767,2025-01-27,Public Hearing on the Necessity of Public Improvements within the Windover Heights Historic District adjacent to and/or on the property located at 348 Windover Avenue NW.,"Land Use, Zoning & Development"
34802,2025-02-03,"8:15 p.m.- 8:45 p.m. - Request for approval of a final plat for the lot consolidation of parcels 0391 12 0049A and 0391 12 0050 at 244 Old Courthouse Road, NE, into a single lot in the Residential - Single-Unit, 16,000 sq. ft. (RS-16) zoning district.","Land Use, Zoning & Development"
35201,2025-03-24,"Request for Approval of a Site Plan for Meadow Lane Park, on Lot 0384 08C, Located At 400 Courthouse Road, SW, In The PR Parks and Recreation Zoning District.","Land Use, Zoning & Development"
35206,2025-03-24,"Approve Changes and Direct The Town Clerk Advertise a Notice of Intent to Adopt Zoning Changes, Location of Swimming Pools & Hot Tubs","Land Use, Zoning & Development"
35280,2025-04-07,"Request for approval of a lot line adjustment, followed by two lot consolidations, resulting in the conversion of six small lots at 130 Wilmar Place NW into two equally sized buildable lots.","Land Use, Zoning & Development"
35473,2025-04-28,"8:45 p.m. - 9:15 p.m. Request for approval of proposed site plan and modifications of requirements for 800-900 Follin Lane, SE, Navy Federal Credit Union, for the installation of emergency generators and construction of related infrastructure.","Land Use, Zoning & Development"
36031,2025-07-07,"Request for Approval of Proposed Update to Approved Master Sign Plan for 111 Church St., NW","Land Use, Zoning & Development"
36032,2025-07-07,"Request for approval of proposed site plan for drive-through ATMs at 1007 Electric Ave., SE, for Navy Federal Credit Union.","Land Use, Zoning & Development"
36392,2025-09-29,8:15 p.m. - 8:45 p.m. Proposed Updates to Chapter 18 - Zoning and Subdivision: Response to State Code Changes and Other Items,"Land Use, Zoning & Development"
36628,2025-10-27,Appeal of Decision by Board of Architectural Review - 264 Cedar LN SE (VIenna ACE Sign),"Land Use, Zoning & Development"
36684,2025-11-10,9:45 - 10:15 PM Annex Interim Conditional Use Permit (CUP) - Hours of Operation for Proposed Uses,"Land Use, Zoning & Development"
36954,2026-01-05,"Set Jan. 26, 2026 as a Public Hearing on Proposed Updates to Chapter 18 - Zoning and Subdivision","Land Use, Zoning & Development"
37071,2026-01-26,Public Hearing On Proposed Amendments to Chapter 18 - Zoning and Subdivision,"Land Use, Zoning & Development"
37242,2026-02-23,Public Hearing On Proposed Amendments to Chapter 18 - Zoning and Subdivision (10 mins),"Land Use, Zoning & Development"
37653,2026-03-23,Intent To Adopt Zoning and Subdivision Code Updates,"Land Use, Zoning & Development"
37708,2026-04-06,"Public Hearing on Request for Approval of Modifications of Site Plan Requirements Related to Parking for Bear Branch Tavern, located at 133 Maple Ave., E, to increase the maximum number of seats from 300 to 337 (15 mins.)","Land Use, Zoning & Development"
37709,2026-04-06,"Request To Set a Public Hearing for May 4, 2026, Regarding the 2026 Comprehensive Plan (5 mins.)","Land Use, Zoning & Development"
37893,2026-05-04,Public Hearing on the Planning Commission’s Draft 2026 Comprehensive Plan (10 mins),"Land Use, Zoning & Development"
38012,2026-05-18,Discussion and Direction on the Draft 2026 Comprehensive Plan,"Land Use, Zoning & Development"
38315,2026-07-06,"Request to set a Public Hearing for Aug. 24, 2026, for AT&T Mobility’s request for Modification of Requirements at 527 Maple Ave., E","Land Use, Zoning & Development"
38317,2026-07-06,"Recommend approval to add 217 Walnut Lane, NW, to the Town of Vienna Historic Property Register.","Land Use, Zoning & Development"
38491,2026-08-24,"Request to set a Public Hearing for Sept. 28, 2026, for Green Hedges School’s request for Modification of Requirements","Land Use, Zoning & Development"
38493,2026-08-24,Consideration of a Modification of Requirements for height of Rooftop Architectural Screening at 527 Maple Ave. E - AT&T Wireless Telecommunications Facility,"Land Use, Zoning & Development"
38530,2026-08-24,Consideration of a Modification of Requirements for height of Rooftop Architectural Screening at 527 Maple Ave. E - AT&T Wireless Telecommunications Facility,"Land Use, Zoning & Development"
12117,2013-10-28,Approval of the Minutes:,Minutes
12137,2013-10-28,"Approval of the minutes of the Work Session meetings of September 30 and October 21, 2013 and to defer approval of the minutes of the Regular Council Meeting of October 7, 2013 to November 4, 2013.",Minutes
12155,2013-11-04,Approval of the Minutes:,Minutes
12170,2013-11-04,"Approval of the minutes of the Regular Council meeting of October 7, 2013.",Minutes
12205,2013-11-18,"Approval of the Minutes: Regular Meetings of October 28, 2013 and November 4, 2013.",Minutes
12306,2013-12-16,"Regular Meeting of November 18, 2013, the Work Session of November 18, 2013 and December 9, 2013",Minutes
12365,2014-01-06,"Approval of the Minutes: Regular Meeting of November 18, 2013, December 16, 2013 and the Work Session Minutes of November 11, 2013",Minutes
12410,2014-01-27,"Approval of the Minutes: Regular Meeting of January 6, 2014 and the Work Sessions of December 16, 2013, January 6, 2014 and January 13, 2014.",Minutes
12435,2014-02-03,"Approval of the Minutes: Regular Meeting of January 27, 2014.",Minutes
12477,2014-02-24,"Approval of the Minutes: Regular Meeting of February 3, 2014",Minutes
12507,2014-03-03,"Approval of the Minutes: Work Session of February 10, 2014",Minutes
12621,2014-03-17,"Approval of the Minutes:  Regular Council Meeting of February 24, 2014 and Work Session of February 10, 2014",Minutes
12784,2014-04-07,"Approval of the Minutes: Regular Council Meeting of March 17, 2014, Work Session of March 10, 2014, and Budget Work Sessions of March 22 and 24, 2014.",Minutes
12845,2014-04-28,"Approval of the Minutes: Regular Meeting of April 7, 2014.",Minutes
12889,2014-05-12,"Approval of the Minutes: Regular Meeting of April 28, 2014 and the Work Session Minutes of April 21, 2014.",Minutes
12930,2014-05-12,"Approval of the Minutes: Regular Meeting of April 28, 2014 and the Work Session Minutes of April 21, 2014.",Minutes
13120,2014-05-19,"Approval of the Minutes: Defer approval of the May 12, 2014 minutes until June 2, 2014.",Minutes
13146,2014-06-02,Approval of the Minutes,Minutes
13182,2014-06-02,"Approval of the Minutes of the Regular Council Meeting of May 12, 2014 and May 19, 2014.",Minutes
13214,2014-06-16,Approval of the Minutes:,Minutes
13241,2014-06-16,"Regular meeting minutes of June 2, 2014.",Minutes
13261,2014-07-07,Approval of the Minutes:,Minutes
13277,2014-07-07,"Approval of the minutes of the Regular Council meeting of June 16, 2014 and the Work Session minutes of June 9, 2014.",Minutes
13303,2014-08-18,Approval of the Minutes:,Minutes
13328,2014-08-18,"Approval of the minutes of the Regular Council Meeting and three Public Hearings of July 7, 2014.",Minutes
13339,2014-09-08,Approval of the Minutes:,Minutes
13361,2014-09-08,"Work Session Minutes of August 18, 2014.",Minutes
13390,2014-09-22,Approval of the Minutes:,Minutes
13422,2014-10-20,Approval of the Minutes:,Minutes
13450,2014-10-20,"Minutes of the Regular Meetings of August 18, 2014, September 8, 2014 and September 22, 2014.",Minutes
13473,2014-10-27,Approval of the Minutes:,Minutes
13491,2014-10-27,"Minutes of the Regular Meetings of August 18, 2014, September 8, 2014 and September 22, 2014 and the Work Session minutes of September 15, 2014.",Minutes
13500,2014-11-03,Approval of the Minutes:,Minutes
13516,2014-11-03,"Work Session Minutes of October 20, 2014.",Minutes
13991,2014-11-17,Approval of the Minutes:,Minutes
14013,2014-11-17,"Regular Meeting Minutes of October 20, 2014, October 27, 2014 and November 3, 2014.",Minutes
14048,2014-12-15,Approval of the Minutes:,Minutes
14066,2014-12-15,"Regular Meeting of November 17, 2014 and the Work Session of November 10, 2014.",Minutes
14079,2015-01-05,Approval of the Minutes:,Minutes
14093,2015-01-05,"Minutes of the Regular Council Meeting of December 15, 2014.",Minutes
14103,2015-01-26,Approval of the Minutes:,Minutes
14119,2015-01-26,"Approval of the minutes of the Regular Council Meeting of January 5, 2015 and the Work Session Minutes of December 8, 2014.",Minutes
14128,2015-02-02,Approval of the Minutes:,Minutes
14181,2015-02-23,Approval of the Minutes:,Minutes
14198,2015-02-23,"Approval of the Minutes of the Regular Council Meeting of January 26, 2015 and the Work Session of January 12, 2015.",Minutes
14315,2015-04-13,Approval of the Minutes:,Minutes
14338,2015-04-13,"Approval of the Regular Meeting Minutes of February 23, 2015 and March 16, 2015 and the Work Session Minutes of February 9, 2015 and March 9, 2015.",Minutes
14378,2015-04-27,Approval of the Minutes:  None,Minutes
14412,2015-05-11,Approval of the Minutes:,Minutes
14431,2015-05-11,"Regular Meeting Minutes of April 13, 2015 and April 27, 2015.",Minutes
14453,2015-06-01,Approval of the Minutes:,Minutes
14479,2015-06-01,"Work Session Minutes of March 21, 2015, March 23, 2015, April 20, 2015 and May 18, 2015.",Minutes
14553,2015-07-06,Approval of the Minutes:,Minutes
14582,2015-07-06,"Regular Meetings Minutes of May 11, 2015, June 1, 2015 and the Work Session Minutes of June 8, 2015.",Minutes
14648,2015-09-14,Approval of the Minutes:,Minutes
14667,2015-09-14,"Minutes of the Regular Council Meeting of August 24, 2015.",Minutes
14692,2015-09-28,Approval of the Minutes:,Minutes
14719,2015-09-28,"Approval of the Regular Meeting Minutes of September 14, 2015 and the Work Session of September 21, 2015.",Minutes
14723,2015-10-19,Approval of the Minutes:,Minutes
14746,2015-10-19,"Minutes of the Regular Council Meeting of September 28, 2015.",Minutes
14774,2015-11-02,Approval of the Minutes:,Minutes
14790,2015-11-02,"Regular Minutes of October 19, 2015.",Minutes
14877,2015-12-14,Approval of the Minutes:,Minutes
14897,2015-12-14,"Approval of the Minutes of the Regular Council Meeting of November 16, 2015 and the Work Session Minutes of October 26, 2015.",Minutes
14910,2016-01-04,Approval of the Minutes:,Minutes
14927,2016-01-04,"Regular Minutes of December 14, 2015.",Minutes
14973,2016-01-25,Approval of the Minutes:,Minutes
14991,2016-01-25,"Minutes of the Regular Council Meeting of January 4, 2016 and the Work Session Minutes of November 9, 2015.",Minutes
14997,2016-02-01,Approval of the Minutes:,Minutes
15018,2016-02-01,"Minutes of the Regular Council Meeting of January 4, 2016, January 25, 2016 and the Work Session Minutes of November 9, 2015.",Minutes
15054,2016-02-22,Approval of the Minutes:,Minutes
15071,2016-02-22,"Approval of the Minutes of the Regular Council Meeting of February 1, 2016 and the Work Session Minutes of December 7, 2015.",Minutes
15079,2016-03-07,Approval of the Minutes:,Minutes
15103,2016-03-07,"Approval of the Regular Minutes of February 22, 2016 and the Work Session Minutes of January 11, 2016.",Minutes
15166,2016-04-04,Approval of the Minutes:,Minutes
15189,2016-04-04,"Approval of the Regular Meeting Minutes of March 7, 2016, the Work Session minutes of February 8, 2016, March 14, 2016 and March 19, 2016.",Minutes
15255,2016-04-18,Approval of the Minutes:,Minutes
15281,2016-04-18,"Approval of the Work Session Minutes of March 28, 2016.",Minutes
15294,2016-05-09,Approval of the Minutes:,Minutes
15316,2016-05-09,"Approval of the Regular Council Meeting of April 4, 2016, the Work Session of April 11, 2016, and the approval of the Work Session of February 8, 2016, as amended.",Minutes
15376,2016-05-23,Approval of the Minutes:,Minutes
15397,2016-05-23,"Approval of the Minutes for the Regular Council Meeting of April 18, 2016.",Minutes
15412,2016-06-06,Approval of the Minutes:,Minutes
15492,2016-07-11,Approval of the Minutes:,Minutes
15521,2016-07-11,"Approval of the Work Session Minutes of May 16, 2016.",Minutes
15590,2016-08-22,Approval of Minutes:,Minutes
15619,2016-08-22,"Approval of the Minutes of the Regular Council Meeting of June 9, 2016 and July 11, 2016.",Minutes
15639,2016-09-12,Approval of the Minutes:,Minutes
15659,2016-09-12,"Approval of the minutes for the Regular Council Meeting of August 22, 2016 and the Work Session of June 13, 2016.",Minutes
15687,2016-09-26,Approval of the Minutes:,Minutes
15702,2016-09-26,"Approval of the Regular Meeting Minutes of September 12, 2016.",Minutes
15725,2016-10-03,Approval of the Minutes:,Minutes
15746,2016-10-03,"Approval of the Regular Council Meeting minutes of September 26, 2016",Minutes
15774,2016-10-24,Approval of the Minutes:,Minutes
15794,2016-10-24,"Approval of Minutes for the Regular Council Meeting of October 3, 2016 and the Work Session of September 19, 2016.",Minutes
15802,2016-11-07,Approval of the Minutes: No minutes for approval,Minutes
15845,2016-11-21,Approval of the Minutes:,Minutes
15867,2016-11-21,"Approval of the Minutes of the Regular Council Meeting of October 24, 2016 and November 7, 2016.",Minutes
15877,2016-12-05,Approval of the Minutes: No minutes for approval,Minutes
15923,2017-01-09,Approval of the Minutes:,Minutes
15941,2017-01-09,"Approval of the Minutes of the Regular Meeting of November 21, 2016.",Minutes
15971,2017-01-30,Approval of the Minutes:,Minutes
15988,2017-01-30,"Approval of the minutes of the Regular Council Meeting of December 5, 2016, January 9, 2017 and the Work Session Minutes of October 17, 2016.",Minutes
15998,2017-02-06,Approval of the Minutes:,Minutes
16011,2017-02-06,"Approval of the Minutes of the Regular Council Meeting of January 30, 2017.",Minutes
16101,2017-03-13,Approval of the Minutes:,Minutes
16126,2017-03-13,"Approval of the Work Session Minutes of November 14, 2016",Minutes
16195,2017-04-03,Approval of the Minutes:,Minutes
16217,2017-04-03,"Approval of the minutes of the Regular Council Meetings of February 27, 2017, March 13, 2017, and the Work Session minutes of December 12, 2016.",Minutes
16243,2017-04-17,Approval of the Minutes:,Minutes
16262,2017-04-17,"Approval of the Regular Minutes of April 3, 2017 and the Work Session Minutes of January 23, 2017.",Minutes
16276,2017-04-24,Approval of the Minutes: No minutes for approval,Minutes
16312,2017-05-08,Approval of the Minutes:,Minutes
16331,2017-05-08,"Approval of the Minutes of the April 17, 2017 Council Meeting.",Minutes
16334,2017-05-08,"Approval of the Minutes of the April 17, 2017 Council Meeting.",Minutes
16361,2017-05-22,Approval of the Minutes:,Minutes
16379,2017-05-22,"Approval of the Minutes of the Regular Council Meetings of April 24, 2017 and May 8, 2017 and the Work Session Minutes of February 13, 2017.",Minutes
16391,2017-06-05,Approval of the Minutes:,Minutes
16423,2017-06-05,"Approval of the Minutes of the Regular Council Meeting of May 22, 2017.",Minutes
16497,2017-07-10,Approval of the Minutes:,Minutes
16520,2017-07-10,"Approval of the Regular Council Meeting Minutes of June 5, 2017 and the Work Session  Minutes of March 6, 2017, March 18, 2017, March 20, 2017 and April 3, 2017.",Minutes
16668,2017-08-21,Approval of the Minutes:,Minutes
16696,2017-08-21,"Approval of the Regular Council Meeting minutes of July 10, 2017 and the Work Session Minutes of May 15, 2017.",Minutes
16742,2017-09-11,Approval of the Minutes,Minutes
16816,2017-09-25,Approval of the Minutes:,Minutes
16838,2017-09-25,"Approval of the Minutes for the Regular Council Meetings of August 21, 2017 and September 11, 2017 and the Work Session Minutes of June 12, 2017 and August 21, 2017.",Minutes
16902,2017-10-16,Approval of the Minutes:,Minutes
16922,2017-10-16,"Approval of the Minutes of the Regular Council meeting of September 25, 2017 and the Work Session Minutes of September 18, 2017",Minutes
16952,2017-10-30,Approval of the Minutes:,Minutes
16970,2017-10-30,"Approval of the Regular Council Meeting minutes of October 16, 2017.",Minutes
17020,2017-11-13,Approval of the Minutes:,Minutes
17039,2017-11-13,"Approval of the Minutes of the Regular Council Meeting of October 30, 2017",Minutes
17195,2017-12-11,Approval of the Minutes:,Minutes
17215,2017-12-11,"Approval of the Regular Meeting Minutes of November 13, 2017 and the Work Session Minutes of October 23, 2017",Minutes
17503,2018-01-08,Approval of the Minutes:,Minutes
17521,2018-01-08,"Approval of the Regular Council Meeting Minutes of December 11, 2017 and the Work Session Minutes of November 6, 2017.",Minutes
17587,2018-01-29,Approval of the Minutes:,Minutes
17605,2018-01-29,"Approval of the Regular Council Meeting Minutes of January 8, 2018 and May 9, 2016.",Minutes
17749,2018-02-26,Approval of the Minutes:,Minutes
17809,2018-03-12,Approval of the Minutes: No minutes for approval,Minutes
18006,2018-04-09,Approval of the Minutes:,Minutes
18033,2018-04-09,"Request Approval of the Minutes of the February 26, 2018 and March 12, 2018 Regular Council Meeting and the Work Session Minutes of February 12, 2018",Minutes
18169,2018-04-23,Approval of the Minutes:,Minutes
18186,2018-04-23,"Approval of the Minutes of the Special Council Meeting for the Bond Sale of February 13, 2018, the Regular Meeting and Work Session of March 5, 2018.",Minutes
18254,2018-05-07,Approval of the Minutes:,Minutes
18428,2018-05-21,Approval of the Minutes:,Minutes
18449,2018-05-21,"Approval of the Regular Council Meeting Minutes of April 23, 2018 and the Work Session Minutes of April 16, 2018.",Minutes
18536,2018-06-04,Approval of the Minutes: No minutes for approval,Minutes
18682,2018-07-09,Approval of the Minutes:,Minutes
18701,2018-07-09,"Approval of the Regular Council Meetings of May 7, 2018, May 21, 2018, June 4, 2018, the Work Session of May 14, 2018 and the joint Town Council and Planning Commission Work session of May 23, 2018.",Minutes
18890,2018-08-20,Approval of the Minutes:,Minutes
18917,2018-08-20,"Approval of the Regular Council Meeting Minutes of June 11, 2018, July 9, 2018 and the Work Session Minutes of May 29, 2018 and June 11, 2018.",Minutes
19014,2018-09-17,Approval of the Minutes:,Minutes
19046,2018-09-17,"Approval of the Regular Council Meeting Minutes of August 20, 2018, the Work Session Minutes of August 20, 2018 and the Work Session Minutes of September 4, 2018.",Minutes
19217,2018-10-15,Approval of the Minutes: No minutes for approval,Minutes
19298,2018-10-29,Approval of the Minutes:,Minutes
19320,2018-10-29,"Approval of the Regular Council Meeting Minutes of August 20, 2018, October 15, 2018 and the Work Session Minutes of September 24, 2018.",Minutes
19459,2018-11-19,Approval of the Minutes:,Minutes
19480,2018-11-19,"Approval of The Regular Council Meeting Minutes of October 29, 2018 and the Work Session Minutes of October 4, 2018.",Minutes
19538,2018-12-10,Approval of the Minutes:,Minutes
19560,2018-12-10,"Approval of the Regular Minutes of November 19, 2018 and the Work Session Minutes of October 22, 2018.",Minutes
19610,2019-01-07,Approval of the Minutes:,Minutes
19633,2019-01-07,"Approval of the Regular Council Meeting Minutes of September 17, 2018, December 10, 2018 and the Work Session Minutes of November 5, 2018.",Minutes
19742,2019-01-28,Approval of the Minutes:,Minutes
19760,2019-01-28,"Approval of the Regular Council Meeting Minutes of January 7, 2019 and the Work Session Minutes of December 3, 2018 and January 15, 2019.",Minutes
20787,2019-01-28,"Approval of the Regular Council Meeting Minutes of January 7, 2019 and the Work Session Minutes of December 3, 2018 and January 15, 2019.",Minutes
19859,2019-02-25,Approval of the Minutes:,Minutes
19877,2019-02-25,"Approval of the Regular Council Meeting Minutes of January 28, 2019.",Minutes
19955,2019-03-11,Approval of the Minutes:,Minutes
19972,2019-03-11,"Approval of the Regular Council Meeting Minutes of February 25, 2019",Minutes
20162,2019-04-08,Approval of the Minutes:,Minutes
20178,2019-04-08,"Approval of the Regular Council Meeting minutes of February 25, 2019, revised, Regular Council Meeting Minutes of March 11, 2019 the Work Session Minutes of January 14, 2019 and March 16, 2019.",Minutes
20279,2019-04-29,Approval of the Minutes: None,Minutes
20350,2019-05-13,Approval of the Minutes:,Minutes
20373,2019-05-13,"Approval of the Regular Council Meeting Minutes of April 8, 2019 and the Work Session Minutes of February 11, 2019.",Minutes
20496,2019-06-03,Approval of the Minutes:,Minutes
20545,2019-06-03,"Approval of the Regular Council Meeting Minutes of April 29, 2019",Minutes
20602,2019-06-17,Approval of the Minutes:,Minutes
20625,2019-06-17,"Approval of the Regular Council Meeting Minutes of May 13, 2019.",Minutes
20667,2019-07-01,Approval of the Minutes:,Minutes
20691,2019-07-01,"Approval of the Work Session Minutes of March 4, 2019.",Minutes
20740,2019-07-15,Approval of the Minutes:,Minutes
20754,2019-07-15,"Approval of the Minutes of the June 3, 2019 Public Hearing on 374-380 Maple Avenue and the Regular Council Meeting Minutes of June 17, 2019.",Minutes
20758,2019-07-15,"FOR PLANNING COMMISSION ONLY - Approval Of The Planning Commission Minutes Of March 27, 2019.",Minutes
20945,2019-09-16,Approval of the Minutes:,Minutes
20969,2019-09-16,"Approval of the Regular Council Meeting Minutes of July 15 2019 and August 19, 2019, the Work Session Minutes of April 3, 2019, April 22, 2019 and August 19, 2019.",Minutes
21048,2019-09-30,Approval of the Minutes:,Minutes
21067,2019-09-30,"Approval of the Regular Council Meeting Minutes of September 16, 2019.",Minutes
21137,2019-10-21,Approval of the Minutes:,Minutes
21155,2019-10-21,"Approval of the Joint Work Session Minutes of May 1, 2019, The Work Session Minutes of September 16, 2019 and the Regular Meeting Minutes of September 30, 2019.",Minutes
21256,2019-11-04,Approval of the Minutes:,Minutes
21367,2019-11-04,"Approval of the Work Session Minutes of June 10, 2019 and the Regular Council Meeting Minutes of October 21, 2019.",Minutes
21800,2019-12-09,Approval of the Minutes:,Minutes
21814,2019-12-09,"Approval of the Work Session Minutes of September 9, 2019, September 23, 2019, October 9, 2019, October 22, 2019, May 20, 2019 and the Special Meeting of May 20, 2019.",Minutes
22023,2020-01-06,Approval of the Minutes:,Minutes
22039,2020-01-06,"Regular Council Meeting minutes of November 4, 2019, the Work Session Minutes of October 28, 2019, November 18, 2019 and December 4, 2019.",Minutes
22158,2020-01-27,Minutes,Minutes
22172,2020-01-27,"Work Session Minutes of September 9, 2019, October 9, 2019, and November 7, 2019 and the Regular Meeting Minutes of December 9, 2019 and January 6, 2020",Minutes
22186,2020-02-03,Approval of the Minutes:,Minutes
22200,2020-02-03,"Work Session Minutes of October 22, 2019, December 11, 2019, December 16, 2019 and January 13, 2020.",Minutes
22293,2020-02-24,Approval of the Minutes:,Minutes
22332,2020-02-24,"Acceptance of the Regular Council Meeting Minutes of January 27, 2020, February 3, 2020 and the Work Session minutes of February 10, 2020.",Minutes
22357,2020-03-09,Approval of the Minutes:,Minutes
22376,2020-03-09,"Acceptance of the Regular Council Meeting Minutes of February 24, 2020.",Minutes
22503,2020-04-13,Approval of the Minutes:,Minutes
22523,2020-04-13,"Regular Council Meeting Minutes of March 9, 2020, the Emergency Council Meeting of March 31, 2020 and the Work Session Minutes of March 14, 2020 and March 16, 2020.",Minutes
22580,2020-04-27,Acceptance of the Minutes:,Minutes
22597,2020-04-27,"Acceptance of the Regular Council Meeting Minutes of April 13, 2020.",Minutes
22627,2020-05-11,Acceptance of Minutes:,Minutes
22643,2020-05-11,"Acceptance of the Regular Council Meeting Minutes of April 27, 2020 and the Work Session Minutes of April 20, 2020.",Minutes
22790,2020-06-01,Acceptance of the Minutes:,Minutes
22811,2020-06-01,"Acceptance of the Regular Council Meeting Minutes of May 11, 2020 and the Work Session Minutes of May 18, 2020.",Minutes
22899,2020-06-15,Acceptance of the Minutes:,Minutes
22929,2020-06-15,"Acceptance of the Regular Council Meeting Minutes of June 1, 2020",Minutes
23005,2020-07-06,Approval of the Minutes:,Minutes
23035,2020-07-06,"Acceptance of the Regular Council Meeting Minutes of June 15, 2020 and the Work Session minutes of June 8, 2020.",Minutes
23237,2020-08-31,Acceptance of the Minutes:,Minutes
23261,2020-08-31,"Acceptance of the July 6, 2020 Council Meeting Minutes.",Minutes
23345,2020-09-14,Approval of the Minutes:,Minutes
23404,2020-09-14,"Acceptance of the Special Council Meeting Minutes of August 19, 2020 and September, 4, 2020, the Regular Council Meeting Minutes of August 31, 2020 and the Work Session Minutes of 8-31-2020.",Minutes
23534,2020-10-05,Acceptance of Minutes:,Minutes
23553,2020-10-05,"Acceptance of the Regular Council Meeting Minutes of September 14, 2020 and the Work Session Minutes of September 21, 2020.",Minutes
23651,2020-10-26,Approval of the Minutes:,Minutes
23668,2020-10-26,"Acceptance of the Regular Council Meeting Minutes of October 5, 2020 and the Work Session Minutes of September 28, 2020.",Minutes
23703,2020-11-02,Acceptance of the Minutes:,Minutes
23721,2020-11-02,"Acceptance of the Work Session Minutes of October 19, 2020.",Minutes
23771,2020-11-16,Approval of the Minutes:,Minutes
23786,2020-11-16,"Acceptance of the Regular Council Meeting Minutes of October 26, 2020, November 2, 2020 and the Work Session Minutes of October 28, 2020",Minutes
23865,2020-12-07,Approval of the Minutes:,Minutes
23886,2020-12-07,"Acceptance of the Regular Council Meeting Minutes of November 16, 2020 and the Work Session Minutes of October 28, 2020 and November 9, 2020.",Minutes
23911,2020-12-07,"Acceptance of the Regular Council Meeting Minutes of November 16, 2020 and the Work Session Minutes of October 28, 2020 and November 9, 2020.",Minutes
23959,2021-01-04,Approval of the Minutes:,Minutes
23978,2021-01-04,"Acceptance of the Regular Council Meeting Minutes of December 7, 2020 and the Work Session Minutes of December 14, 2020.",Minutes
24087,2021-02-01,Acceptance of the Minutes:,Minutes
24106,2021-02-01,"Acceptance of the Regular Council Meeting Minutes of January 4, 2021 and the Conference Session Minutes of December 3, 2020 and January 11, 2021.",Minutes
24228,2021-02-22,Acceptance of the Minutes:,Minutes
24247,2021-02-22,"Acceptance of the Regular Council Meeting Minutes of February 1, 2021 and the Conference Session Minutes of January 25, 2021, February 4, 2021 and February 8, 2021.",Minutes
24629,2021-03-22,Acceptance of the Minutes:,Minutes
24643,2021-03-22,"Acceptance of the Regular Council Meeting Minutes of February 22, 2021, March 1, 2021 and March 8, 2021, and the Conference Session Minutes of March 8, 2021.",Minutes
24793,2021-04-12,Approval of the Minutes:,Minutes
24812,2021-04-12,"Acceptance of the Conference Session minutes of March 13, 2021 and March 15, 2021, the Regular Council Meeting minutes of March 22, 2021 and the Joint Conference Session minutes of March 31, 2021.",Minutes
24985,2021-04-26,Approval of the Minutes:,Minutes
25004,2021-04-26,"Acceptance of the Regular Council Meeting Minutes of April 12, 2021",Minutes
25163,2021-05-17,Approval of the Minutes:,Minutes
25187,2021-05-17,"Acceptance of the Regular Council Meeting Minutes of April 26, 2021 and the Conference Session Minutes of April 19, 2021.",Minutes
25418,2021-06-07,Approval of the Minutes:,Minutes
25442,2021-06-07,"Acceptance of the Regular Council Meeting Minutes of May 17, 2021 and the Conference Session Minutes of May 10, 2021, iMay 24, 2021 and May 26, 2021.",Minutes
25685,2021-07-12,Acceptance of the Minutes:,Minutes
25717,2021-07-12,"Acceptance of the Regular Council Meeting Minutes of June 7, 2021 and the Conference Session Minutes of June 14, 2021",Minutes
25957,2021-08-30,Acceptance of the Minutes:,Minutes
25976,2021-08-30,"Approval of the Regular Council Meeting Minutes of July 12, 2021.",Minutes
26105,2021-09-13,Acceptance of the Minutes:,Minutes
26125,2021-09-13,"Acceptance of the Regular Council Meeting Minutes of August 30, 2021 and the Conference Session Minutes of August 30, 2021.",Minutes
26380,2021-09-27,Acceptance of the Minutes:,Minutes
26398,2021-09-27,"Acceptance of the Regular Council Meeting Minutes of September 13, 2021",Minutes
26468,2021-10-11,Acceptance of the Minutes:,Minutes
26487,2021-10-11,"Acceptance of the Regular Council Meeting Minutes of September 13, 2021, September 27, 2021, and the Two Conference Session Minutes of September 27, 2021",Minutes
26658,2021-10-25,Approval of the Minutes:,Minutes
26681,2021-10-25,"Acceptance of the Regular Council Meeting Minutes of October 11, 2021",Minutes
26685,2021-11-01,Acceptance of the Minutes:,Minutes
26703,2021-11-01,"Acceptance of the October 18, 2021 Conference Session Minutes",Minutes
26830,2021-11-15,Approval of the Minutes:,Minutes
26851,2021-11-15,"Acceptance of the Regular Council Meeting Minutes of October 25, 2021 and November 1, 2021.",Minutes
26983,2021-12-06,Approval of the Minutes:,Minutes
27012,2021-12-06,"Acceptance of the Regular Council Meeting Minutes of November 15, 2021 and the Town Council Conference Session Minutes of November 8, 2021.",Minutes
27276,2022-01-24,Approval of the Minutes:,Minutes
27299,2022-01-24,"Acceptance of the Regular Council Meeting Minutes of December 6, 2021 and the Conference Session Minutes of September 1, 2021, September 20, 2021, December 13, 2021 and January 10, 2022",Minutes
27393,2022-02-07,Acceptance of the Minutes: None,Minutes
27542,2022-02-28,Approval of the Minutes:,Minutes
27557,2022-02-28,"Acceptance of the Regular Council Meeting Minutes of January 24, 2022 and February 7, 2022 and the Conference Session of February 14, 2022",Minutes
27590,2022-03-07,Acceptance of the Minutes:,Minutes
27607,2022-03-07,"Acceptance of the Conference Session Minutes of November 30, 2021 and February 2, 2022.",Minutes
27730,2022-03-21,Acceptance of the Minutes:,Minutes
27755,2022-03-21,"Acceptance of the Regular Council Meeting Minutes of February 28, 2022 and March 7, 2022 and the Special Council Meeting on The Bond Sale February 22, 2022.",Minutes
27900,2022-04-11,Acceptance of the Minutes:,Minutes
27923,2022-04-11,"Acceptance of the Regular Council Meeting Minutes of March 21, 2022 and the Conference Session Minutes of March 12, 2022 and March 14, 2022.",Minutes
28030,2022-04-25,Acceptance of the Minutes:,Minutes
28050,2022-04-25,"Acceptance of the Regular Council Meeting Minutes of April 11, 2022 and the Conference Session Minutes of March 24, 2022, March 28, 2022 and March 31, 2022.",Minutes
28083,2022-05-02,Acceptance of the Minutes: None,Minutes
28204,2022-05-16,Approval of the Minutes:,Minutes
28220,2022-05-16,"Acceptance of the Regular Council Meeting Minutes of April 25, 2022, May 2, 2022 and the Conference Session Minutes of April 18, 2022",Minutes
28348,2022-06-06,Acceptance of the Minutes:,Minutes
28368,2022-06-06,"Acceptance of the Regular Council Meeting Minutes of May 11, 2022, May 16, 2022 and the Conference Session Minutes of May 9, 2022",Minutes
28819,2022-08-29,Acceptance of the Minutes:,Minutes
28836,2022-08-29,"Acceptance of the Regular Council Meeting Minutes and Conference Session Minutes of July 11, 2022",Minutes
28895,2022-09-12,Acceptance of the Minutes:,Minutes
28911,2022-09-12,"Acceptance of the Regular Council Meeting Minutes and Conference Session Minutes of July 11, 2022, and the Regular Council Meeting minutes of August 29, 2022",Minutes
28994,2022-09-26,Acceptance of the Minutes:,Minutes
29016,2022-09-26,"Acceptance of the Regular Meeting Minutes and Conference Session Minutes of September 12, 2022",Minutes
29145,2022-10-10,Acceptance of the Minutes:,Minutes
29159,2022-10-10,"Acceptance of the Conference Session Minutes of September 19, 2022 and the Regular Meeting Minutes of September 26, 2022.",Minutes
29251,2022-10-24,Acceptance of the Minutes:,Minutes
29270,2022-10-24,"Acceptance of the Regular Council Meeting Minutes and the Conference Session Minutes Of October 10, 2022",Minutes
29338,2022-11-14,Acceptance of the Minutes:,Minutes
29357,2022-11-14,"Acceptance of the Regular Council meeting minutes of October 24, 2022, the Conference Session minutes of October 17, 2022 and the Special Conference Session Minutes of November 2, 2022.",Minutes
29465,2022-12-05,Acceptance of the Minutes:,Minutes
29482,2022-12-05,"Acceptance of the Regular Council Meeting Minutes of November 14, 2022.",Minutes
29643,2023-01-09,Acceptance of the Minutes:,Minutes
29658,2023-01-09,"Acceptance of the Joint Conference Session Minutes of November 29, 2022, the Regular Council Meeting of December 5, 2022 and the Conference Session Minutes of December 12, 2022",Minutes
29803,2023-01-30,Acceptance of the Minutes:,Minutes
29817,2023-01-30,"Acceptance of the Regular Council Meeting and the Conference Session Minutes of January 9, 2023 and the Joint Conference Session Minutes of December 7, 2022",Minutes
30009,2023-02-27,Acceptance of the Minutes:,Minutes
30023,2023-02-27,"Acceptance of the Regular Council Meeting Minutes of January 30, 2023 and February 6, 2023 and the Conference Session Minutes of January 23, 2023, January 30, 2023 and February 6, 2023.",Minutes
30048,2023-03-06,Acceptance of the Minutes: No minutes for approval,Minutes
30204,2023-03-20,Acceptance of the Minutes:,Minutes
30229,2023-03-20,"Acceptance of the Regular Council Meeting Minutes of February 27, 2023 and March 6, 2023 and the Conference Session Minutes of February 13, 2023,  February 27, 2023 and March 6, 2023.",Minutes
30392,2023-04-10,Acceptance of the Minutes:,Minutes
30411,2023-04-10,"Acceptance of the Regular Council Meeting Minutes of March 6, 2023, March 20, 2023 and the Conference Session Minutes of March 6, 2023, March 11, 2023, March 12, 2023 and March 20, 2023.",Minutes
30420,2023-04-10,"Acceptance of the Regular Council Meeting Minutes of March 6, 2023, March 20, 2023 and the Conference Session Minutes of March 6, 2023, March 11, 2023, March 12, 2023 and March 20, 2023.",Minutes
30503,2023-04-24,Acceptance of the Minutes:,Minutes
30524,2023-04-24,"Acceptance of the Regular Council Meeting Minutes of April 10, 2023 and the Conference Session Minutes of March 24, 2023, March 27, 2023, March 31, 2023 and April 10, 2023.",Minutes
30566,2023-05-01,Acceptance of the Minutes:,Minutes
30586,2023-05-01,"Acceptance of the Conference Session minutes of April 17, 2023",Minutes
30695,2023-05-15,Acceptance of the Minutes:,Minutes
30713,2023-05-15,"Acceptance of the Regular Council meeting minutes of April 24, 2023, Regular Council meeting minutes of May 1, 2023 and Conference Session minutes of May 1, 2023.",Minutes
30816,2023-06-05,Acceptance of the Minutes:,Minutes
30846,2023-06-05,"Acceptance of the Regular Council Meeting Minutes of May 15, 2023 and the Conference Session Minutes of April 17, 2023 and May 8, 2023.",Minutes
30947,2023-06-20,Acceptance of the Minutes:,Minutes
30964,2023-06-20,"Acceptance of the Regular Council Meeting Minutes of June 5, 2023.",Minutes
31023,2023-07-10,Acceptance of the Minutes:,Minutes
31041,2023-07-10,"Acceptance of the Regular Council Meeting Minutes of June 12, 2023 and June 20, 2023 and the Conference Session Minutes of June 12, 2023 and June 20 2023.",Minutes
31249,2023-08-28,Acceptance of the Minutes:,Minutes
31270,2023-08-28,"Acceptance of the Regular Council Meeting Minutes of July 10, 2023 and the Joint Public Hearing Minutes of July 12, 2023.",Minutes
31319,2023-09-11,Acceptance of the Minutes: None,Minutes
31448,2023-09-25,Acceptance of the Minutes:,Minutes
31462,2023-09-25,"Acceptance of the Regular Council Meeting Minutes of August 28, 2023, September 11, 2023 and the Conference Session Minutes of September 11, 2023.",Minutes
31493,2023-10-02,Acceptance of the Minutes:,Minutes
31511,2023-10-02,"Acceptance of the Conference Session Minutes of September 18, 2023",Minutes
31626,2023-10-23,Acceptance of the Minutes:,Minutes
31649,2023-10-23,"Acceptance of the Council Meeting Minutes of September 25, 2023 and October 2, 2023",Minutes
31742,2023-11-13,Acceptance of the Minutes:,Minutes
31762,2023-11-13,Acceptance of the Regular Council Meeting Minutes of October 23 2023,Minutes
31919,2023-12-04,Acceptance of the Minutes:,Minutes
31942,2023-12-04,"Acceptance of the Council Meeting Minutes of November 13, 2023",Minutes
32092,2024-01-08,Acceptance of the Minutes:,Minutes
32108,2024-01-08,"Acceptance of the Council Meeting Minutes of December 4, 2023 and the Conference Session Minutes of December 4, 2023.",Minutes
32291,2024-01-29,Acceptance of the Minutes:,Minutes
32312,2024-01-29,"Acceptance of the Regular Meeting Minutes and Conference Session Minutes of January 2, 2024 and January 8, 2024",Minutes
32350,2024-02-05,Acceptance of the Minutes:,Minutes
32487,2024-02-26,Acceptance of the Minutes:,Minutes
32505,2024-02-26,"Acceptance of the Regular Council Meeting Minutes of January 29, 2024, February 5, 2024 and the Conference Session Minutes of February 5, 2024 and February 12, 2024",Minutes
32558,2024-03-04,Acceptance of the Minutes: None,Minutes
32761,2024-03-18,Acceptance of the Minutes:,Minutes
32781,2024-03-18,"Acceptance of the Regular Council Meeting Minutes of February 26, 2024 And March 4, 2024.",Minutes
32860,2024-04-08,Acceptance of the Minutes:,Minutes
32882,2024-04-08,"Acceptance of the Draft Conference Session Minutes of March 7, 2024, March 11, 2024 and the Draft Meeting Minutes of March 18, 2024",Minutes
33032,2024-05-06,Acceptance of the Minutes:,Minutes
33048,2024-05-06,"Acceptance of the Draft Meeting Minutes of April 8, 2024 and the Draft Conference Session Minutes of April 15, 2024",Minutes
33165,2024-05-20,Acceptance of the Minutes:,Minutes
33184,2024-05-20,"Acceptance of the Regular Meeting Minutes of April 29, 2024 and May 6, 2024 and the Work Session Minutes of May 6, 2024.",Minutes
33249,2024-06-03,Acceptance of the Minutes:,Minutes
33268,2024-06-03,"Acceptance of the Conference Session Minutes of May 13, 2024 and the Regular Meeting Minutes of May 20, 2024.",Minutes
33485,2024-07-08,Acceptance of the Minutes:,Minutes
33513,2024-07-08,"Acceptance of the Regular Council Meeting Minutes of June 3, 2024",Minutes
33646,2024-08-26,Acceptance of the Minutes:,Minutes
33661,2024-08-26,"Acceptance of the Regular Council Meeting Minutes of July 8, 2024",Minutes
33735,2024-09-09,Acceptance of the Minutes:,Minutes
33752,2024-09-09,"Acceptance of the Work Session Minutes of July 8, 2024 and the Regular Council Meeting Minutes of August 26, 2024",Minutes
33931,2024-09-23,Acceptance of the Minutes:,Minutes
33953,2024-09-23,"Acceptance of the Regular Council Meeting Minutes of September 9, 2024.",Minutes
34066,2024-10-07,Acceptance of the Minutes:,Minutes
34082,2024-10-07,"Acceptance of the Regular Council Meeting Minutes of September 23, 2024, and the Work session minutes of September 16, 2024",Minutes
34207,2024-10-28,Acceptance of the Minutes:,Minutes
34229,2024-10-28,"Acceptance of the Work Session Minutes of September 9, 2024, September 30, 2024 and the Regular Meeting Minutes of October 7, 2024",Minutes
34303,2024-11-18,Acceptance of the Minutes:,Minutes
34323,2024-11-18,"Acceptance of the Regular Meeting Minutes of October 28, 2024, and the Work Session Minutes of October 21, 2024",Minutes
34410,2024-12-09,Acceptance of the Minutes:,Minutes
34428,2024-12-09,"Acceptance of the Regular Council Meeting Minutes of November 18, 2024",Minutes
34560,2025-01-06,Acceptance of the Minutes:,Minutes
34577,2025-01-06,"Acceptance of the Regular Council Meeting Minutes of December 9, 2024 and the Work Session Minutes of December 16, 2024.",Minutes
34752,2025-01-27,Acceptance of the Minutes:,Minutes
34766,2025-01-27,"Acceptance of the Regular Council Meeting Minutes of December 9, 2024, the Work Session Minutes of December 9, 2024, December 16, 2024, and the Regular Council Meeting Minutes and Work Session minutes of January 13, 2025",Minutes
34789,2025-02-03,Acceptance of the Minutes: None,Minutes
34919,2025-02-24,Acceptance of the Minutes:,Minutes
34939,2025-02-24,"Acceptance of the Regular Council Meeting Minutes of January 27, 2025, February 3, 2025 and the Work Session Minutes of February 10, 2025",Minutes
35184,2025-03-24,Acceptance of the Minutes:,Minutes
35263,2025-04-07,Acceptance of the Minutes:,Minutes
35281,2025-04-07,"Acceptance of the Regular Council Meeting Minutes of February 24, 2025, March 24, 2025, the Work Session Minutes of March 3, 2025, March 15, 2025 and March 17, 2025.",Minutes
35458,2025-04-28,Acceptance of the Minutes:,Minutes
35474,2025-04-28,"Acceptance of the Council Meeting Minutes of April 7, 2025",Minutes
35517,2025-05-05,Acceptance of the Minutes:,Minutes
35533,2025-05-05,"Acceptance of the Council Meeting Minutes of April 7, 2025 and the Work Session Minutes of April 21, 2025",Minutes
35661,2025-05-19,Acceptance of the Minutes:,Minutes
35677,2025-05-19,"Acceptance of the Regular Council Meeting Minutes of April 28, 2025 and May 5, 2025.",Minutes
35771,2025-06-02,Acceptance of the Minutes:,Minutes
35787,2025-06-02,"Acceptance of the Work Session Minutes of May 12, 2025 and the Town Council Meeting Minutes of May 19, 2025",Minutes
36014,2025-07-07,Acceptance of the Minutes:,Minutes
36030,2025-07-07,"Acceptance of the Regular Council Meeting Minutes of June 2, 2025 and the Work Session Minutes of June 9, 2025.",Minutes
36184,2025-08-25,Acceptance of the Minutes:,Minutes
36200,2025-08-25,"Acceptance of the Regular Council Meeting Minutes of July 7, 2025 and the Work Session Minutes of July 7, 2025.",Minutes
36379,2025-09-29,Acceptance of the Minutes:,Minutes
36395,2025-09-29,Acceptance of the Draft Minutes of August 25th and September 8th Regular Town Council Meetings,Minutes
36615,2025-10-27,Acceptance of the Minutes:,Minutes
36630,2025-10-27,"Acceptance of the Draft Minutes of September 15th Work Session, September 29th Town Council Meeting, and October 6th Town Council Meeting.",Minutes
36670,2025-11-10,Acceptance of the Minutes:,Minutes
36687,2025-11-10,"Acceptance of the Draft Minutes of September 15th Work Session, September 29th Town Council Meeting, and October 6th Town Council Meeting.",Minutes
36828,2025-12-08,Acceptance of the Minutes:,Minutes
36852,2025-12-08,"Acceptance of Regular Meeting Minutes of October 27, 2025 and  November 10, 2025, and the Work Session Minutes of November 17, 2025.",Minutes
36940,2026-01-05,Acceptance of the Minutes:,Minutes
36941,2026-01-05,Draft Minutes for Approval from the December 2nd and December 8th Town Council Meetings,Minutes
37058,2026-01-26,Acceptance of the Minutes:,Minutes
37075,2026-01-26,Acceptance of the January 5th Town Council Meeting Minutes,Minutes
37094,2026-02-02,Acceptance of the Minutes:,Minutes
37106,2026-02-02,Acceptance of the January 5th Town Council Meeting and the January 12th Work Session Minutes,Minutes
37243,2026-02-23,"Draft Town Council Meeting Minutes from February 2nd, 2026",Minutes
37245,2026-02-23,Acceptance of Minutes:,Minutes
37279,2026-03-02,Acceptance of the Minutes:,Minutes
37294,2026-03-02,2-9-2026 Draft Town Council Work session Minutes,Minutes
37639,2026-03-23,Acceptance of the Minutes:,Minutes
37649,2026-03-23,Consent Agenda (5 Minutes),Minutes
37650,2026-03-23,Regular Business (5 Minutes),Minutes
37651,2026-03-23,"Public Hearing on Request for Approval of Modifications of Site Plan Requirements Related to Lot Coverage (From 43% To 48.5% Proposed) for First Baptist Church of Vienna, located at 450 Orchard St., NW (10 Minutes)",Minutes
37659,2026-03-23,"Acceptance Of Work Session Draft Minutes of February 9, 2026, and Draft Town Council meeting Minutes February 23 and March 2, 2026.",Minutes
37695,2026-04-06,Acceptance of the Minutes:,Minutes
37713,2026-04-06,"Acceptance of the March 9, 2026 Work Session draft minutes and the March 23, 2026 Town Council draft minutes.",Minutes
37824,2026-04-27,Acceptance of the Minutes:,Minutes
37844,2026-04-27,"March 14 and March 23, 2026 Draft Work Session Minutes",Minutes
37881,2026-05-04,Acceptance of the Minutes:,Minutes
37896,2026-05-04,"Acceptance of the Town Council Draft Minutes of April 6, 2026",Minutes
37969,2026-05-18,Acceptance of the Minutes:,Minutes
37987,2026-05-18,"Approval of the April 20th Draft Town Council Work Session, April 27th Draft Town Council Meeting, and May 4th Draft Town Council Meeting Minutes.",Minutes
38113,2026-06-01,Acceptance of the Minutes:,Minutes
38132,2026-06-01,Approval of the Draft May 11th Town Council Work Session Minutes,Minutes
38302,2026-07-06,Acceptance of the Minutes:,Minutes
38327,2026-07-06,Approval of the Draft Town Council Meeting Minutes from May 11th and June 1st and the Draft Town Council Work Session Minutes from June 1st.,Minutes
38479,2026-08-24,Acceptance of the Minutes:,Minutes
38499,2026-08-24,"Approval of the Draft May 18th, June 1st, and July 6th Town Council Meeting Minutes and the Draft June 1st , June 8th, and July 6th Work Session Minutes.",Minutes
12130,2013-10-28,Request to ride Baltimore County Bid No. B-349 Tennis/Basketball Court Renovations for the repair and resurfacing of Glyndon Park tennis courts and basketball court.,Parks & Recreation
12445,2014-02-03,Request to approve NVRPA trail connection permission letters.,Parks & Recreation
12450,2014-02-03,Request to approve Memorandum of Understanding between the Town Of Vienna and the Rotary Club of Vienna for the construction of the Town Green stage roof.,Parks & Recreation
12491,2014-02-24,"Request approval to renew IFB 12-05, July 4th Fireworks Display
Contract with Bay Fireworks for the 2014 fireworks display at Southside Park.",Parks & Recreation
12804,2014-04-07,Request For approval of MOU Between Vienna Little League and the Town of Vienna for the use of Yeonas Park During the 2014 July 4th fireworks display.,Parks & Recreation
12863,2014-04-28,Request Approval to Enter Into Discussion with Vienna Youth Inc. For Potential Community Center Renovation and Expansion Partnership,Parks & Recreation
12867,2014-04-28,"Request for Approval of Instructor Contractors for Parks and Recreation Classes and Programs In Excess of $10,000 Each for FY14",Parks & Recreation
12876,2014-04-28,"Request to Award RFP 14-03, Vienna Community Center Expansion and Renovation Architectural & Engineering Services to The Lukmire Partnership",Parks & Recreation
12902,2014-05-12,Request Approval for Vienna Community Center Emergency Repairs to AC - #2 Compressor from Advanced Building Services.,Parks & Recreation
13158,2014-06-02,"Request to Renew IFB 13-12, Vienna Parks and Recreation Quarterly Brochure to Silver Communications",Parks & Recreation
13232,2014-06-16,"Request to Increase Expenditures for First Serve Tennis, Vienna Woods Studio, Nina Crissey and All Kids Sports and Games, LLC for FY 13/14.",Parks & Recreation
13233,2014-06-16,"Request for approval of Instructor Contractors for Parks and Recreation Camps and Classes between July 1, 2014 and August 31, 2014 in Excess of $10,000",Parks & Recreation
13274,2014-07-07,"Request to Award LEED Silver Design Fee for the Community Center Renovation and Expansion to the Lukmire Partnership under RFP 14-03 in the Amount Not To Exceed $43,956.",Parks & Recreation
13280,2014-07-07,"As Part of the Community Center Renovation Project, Request Approval of the Washington & Old Dominion Trail Realignment Concept and Authorize Staff to Negotiate an Agreement with Northern Virginia Regional Park Authority.",Parks & Recreation
13321,2014-08-18,Request Approval for Vermont Systems Inc. Maintenance Agreement for Parks and Recreation Department Rectrac/Webtrac Software Automated Registration and Facility Services.,Parks & Recreation
13409,2014-09-22,Request  Authorization for Mayor to Execute Resolution for Map-21 Transportation Alternatives Project Endorsement Resolution for the Relocation of the Washington and Old Dominion Trail as Part of the Vienna Community Center Renovation and Expansion Project.,Parks & Recreation
13410,2014-09-22,"Request for approval of Instructor Contractors for Parks and Recreation Classes for the Fall Session in Excess of $10,000",Parks & Recreation
13510,2014-11-03,Request to Ride AEPA/Fairfax County Contract to Field Turf USA for Synthetic Turf at Glyndon Park Baseball Field,Parks & Recreation
14010,2014-11-17,"Request to Award RFP 15-02, Commissioning Services for the Vienna Community Center Expansion and Renovation.",Parks & Recreation
14092,2015-01-05,Request Approval for Sole Source Purchase of LED Baseball Field Lights For Glyndon Park from Musco Lighting.,Parks & Recreation
14114,2015-01-26,"Request for approval of Instructor Contractors for Parks and Recreation Classes for the Winter Session in Excess of $20,000",Parks & Recreation
14117,2015-01-26,Request to Increase A&E Fees for the Vienna Community Center Renovation and Expansion Project,Parks & Recreation
14118,2015-01-26,"Request Waiver of Purchasing Regulations for the Installation of the Glyndon Park Baseball Field Lights and Approve Contract To RE Lee In The Amount Of $57,723.",Parks & Recreation
14336,2015-04-13,Request Approval of Additional A&E Fees for the Redesign of the Vienna Community Center Gymnasium and Site Work,Parks & Recreation
14390,2015-04-27,Park and Locust  Street SE Mini-Roundabout Design Award.,Parks & Recreation
14423,2015-05-11,"Request for Approval of Instructor Contractors for Parks and Recreation Classes through June 30, 2015 in Excess of $20,000 per Terms and Conditions of RFP15-01.",Parks & Recreation
14476,2015-06-01,"Request Approval of MOU between Vienna Little League and the Town of Vienna for the Annual Use of Yeonas Park - July 3, 2015 Fireworks Spectator Location.",Parks & Recreation
14565,2015-07-06,"Request for Approval of Summer Instructor Contractors for Parks and Recreation Classes through August 31, 2015 in Excess of $20,000 per Terms and Conditions of RFP15-01.",Parks & Recreation
14577,2015-07-06,Town property restoration adjacent to Caboose Brewery.,Parks & Recreation
14580,2015-07-06,Request Approval of Lease between First Washington Realty and the Town for Parks and Recreation Department Relocation Expenses during the Community Center Project.,Parks & Recreation
14581,2015-07-06,Request Approval of a License Agreement between the Town of Vienna and NOVA Parks for the Community Center Renovation and Expansion Project related to the Washington and Old Dominion Trail Relocation and Improvements.,Parks & Recreation
14601,2015-07-06,Request Approval of Lease between First Washington Realty and the Town for Parks and Recreation Department Relocation Expenses during the Community Center Project.,Parks & Recreation
14602,2015-07-06,Town property restoration adjacent to Caboose Brewery.,Parks & Recreation
14704,2015-09-28,"Request For Approval of Fall Contractors for Parks and Recreation Classes through December 31, 2015 In Excess of $20,000 per Terms and Conditions of RFP 15-01.",Parks & Recreation
14711,2015-09-28,Consideration of Maple Avenue and Park Street Traffic Signal Reconstruction Grant.,Parks & Recreation
14892,2015-12-14,"Request approval of payment to Keller Brothers, Inc. from contingency funds for project expenditures for the Vienna Community Center renovation and expansion.",Parks & Recreation
14923,2016-01-04,Request approval of Vienna Community Center renovation and expansion contingency fund payment to Keller Brothers.,Parks & Recreation
14985,2016-01-25,Award of Concrete Curb Contract at two Park Street SE Developer Projects.,Parks & Recreation
14990,2016-01-25,Request approval of Vienna Community Center renovation and expansion contingency fund payment to Keller Brothers.,Parks & Recreation
15009,2016-02-01,Request approval of Vienna Community Center renovation and expansion contingency fund payment to Keller Brothers.,Parks & Recreation
15011,2016-02-01,Request approval of Vienna Community Center renovation and expansion contingency fund payment to Lukmire Partnership.,Parks & Recreation
15014,2016-02-01,Award of Concrete Curb Contract at two Park Street SE Developer Projects.,Parks & Recreation
15019,2016-02-01,Request approval of Vienna Community Center renovation and expansion contingency fund payment to Keller Brothers.,Parks & Recreation
15065,2016-02-22,Request approval of Vienna Community Center renovation and expansion contingency fund payment to Lukmire Partnership.,Parks & Recreation
15067,2016-02-22,Request approval of Vienna Community Center renovation and expansion contingency fund payment to Keller Brothers,Parks & Recreation
15072,2016-02-22,Request approval of Dominion Virginia Power’s consent agreement for right-of-way encroachment for the Vienna Community Center renovation and expansion project,Parks & Recreation
15095,2016-03-07,Request approval of Vienna Community Center renovation and expansion contingency fund payment to Keller Brothers,Parks & Recreation
15096,2016-03-07,Request approval of Vienna Community Center renovation and expansion contingency fund payment to Lukmire Partnership.,Parks & Recreation
15097,2016-03-07,"Request approval of Vienna Community Center Renovation and Expansion contingency fund payment to R. E. Lee Electric Co., Inc.",Parks & Recreation
15178,2016-04-04,"Request Approval of Instructor/Contractors For Parks And Recreation Classes Through June 30, 2016 In Excess Of $20,000 Per Terms And Conditions of RFP 15-01.",Parks & Recreation
15187,2016-04-04,Request approval of Vienna Community Center renovation and expansion contingency fund payment to Keller Brothers.,Parks & Recreation
15279,2016-04-18,Request approval of MOU between Vienna Little League and Town of Vienna for use of Yeonas Park during the 2016 July 4th fireworks display,Parks & Recreation
15280,2016-04-18,Increase funds to the Vienna Community Center renovation and expansion project,Parks & Recreation
15315,2016-05-09,"Proposed Renewal of Agreement between the Northern Virginia Regional Park Authority, the Northern Virginia Model Railroaders, Inc. and the Town of Vienna for the operation of the W&OD Trial Vienna Railroad Station.",Parks & Recreation
15432,2016-06-06,"Request for Approval of Summer Contractual Instructors for Parks and Recreation Classes and Camps through August 31, 2016 In Excess Of $20,000 per Terms and Conditions of RFP 15-01.",Parks & Recreation
15433,2016-06-06,Increase funds for the Vienna Community Center renovation and expansion project,Parks & Recreation
15504,2016-07-11,Award Park and Locust Streets SE Mini Roundabout Construction Contract,Parks & Recreation
15513,2016-07-11,"Amendment to the motion to increase funds for the Vienna Community Center renovation project, originally presented as agenda item #16-150 at the June 6, 2016 Council Meeting.",Parks & Recreation
15701,2016-09-26,"Request approval of first amendment to the lease between GRI Cedar Park, LLC and the Town for relocation of the Parks and Recreation Department during the community center project",Parks & Recreation
15786,2016-10-24,Request to award traffic engineering services for Signal Modification Plans at Maple Avenue and Park Street to Rinker Design and Associations (RDA),Parks & Recreation
15939,2017-01-09,"Award professional services contract to Urban, LTD for provision of project management services for the Community Center Renovation and Expansion Project",Parks & Recreation
15987,2017-01-30,"Request for approval of a Modification and Addendum to Contract IFB 16-04, construction contract with Keller Brothers Inc. for the Vienna Community Center renovation and expansion related to the substantial completion date and associated general conditions payment claims.",Parks & Recreation
16010,2017-02-06,Increase funds for the Vienna Community Center renovation and expansion project,Parks & Recreation
16127,2017-03-13,"Request Approval of Instructor/Contractors For Parks And Recreation Classes Through June 30, 2017 In Excess Of $20,000 Per Terms And Conditions of RFP 15-01.",Parks & Recreation
16136,2017-03-13,Request approval for installation of the “Taking Flight” public art statue at the Vienna Community Center,Parks & Recreation
16260,2017-04-17,Request to increase FY17 spending with GRI Cedar Park LLC for lease of space at Cedar Park Shopping Center for the Parks and Recreation Department during the Vienna Community Center renovation and expansion project,Parks & Recreation
16323,2017-05-08,"Request approval to appropriate previously approved funds to Keller Brothers, RRMM Lukmire Architects, Triad Engineering, Inc. and contingency for the Vienna Community Center renovation and expansion project.",Parks & Recreation
16378,2017-05-22,Request approval of Memorandum of Understanding between Vienna Little League and Town of Vienna for use of Yeonas Park during the Fourth of July 2017 entertainment and fireworks show.,Parks & Recreation
16419,2017-06-05,"Request approval to appropriate previously approved funds to Keller Brothers, Inc. for project expenditures for the Vienna Community Center renovation and expansion project",Parks & Recreation
16516,2017-07-10,Vienna Community Center Update,Parks & Recreation
16686,2017-08-21,Vienna Community Center Update,Parks & Recreation
16687,2017-08-21,Vienna Community Center Proposed Ecological Enhancement and Education Program,Parks & Recreation
16688,2017-08-21,"Request CIP spending with Mity Lite for the purchase of chairs, tables, and carts for the Vienna Community Center",Parks & Recreation
16689,2017-08-21,"Request approval to increase MVP Sports contract for parks and recreation camps through June 30, 2017 in excess of $20,000, per terms and conditions of RFP 15-01.",Parks & Recreation
16762,2017-09-11,Vienna Community Center Update,Parks & Recreation
16765,2017-09-11,Request approval of Memorandum of Understanding between the Morton and Spaperri Family Foundation and the Town of Vienna for native and pollinator plantings on the Vienna Community Center property.,Parks & Recreation
16919,2017-10-16,Urban Land Institute’s W&OD Trail Master Plan Study - Presentation item,Parks & Recreation
16924,2017-10-16,"Request to extend the professional services contract with and increase funds to Urban, LTD for provision of project management services for the Vienna Community Center Renovation and Expansion Project.",Parks & Recreation
16963,2017-10-30,Request approval for donation and installation of a LOVE artwork sign at Northside Park,Parks & Recreation
17608,2018-01-29,Adoption of an ordinance relocating a polling place for Town elections back to the Vienna Community Center,Parks & Recreation
17767,2018-02-26,"Request approval to spend $3,846.56 with ZM3 Group/Stahl Homes for remaining invoice balance on Taking Flight statue installation at the Vienna Community Center.",Parks & Recreation
18188,2018-04-23,Request approval of Memorandum of Understanding between Vienna Little League and Town of Vienna for use of Yeonas Park during the Fourth of July 2018 entertainment and fireworks show.,Parks & Recreation
18266,2018-05-07,"Request to utilize Whitman, Requardt & Associates, LLP for Park St NE sidewalk improvements",Parks & Recreation
18704,2018-07-09,"Request spending with American Tennis Courts, Inc.",Parks & Recreation
18912,2018-08-20,Request to award contract for installation of a kitchen exhaust hood fire suppression system at the Vienna Community Center,Parks & Recreation
19028,2018-09-17,Request approval of MOU with Vienna Little League to accept funds for preliminary engineering analysis for possible improvements to Southside Park,Parks & Recreation
19029,2018-09-17,Award contract with Urban Ltd. to prepare a preliminary engineering analysis for a possible Southside Park renovation.,Parks & Recreation
19556,2018-12-10,Invest funds with VML/VACO Virginia Investment Pool (VIP),Parks & Recreation
19875,2019-02-25,Request approval of Memorandum of Understanding between Vienna Little League and Town of Vienna for use of Yeonas Park during the Fourth of July 2019 entertainment and fireworks show.,Parks & Recreation
20295,2019-04-29,Request approval for engineering services for a Route 243/Nutley Street SW Mixed-Use Trail,Parks & Recreation
20509,2019-06-03,Request approval of a memorandum of understanding between the Optimist Club of Greater Vienna and Town of Vienna for use of the Vienna Community Center parking lot for the 2019 Vienna Farmers Market,Parks & Recreation
20685,2019-07-01,A Resolution in Support of Recreational Trails Program Grant Application for Improvements to the Washington and Old Dominion Railroad Regional Park,Parks & Recreation
21151,2019-10-21,Request additional funds for the Park Street NE sidewalk improvements,Parks & Recreation
21272,2019-11-04,Request to increase spending with American Tennis Courts for pickle ball lines at Meadow Lane Park,Parks & Recreation
21812,2019-12-09,"Request award of RFP 20-04 for $43,500 with Affordable Lawn Sprinklers for installation of an irrigation system at the community center",Parks & Recreation
21820,2019-12-09,Request approval to rename Northside Park to Northside Park - Maud Robinson Wildlife Preserve.,Parks & Recreation
22313,2020-02-24,Request to approve license agreement between NOVA Parks and Town of Vienna for the construction of the Freeman Store bridge.,Parks & Recreation
22601,2020-04-27,Request approval of a memorandum of understanding between the Optimist Club of Greater Vienna and Town of Vienna regarding use of the Vienna Community Center parking lot for the 2020 Vienna Farmers Market,Parks & Recreation
23258,2020-08-31,"Request formal approval of an emergency procurement, which was previously granted expedited approval, to spend $71,176 with Resurface Inc. for repairs and improvements to tennis and basketball courts at Glyndon Park.",Parks & Recreation
24244,2021-02-22,Request approval of memorandum of understanding between the Optimist Club of Greater Vienna and Town of Vienna for use of the Vienna Community Center parking lot for the 2021 Vienna Farmers Market,Parks & Recreation
24644,2021-03-22,Request additional spending for Park St NE sidewalk improvements for right-of-way services,Parks & Recreation
24997,2021-04-26,Installation of Broadcast Equipment at Vienna Community Center for the Cable Access Channel,Parks & Recreation
25179,2021-05-17,"Proposed renewal of agreement between the Northern Virginia Regional Park Authority, the Northern Virginia Model Railroaders, Inc. and the Town of Vienna for the operation of the W&OD Trail Vienna Railroad Station.",Parks & Recreation
25440,2021-06-07,Request approval of Memorandum of Understanding between Vienna Little League and Town of Vienna for use of Yeonas Park during the Fourth of July 2021 entertainment and fireworks show.,Parks & Recreation
26674,2021-10-25,"Request approval to utilize VDOT Transportation Alternative funds for Locust Street Trail Improvements, Park Street, NE sidewalk, and Freeman Store Bridge Construction",Parks & Recreation
27604,2022-03-07,Request approval of memorandum of understanding (MOU) between the Optimist Club of Greater Vienna and Town of Vienna for use of the Vienna Community Center parking lot for the 2022 Vienna Farmers Market,Parks & Recreation
27747,2022-03-21,Request approval to award IFB 22-07 construction contract to Richardson Wayland Electric Company for the Maple Avenue and Park Street Signal Reconstruction,Parks & Recreation
27921,2022-04-11,Request approval of Memorandum of Understanding between Vienna Little League and Town of Vienna for use of Yeonas Park during the Fourth of July 2022 entertainment and fireworks show.,Parks & Recreation
29477,2022-12-05,"Request approval for a construction services contract to Whitman, Requardt & Associates, LLP for the Park Street, NE sidewalk",Parks & Recreation
29657,2023-01-09,Request approval to award IFB 23-11 construction contract to Stonebridge Civil LLC for the Park Street NE sidewalk construction,Parks & Recreation
29818,2023-01-30,Glyndon Park Pickleball Schedule,Parks & Recreation
30066,2023-03-06,Request approval of memorandum of understanding (MOU) between the Optimist Club of Greater Vienna and Town of Vienna for use of the Vienna Community Center parking lot for the 2023 Vienna Farmers Market,Parks & Recreation
30519,2023-04-24,Request approval of Memorandum of Understanding (MOU)between Vienna Little League and Town of Vienna for use of Yeonas Park during the Independence Day Celebration festival and fireworks show.,Parks & Recreation
30839,2023-06-05,"Award a design contract to Urban, Ltd. for Park Street South Pedestrian Improvements as approved in 2023 ARPA Reallocation Plan.",Parks & Recreation
30844,2023-06-05,Pickleball Schedule Policy Review,Parks & Recreation
30963,2023-06-20,831 Follin Lane SE - Proposed Use: Storage of Vintage Automobiles in Warehouse in CMP Industrial Park,Parks & Recreation
30965,2023-06-20,Letter to Fairfax County Board of Supervisors Regarding Pickleball,Parks & Recreation
31045,2023-07-10,"Request approval for spending $212,465.56 with Arthur Construction Co., Inc. for construction of a Robinson Trust Sidewalk Project at Elmar Drive from Desale Street, SW, to Park Street, SE.",Parks & Recreation
31461,2023-09-25,"Pickleball Schedule Policy Review, June 1 - August 31, 2023",Parks & Recreation
31506,2023-10-02,"Request approval to utilize VDOT Transportation Alternative funds for design and construction of Locust Street Trail Improvements and Mashie Drive, SE, Sidewalk.",Parks & Recreation
31510,2023-10-02,"Request approval for spending $236,230 with Kimley-Horn for Park System Master Plan",Parks & Recreation
31646,2023-10-23,"Request approval for spending $236,230 with Kimley-Horn for Park System Master Plan",Parks & Recreation
31663,2023-10-23,"Request approval for spending $236,230 with Kimley-Horn for Park System Master Plan",Parks & Recreation
32499,2024-02-26,Request approval of memorandum of understanding (MOU) between the Optimist Club of Greater Vienna and Town of Vienna for use of the Vienna Community Center parking lot for the 2024 Vienna Farmers Market,Parks & Recreation
32574,2024-03-04,Request approval of Memorandum of Understanding (MOU) between Vienna Little League and Town of Vienna for use of Yeonas Park during the Independence Day Celebration and Fireworks Show.,Parks & Recreation
33269,2024-06-03,7:45 p.m. - 8:15 p.m. - Overview of Dominion Energy's Clark-Idylwood Electric Transmission Reconductor Project along the W&OD Trail.,Parks & Recreation
33748,2024-09-09,"Approval request for spending $363,500.00 with Sagres Construction Corporation for construction of a Robinson Trust Sidewalk Project at Kingsley Road, SE from De Sale Street to Park Street.",Parks & Recreation
34220,2024-10-28,"Request approval to award construction of the ARPA funded Park Street, SE, sidewalk project from the W&OD Trail to Fardale Street, SE.",Parks & Recreation
34319,2024-11-18,Public Hearing to Approve a 10-Year Temporary Increase to Meals Taxes to Fund Aquatics Center,Parks & Recreation
34932,2025-02-24,Request approval of Memorandum of Understanding (MOU) between Vienna Little League and Town of Vienna for use of Yeonas Park during the Independence Day Celebration and Fireworks Show.,Parks & Recreation
34936,2025-02-24,Request approval of memorandum of understanding (MOU) between the Optimist Club of Greater Vienna and Town of Vienna for use of the Vienna Community Center parking lot for the 2025 Vienna Farmers Market,Parks & Recreation
35199,2025-03-24,Approval Request to Award Design Contract for the Locust Street Trail Improvements (Shared-Use Path) Project.,Parks & Recreation
35209,2025-03-24,"Resolution of the Town of Vienna, Virginia Town Council Approving Support Of Protecting The Natural Environment Along The W&OD Trail",Parks & Recreation
35673,2025-05-19,"Request approval for spending $149,832 with Musco Lighting to replace the Meadow Lane Park tennis and basketball court lights.",Parks & Recreation
36028,2025-07-07,National Parks & Recreation Month,Parks & Recreation
36029,2025-07-07,8:30 p.m.- Approval of the Parks & Recreation Master Plan: Our Plan to Play,Parks & Recreation
36683,2025-11-10,9:15 - 9:45 PM Navy federal Credit Union Proposed Advance Funding Agreement with the Town of Vienna for Design and Engineering for the Aquatics and Fitness Center,Parks & Recreation
37072,2026-01-26,Aquatic and Fitness Center Timeline (5 min. staff presentation),Parks & Recreation
37109,2026-02-02,Aquatic and Fitness Center Timeline (5 min. staff presentation),Parks & Recreation
37295,2026-03-02,Request approval of memorandum of understanding (MOU) between the Optimist Club of Greater Vienna and Town of Vienna for use of the Vienna Community Center parking lot for the 2026 Vienna Farmers Market,Parks & Recreation
37297,2026-03-02,Request approval of Memorandum of Understanding (MOU) between Vienna Little League and Town of Vienna for use of Yeonas Park during the Independence Day Celebration and Fireworks Show.,Parks & Recreation
37707,2026-04-06,Request acceptance of donated City of Fairfax-owned Wenger Showmobile stage to the Town of Vienna Parks and Recreation Department (5 mins.),Parks & Recreation
37983,2026-05-18,Request to award a design contract to Bowman Consulting Firm for the Southside Park Ball Field Improvements Project (5 Min. Staff Presentation),Parks & Recreation
38128,2026-06-01,"Proposed renewal of agreement between the Northern Virginia Regional Park Authority, the Northern Virginia Model Railroaders, Inc. and the Town of Vienna for the operation of the W&OD Trail Vienna Railroad Station.",Parks & Recreation
38323,2026-07-06,National Parks & Recreation Month,Parks & Recreation
38324,2026-07-06,"Request approval to increase FY27 spending with Brightview Landscape Services, Inc., for maintenance of landscape beds and hardscaped areas within Town rights-of-way and parks.",Parks & Recreation
12115,2013-10-28,Pledge of Allegiance to the Flag of the United States of America,Procedural
12116,2013-10-28,Roll Call,Procedural
12118,2013-10-28,Receipt of petitions and communications from the Public,Procedural
12119,2013-10-28,Reports/Presentations,Procedural
12120,2013-10-28,Report and Inquiries of Council Members,Procedural
12121,2013-10-28,Report of the Town Manager,Procedural
12122,2013-10-28,Report of the Mayor,Procedural
12123,2013-10-28,Proposals for Additional Items to the Agenda,Procedural
12124,2013-10-28,Closed Session,Procedural
12125,2013-10-28,Public Hearings,Procedural
12126,2013-10-28,Regular Business,Procedural
12138,2013-10-28,Meeting Adjournment,Procedural
12139,2013-10-28,"THE TOWN OF VIENNA IS COMMITTED TO FULL COMPLIANCE WITH THE AMERICANS WITH DISABILITIES ACT STANDARDS. TRANSLATION SERVICES, ASSISTANCE OR ACCOMMODATION REQUESTS FROM PERSONS WITH DISABILITIES ARE TO BE REQUESTED NOT LESS THAN 3 WORKING DAYS BEFORE THE DAY OF THE EVENT. PLEASE CALL (703) 255-6304, OR 711 VIRGINIA RELAY SERVICE FOR THE HEARING IMPAIRED.",Procedural
12149,2013-10-28,Invocation:,Procedural
12150,2013-10-28,Ms. Carol Scruggs of the Baha’i Community of the Town of Vienna,Procedural
12172,2013-10-28,Closed Session,Procedural
12152,2013-11-04,Invocation: Councilmember Michael J. Polychrones,Procedural
12153,2013-11-04,Pledge of Allegiance to the Flag of the United States of America,Procedural
12154,2013-11-04,Roll Call,Procedural
12156,2013-11-04,Receipt of petitions and communications from the Public,Procedural
12157,2013-11-04,Reports/Presentations,Procedural
12158,2013-11-04,Report and Inquiries of Council Members,Procedural
12159,2013-11-04,Report of the Town Manager,Procedural
12160,2013-11-04,Report of the Mayor,Procedural
12161,2013-11-04,Proposals for Additional Items to the Agenda,Procedural
12162,2013-11-04,Closed Session,Procedural
12164,2013-11-04,Regular Business,Procedural
12168,2013-11-04,Meeting Adjournment,Procedural
12169,2013-11-04,"THE TOWN OF VIENNA IS COMMITTED TO FULL COMPLIANCE WITH THE AMERICANS WITH DISABILITIES ACT STANDARDS. TRANSLATION SERVICES, ASSISTANCE OR ACCOMMODATION REQUESTS FROM PERSONS WITH DISABILITIES ARE TO BE REQUESTED NOT LESS THAN 3 WORKING DAYS BEFORE THE DAY OF THE EVENT. PLEASE CALL (703) 255-6304, OR 711 VIRGINIA RELAY SERVICE FOR THE HEARING IMPAIRED.",Procedural
12202,2013-11-18,"Invocation: Rev. Corky Eddins, Christ Church Vienna",Procedural
12203,2013-11-18,Pledge of Allegiance to the Flag of the United States of America,Procedural
12204,2013-11-18,Roll Call,Procedural
12206,2013-11-18,Receipt of petitions and communications from the Public,Procedural
12207,2013-11-18,Reports/Presentations,Procedural
12208,2013-11-18,Report and Inquiries of Council Members,Procedural
12209,2013-11-18,Report of the Town Manager,Procedural
12210,2013-11-18,Report of the Mayor,Procedural
12211,2013-11-18,Proposals for Additional Items to the Agenda,Procedural
12212,2013-11-18,Closed Session,Procedural
12214,2013-11-18,Regular Business,Procedural
12221,2013-11-18,Meeting Adjournment,Procedural
12222,2013-11-18,"THE TOWN OF VIENNA IS COMMITTED TO FULL COMPLIANCE WITH THE AMERICANS WITH DISABILITIES ACT STANDARDS. TRANSLATION SERVICES, ASSISTANCE OR ACCOMMODATION REQUESTS FROM PERSONS WITH DISABILITIES ARE TO BE REQUESTED NOT LESS THAN 3 WORKING DAYS BEFORE THE DAY OF THE EVENT. PLEASE CALL (703) 255-6304, OR 711 VIRGINIA RELAY SERVICE FOR THE HEARING IMPAIRED.",Procedural
12260,2013-11-18,,Procedural
12262,2013-11-18,Public Hearings,Procedural
12303,2013-12-16,Chairperson John Russo of the Vienna Baha'i,Procedural
12304,2013-12-16,Pledge of Allegiance to the Flag of the United States of America,Procedural
12305,2013-12-16,Roll Call,Procedural
12307,2013-12-16,Receipt of petitions and communications from the Public,Procedural
12308,2013-12-16,Reports/Presentations,Procedural
12309,2013-12-16,Report and Inquiries of Council Members,Procedural
12310,2013-12-16,Report of the Town Manager,Procedural
12311,2013-12-16,Report of the Mayor,Procedural
12312,2013-12-16,Proposals for Additional Items to the Agenda,Procedural
12313,2013-12-16,Closed Session,Procedural
12315,2013-12-16,Regular Business,Procedural
12321,2013-12-16,Meeting Adjournment,Procedural
12322,2013-12-16,"THE TOWN OF VIENNA IS COMMITTED TO FULL COMPLIANCE WITH THE AMERICANS WITH DISABILITIES ACT STANDARDS. TRANSLATION SERVICES, ASSISTANCE OR ACCOMMODATION REQUESTS FROM PERSONS WITH DISABILITIES ARE TO BE REQUESTED NOT LESS THAN 3 WORKING DAYS BEFORE THE DAY OF THE EVENT. PLEASE CALL (703) 255-6304, OR 711 VIRGINIA RELAY SERVICE FOR THE HEARING IMPAIRED.",Procedural
12362,2014-01-06,"Invocation: Reverend Craig Burns, Vienna Assembly of God",Procedural
12363,2014-01-06,Pledge of Allegiance to the Flag of the United States of America,Procedural
12364,2014-01-06,Roll Call,Procedural
12366,2014-01-06,Receipt of petitions and communications from the Public,Procedural
12367,2014-01-06,Reports/Presentations,Procedural
12368,2014-01-06,Report and Inquiries of Council Members,Procedural
12369,2014-01-06,Report of the Town Manager,Procedural
12370,2014-01-06,Report of the Mayor,Procedural
12371,2014-01-06,Proposals for Additional Items to the Agenda,Procedural
12372,2014-01-06,Closed Session,Procedural
12373,2014-01-06,Public Hearings,Procedural
12374,2014-01-06,Regular Business,Procedural
12383,2014-01-06,Meeting Adjournment,Procedural
12384,2014-01-06,"THE TOWN OF VIENNA IS COMMITTED TO FULL COMPLIANCE WITH THE AMERICANS WITH DISABILITIES ACT STANDARDS. TRANSLATION SERVICES, ASSISTANCE OR ACCOMMODATION REQUESTS FROM PERSONS WITH DISABILITIES ARE TO BE REQUESTED NOT LESS THAN 3 WORKING DAYS BEFORE THE DAY OF THE EVENT. PLEASE CALL (703) 255-6304, OR 711 VIRGINIA RELAY SERVICE FOR THE HEARING IMPAIRED.",Procedural
12407,2014-01-27,Invocation: Reverend Johnny Kurcina of Christ Church Vienna.,Procedural
12408,2014-01-27,Pledge of Allegiance to the Flag of the United States of America,Procedural
12409,2014-01-27,Roll Call,Procedural
12411,2014-01-27,Receipt of petitions and communications from the Public,Procedural
12412,2014-01-27,Reports/Presentations,Procedural
12413,2014-01-27,Report and Inquiries of Council Members,Procedural
12414,2014-01-27,Report of the Town Manager,Procedural
12415,2014-01-27,Report of the Mayor,Procedural
12416,2014-01-27,Proposals for Additional Items to the Agenda,Procedural
12417,2014-01-27,Closed Session,Procedural
12418,2014-01-27,Public Hearings,Procedural
12419,2014-01-27,Regular Business,Procedural
12429,2014-01-27,Meeting Adjournment,Procedural
12430,2014-01-27,"THE TOWN OF VIENNA IS COMMITTED TO FULL COMPLIANCE WITH THE AMERICANS WITH DISABILITIES ACT STANDARDS. TRANSLATION SERVICES, ASSISTANCE OR ACCOMMODATION REQUESTS FROM PERSONS WITH DISABILITIES ARE TO BE REQUESTED NOT LESS THAN 3 WORKING DAYS BEFORE THE DAY OF THE EVENT. PLEASE CALL (703) 255-6304, OR 711 VIRGINIA RELAY SERVICE FOR THE HEARING IMPAIRED.",Procedural
12432,2014-02-03,"Invocation: Reverend Ray Brill, Wesley United Methodist Church",Procedural
12433,2014-02-03,Pledge of Allegiance to the Flag of the United States of America,Procedural
12434,2014-02-03,Roll Call,Procedural
12436,2014-02-03,Receipt of petitions and communications from the Public,Procedural
12437,2014-02-03,Reports/Presentations,Procedural
12438,2014-02-03,Report and Inquiries of Council Members,Procedural
12439,2014-02-03,Report of the Town Manager,Procedural
12440,2014-02-03,Report of the Mayor,Procedural
12441,2014-02-03,Proposals for Additional Items to the Agenda,Procedural
12442,2014-02-03,Closed Session,Procedural
12443,2014-02-03,Public Hearings,Procedural
12444,2014-02-03,Regular Business,Procedural
12454,2014-02-03,Meeting Adjournment,Procedural
12455,2014-02-03,"THE TOWN OF VIENNA IS COMMITTED TO FULL COMPLIANCE WITH THE AMERICANS WITH DISABILITIES ACT STANDARDS. TRANSLATION SERVICES, ASSISTANCE OR ACCOMMODATION REQUESTS FROM PERSONS WITH DISABILITIES ARE TO BE REQUESTED NOT LESS THAN 3 WORKING DAYS BEFORE THE DAY OF THE EVENT. PLEASE CALL (703) 255-6304, OR 711 VIRGINIA RELAY SERVICE FOR THE HEARING IMPAIRED.",Procedural
12474,2014-02-24,"Invocation: Reverend Craig Burns, Vienna Assembly of God and Pastor David Jordan-Haas of the Vienna Presbyterian Church",Procedural
12475,2014-02-24,Reports/Presentations,Procedural
12476,2014-02-24,Roll Call,Procedural
12478,2014-02-24,Receipt of petitions and communications from the Public,Procedural
12479,2014-02-24,Reports/Presentations,Procedural
12480,2014-02-24,Report and Inquiries of Council Members,Procedural
12481,2014-02-24,Report of the Town Manager,Procedural
12482,2014-02-24,Report of the Vice-Mayor,Procedural
12483,2014-02-24,Proposals for Additional Items to the Agenda,Procedural
12484,2014-02-24,Closed Session,Procedural
12485,2014-02-24,Public Hearings,Procedural
12486,2014-02-24,Regular Business,Procedural
12496,2014-02-24,Meeting Adjournment,Procedural
12497,2014-02-24,"THE TOWN OF VIENNA IS COMMITTED TO FULL COMPLIANCE WITH THE AMERICANS WITH DISABILITIES ACT STANDARDS. TRANSLATION SERVICES, ASSISTANCE OR ACCOMMODATION REQUESTS FROM PERSONS WITH DISABILITIES ARE TO BE REQUESTED NOT LESS THAN 3 WORKING DAYS BEFORE THE DAY OF THE EVENT. PLEASE CALL (703) 255-6304, OR 711 VIRGINIA RELAY SERVICE FOR THE HEARING IMPAIRED.",Procedural
12504,2014-03-03,"Invocation:Reverend David Jordan-Haas, Vienna Presbyterian Church",Procedural
12505,2014-03-03,Pledge of Allegiance to the Flag of the United States of America,Procedural
12506,2014-03-03,Roll Call,Procedural
12508,2014-03-03,Receipt of petitions and communications from the Public,Procedural
12509,2014-03-03,Reports/Presentations,Procedural
12510,2014-03-03,Report and Inquiries of Council Members,Procedural
12511,2014-03-03,Report of the Town Manager,Procedural
12512,2014-03-03,Report of the Mayor,Procedural
12513,2014-03-03,Proposals for Additional Items to the Agenda,Procedural
12514,2014-03-03,Closed Session,Procedural
12515,2014-03-03,Public Hearings,Procedural
12516,2014-03-03,Regular Business,Procedural
12525,2014-03-03,Meeting Adjournment,Procedural
12526,2014-03-03,"THE TOWN OF VIENNA IS COMMITTED TO FULL COMPLIANCE WITH THE AMERICANS WITH DISABILITIES ACT STANDARDS. TRANSLATION SERVICES, ASSISTANCE OR ACCOMMODATION REQUESTS FROM PERSONS WITH DISABILITIES ARE TO BE REQUESTED NOT LESS THAN 3 WORKING DAYS BEFORE THE DAY OF THE EVENT. PLEASE CALL (703) 255-6304, OR 711 VIRGINIA RELAY SERVICE FOR THE HEARING IMPAIRED.",Procedural
12618,2014-03-17,"Invocation:  Rev. David Jordan-Haas, Vienna Presbyterian Church",Procedural
12619,2014-03-17,Pledge of Allegiance to the Flag of the United States of America,Procedural
12620,2014-03-17,Roll Call,Procedural
12622,2014-03-17,Receipt of petitions and communications from the Public,Procedural
12623,2014-03-17,Reports/Presentations,Procedural
12624,2014-03-17,Report and Inquiries of Council Members,Procedural
12625,2014-03-17,Report of the Town Manager,Procedural
12626,2014-03-17,Report of the Vice- Mayor,Procedural
12627,2014-03-17,Proposals for Additional Items to the Agenda,Procedural
12628,2014-03-17,Closed Session,Procedural
12629,2014-03-17,Public Hearings,Procedural
12630,2014-03-17,Regular Business,Procedural
12644,2014-03-17,Meeting Recessed to Closed Session,Procedural
12645,2014-03-17,"THE TOWN OF VIENNA IS COMMITTED TO FULL COMPLIANCE WITH THE AMERICANS WITH DISABILITIES ACT STANDARDS. TRANSLATION SERVICES, ASSISTANCE OR ACCOMMODATION REQUESTS FROM PERSONS WITH DISABILITIES ARE TO BE REQUESTED NOT LESS THAN 3 WORKING DAYS BEFORE THE DAY OF THE EVENT. PLEASE CALL (703) 255-6304, OR 711 VIRGINIA RELAY SERVICE FOR THE HEARING IMPAIRED.",Procedural
12651,2014-03-17,Closed Session,Procedural
12655,2014-03-17,Closed Session,Procedural
12656,2014-03-17,"Invocation: Rev. David Jordan-Haas, Vienna Presbyterian Church",Procedural
12780,2014-03-17,Meeting Adjournment,Procedural
12759,2014-03-22,Regular Business,Procedural
12761,2014-03-22,Meeting Adjournment,Procedural
12762,2014-03-22,"THE TOWN OF VIENNA IS COMMITTED TO FULL COMPLIANCE WITH THE AMERICANS WITH DISABILITIES ACT STANDARDS. TRANSLATION SERVICES, ASSISTANCE OR ACCOMMODATION REQUESTS FROM PERSONS WITH DISABILITIES ARE TO BE REQUESTED NOT LESS THAN 3 WORKING DAYS BEFORE THE DAY OF THE EVENT. PLEASE CALL (703) 255-6304, OR 711 VIRGINIA RELAY SERVICE FOR THE HEARING IMPAIRED.",Procedural
12775,2014-03-24,Regular Business,Procedural
12776,2014-03-24,Meeting Adjournment,Procedural
12777,2014-03-24,"THE TOWN OF VIENNA IS COMMITTED TO FULL COMPLIANCE WITH THE AMERICANS WITH DISABILITIES ACT STANDARDS. TRANSLATION SERVICES, ASSISTANCE OR ACCOMMODATION REQUESTS FROM PERSONS WITH DISABILITIES ARE TO BE REQUESTED NOT LESS THAN 3 WORKING DAYS BEFORE THE DAY OF THE EVENT. PLEASE CALL (703) 255-6304, OR 711 VIRGINIA RELAY SERVICE FOR THE HEARING IMPAIRED.",Procedural
12781,2014-04-07,"Invocation: Rev. Laura Horton-Ludwig, Unitarian Universalist Congregation of Fairfax",Procedural
12782,2014-04-07,Pledge of Allegiance to the Flag of the United States of America,Procedural
12783,2014-04-07,Roll Call,Procedural
12785,2014-04-07,Receipt of petitions and communications from the Public,Procedural
12786,2014-04-07,Reports/Presentations,Procedural
12787,2014-04-07,Report and Inquiries of Council Members,Procedural
12788,2014-04-07,Report of the Town Manager,Procedural
12789,2014-04-07,Report of the Mayor,Procedural
12790,2014-04-07,Proposals for Additional Items to the Agenda,Procedural
12791,2014-04-07,Closed Session,Procedural
12792,2014-04-07,Public Hearings,Procedural
12793,2014-04-07,Regular Business,Procedural
12808,2014-04-07,Meeting Adjournment,Procedural
12809,2014-04-07,"THE TOWN OF VIENNA IS COMMITTED TO FULL COMPLIANCE WITH THE AMERICANS WITH DISABILITIES ACT STANDARDS. TRANSLATION SERVICES, ASSISTANCE OR ACCOMMODATION REQUESTS FROM PERSONS WITH DISABILITIES ARE TO BE REQUESTED NOT LESS THAN 3 WORKING DAYS BEFORE THE DAY OF THE EVENT. PLEASE CALL (703) 255-6304, OR 711 VIRGINIA RELAY SERVICE FOR THE HEARING IMPAIRED.",Procedural
12842,2014-04-28,"Invocation: Reverend Randy Beeman, Antioch Christian Church, 1860 Beulah Road, Vienna, VA.",Procedural
12843,2014-04-28,Pledge of Allegiance to the Flag of the United States of America,Procedural
12844,2014-04-28,Roll Call,Procedural
12846,2014-04-28,Receipt of petitions and communications from the Public,Procedural
12847,2014-04-28,Reports/Presentations,Procedural
12848,2014-04-28,Report and Inquiries of Council Members,Procedural
12849,2014-04-28,Report of the Town Manager,Procedural
12850,2014-04-28,Report of the Mayor,Procedural
12851,2014-04-28,Proposals for Additional Items to the Agenda,Procedural
12852,2014-04-28,Closed Session,Procedural
12853,2014-04-28,Public Hearings,Procedural
12854,2014-04-28,Regular Business,Procedural
12869,2014-04-28,Meeting Adjournment,Procedural
12870,2014-04-28,"THE TOWN OF VIENNA IS COMMITTED TO FULL COMPLIANCE WITH THE AMERICANS WITH DISABILITIES ACT STANDARDS. TRANSLATION SERVICES, ASSISTANCE OR ACCOMMODATION REQUESTS FROM PERSONS WITH DISABILITIES ARE TO BE REQUESTED NOT LESS THAN 3 WORKING DAYS BEFORE THE DAY OF THE EVENT. PLEASE CALL (703) 255-6304, OR 711 VIRGINIA RELAY SERVICE FOR THE HEARING IMPAIRED.",Procedural
12886,2014-05-12,Invocation: The Baha’i Community of the Town of Vienna,Procedural
12887,2014-05-12,Pledge of Allegiance to the Flag of the United States of America,Procedural
12888,2014-05-12,Roll Call,Procedural
12890,2014-05-12,Receipt of petitions and communications from the Public,Procedural
12891,2014-05-12,Reports/Presentations,Procedural
12892,2014-05-12,Report and Inquiries of Council Members,Procedural
12893,2014-05-12,Report of the Town Manager,Procedural
12894,2014-05-12,Report of the Mayor,Procedural
12895,2014-05-12,Proposals for Additional Items to the Agenda,Procedural
12896,2014-05-12,Closed Session,Procedural
12897,2014-05-12,Public Hearings,Procedural
12898,2014-05-12,Regular Business,Procedural
12909,2014-05-12,Meeting Adjournment,Procedural
12910,2014-05-12,"THE TOWN OF VIENNA IS COMMITTED TO FULL COMPLIANCE WITH THE AMERICANS WITH DISABILITIES ACT STANDARDS. TRANSLATION SERVICES, ASSISTANCE OR ACCOMMODATION REQUESTS FROM PERSONS WITH DISABILITIES ARE TO BE REQUESTED NOT LESS THAN 3 WORKING DAYS BEFORE THE DAY OF THE EVENT. PLEASE CALL (703) 255-6304, OR 711 VIRGINIA RELAY SERVICE FOR THE HEARING IMPAIRED.",Procedural
12936,2014-05-12,Second Closed Session,Procedural
13117,2014-05-19,"Invocation:  Reverend Craig Burns, Vienna Assembly of God, 100 Ayr Hill Avenue, N.E.",Procedural
13118,2014-05-19,Pledge of Allegiance to the Flag of the United States of America,Procedural
13119,2014-05-19,Roll Call,Procedural
13121,2014-05-19,Receipt of petitions and communications from the Public,Procedural
13122,2014-05-19,Reports/Presentations,Procedural
13123,2014-05-19,Report and Inquiries of Council Members,Procedural
13124,2014-05-19,Report of the Town Manager,Procedural
13125,2014-05-19,Report of the Mayor,Procedural
13126,2014-05-19,Proposals for Additional Items to the Agenda,Procedural
13127,2014-05-19,Closed Session,Procedural
13129,2014-05-19,Regular Business,Procedural
13137,2014-05-19,Meeting Adjournment,Procedural
13138,2014-05-19,"THE TOWN OF VIENNA IS COMMITTED TO FULL COMPLIANCE WITH THE AMERICANS WITH DISABILITIES ACT STANDARDS. TRANSLATION SERVICES, ASSISTANCE OR ACCOMMODATION REQUESTS FROM PERSONS WITH DISABILITIES ARE TO BE REQUESTED NOT LESS THAN 3 WORKING DAYS BEFORE THE DAY OF THE EVENT. PLEASE CALL (703) 255-6304, OR 711 VIRGINIA RELAY SERVICE FOR THE HEARING IMPAIRED.",Procedural
13142,2014-05-19,Meeting Adjournment,Procedural
13143,2014-06-02,"Invocation: Reverend Johnny Kurcina, Christ Church Vienna",Procedural
13144,2014-06-02,Pledge of Allegiance to the Flag of the United States of America,Procedural
13145,2014-06-02,Roll Call,Procedural
13147,2014-06-02,Receipt of petitions and communications from the Public,Procedural
13148,2014-06-02,Reports/Presentations,Procedural
13149,2014-06-02,Report and Inquiries of Council Members,Procedural
13150,2014-06-02,Report of the Town Manager,Procedural
13151,2014-06-02,Report of the Mayor,Procedural
13152,2014-06-02,Proposals for Additional Items to the Agenda,Procedural
13153,2014-06-02,Closed Session,Procedural
13154,2014-06-02,Public Hearings,Procedural
13162,2014-06-02,Regular Business,Procedural
13179,2014-06-02,Meeting Adjournment,Procedural
13180,2014-06-02,"THE TOWN OF VIENNA IS COMMITTED TO FULL COMPLIANCE WITH THE AMERICANS WITH DISABILITIES ACT STANDARDS. TRANSLATION SERVICES, ASSISTANCE OR ACCOMMODATION REQUESTS FROM PERSONS WITH DISABILITIES ARE TO BE REQUESTED NOT LESS THAN 3 WORKING DAYS BEFORE THE DAY OF THE EVENT. PLEASE CALL (703) 255-6304, OR 711 VIRGINIA RELAY SERVICE FOR THE HEARING IMPAIRED.",Procedural
13181,2014-06-02,,Procedural
13184,2014-06-02,Report of the Mayor,Procedural
13211,2014-06-16,"Invocation: Rev. Randy Beeman, Antioch Christian Church",Procedural
13212,2014-06-16,Pledge of Allegiance to the Flag of the United States of America,Procedural
13213,2014-06-16,Roll Call,Procedural
13215,2014-06-16,Receipt of petitions and communications from the Public,Procedural
13216,2014-06-16,Reports/Presentations,Procedural
13217,2014-06-16,Report and Inquiries of Council Members,Procedural
13218,2014-06-16,Report of the Town Manager,Procedural
13219,2014-06-16,Report of the Mayor,Procedural
13220,2014-06-16,Proposals for Additional Items to the Agenda,Procedural
13221,2014-06-16,Closed Session,Procedural
13222,2014-06-16,Public Hearings,Procedural
13223,2014-06-16,Regular Business,Procedural
13242,2014-06-16,Meeting Adjournment,Procedural
13243,2014-06-16,"THE TOWN OF VIENNA IS COMMITTED TO FULL COMPLIANCE WITH THE AMERICANS WITH DISABILITIES ACT STANDARDS. TRANSLATION SERVICES, ASSISTANCE OR ACCOMMODATION REQUESTS FROM PERSONS WITH DISABILITIES ARE TO BE REQUESTED NOT LESS THAN 3 WORKING DAYS BEFORE THE DAY OF THE EVENT. PLEASE CALL (703) 255-6304, OR 711 VIRGINIA RELAY SERVICE FOR THE HEARING IMPAIRED.",Procedural
13258,2014-07-07,"Invocation: Rev. Garry Genser, Vienna Seventh-Day Adventist Church",Procedural
13259,2014-07-07,Pledge of Allegiance to the Flag of the United States of America,Procedural
13260,2014-07-07,Roll Call,Procedural
13262,2014-07-07,Receipt of petitions and communications from the Public,Procedural
13263,2014-07-07,Reports/Presentations,Procedural
13264,2014-07-07,Report and Inquiries of Council Members,Procedural
13265,2014-07-07,Report of the Town Manager,Procedural
13266,2014-07-07,Report of the Mayor,Procedural
13267,2014-07-07,Proposals for Additional Items to the Agenda,Procedural
13268,2014-07-07,Closed Session,Procedural
13269,2014-07-07,Public Hearings,Procedural
13270,2014-07-07,Regular Business,Procedural
13278,2014-07-07,Meeting Adjournment,Procedural
13279,2014-07-07,"THE TOWN OF VIENNA IS COMMITTED TO FULL COMPLIANCE WITH THE AMERICANS WITH DISABILITIES ACT STANDARDS. TRANSLATION SERVICES, ASSISTANCE OR ACCOMMODATION REQUESTS FROM PERSONS WITH DISABILITIES ARE TO BE REQUESTED NOT LESS THAN 3 WORKING DAYS BEFORE THE DAY OF THE EVENT. PLEASE CALL (703) 255-6304, OR 711 VIRGINIA RELAY SERVICE FOR THE HEARING IMPAIRED.",Procedural
13300,2014-08-18,"Invocation: Mercury Payton, Town Manager",Procedural
13301,2014-08-18,Pledge of Allegiance to the Flag of the United States of America,Procedural
13302,2014-08-18,Roll Call,Procedural
13304,2014-08-18,Receipt of petitions and communications from the Public,Procedural
13305,2014-08-18,Reports/Presentations,Procedural
13306,2014-08-18,Report and Inquiries of Council Members,Procedural
13307,2014-08-18,Report of the Town Manager,Procedural
13308,2014-08-18,Report of the Mayor,Procedural
13309,2014-08-18,Proposals for Additional Items to the Agenda,Procedural
13310,2014-08-18,Closed Session,Procedural
13311,2014-08-18,Public Hearings,Procedural
13312,2014-08-18,Regular Business,Procedural
13329,2014-08-18,Meeting Adjournment,Procedural
13330,2014-08-18,"THE TOWN OF VIENNA IS COMMITTED TO FULL COMPLIANCE WITH THE AMERICANS WITH DISABILITIES ACT STANDARDS. TRANSLATION SERVICES, ASSISTANCE OR ACCOMMODATION REQUESTS FROM PERSONS WITH DISABILITIES ARE TO BE REQUESTED NOT LESS THAN 3 WORKING DAYS BEFORE THE DAY OF THE EVENT. PLEASE CALL (703) 255-6304, OR 711 VIRGINIA RELAY SERVICE FOR THE HEARING IMPAIRED.",Procedural
13334,2014-08-18,Report of the Mayor,Procedural
13336,2014-09-08,"Invocation: Rev. Craig Burns, Vienna Assembly of God",Procedural
13337,2014-09-08,Pledge of Allegiance to the Flag of the United States of America,Procedural
13338,2014-09-08,Roll Call,Procedural
13340,2014-09-08,Receipt of petitions and communications from the Public,Procedural
13341,2014-09-08,Reports/Presentations,Procedural
13342,2014-09-08,Report and Inquiries of Council Members,Procedural
13343,2014-09-08,Report of the Town Manager,Procedural
13344,2014-09-08,Report of the Mayor,Procedural
13345,2014-09-08,Proposals for Additional Items to the Agenda,Procedural
13346,2014-09-08,Closed Session,Procedural
13347,2014-09-08,Public Hearings,Procedural
13348,2014-09-08,Regular Business,Procedural
13349,2014-09-08,"Annual Report of Delinquent Real Estate Properties as of June 30, 2014",Procedural
13362,2014-09-08,Meeting Adjournment,Procedural
13363,2014-09-08,"THE TOWN OF VIENNA IS COMMITTED TO FULL COMPLIANCE WITH THE AMERICANS WITH DISABILITIES ACT STANDARDS. TRANSLATION SERVICES, ASSISTANCE OR ACCOMMODATION REQUESTS FROM PERSONS WITH DISABILITIES ARE TO BE REQUESTED NOT LESS THAN 3 WORKING DAYS BEFORE THE DAY OF THE EVENT. PLEASE CALL (703) 255-6304, OR 711 VIRGINIA RELAY SERVICE FOR THE HEARING IMPAIRED.",Procedural
13387,2014-09-22,"Invocation: Rev. Dr. Clevester Hawkins, First Baptist Church",Procedural
13388,2014-09-22,Pledge of Allegiance to the Flag of the United States of America,Procedural
13389,2014-09-22,Roll Call,Procedural
13391,2014-09-22,Receipt of petitions and communications from the Public,Procedural
13392,2014-09-22,Reports/Presentations,Procedural
13393,2014-09-22,Report and Inquiries of Council Members,Procedural
13394,2014-09-22,Report of the Town Manager,Procedural
13395,2014-09-22,Report of the Mayor,Procedural
13396,2014-09-22,Proposals for Additional Items to the Agenda,Procedural
13397,2014-09-22,Closed Session,Procedural
13398,2014-09-22,Public Hearings,Procedural
13399,2014-09-22,Regular Business,Procedural
13416,2014-09-22,Meeting Adjournment,Procedural
13417,2014-09-22,"THE TOWN OF VIENNA IS COMMITTED TO FULL COMPLIANCE WITH THE AMERICANS WITH DISABILITIES ACT STANDARDS. TRANSLATION SERVICES, ASSISTANCE OR ACCOMMODATION REQUESTS FROM PERSONS WITH DISABILITIES ARE TO BE REQUESTED NOT LESS THAN 3 WORKING DAYS BEFORE THE DAY OF THE EVENT. PLEASE CALL (703) 255-6304, OR 711 VIRGINIA RELAY SERVICE FOR THE HEARING IMPAIRED.",Procedural
13419,2014-10-20,"Invocation: Rev. Randy Beeman, Antioch Christian Church",Procedural
13420,2014-10-20,Pledge of Allegiance to the Flag of the United States of America,Procedural
13421,2014-10-20,Roll Call,Procedural
13423,2014-10-20,Receipt of petitions and communications from the Public,Procedural
13424,2014-10-20,Reports/Presentations,Procedural
13425,2014-10-20,Report and Inquiries of Council Members,Procedural
13426,2014-10-20,Report of the Town Manager,Procedural
13427,2014-10-20,Report of the Mayor,Procedural
13428,2014-10-20,Proposals for Additional Items to the Agenda,Procedural
13429,2014-10-20,Closed Session,Procedural
13430,2014-10-20,Public Hearings,Procedural
13431,2014-10-20,Regular Business,Procedural
13448,2014-10-20,Meeting Adjournment,Procedural
13449,2014-10-20,"THE TOWN OF VIENNA IS COMMITTED TO FULL COMPLIANCE WITH THE AMERICANS WITH DISABILITIES ACT STANDARDS. TRANSLATION SERVICES, ASSISTANCE OR ACCOMMODATION REQUESTS FROM PERSONS WITH DISABILITIES ARE TO BE REQUESTED NOT LESS THAN 3 WORKING DAYS BEFORE THE DAY OF THE EVENT. PLEASE CALL (703) 255-6304, OR 711 VIRGINIA RELAY SERVICE FOR THE HEARING IMPAIRED.",Procedural
13470,2014-10-27,"Invocation: Rev. Corky Eddins, Christ Church Vienna",Procedural
13471,2014-10-27,Pledge of Allegiance to the Flag of the United States of America,Procedural
13472,2014-10-27,Roll Call,Procedural
13474,2014-10-27,Receipt of petitions and communications from the Public,Procedural
13475,2014-10-27,Reports/Presentations,Procedural
13476,2014-10-27,Report and Inquiries of Council Members,Procedural
13477,2014-10-27,Report of the Town Manager,Procedural
13478,2014-10-27,Report of the Mayor,Procedural
13479,2014-10-27,Proposals for Additional Items to the Agenda,Procedural
13480,2014-10-27,Closed Session,Procedural
13481,2014-10-27,Public Hearings,Procedural
13482,2014-10-27,Regular Business,Procedural
13492,2014-10-27,Meeting Adjournment,Procedural
13493,2014-10-27,"THE TOWN OF VIENNA IS COMMITTED TO FULL COMPLIANCE WITH THE AMERICANS WITH DISABILITIES ACT STANDARDS. TRANSLATION SERVICES, ASSISTANCE OR ACCOMMODATION REQUESTS FROM PERSONS WITH DISABILITIES ARE TO BE REQUESTED NOT LESS THAN 3 WORKING DAYS BEFORE THE DAY OF THE EVENT. PLEASE CALL (703) 255-6304, OR 711 VIRGINIA RELAY SERVICE FOR THE HEARING IMPAIRED.",Procedural
13497,2014-11-03,"Invocation: John Russo, Vienna Baha'i Community",Procedural
13498,2014-11-03,Pledge of Allegiance to the Flag of the United States of America,Procedural
13499,2014-11-03,Roll Call,Procedural
13501,2014-11-03,Receipt of petitions and communications from the Public,Procedural
13502,2014-11-03,Reports/Presentations,Procedural
13503,2014-11-03,Report and Inquiries of Council Members,Procedural
13504,2014-11-03,Report of the Town Manager,Procedural
13505,2014-11-03,Report of the Mayor,Procedural
13506,2014-11-03,Proposals for Additional Items to the Agenda,Procedural
13507,2014-11-03,Closed Session,Procedural
13508,2014-11-03,Public Hearings,Procedural
13509,2014-11-03,Regular Business,Procedural
13514,2014-11-03,Meeting Adjournment,Procedural
13515,2014-11-03,"THE TOWN OF VIENNA IS COMMITTED TO FULL COMPLIANCE WITH THE AMERICANS WITH DISABILITIES ACT STANDARDS. TRANSLATION SERVICES, ASSISTANCE OR ACCOMMODATION REQUESTS FROM PERSONS WITH DISABILITIES ARE TO BE REQUESTED NOT LESS THAN 3 WORKING DAYS BEFORE THE DAY OF THE EVENT. PLEASE CALL (703) 255-6304, OR 711 VIRGINIA RELAY SERVICE FOR THE HEARING IMPAIRED.",Procedural
13987,2014-11-03,Closed Session,Procedural
13988,2014-11-17,"Invocation: Reverend Garry Genser, Vienna Seventh-day Adventist Church",Procedural
13989,2014-11-17,Pledge of Allegiance to the Flag of the United States of America,Procedural
13990,2014-11-17,Roll Call,Procedural
13992,2014-11-17,Receipt of petitions and communications from the Public,Procedural
13993,2014-11-17,Reports/Presentations,Procedural
13994,2014-11-17,Report and Inquiries of Council Members,Procedural
13995,2014-11-17,Report of the Town Manager,Procedural
13996,2014-11-17,Report of the Mayor,Procedural
13997,2014-11-17,Proposals for Additional Items to the Agenda,Procedural
13998,2014-11-17,Closed Session,Procedural
13999,2014-11-17,Public Hearings,Procedural
14000,2014-11-17,Regular Business,Procedural
14014,2014-11-17,Meeting Adjournment,Procedural
14015,2014-11-17,"THE TOWN OF VIENNA IS COMMITTED TO FULL COMPLIANCE WITH THE AMERICANS WITH DISABILITIES ACT STANDARDS. TRANSLATION SERVICES, ASSISTANCE OR ACCOMMODATION REQUESTS FROM PERSONS WITH DISABILITIES ARE TO BE REQUESTED NOT LESS THAN 3 WORKING DAYS BEFORE THE DAY OF THE EVENT. PLEASE CALL (703) 255-6304, OR 711 VIRGINIA RELAY SERVICE FOR THE HEARING IMPAIRED.",Procedural
14045,2014-12-15,Invocation: Councilmember Emil Attanasi,Procedural
14046,2014-12-15,Pledge of Allegiance to the Flag of the United States of America,Procedural
14047,2014-12-15,Roll Call,Procedural
14049,2014-12-15,Receipt of petitions and communications from the Public,Procedural
14050,2014-12-15,Reports/Presentations,Procedural
14051,2014-12-15,Report and Inquiries of Council Members,Procedural
14052,2014-12-15,Report of the Town Manager,Procedural
14053,2014-12-15,Report of the Mayor,Procedural
14054,2014-12-15,Proposals for Additional Items to the Agenda,Procedural
14055,2014-12-15,Closed Session,Procedural
14056,2014-12-15,Public Hearings,Procedural
14057,2014-12-15,Regular Business,Procedural
14067,2014-12-15,Meeting Adjournment,Procedural
14068,2014-12-15,"THE TOWN OF VIENNA IS COMMITTED TO FULL COMPLIANCE WITH THE AMERICANS WITH DISABILITIES ACT STANDARDS. TRANSLATION SERVICES, ASSISTANCE OR ACCOMMODATION REQUESTS FROM PERSONS WITH DISABILITIES ARE TO BE REQUESTED NOT LESS THAN 3 WORKING DAYS BEFORE THE DAY OF THE EVENT. PLEASE CALL (703) 255-6304, OR 711 VIRGINIA RELAY SERVICE FOR THE HEARING IMPAIRED.",Procedural
14075,2014-12-15,Second Closed Session,Procedural
14076,2015-01-05,"Invocation: Reverend Craig Burns, Vienna Assembly of God",Procedural
14077,2015-01-05,Pledge of Allegiance to the Flag of the United States of America,Procedural
14078,2015-01-05,Roll Call,Procedural
14080,2015-01-05,Receipt of petitions and communications from the Public,Procedural
14081,2015-01-05,Reports/Presentations,Procedural
14082,2015-01-05,Report and Inquiries of Council Members,Procedural
14083,2015-01-05,Report of the Town Manager,Procedural
14084,2015-01-05,Report of the Mayor,Procedural
14085,2015-01-05,Proposals for Additional Items to the Agenda,Procedural
14086,2015-01-05,Closed Session,Procedural
14087,2015-01-05,Public Hearings,Procedural
14088,2015-01-05,Regular Business,Procedural
14094,2015-01-05,Meeting Adjournment,Procedural
14095,2015-01-05,"THE TOWN OF VIENNA IS COMMITTED TO FULL COMPLIANCE WITH THE AMERICANS WITH DISABILITIES ACT STANDARDS. TRANSLATION SERVICES, ASSISTANCE OR ACCOMMODATION REQUESTS FROM PERSONS WITH DISABILITIES ARE TO BE REQUESTED NOT LESS THAN 3 WORKING DAYS BEFORE THE DAY OF THE EVENT. PLEASE CALL (703) 255-6304, OR 711 VIRGINIA RELAY SERVICE FOR THE HEARING IMPAIRED.",Procedural
14096,2015-01-05,Second Closed Session,Procedural
14100,2015-01-26,"Invocation: Reverend Craig Burns, Vienna Assembly of God",Procedural
14101,2015-01-26,Pledge of Allegiance to the Flag of the United States of America,Procedural
14102,2015-01-26,Roll Call,Procedural
14104,2015-01-26,Receipt of petitions and communications from the Public,Procedural
14105,2015-01-26,Reports/Presentations,Procedural
14106,2015-01-26,Report and Inquiries of Council Members,Procedural
14107,2015-01-26,Report of the Town Manager,Procedural
14108,2015-01-26,Report of the Mayor,Procedural
14109,2015-01-26,Proposals for Additional Items to the Agenda,Procedural
14110,2015-01-26,Closed Session,Procedural
14111,2015-01-26,Public Hearings,Procedural
14112,2015-01-26,Regular Business,Procedural
14120,2015-01-26,Meeting Adjournment,Procedural
14121,2015-01-26,"THE TOWN OF VIENNA IS COMMITTED TO FULL COMPLIANCE WITH THE AMERICANS WITH DISABILITIES ACT STANDARDS. TRANSLATION SERVICES, ASSISTANCE OR ACCOMMODATION REQUESTS FROM PERSONS WITH DISABILITIES ARE TO BE REQUESTED NOT LESS THAN 3 WORKING DAYS BEFORE THE DAY OF THE EVENT. PLEASE CALL (703) 255-6304, OR 711 VIRGINIA RELAY SERVICE FOR THE HEARING IMPAIRED.",Procedural
14177,2015-01-26,Second Closed Session,Procedural
14125,2015-02-02,"Invocation: The Reverend Corky Eddins, Christ Church Vienna",Procedural
14126,2015-02-02,Pledge of Allegiance to the Flag of the United States of America,Procedural
14127,2015-02-02,Roll Call,Procedural
14129,2015-02-02,Receipt of petitions and communications from the Public,Procedural
14130,2015-02-02,Reports/Presentations,Procedural
14131,2015-02-02,Report and Inquiries of Council Members,Procedural
14132,2015-02-02,Report of the Town Manager,Procedural
14133,2015-02-02,Report of the Mayor,Procedural
14134,2015-02-02,Proposals for Additional Items to the Agenda,Procedural
14135,2015-02-02,Closed Session,Procedural
14136,2015-02-02,Public Hearings,Procedural
14137,2015-02-02,Regular Business,Procedural
14144,2015-02-02,Meeting Adjournment,Procedural
14145,2015-02-02,"THE TOWN OF VIENNA IS COMMITTED TO FULL COMPLIANCE WITH THE AMERICANS WITH DISABILITIES ACT STANDARDS. TRANSLATION SERVICES, ASSISTANCE OR ACCOMMODATION REQUESTS FROM PERSONS WITH DISABILITIES ARE TO BE REQUESTED NOT LESS THAN 3 WORKING DAYS BEFORE THE DAY OF THE EVENT. PLEASE CALL (703) 255-6304, OR 711 VIRGINIA RELAY SERVICE FOR THE HEARING IMPAIRED.",Procedural
14148,2015-02-02,Second Closed Session.,Procedural
14149,2015-02-02,Closed Session,Procedural
14178,2015-02-23,"Invocation: Rev. Johnny Kurcina, Christ Church Vienna",Procedural
14179,2015-02-23,Pledge of Allegiance to the Flag of the United States of America,Procedural
14180,2015-02-23,Roll Call,Procedural
14182,2015-02-23,Receipt of petitions and communications from the Public,Procedural
14183,2015-02-23,Reports/Presentations,Procedural
14184,2015-02-23,Report and Inquiries of Council Members,Procedural
14185,2015-02-23,Report of the Town Manager,Procedural
14186,2015-02-23,Report of the Mayor,Procedural
14187,2015-02-23,Proposals for Additional Items to the Agenda,Procedural
14188,2015-02-23,Closed Session,Procedural
14189,2015-02-23,Public Hearings,Procedural
14190,2015-02-23,Regular Business,Procedural
14199,2015-02-23,Meeting Adjournment,Procedural
14200,2015-02-23,"THE TOWN OF VIENNA IS COMMITTED TO FULL COMPLIANCE WITH THE AMERICANS WITH DISABILITIES ACT STANDARDS. TRANSLATION SERVICES, ASSISTANCE OR ACCOMMODATION REQUESTS FROM PERSONS WITH DISABILITIES ARE TO BE REQUESTED NOT LESS THAN 3 WORKING DAYS BEFORE THE DAY OF THE EVENT. PLEASE CALL (703) 255-6304, OR 711 VIRGINIA RELAY SERVICE FOR THE HEARING IMPAIRED.",Procedural
14312,2015-04-13,"Invocation: Reverend Craig Burns, Vienna Assembly of God",Procedural
14313,2015-04-13,Pledge of Allegiance to the Flag of the United States of America,Procedural
14314,2015-04-13,Roll Call,Procedural
14316,2015-04-13,Receipt of petitions and communications from the Public,Procedural
14317,2015-04-13,Reports/Presentations,Procedural
14318,2015-04-13,Report and Inquiries of Council Members,Procedural
14319,2015-04-13,Report of the Town Manager,Procedural
14320,2015-04-13,Report of the Mayor,Procedural
14321,2015-04-13,Proposals for Additional Items to the Agenda,Procedural
14322,2015-04-13,Closed Session,Procedural
14323,2015-04-13,Public Hearings,Procedural
14324,2015-04-13,Regular Business,Procedural
14340,2015-04-13,Meeting Adjournment,Procedural
14341,2015-04-13,"THE TOWN OF VIENNA IS COMMITTED TO FULL COMPLIANCE WITH THE AMERICANS WITH DISABILITIES ACT STANDARDS. TRANSLATION SERVICES, ASSISTANCE OR ACCOMMODATION REQUESTS FROM PERSONS WITH DISABILITIES ARE TO BE REQUESTED NOT LESS THAN 3 WORKING DAYS BEFORE THE DAY OF THE EVENT. PLEASE CALL (703) 255-6304, OR 711 VIRGINIA RELAY SERVICE FOR THE HEARING IMPAIRED.",Procedural
14375,2015-04-27,"Invocation: Reverend Dr. Beth Spitzner-Neubauer, Emmanual Lutheran Church, 2589 Chain Bridge Road",Procedural
14376,2015-04-27,Pledge of Allegiance to the Flag of the United States of America,Procedural
14377,2015-04-27,Roll Call,Procedural
14379,2015-04-27,Receipt of petitions and communications from the Public,Procedural
14380,2015-04-27,Reports/Presentations,Procedural
14381,2015-04-27,Report and Inquiries of Council Members,Procedural
14382,2015-04-27,Report of the Town Manager,Procedural
14383,2015-04-27,Report of the Mayor,Procedural
14384,2015-04-27,Proposals for Additional Items to the Agenda,Procedural
14385,2015-04-27,Closed Session,Procedural
14386,2015-04-27,Public Hearings,Procedural
14387,2015-04-27,Regular Business,Procedural
14402,2015-04-27,"THE TOWN OF VIENNA IS COMMITTED TO FULL COMPLIANCE WITH THE AMERICANS WITH DISABILITIES ACT STANDARDS. TRANSLATION SERVICES, ASSISTANCE OR ACCOMMODATION REQUESTS FROM PERSONS WITH DISABILITIES ARE TO BE REQUESTED NOT LESS THAN 3 WORKING DAYS BEFORE THE DAY OF THE EVENT. PLEASE CALL (703) 255-6304, OR 711 VIRGINIA RELAY SERVICE FOR THE HEARING IMPAIRED.",Procedural
14444,2015-04-27,Meeting Adjournment,Procedural
14409,2015-05-11,Invocation: Cantor Rachel Rhodes of Temple Rodef Shalom,Procedural
14410,2015-05-11,Pledge of Allegiance to the Flag of the United States of America,Procedural
14411,2015-05-11,Roll Call,Procedural
14413,2015-05-11,Receipt of petitions and communications from the Public,Procedural
14414,2015-05-11,Reports/Presentations,Procedural
14415,2015-05-11,Report and Inquiries of Council Members,Procedural
14416,2015-05-11,Report of the Town Manager,Procedural
14417,2015-05-11,Report of the Mayor,Procedural
14418,2015-05-11,Proposals for Additional Items to the Agenda,Procedural
14419,2015-05-11,Closed Session,Procedural
14420,2015-05-11,Public Hearings,Procedural
14421,2015-05-11,Regular Business,Procedural
14432,2015-05-11,Meeting Adjournment,Procedural
14433,2015-05-11,,Procedural
14450,2015-06-01,"Invocation: Councilman Emil D. Attanasi, Town of Vienna",Procedural
14451,2015-06-01,Pledge of Allegiance to the Flag of the United States of America,Procedural
14452,2015-06-01,Roll Call,Procedural
14454,2015-06-01,Receipt of petitions and communications from the Public,Procedural
14455,2015-06-01,Reports/Presentations,Procedural
14456,2015-06-01,Report and Inquiries of Council Members,Procedural
14457,2015-06-01,Report of the Town Manager,Procedural
14458,2015-06-01,Report of the Mayor,Procedural
14459,2015-06-01,Proposals for Additional Items to the Agenda,Procedural
14460,2015-06-01,Closed Session,Procedural
14461,2015-06-01,Public Hearings,Procedural
14462,2015-06-01,Regular Business,Procedural
14480,2015-06-01,Meeting Adjournment,Procedural
14481,2015-06-01,"THE TOWN OF VIENNA IS COMMITTED TO FULL COMPLIANCE WITH THE AMERICANS WITH DISABILITIES ACT STANDARDS. TRANSLATION SERVICES, ASSISTANCE OR ACCOMMODATION REQUESTS FROM PERSONS WITH DISABILITIES ARE TO BE REQUESTED NOT LESS THAN 3 WORKING DAYS BEFORE THE DAY OF THE EVENT. PLEASE CALL (703) 255-6304, OR 711 VIRGINIA RELAY SERVICE FOR THE HEARING IMPAIRED.",Procedural
14531,2015-06-08,Roll Call,Procedural
14542,2015-06-08,Regular Business,Procedural
14544,2015-06-08,Set a Closed Session for Board and Commission Interviews.,Procedural
14545,2015-06-08,Meeting Adjournment,Procedural
14550,2015-07-06,"Invocation:Reverend Corky Eddins, Christ Church Vienna",Procedural
14551,2015-07-06,Pledge of Allegiance to the Flag of the United States of America,Procedural
14552,2015-07-06,Roll Call,Procedural
14554,2015-07-06,Receipt of petitions and communications from the Public,Procedural
14555,2015-07-06,Reports/Presentations,Procedural
14556,2015-07-06,Report and Inquiries of Council Members,Procedural
14557,2015-07-06,Report of the Town Manager,Procedural
14558,2015-07-06,Report of the Mayor,Procedural
14559,2015-07-06,Proposals for Additional Items to the Agenda,Procedural
14560,2015-07-06,Closed Session,Procedural
14561,2015-07-06,Public Hearings,Procedural
14563,2015-07-06,Regular Business,Procedural
14583,2015-07-06,Meeting Adjournment,Procedural
14645,2015-09-14,"Invocation: John Russo, Local Spiritual Assembly of the Baha'is.",Procedural
14646,2015-09-14,Pledge of Allegiance to the Flag of the United States of America,Procedural
14647,2015-09-14,Roll Call,Procedural
14649,2015-09-14,Receipt of petitions and communications from the Public,Procedural
14650,2015-09-14,Reports/Presentations,Procedural
14651,2015-09-14,Report and Inquiries of Council Members,Procedural
14652,2015-09-14,Report of the Town Manager,Procedural
14653,2015-09-14,Report of the Mayor,Procedural
14654,2015-09-14,Proposals for Additional Items to the Agenda,Procedural
14655,2015-09-14,Closed Session,Procedural
14656,2015-09-14,Public Hearings,Procedural
14658,2015-09-14,Regular Business,Procedural
14668,2015-09-14,Meeting Adjournment,Procedural
14669,2015-09-14,"THE TOWN OF VIENNA IS COMMITTED TO FULL COMPLIANCE WITH THE AMERICANS WITH DISABILITIES ACT STANDARDS. TRANSLATION SERVICES, ASSISTANCE OR ACCOMMODATION REQUESTS FROM PERSONS WITH DISABILITIES ARE TO BE REQUESTED NOT LESS THAN 3 WORKING DAYS BEFORE THE DAY OF THE EVENT. PLEASE CALL (703) 255-6304, OR 711 VIRGINIA RELAY SERVICE FOR THE HEARING IMPAIRED.",Procedural
14688,2015-09-14,Rollcall,Procedural
14689,2015-09-28,"Invocation: Reverend Johnny Kurcina, Christ Church Vienna",Procedural
14690,2015-09-28,Pledge of Allegiance to the Flag of the United States of America,Procedural
14691,2015-09-28,Roll Call,Procedural
14693,2015-09-28,Receipt of petitions and communications from the Public,Procedural
14694,2015-09-28,Reports/Presentations,Procedural
14695,2015-09-28,Report and Inquiries of Council Members,Procedural
14696,2015-09-28,Report of the Town Manager,Procedural
14697,2015-09-28,Report of the Mayor,Procedural
14698,2015-09-28,Proposals for Additional Items to the Agenda,Procedural
14699,2015-09-28,Closed Session,Procedural
14702,2015-09-28,Regular Business,Procedural
14717,2015-09-28,Meeting Adjournment,Procedural
14718,2015-09-28,"THE TOWN OF VIENNA IS COMMITTED TO FULL COMPLIANCE WITH THE AMERICANS WITH DISABILITIES ACT STANDARDS. TRANSLATION SERVICES, ASSISTANCE OR ACCOMMODATION REQUESTS FROM PERSONS WITH DISABILITIES ARE TO BE REQUESTED NOT LESS THAN 3 WORKING DAYS BEFORE THE DAY OF THE EVENT. PLEASE CALL (703) 255-6304, OR 711 VIRGINIA RELAY SERVICE FOR THE HEARING IMPAIRED.",Procedural
14720,2015-10-19,"Invocation: John Russo, Local Spiritual Assembly of the Bahai', Vienna",Procedural
14721,2015-10-19,Pledge of Allegiance to the Flag of the United States of America,Procedural
14722,2015-10-19,Roll Call,Procedural
14724,2015-10-19,Receipt of petitions and communications from the Public,Procedural
14725,2015-10-19,Reports/Presentations,Procedural
14726,2015-10-19,Report and Inquiries of Council Members,Procedural
14727,2015-10-19,Report of the Town Manager,Procedural
14728,2015-10-19,Report of the Mayor,Procedural
14729,2015-10-19,Proposals for Additional Items to the Agenda,Procedural
14730,2015-10-19,Closed Session,Procedural
14733,2015-10-19,Regular Business,Procedural
14744,2015-10-19,Meeting Adjournment,Procedural
14745,2015-10-19,"THE TOWN OF VIENNA IS COMMITTED TO FULL COMPLIANCE WITH THE AMERICANS WITH DISABILITIES ACT STANDARDS. TRANSLATION SERVICES, ASSISTANCE OR ACCOMMODATION REQUESTS FROM PERSONS WITH DISABILITIES ARE TO BE REQUESTED NOT LESS THAN 3 WORKING DAYS BEFORE THE DAY OF THE EVENT. PLEASE CALL (703) 255-6304, OR 711 VIRGINIA RELAY SERVICE FOR THE HEARING IMPAIRED.",Procedural
14771,2015-11-02,"Invocation: Reverend Johnny Kurcina, Christ Church Vienna",Procedural
14772,2015-11-02,Pledge of Allegiance to the Flag of the United States of America,Procedural
14773,2015-11-02,Roll Call,Procedural
14775,2015-11-02,Receipt of petitions and communications from the Public,Procedural
14776,2015-11-02,Reports/Presentations,Procedural
14777,2015-11-02,Report and Inquiries of Council Members,Procedural
14778,2015-11-02,Report of the Town Manager,Procedural
14779,2015-11-02,Report of the Mayor,Procedural
14780,2015-11-02,Proposals for Additional Items to the Agenda,Procedural
14781,2015-11-02,Closed Session,Procedural
14784,2015-11-02,Regular Business,Procedural
14791,2015-11-02,Meeting Adjournment,Procedural
14792,2015-11-02,"THE TOWN OF VIENNA IS COMMITTED TO FULL COMPLIANCE WITH THE AMERICANS WITH DISABILITIES ACT STANDARDS. TRANSLATION SERVICES, ASSISTANCE OR ACCOMMODATION REQUESTS FROM PERSONS WITH DISABILITIES ARE TO BE REQUESTED NOT LESS THAN 3 WORKING DAYS BEFORE THE DAY OF THE EVENT. PLEASE CALL (703) 255-6304, OR 711 VIRGINIA RELAY SERVICE FOR THE HEARING IMPAIRED.",Procedural
14793,2015-11-02,Report and Inquiries of Council Members,Procedural
14874,2015-12-14,Invocation: Mr. Iman Ferdowski of the Local Spiritual Assembly of the Baha'is of the Town of Vienna,Procedural
14875,2015-12-14,Pledge of Allegiance to the Flag of the United States of America,Procedural
14876,2015-12-14,Roll Call,Procedural
14878,2015-12-14,Receipt of petitions and communications from the Public,Procedural
14879,2015-12-14,Reports/Presentations,Procedural
14880,2015-12-14,Report and Inquiries of Council Members,Procedural
14881,2015-12-14,Report of the Town Manager,Procedural
14882,2015-12-14,Report of the Mayor,Procedural
14883,2015-12-14,Proposals for Additional Items to the Agenda,Procedural
14884,2015-12-14,Closed Session,Procedural
14887,2015-12-14,Regular Business,Procedural
14898,2015-12-14,Meeting Adjournment,Procedural
14899,2015-12-14,"THE TOWN OF VIENNA IS COMMITTED TO FULL COMPLIANCE WITH THE AMERICANS WITH DISABILITIES ACT STANDARDS. TRANSLATION SERVICES, ASSISTANCE OR ACCOMMODATION REQUESTS FROM PERSONS WITH DISABILITIES ARE TO BE REQUESTED NOT LESS THAN 3 WORKING DAYS BEFORE THE DAY OF THE EVENT. PLEASE CALL (703) 255-6304, OR 711 VIRGINIA RELAY SERVICE FOR THE HEARING IMPAIRED.",Procedural
14906,2015-12-14,Second Closed Session,Procedural
14907,2016-01-04,"Invocation: Reverend Johnny Kurcina, Christ Church Vienna",Procedural
14908,2016-01-04,Pledge of Allegiance to the Flag of the United States of America,Procedural
14909,2016-01-04,Roll Call,Procedural
14911,2016-01-04,Receipt of petitions and communications from the Public,Procedural
14912,2016-01-04,Reports/Presentations,Procedural
14913,2016-01-04,Report and Inquiries of Council Members,Procedural
14914,2016-01-04,Report of the Town Manager,Procedural
14915,2016-01-04,Report of the Mayor,Procedural
14916,2016-01-04,Proposals for Additional Items to the Agenda,Procedural
14917,2016-01-04,Closed Session,Procedural
14920,2016-01-04,Regular Business,Procedural
14924,2016-01-04,Meeting Adjournment,Procedural
14970,2016-01-25,"Invocation: Pastor Garry Genser, Vienna Seventh-Day Adventist Church",Procedural
14971,2016-01-25,Pledge of Allegiance to the Flag of the United States of America,Procedural
14972,2016-01-25,Roll Call,Procedural
14974,2016-01-25,Receipt of petitions and communications from the Public,Procedural
14975,2016-01-25,Reports/Presentations,Procedural
14976,2016-01-25,Report and Inquiries of Council Members,Procedural
14977,2016-01-25,Report of the Town Manager,Procedural
14978,2016-01-25,Report of the Mayor,Procedural
14979,2016-01-25,Proposals for Additional Items to the Agenda,Procedural
14980,2016-01-25,Closed Session,Procedural
14983,2016-01-25,Regular Business,Procedural
14992,2016-01-25,Meeting Adjournment,Procedural
14993,2016-01-25,"THE TOWN OF VIENNA IS COMMITTED TO FULL COMPLIANCE WITH THE AMERICANS WITH DISABILITIES ACT STANDARDS. TRANSLATION SERVICES, ASSISTANCE OR ACCOMMODATION REQUESTS FROM PERSONS WITH DISABILITIES ARE TO BE REQUESTED NOT LESS THAN 3 WORKING DAYS BEFORE THE DAY OF THE EVENT. PLEASE CALL (703) 255-6304, OR 711 VIRGINIA RELAY SERVICE FOR THE HEARING IMPAIRED.",Procedural
14994,2016-02-01,"Invocation: Reverend Craig Burns, Vienna Assembly of God",Procedural
14995,2016-02-01,Pledge of Allegiance to the Flag of the United States of America,Procedural
14996,2016-02-01,Roll Call,Procedural
14998,2016-02-01,Receipt of petitions and communications from the Public,Procedural
14999,2016-02-01,Reports/Presentations,Procedural
15000,2016-02-01,Report and Inquiries of Council Members,Procedural
15001,2016-02-01,Report of the Town Manager,Procedural
15002,2016-02-01,Report of the Mayor,Procedural
15003,2016-02-01,Proposals for Additional Items to the Agenda,Procedural
15004,2016-02-01,Closed Session,Procedural
15007,2016-02-01,Regular Business,Procedural
15021,2016-02-01,Meeting Adjournment,Procedural
15022,2016-02-01,"THE TOWN OF VIENNA IS COMMITTED TO FULL COMPLIANCE WITH THE AMERICANS WITH DISABILITIES ACT STANDARDS. TRANSLATION SERVICES, ASSISTANCE OR ACCOMMODATION REQUESTS FROM PERSONS WITH DISABILITIES ARE TO BE REQUESTED NOT LESS THAN 3 WORKING DAYS BEFORE THE DAY OF THE EVENT. PLEASE CALL (703) 255-6304, OR 711 VIRGINIA RELAY SERVICE FOR THE HEARING IMPAIRED.",Procedural
15049,2016-02-01,Second Closed Session,Procedural
15051,2016-02-22,Invocation: Pastor Garry Genser of Vienna Seventh-Day Adventist Church,Procedural
15052,2016-02-22,Pledge of Allegiance to the Flag of the United States of America,Procedural
15053,2016-02-22,Roll Call,Procedural
15055,2016-02-22,Receipt of petitions and communications from the Public,Procedural
15056,2016-02-22,Reports/Presentations,Procedural
15057,2016-02-22,Report and Inquiries of Council Members,Procedural
15058,2016-02-22,Report of the Town Manager,Procedural
15059,2016-02-22,Report of the Mayor,Procedural
15060,2016-02-22,Proposals for Additional Items to the Agenda,Procedural
15061,2016-02-22,Closed Session,Procedural
15062,2016-02-22,Public Hearings,Procedural
15064,2016-02-22,Regular Business,Procedural
15069,2016-02-22,Meeting Adjournment,Procedural
15070,2016-02-22,"THE TOWN OF VIENNA IS COMMITTED TO FULL COMPLIANCE WITH THE AMERICANS WITH DISABILITIES ACT STANDARDS. TRANSLATION SERVICES, ASSISTANCE OR ACCOMMODATION REQUESTS FROM PERSONS WITH DISABILITIES ARE TO BE REQUESTED NOT LESS THAN 3 WORKING DAYS BEFORE THE DAY OF THE EVENT. PLEASE CALL (703) 255-6304, OR 711 VIRGINIA RELAY SERVICE FOR THE HEARING IMPAIRED.",Procedural
15106,2016-02-22,Second Closed Session,Procedural
15076,2016-03-07,"Invocation: Dr. Beth Neubauer, Emmanuel Lutheran Church",Procedural
15077,2016-03-07,Pledge of Allegiance to the Flag of the United States of America,Procedural
15078,2016-03-07,Roll Call,Procedural
15080,2016-03-07,Receipt of petitions and communications from the Public,Procedural
15081,2016-03-07,Reports/Presentations,Procedural
15082,2016-03-07,Report and Inquiries of Council Members,Procedural
15083,2016-03-07,Report of the Town Manager,Procedural
15084,2016-03-07,Report of the Mayor,Procedural
15085,2016-03-07,Proposals for Additional Items to the Agenda,Procedural
15086,2016-03-07,Closed Session,Procedural
15087,2016-03-07,Public Hearings,Procedural
15089,2016-03-07,Regular Business,Procedural
15099,2016-03-07,Meeting Adjournment,Procedural
15100,2016-03-07,"THE TOWN OF VIENNA IS COMMITTED TO FULL COMPLIANCE WITH THE AMERICANS WITH DISABILITIES ACT STANDARDS. TRANSLATION SERVICES, ASSISTANCE OR ACCOMMODATION REQUESTS FROM PERSONS WITH DISABILITIES ARE TO BE REQUESTED NOT LESS THAN 3 WORKING DAYS BEFORE THE DAY OF THE EVENT. PLEASE CALL (703) 255-6304, OR 711 VIRGINIA RELAY SERVICE FOR THE HEARING IMPAIRED.",Procedural
15163,2016-04-04,"Invocation: Reverend Corky Eddins, Christ Church Vienna",Procedural
15164,2016-04-04,Pledge of Allegiance to the Flag of the United States of America,Procedural
15165,2016-04-04,Roll Call,Procedural
15167,2016-04-04,Receipt of petitions and communications from the Public,Procedural
15168,2016-04-04,Reports/Presentations,Procedural
15169,2016-04-04,Report and Inquiries of Council Members,Procedural
15170,2016-04-04,Report of the Town Manager,Procedural
15171,2016-04-04,Report of the Mayor,Procedural
15172,2016-04-04,Proposals for Additional Items to the Agenda,Procedural
15173,2016-04-04,Closed Session,Procedural
15174,2016-04-04,Public Hearings,Procedural
15176,2016-04-04,Regular Business,Procedural
15191,2016-04-04,Meeting Adjournment,Procedural
15192,2016-04-04,"THE TOWN OF VIENNA IS COMMITTED TO FULL COMPLIANCE WITH THE AMERICANS WITH DISABILITIES ACT STANDARDS. TRANSLATION SERVICES, ASSISTANCE OR ACCOMMODATION REQUESTS FROM PERSONS WITH DISABILITIES ARE TO BE REQUESTED NOT LESS THAN 3 WORKING DAYS BEFORE THE DAY OF THE EVENT. PLEASE CALL (703) 255-6304, OR 711 VIRGINIA RELAY SERVICE FOR THE HEARING IMPAIRED.",Procedural
15252,2016-04-18,Invocation: Councilwoman Edythe Frankel Kelleher,Procedural
15253,2016-04-18,Pledge of Allegiance to the Flag of the United States of America,Procedural
15254,2016-04-18,Roll Call,Procedural
15256,2016-04-18,Receipt of petitions and communications from the Public,Procedural
15257,2016-04-18,Reports/Presentations,Procedural
15258,2016-04-18,Report and Inquiries of Council Members,Procedural
15259,2016-04-18,Report of the Town Manager,Procedural
15260,2016-04-18,Report of the Mayor,Procedural
15261,2016-04-18,Proposals for Additional Items to the Agenda,Procedural
15262,2016-04-18,Closed Session,Procedural
15263,2016-04-18,Public Hearings,Procedural
15265,2016-04-18,Regular Business,Procedural
15282,2016-04-18,Meeting Adjournment,Procedural
15283,2016-04-18,"THE TOWN OF VIENNA IS COMMITTED TO FULL COMPLIANCE WITH THE AMERICANS WITH DISABILITIES ACT STANDARDS. TRANSLATION SERVICES, ASSISTANCE OR ACCOMMODATION REQUESTS FROM PERSONS WITH DISABILITIES ARE TO BE REQUESTED NOT LESS THAN 3 WORKING DAYS BEFORE THE DAY OF THE EVENT. PLEASE CALL (703) 255-6304, OR 711 VIRGINIA RELAY SERVICE FOR THE HEARING IMPAIRED.",Procedural
15291,2016-05-09,"Invocation: Reverend Dr. Mark Edwards, Emmanuel Lutheran Church, Vienna",Procedural
15292,2016-05-09,Pledge of Allegiance to the Flag of the United States of America,Procedural
15293,2016-05-09,Roll Call,Procedural
15295,2016-05-09,Receipt of petitions and communications from the Public,Procedural
15296,2016-05-09,Reports/Presentations,Procedural
15297,2016-05-09,Report and Inquiries of Council Members,Procedural
15298,2016-05-09,Report of the Town Manager,Procedural
15299,2016-05-09,Report of the Mayor,Procedural
15300,2016-05-09,Proposals for Additional Items to the Agenda,Procedural
15301,2016-05-09,Closed Session,Procedural
15302,2016-05-09,Public Hearings,Procedural
15304,2016-05-09,Regular Business,Procedural
15317,2016-05-09,Meeting Adjournment,Procedural
15318,2016-05-09,"THE TOWN OF VIENNA IS COMMITTED TO FULL COMPLIANCE WITH THE AMERICANS WITH DISABILITIES ACT STANDARDS. TRANSLATION SERVICES, ASSISTANCE OR ACCOMMODATION REQUESTS FROM PERSONS WITH DISABILITIES ARE TO BE REQUESTED NOT LESS THAN 3 WORKING DAYS BEFORE THE DAY OF THE EVENT. PLEASE CALL (703) 255-6304, OR 711 VIRGINIA RELAY SERVICE FOR THE HEARING IMPAIRED.",Procedural
15347,2016-05-09,Rollcall,Procedural
15488,2016-05-09,"Invocation: Reverend Dr. Mark Edwards, Emmanuel Lutheran Church, Vienna",Procedural
15373,2016-05-23,"Invocation: Renee Stepp, Youth Pastor for Vienna Seventh-Day Adventist Church",Procedural
15374,2016-05-23,Pledge of Allegiance to the Flag of the United States of America,Procedural
15375,2016-05-23,Roll Call,Procedural
15377,2016-05-23,Receipt of petitions and communications from the Public,Procedural
15378,2016-05-23,Reports/Presentations,Procedural
15379,2016-05-23,Report and Inquiries of Council Members,Procedural
15380,2016-05-23,Report of the Town Manager,Procedural
15381,2016-05-23,Report of the Mayor,Procedural
15382,2016-05-23,Proposals for Additional Items to the Agenda,Procedural
15383,2016-05-23,Closed Session,Procedural
15384,2016-05-23,Public Hearings,Procedural
15386,2016-05-23,Regular Business,Procedural
15398,2016-05-23,Meeting Adjournment,Procedural
15399,2016-05-23,"THE TOWN OF VIENNA IS COMMITTED TO FULL COMPLIANCE WITH THE AMERICANS WITH DISABILITIES ACT STANDARDS. TRANSLATION SERVICES, ASSISTANCE OR ACCOMMODATION REQUESTS FROM PERSONS WITH DISABILITIES ARE TO BE REQUESTED NOT LESS THAN 3 WORKING DAYS BEFORE THE DAY OF THE EVENT. PLEASE CALL (703) 255-6304, OR 711 VIRGINIA RELAY SERVICE FOR THE HEARING IMPAIRED.",Procedural
15409,2016-06-06,"Invocation: Reverend Johnny Kurcina, Christ Church Vienna",Procedural
15410,2016-06-06,Pledge of Allegiance to the Flag of the United States of America,Procedural
15411,2016-06-06,Roll Call,Procedural
15413,2016-06-06,Receipt of petitions and communications from the Public,Procedural
15414,2016-06-06,Reports/Presentations,Procedural
15415,2016-06-06,Report and Inquiries of Council Members,Procedural
15416,2016-06-06,Report of the Town Manager,Procedural
15417,2016-06-06,Report of the Mayor,Procedural
15418,2016-06-06,Proposals for Additional Items to the Agenda,Procedural
15419,2016-06-06,Closed Session,Procedural
15420,2016-06-06,Public Hearings,Procedural
15422,2016-06-06,Regular Business,Procedural
15437,2016-06-06,"Consider approval of Vienna Market rezoning and site plan application following the May 23, 2016 public hearing",Procedural
15439,2016-06-06,Meeting Adjournment,Procedural
15440,2016-06-06,"THE TOWN OF VIENNA IS COMMITTED TO FULL COMPLIANCE WITH THE AMERICANS WITH DISABILITIES ACT STANDARDS. TRANSLATION SERVICES, ASSISTANCE OR ACCOMMODATION REQUESTS FROM PERSONS WITH DISABILITIES ARE TO BE REQUESTED NOT LESS THAN 3 WORKING DAYS BEFORE THE DAY OF THE EVENT. PLEASE CALL (703) 255-6304, OR 711 VIRGINIA RELAY SERVICE FOR THE HEARING IMPAIRED.",Procedural
15487,2016-06-06,,Procedural
15489,2016-07-11,"Invocation: Rev. John P. Giunta, Interfaith Minister and Chaplain of the American Legion",Procedural
15490,2016-07-11,Pledge of Allegiance to the Flag of the United States of America,Procedural
15491,2016-07-11,Roll Call,Procedural
15493,2016-07-11,Receipt of petitions and communications from the Public,Procedural
15494,2016-07-11,Reports/Presentations,Procedural
15495,2016-07-11,Report and Inquiries of Council Members,Procedural
15496,2016-07-11,Report of the Town Manager,Procedural
15497,2016-07-11,Report of the Mayor,Procedural
15498,2016-07-11,Proposals for Additional Items to the Agenda,Procedural
15499,2016-07-11,Closed Session,Procedural
15502,2016-07-11,Regular Business,Procedural
15522,2016-07-11,Meeting Adjournment,Procedural
15523,2016-07-11,"THE TOWN OF VIENNA IS COMMITTED TO FULL COMPLIANCE WITH THE AMERICANS WITH DISABILITIES ACT STANDARDS. TRANSLATION SERVICES, ASSISTANCE OR ACCOMMODATION REQUESTS FROM PERSONS WITH DISABILITIES ARE TO BE REQUESTED NOT LESS THAN 3 WORKING DAYS BEFORE THE DAY OF THE EVENT. PLEASE CALL (703) 255-6304, OR 711 VIRGINIA RELAY SERVICE FOR THE HEARING IMPAIRED.",Procedural
15587,2016-08-22,"Invocation: Reverend John Giunta, MA, FRC, SI, and Interfaith Minister",Procedural
15588,2016-08-22,Pledge of Allegiance to the Flag of the United States of America,Procedural
15589,2016-08-22,Roll Call,Procedural
15591,2016-08-22,Receipt of petitions and communications from the Public,Procedural
15592,2016-08-22,Reports/Presentations,Procedural
15593,2016-08-22,Report and Inquiries of Council Members,Procedural
15594,2016-08-22,Report of the Town Manager,Procedural
15595,2016-08-22,Report of the Mayor,Procedural
15596,2016-08-22,Proposals for Additional Items to the Agenda,Procedural
15597,2016-08-22,Closed Session,Procedural
15598,2016-08-22,Public Hearings,Procedural
15600,2016-08-22,Regular Business,Procedural
15603,2016-08-22,"Request Approval to Publish Annual Report of Delinquent Real Estate Properties as of June 30, 2016.",Procedural
15621,2016-08-22,Meeting Adjournment,Procedural
15622,2016-08-22,"THE TOWN OF VIENNA IS COMMITTED TO FULL COMPLIANCE WITH THE AMERICANS WITH DISABILITIES ACT STANDARDS. TRANSLATION SERVICES, ASSISTANCE OR ACCOMMODATION REQUESTS FROM PERSONS WITH DISABILITIES ARE TO BE REQUESTED NOT LESS THAN 3 WORKING DAYS BEFORE THE DAY OF THE EVENT. PLEASE CALL (703) 255-6304, OR 711 VIRGINIA RELAY SERVICE FOR THE HEARING IMPAIRED.",Procedural
15636,2016-09-12,"Invocation: Rev. John Giunta, MA, FRC, SI, Interfaith Minister and Chaplain at American Legion Post 180",Procedural
15637,2016-09-12,Pledge of Allegiance to the Flag of the United States of America,Procedural
15638,2016-09-12,Roll Call,Procedural
15640,2016-09-12,Receipt of petitions and communications from the Public,Procedural
15641,2016-09-12,Reports/Presentations,Procedural
15642,2016-09-12,Report and Inquiries of Council Members,Procedural
15643,2016-09-12,Report of the Town Manager,Procedural
15644,2016-09-12,Report of the Mayor,Procedural
15645,2016-09-12,Proposals for Additional Items to the Agenda,Procedural
15646,2016-09-12,Closed Session,Procedural
15649,2016-09-12,Regular Business,Procedural
15660,2016-09-12,Meeting Adjournment,Procedural
15661,2016-09-12,"THE TOWN OF VIENNA IS COMMITTED TO FULL COMPLIANCE WITH THE AMERICANS WITH DISABILITIES ACT STANDARDS. TRANSLATION SERVICES, ASSISTANCE OR ACCOMMODATION REQUESTS FROM PERSONS WITH DISABILITIES ARE TO BE REQUESTED NOT LESS THAN 3 WORKING DAYS BEFORE THE DAY OF THE EVENT. PLEASE CALL (703) 255-6304, OR 711 VIRGINIA RELAY SERVICE FOR THE HEARING IMPAIRED.",Procedural
15684,2016-09-26,Invocation:  Mrs. Kelly Yazdani and her son Noah Yazdani of the Local Spiritual Assembly of the Baha'is of the Town of Vienna,Procedural
15685,2016-09-26,Pledge of Allegiance to the Flag of the United States of America,Procedural
15686,2016-09-26,Roll Call,Procedural
15688,2016-09-26,Receipt of petitions and communications from the Public,Procedural
15689,2016-09-26,Reports/Presentations,Procedural
15690,2016-09-26,Report and Inquiries of Council Members,Procedural
15691,2016-09-26,Report of the Town Manager,Procedural
15692,2016-09-26,Report of the Mayor,Procedural
15693,2016-09-26,Proposals for Additional Items to the Agenda,Procedural
15694,2016-09-26,Closed Session,Procedural
15697,2016-09-26,Regular Business,Procedural
15703,2016-09-26,Meeting Adjournment,Procedural
15704,2016-09-26,"THE TOWN OF VIENNA IS COMMITTED TO FULL COMPLIANCE WITH THE AMERICANS WITH DISABILITIES ACT STANDARDS. TRANSLATION SERVICES, ASSISTANCE OR ACCOMMODATION REQUESTS FROM PERSONS WITH DISABILITIES ARE TO BE REQUESTED NOT LESS THAN 3 WORKING DAYS BEFORE THE DAY OF THE EVENT. PLEASE CALL (703) 255-6304, OR 711 VIRGINIA RELAY SERVICE FOR THE HEARING IMPAIRED.",Procedural
15722,2016-10-03,"Invocation: Reverend Corky Eddins, Christ Church Vienna",Procedural
15723,2016-10-03,Pledge of Allegiance to the Flag of the United States of America,Procedural
15724,2016-10-03,Roll Call,Procedural
15726,2016-10-03,Receipt of petitions and communications from the Public,Procedural
15727,2016-10-03,Reports/Presentations,Procedural
15728,2016-10-03,Report and Inquiries of Council Members,Procedural
15729,2016-10-03,Report of the Town Manager,Procedural
15730,2016-10-03,Report of the Mayor,Procedural
15731,2016-10-03,Proposals for Additional Items to the Agenda,Procedural
15732,2016-10-03,Closed Session,Procedural
15735,2016-10-03,Regular Business,Procedural
15744,2016-10-03,Meeting Adjournment,Procedural
15745,2016-10-03,"THE TOWN OF VIENNA IS COMMITTED TO FULL COMPLIANCE WITH THE AMERICANS WITH DISABILITIES ACT STANDARDS. TRANSLATION SERVICES, ASSISTANCE OR ACCOMMODATION REQUESTS FROM PERSONS WITH DISABILITIES ARE TO BE REQUESTED NOT LESS THAN 3 WORKING DAYS BEFORE THE DAY OF THE EVENT. PLEASE CALL (703) 255-6304, OR 711 VIRGINIA RELAY SERVICE FOR THE HEARING IMPAIRED.",Procedural
15768,2016-10-03,Report of the Town Attorney,Procedural
15770,2016-10-03,Second Closed Session,Procedural
15771,2016-10-24,"Invocation: Reverend Craig Burns, Vienna Assembly of God",Procedural
15772,2016-10-24,Pledge of Allegiance to the Flag of the United States of America,Procedural
15773,2016-10-24,Roll Call,Procedural
15775,2016-10-24,Receipt of petitions and communications from the Public,Procedural
15776,2016-10-24,Reports/Presentations,Procedural
15777,2016-10-24,Report and Inquiries of Council Members,Procedural
15778,2016-10-24,Report of the Town Manager,Procedural
15779,2016-10-24,Report of the Mayor,Procedural
15780,2016-10-24,Proposals for Additional Items to the Agenda,Procedural
15781,2016-10-24,Closed Session,Procedural
15782,2016-10-24,Public Hearings,Procedural
15784,2016-10-24,Regular Business,Procedural
15796,2016-10-24,Meeting Adjournment,Procedural
15797,2016-10-24,"THE TOWN OF VIENNA IS COMMITTED TO FULL COMPLIANCE WITH THE AMERICANS WITH DISABILITIES ACT STANDARDS. TRANSLATION SERVICES, ASSISTANCE OR ACCOMMODATION REQUESTS FROM PERSONS WITH DISABILITIES ARE TO BE REQUESTED NOT LESS THAN 3 WORKING DAYS BEFORE THE DAY OF THE EVENT. PLEASE CALL (703) 255-6304, OR 711 VIRGINIA RELAY SERVICE FOR THE HEARING IMPAIRED.",Procedural
15871,2016-10-24,Second Closed Session,Procedural
15799,2016-11-07,Invocation: The Local Spiritual Assembly of the Baha'is.,Procedural
15800,2016-11-07,Pledge of Allegiance to the Flag of the United States of America,Procedural
15801,2016-11-07,Roll Call,Procedural
15803,2016-11-07,Receipt of petitions and communications from the Public,Procedural
15804,2016-11-07,Reports/Presentations,Procedural
15805,2016-11-07,Report and Inquiries of Council Members,Procedural
15806,2016-11-07,Report of the Town Manager,Procedural
15807,2016-11-07,Report of the Mayor,Procedural
15808,2016-11-07,Proposals for Additional Items to the Agenda,Procedural
15809,2016-11-07,Closed Session,Procedural
15812,2016-11-07,Regular Business,Procedural
15818,2016-11-07,Meeting Adjournment,Procedural
15819,2016-11-07,"THE TOWN OF VIENNA IS COMMITTED TO FULL COMPLIANCE WITH THE AMERICANS WITH DISABILITIES ACT STANDARDS. TRANSLATION SERVICES, ASSISTANCE OR ACCOMMODATION REQUESTS FROM PERSONS WITH DISABILITIES ARE TO BE REQUESTED NOT LESS THAN 3 WORKING DAYS BEFORE THE DAY OF THE EVENT. PLEASE CALL (703) 255-6304, OR 711 VIRGINIA RELAY SERVICE FOR THE HEARING IMPAIRED.",Procedural
15842,2016-11-21,"Invocation: Rev. Brenda L. Burns, Licensed Minister, Assemblies of God",Procedural
15843,2016-11-21,Pledge of Allegiance to the Flag of the United States of America,Procedural
15844,2016-11-21,Roll Call,Procedural
15846,2016-11-21,Receipt of petitions and communications from the Public,Procedural
15847,2016-11-21,Reports/Presentations,Procedural
15848,2016-11-21,Report and Inquiries of Council Members,Procedural
15849,2016-11-21,Report of the Town Manager,Procedural
15850,2016-11-21,Report of the Mayor,Procedural
15851,2016-11-21,Proposals for Additional Items to the Agenda,Procedural
15852,2016-11-21,Closed Session,Procedural
15855,2016-11-21,Regular Business,Procedural
15868,2016-11-21,Meeting Adjournment,Procedural
15869,2016-11-21,"THE TOWN OF VIENNA IS COMMITTED TO FULL COMPLIANCE WITH THE AMERICANS WITH DISABILITIES ACT STANDARDS. TRANSLATION SERVICES, ASSISTANCE OR ACCOMMODATION REQUESTS FROM PERSONS WITH DISABILITIES ARE TO BE REQUESTED NOT LESS THAN 3 WORKING DAYS BEFORE THE DAY OF THE EVENT. PLEASE CALL (703) 255-6304, OR 711 VIRGINIA RELAY SERVICE FOR THE HEARING IMPAIRED.",Procedural
15948,2016-11-21,Second Closed Session,Procedural
15875,2016-12-05,Pledge of Allegiance to the Flag of the United States of America,Procedural
15876,2016-12-05,Roll Call,Procedural
15878,2016-12-05,Receipt of petitions and communications from the Public,Procedural
15879,2016-12-05,Reports/Presentations,Procedural
15880,2016-12-05,Report and Inquiries of Council Members,Procedural
15881,2016-12-05,Report of the Town Manager,Procedural
15882,2016-12-05,Report of the Mayor,Procedural
15883,2016-12-05,Proposals for Additional Items to the Agenda,Procedural
15884,2016-12-05,Closed Session,Procedural
15885,2016-12-05,Public Hearings,Procedural
15887,2016-12-05,Regular Business,Procedural
15894,2016-12-05,Meeting Adjournment,Procedural
15895,2016-12-05,"Invocation: Stan Merrick, Local Spiritual Assembly of the Baha'is",Procedural
15920,2017-01-09,"Invocation: Reverend Johnny Kurcina, Christ Church Vienna",Procedural
15921,2017-01-09,Pledge of Allegiance to the Flag of the United States of America,Procedural
15922,2017-01-09,Roll Call,Procedural
15924,2017-01-09,Receipt of petitions and communications from the Public,Procedural
15925,2017-01-09,Reports/Presentations,Procedural
15926,2017-01-09,Report and Inquiries of Council Members,Procedural
15927,2017-01-09,Report of the Town Manager,Procedural
15928,2017-01-09,Report of the Mayor,Procedural
15929,2017-01-09,Proposals for Additional Items to the Agenda,Procedural
15930,2017-01-09,Closed Session,Procedural
15933,2017-01-09,Regular Business,Procedural
15942,2017-01-09,Meeting Adjournment,Procedural
15943,2017-01-09,"THE TOWN OF VIENNA IS COMMITTED TO FULL COMPLIANCE WITH THE AMERICANS WITH DISABILITIES ACT STANDARDS. TRANSLATION SERVICES, ASSISTANCE OR ACCOMMODATION REQUESTS FROM PERSONS WITH DISABILITIES ARE TO BE REQUESTED NOT LESS THAN 3 WORKING DAYS BEFORE THE DAY OF THE EVENT. PLEASE CALL (703) 255-6304, OR 711 VIRGINIA RELAY SERVICE FOR THE HEARING IMPAIRED.",Procedural
15968,2017-01-30,"Invocation: Reverend Garry Genser, Vienna Seventh-day Adventist Church",Procedural
15969,2017-01-30,Pledge of Allegiance to the Flag of the United States of America,Procedural
15970,2017-01-30,Roll Call,Procedural
15972,2017-01-30,Receipt of petitions and communications from the Public,Procedural
15973,2017-01-30,Reports/Presentations,Procedural
15974,2017-01-30,Report and Inquiries of Council Members,Procedural
15975,2017-01-30,Report of the Town Manager,Procedural
15976,2017-01-30,Report of the Mayor,Procedural
15977,2017-01-30,Proposals for Additional Items to the Agenda,Procedural
15978,2017-01-30,Closed Session,Procedural
15981,2017-01-30,Regular Business,Procedural
15989,2017-01-30,Meeting Adjournment,Procedural
15990,2017-01-30,"THE TOWN OF VIENNA IS COMMITTED TO FULL COMPLIANCE WITH THE AMERICANS WITH DISABILITIES ACT STANDARDS. TRANSLATION SERVICES, ASSISTANCE OR ACCOMMODATION REQUESTS FROM PERSONS WITH DISABILITIES ARE TO BE REQUESTED NOT LESS THAN 3 WORKING DAYS BEFORE THE DAY OF THE EVENT. PLEASE CALL (703) 255-6304, OR 711 VIRGINIA RELAY SERVICE FOR THE HEARING IMPAIRED.",Procedural
15992,2017-01-30,Second Closed Session,Procedural
15995,2017-02-06,"Invocation: Reverend Craig Burns, Vienna Assembly of God",Procedural
15996,2017-02-06,Pledge of Allegiance to the Flag of the United States of America,Procedural
15997,2017-02-06,Roll Call,Procedural
15999,2017-02-06,Receipt of petitions and communications from the Public,Procedural
16000,2017-02-06,Reports/Presentations,Procedural
16001,2017-02-06,Report and Inquiries of Council Members,Procedural
16002,2017-02-06,Report of the Town Manager,Procedural
16003,2017-02-06,Report of the Mayor,Procedural
16004,2017-02-06,Proposals for Additional Items to the Agenda,Procedural
16005,2017-02-06,Closed Session,Procedural
16008,2017-02-06,Regular Business,Procedural
16012,2017-02-06,Meeting Adjournment,Procedural
16013,2017-02-06,"THE TOWN OF VIENNA IS COMMITTED TO FULL COMPLIANCE WITH THE AMERICANS WITH DISABILITIES ACT STANDARDS. TRANSLATION SERVICES, ASSISTANCE OR ACCOMMODATION REQUESTS FROM PERSONS WITH DISABILITIES ARE TO BE REQUESTED NOT LESS THAN 3 WORKING DAYS BEFORE THE DAY OF THE EVENT. PLEASE CALL (703) 255-6304, OR 711 VIRGINIA RELAY SERVICE FOR THE HEARING IMPAIRED.",Procedural
16043,2017-02-06,Closed Session,Procedural
16098,2017-03-13,"Invocation: Reverend Corky Eddins, Christ Church Vienna",Procedural
16099,2017-03-13,Pledge of Allegiance to the Flag of the United States of America,Procedural
16100,2017-03-13,Roll Call,Procedural
16125,2017-03-13,"THE TOWN OF VIENNA IS COMMITTED TO FULL COMPLIANCE WITH THE AMERICANS WITH DISABILITIES ACT STANDARDS. TRANSLATION SERVICES, ASSISTANCE OR ACCOMMODATION REQUESTS FROM PERSONS WITH DISABILITIES ARE TO BE REQUESTED NOT LESS THAN 3 WORKING DAYS BEFORE THE DAY OF THE EVENT. PLEASE CALL (703) 255-6304, OR 711 VIRGINIA RELAY SERVICE FOR THE HEARING IMPAIRED.",Procedural
16139,2017-03-13,Regular Business,Procedural
16141,2017-03-13,Receipt of petitions and communications from the Public,Procedural
16142,2017-03-13,Reports/Presentations,Procedural
16143,2017-03-13,Report and Inquiries of Council Members,Procedural
16144,2017-03-13,Report of the Town Manager,Procedural
16145,2017-03-13,Report of the Mayor,Procedural
16146,2017-03-13,Proposals for Additional Items to the Agenda,Procedural
16147,2017-03-13,Closed Session,Procedural
16148,2017-03-13,Meeting Adjournment,Procedural
16192,2017-04-03,"Invocation: Reverend Brett Isernhagen, Epiphany United Methodist Church",Procedural
16193,2017-04-03,Pledge of Allegiance to the Flag of the United States of America,Procedural
16194,2017-04-03,Roll Call,Procedural
16196,2017-04-03,Receipt of petitions and communications from the Public,Procedural
16197,2017-04-03,Reports/Presentations,Procedural
16198,2017-04-03,Report and Inquiries of Council Members,Procedural
16199,2017-04-03,Report of the Town Manager,Procedural
16200,2017-04-03,Report of the Mayor,Procedural
16201,2017-04-03,Proposals for Additional Items to the Agenda,Procedural
16202,2017-04-03,Closed Session,Procedural
16203,2017-04-03,Public Hearings,Procedural
16205,2017-04-03,Regular Business,Procedural
16218,2017-04-03,Meeting Adjournment,Procedural
16219,2017-04-03,"THE TOWN OF VIENNA IS COMMITTED TO FULL COMPLIANCE WITH THE AMERICANS WITH DISABILITIES ACT STANDARDS. TRANSLATION SERVICES, ASSISTANCE OR ACCOMMODATION REQUESTS FROM PERSONS WITH DISABILITIES ARE TO BE REQUESTED NOT LESS THAN 3 WORKING DAYS BEFORE THE DAY OF THE EVENT. PLEASE CALL (703) 255-6304, OR 711 VIRGINIA RELAY SERVICE FOR THE HEARING IMPAIRED.",Procedural
16240,2017-04-17,"Invocation: Reverend Martin Pickett, Faith Encounters Community Church",Procedural
16241,2017-04-17,Pledge of Allegiance to the Flag of the United States of America,Procedural
16242,2017-04-17,Roll Call,Procedural
16244,2017-04-17,Receipt of petitions and communications from the Public,Procedural
16245,2017-04-17,Reports/Presentations,Procedural
16246,2017-04-17,Report and Inquiries of Council Members,Procedural
16247,2017-04-17,Report of the Town Manager,Procedural
16248,2017-04-17,Report of the Mayor,Procedural
16249,2017-04-17,Proposals for Additional Items to the Agenda,Procedural
16250,2017-04-17,Closed Session,Procedural
16251,2017-04-17,Public Hearings,Procedural
16253,2017-04-17,Regular Business,Procedural
16263,2017-04-17,Meeting Adjournment,Procedural
16264,2017-04-17,"THE TOWN OF VIENNA IS COMMITTED TO FULL COMPLIANCE WITH THE AMERICANS WITH DISABILITIES ACT STANDARDS. TRANSLATION SERVICES, ASSISTANCE OR ACCOMMODATION REQUESTS FROM PERSONS WITH DISABILITIES ARE TO BE REQUESTED NOT LESS THAN 3 WORKING DAYS BEFORE THE DAY OF THE EVENT. PLEASE CALL (703) 255-6304, OR 711 VIRGINIA RELAY SERVICE FOR THE HEARING IMPAIRED.",Procedural
16273,2017-04-24,"Invocation:Reverend Garry Genser, Vienna Seventh-day Adventist Church",Procedural
16274,2017-04-24,Pledge of Allegiance to the Flag of the United States of America,Procedural
16275,2017-04-24,Roll Call,Procedural
16277,2017-04-24,Receipt of petitions and communications from the Public,Procedural
16278,2017-04-24,Reports/Presentations,Procedural
16279,2017-04-24,Report and Inquiries of Council Members,Procedural
16280,2017-04-24,Report of the Town Manager,Procedural
16281,2017-04-24,Report of the Mayor,Procedural
16282,2017-04-24,Proposals for Additional Items to the Agenda,Procedural
16283,2017-04-24,Closed Session,Procedural
16284,2017-04-24,Public Hearings,Procedural
16296,2017-04-24,Meeting Adjournment,Procedural
16297,2017-04-24,"THE TOWN OF VIENNA IS COMMITTED TO FULL COMPLIANCE WITH THE AMERICANS WITH DISABILITIES ACT STANDARDS. TRANSLATION SERVICES, ASSISTANCE OR ACCOMMODATION REQUESTS FROM PERSONS WITH DISABILITIES ARE TO BE REQUESTED NOT LESS THAN 3 WORKING DAYS BEFORE THE DAY OF THE EVENT. PLEASE CALL (703) 255-6304, OR 711 VIRGINIA RELAY SERVICE FOR THE HEARING IMPAIRED.",Procedural
16298,2017-04-24,Regular Agenda,Procedural
16309,2017-05-08,"Invocation: Reverend Corey Gibson, First Baptist Church of Vienna",Procedural
16310,2017-05-08,Pledge of Allegiance to the Flag of the United States of America,Procedural
16311,2017-05-08,Roll Call,Procedural
16313,2017-05-08,Receipt of petitions and communications from the Public,Procedural
16314,2017-05-08,Reports/Presentations,Procedural
16315,2017-05-08,Report and Inquiries of Council Members,Procedural
16316,2017-05-08,Report of the Town Manager,Procedural
16317,2017-05-08,Report of the Mayor,Procedural
16318,2017-05-08,Proposals for Additional Items to the Agenda,Procedural
16319,2017-05-08,Closed Session,Procedural
16322,2017-05-08,Regular Business,Procedural
16328,2017-05-08,Meeting Adjournment,Procedural
16358,2017-05-22,"Invocation: Reverend Lyndon Shakespeare, PhD., Episcopal Church of the Holy Comforter",Procedural
16359,2017-05-22,Pledge of Allegiance to the Flag of the United States of America,Procedural
16360,2017-05-22,Roll Call,Procedural
16362,2017-05-22,Receipt of petitions and communications from the Public,Procedural
16363,2017-05-22,Reports/Presentations,Procedural
16364,2017-05-22,Report and Inquiries of Council Members,Procedural
16365,2017-05-22,Report of the Town Manager,Procedural
16366,2017-05-22,Report of the Mayor,Procedural
16367,2017-05-22,Proposals for Additional Items to the Agenda,Procedural
16368,2017-05-22,Closed Session,Procedural
16369,2017-05-22,Public Hearings,Procedural
16371,2017-05-22,Regular Business,Procedural
16380,2017-05-22,Meeting Adjournment,Procedural
16381,2017-05-22,"THE TOWN OF VIENNA IS COMMITTED TO FULL COMPLIANCE WITH THE AMERICANS WITH DISABILITIES ACT STANDARDS. TRANSLATION SERVICES, ASSISTANCE OR ACCOMMODATION REQUESTS FROM PERSONS WITH DISABILITIES ARE TO BE REQUESTED NOT LESS THAN 3 WORKING DAYS BEFORE THE DAY OF THE EVENT. PLEASE CALL (703) 255-6304, OR 711 VIRGINIA RELAY SERVICE FOR THE HEARING IMPAIRED.",Procedural
16388,2017-06-05,"Invocation: Reverend Kristen McBrayer, Emmaus United Church of Christ",Procedural
16389,2017-06-05,Pledge of Allegiance to the Flag of the United States of America,Procedural
16390,2017-06-05,Roll Call,Procedural
16392,2017-06-05,Receipt of petitions and communications from the Public,Procedural
16393,2017-06-05,Reports/Presentations,Procedural
16394,2017-06-05,Report and Inquiries of Council Members,Procedural
16395,2017-06-05,Report of the Town Manager,Procedural
16396,2017-06-05,Report of the Mayor,Procedural
16397,2017-06-05,Proposals for Additional Items to the Agenda,Procedural
16398,2017-06-05,Closed Session,Procedural
16399,2017-06-05,Public Hearings,Procedural
16401,2017-06-05,Regular Business,Procedural
16424,2017-06-05,Meeting Adjournment,Procedural
16425,2017-06-05,"THE TOWN OF VIENNA IS COMMITTED TO FULL COMPLIANCE WITH THE AMERICANS WITH DISABILITIES ACT STANDARDS. TRANSLATION SERVICES, ASSISTANCE OR ACCOMMODATION REQUESTS FROM PERSONS WITH DISABILITIES ARE TO BE REQUESTED NOT LESS THAN 3 WORKING DAYS BEFORE THE DAY OF THE EVENT. PLEASE CALL (703) 255-6304, OR 711 VIRGINIA RELAY SERVICE FOR THE HEARING IMPAIRED.",Procedural
16494,2017-07-10,"Invocation: Reverend Corky Eddins, Christ Church Vienna",Procedural
16495,2017-07-10,Pledge of Allegiance to the Flag of the United States of America,Procedural
16496,2017-07-10,Roll Call,Procedural
16498,2017-07-10,Receipt of petitions and communications from the Public,Procedural
16499,2017-07-10,Reports/Presentations,Procedural
16500,2017-07-10,Report and Inquiries of Council Members,Procedural
16501,2017-07-10,Report of the Town Manager,Procedural
16502,2017-07-10,Report of the Mayor,Procedural
16503,2017-07-10,Proposals for Additional Items to the Agenda,Procedural
16504,2017-07-10,Closed Session,Procedural
16505,2017-07-10,Public Hearings,Procedural
16507,2017-07-10,Regular Business,Procedural
16522,2017-07-10,Meeting Adjournment,Procedural
16523,2017-07-10,"THE TOWN OF VIENNA IS COMMITTED TO FULL COMPLIANCE WITH THE AMERICANS WITH DISABILITIES ACT STANDARDS. TRANSLATION SERVICES, ASSISTANCE OR ACCOMMODATION REQUESTS FROM PERSONS WITH DISABILITIES ARE TO BE REQUESTED NOT LESS THAN 3 WORKING DAYS BEFORE THE DAY OF THE EVENT. PLEASE CALL (703) 255-6304, OR 711 VIRGINIA RELAY SERVICE FOR THE HEARING IMPAIRED.",Procedural
16665,2017-08-21,"Invocation: Pastor Kyungsuk Cho, Wesley United Methodist Church",Procedural
16666,2017-08-21,Pledge of Allegiance to the Flag of the United States of America,Procedural
16667,2017-08-21,Roll Call,Procedural
16669,2017-08-21,Receipt of petitions and communications from the Public,Procedural
16670,2017-08-21,Reports/Presentations,Procedural
16671,2017-08-21,Report and Inquiries of Council Members,Procedural
16672,2017-08-21,Report of the Town Manager,Procedural
16673,2017-08-21,Report of the Mayor,Procedural
16674,2017-08-21,Proposals for Additional Items to the Agenda,Procedural
16675,2017-08-21,Closed Session,Procedural
16676,2017-08-21,Public Hearings,Procedural
16678,2017-08-21,Regular Business,Procedural
16690,2017-08-21,"Request Approval to Publish Annual Report of Delinquent Real Estate Properties as of June 30, 2017",Procedural
16697,2017-08-21,Meeting Adjournment,Procedural
16698,2017-08-21,"THE TOWN OF VIENNA IS COMMITTED TO FULL COMPLIANCE WITH THE AMERICANS WITH DISABILITIES ACT STANDARDS. TRANSLATION SERVICES, ASSISTANCE OR ACCOMMODATION REQUESTS FROM PERSONS WITH DISABILITIES ARE TO BE REQUESTED NOT LESS THAN 3 WORKING DAYS BEFORE THE DAY OF THE EVENT. PLEASE CALL (703) 255-6304, OR 711 VIRGINIA RELAY SERVICE FOR THE HEARING IMPAIRED.",Procedural
16707,2017-08-21,Closed Session,Procedural
16712,2017-08-21,Proposals for Additional Items to the Agenda,Procedural
16739,2017-09-11,"Invocation: Cantor Michael Shochet, Temple Rodef Shalom",Procedural
16740,2017-09-11,Pledge of Allegiance to the Flag of the United States of America,Procedural
16741,2017-09-11,Roll Call,Procedural
16743,2017-09-11,Receipt of petitions and communications from the Public,Procedural
16744,2017-09-11,Reports/Presentations,Procedural
16745,2017-09-11,Report and Inquiries of Council Members,Procedural
16746,2017-09-11,Report of the Town Manager,Procedural
16747,2017-09-11,Report of the Mayor,Procedural
16748,2017-09-11,Proposals for Additional Items to the Agenda,Procedural
16749,2017-09-11,Closed Session,Procedural
16752,2017-09-11,Regular Business,Procedural
16769,2017-09-11,Meeting Adjournment,Procedural
16770,2017-09-11,"THE TOWN OF VIENNA IS COMMITTED TO FULL COMPLIANCE WITH THE AMERICANS WITH DISABILITIES ACT STANDARDS. TRANSLATION SERVICES, ASSISTANCE OR ACCOMMODATION REQUESTS FROM PERSONS WITH DISABILITIES ARE TO BE REQUESTED NOT LESS THAN 3 WORKING DAYS BEFORE THE DAY OF THE EVENT. PLEASE CALL (703) 255-6304, OR 711 VIRGINIA RELAY SERVICE FOR THE HEARING IMPAIRED.",Procedural
16866,2017-09-11,Closed Session,Procedural
16813,2017-09-25,"Invocation: John Russo, Jr. Vice Chairman of the Local Spiritual Assembly of the Baha'is of the Town of Vienna",Procedural
16814,2017-09-25,Pledge of Allegiance to the Flag of the United States of America,Procedural
16815,2017-09-25,Roll Call,Procedural
16817,2017-09-25,Receipt of petitions and communications from the Public,Procedural
16818,2017-09-25,Reports/Presentations,Procedural
16819,2017-09-25,Report and Inquiries of Council Members,Procedural
16820,2017-09-25,Report of the Town Manager,Procedural
16821,2017-09-25,Report of the Mayor,Procedural
16822,2017-09-25,Proposals for Additional Items to the Agenda,Procedural
16823,2017-09-25,Closed Session,Procedural
16826,2017-09-25,Regular Business,Procedural
16828,2017-09-25,Resolution for the 200th Anniversary of the Birth of the Baha’i Faith,Procedural
16839,2017-09-25,Meeting Adjournment,Procedural
16840,2017-09-25,"THE TOWN OF VIENNA IS COMMITTED TO FULL COMPLIANCE WITH THE AMERICANS WITH DISABILITIES ACT STANDARDS. TRANSLATION SERVICES, ASSISTANCE OR ACCOMMODATION REQUESTS FROM PERSONS WITH DISABILITIES ARE TO BE REQUESTED NOT LESS THAN 3 WORKING DAYS BEFORE THE DAY OF THE EVENT. PLEASE CALL (703) 255-6304, OR 711 VIRGINIA RELAY SERVICE FOR THE HEARING IMPAIRED.",Procedural
16899,2017-10-16,"Invocation:  Rev. Brett Isernhagen, Epiphany United Methodist Church",Procedural
16900,2017-10-16,Pledge of Allegiance to the Flag of the United States of America,Procedural
16901,2017-10-16,Roll Call,Procedural
16903,2017-10-16,Receipt of petitions and communications from the Public,Procedural
16904,2017-10-16,Reports/Presentations,Procedural
16905,2017-10-16,Report and Inquiries of Council Members,Procedural
16906,2017-10-16,Report of the Town Manager,Procedural
16907,2017-10-16,Report of the Mayor,Procedural
16908,2017-10-16,Proposals for Additional Items to the Agenda,Procedural
16909,2017-10-16,Closed Session,Procedural
16912,2017-10-16,Regular Business,Procedural
16925,2017-10-16,Meeting Adjournment,Procedural
16926,2017-10-16,"THE TOWN OF VIENNA IS COMMITTED TO FULL COMPLIANCE WITH THE AMERICANS WITH DISABILITIES ACT STANDARDS. TRANSLATION SERVICES, ASSISTANCE OR ACCOMMODATION REQUESTS FROM PERSONS WITH DISABILITIES ARE TO BE REQUESTED NOT LESS THAN 3 WORKING DAYS BEFORE THE DAY OF THE EVENT. PLEASE CALL (703) 255-6304, OR 711 VIRGINIA RELAY SERVICE FOR THE HEARING IMPAIRED.",Procedural
16949,2017-10-30,"Invocation: John Russo, Vice-Chairman of the Baha'is of the Town of Vienna",Procedural
16950,2017-10-30,Pledge of Allegiance to the Flag of the United States of America,Procedural
16951,2017-10-30,Roll Call,Procedural
16953,2017-10-30,Receipt of petitions and communications from the Public that are not on the agenda.,Procedural
16954,2017-10-30,Reports/Presentations,Procedural
16955,2017-10-30,Report and Inquiries of Council Members,Procedural
16956,2017-10-30,Report of the Town Manager,Procedural
16957,2017-10-30,Report of the Mayor,Procedural
16958,2017-10-30,Proposals for Additional Items to the Agenda,Procedural
16959,2017-10-30,Closed Session,Procedural
16960,2017-10-30,Public Hearings,Procedural
16962,2017-10-30,Regular Business,Procedural
16971,2017-10-30,Meeting Adjournment,Procedural
16972,2017-10-30,"THE TOWN OF VIENNA IS COMMITTED TO FULL COMPLIANCE WITH THE AMERICANS WITH DISABILITIES ACT STANDARDS. TRANSLATION SERVICES, ASSISTANCE OR ACCOMMODATION REQUESTS FROM PERSONS WITH DISABILITIES ARE TO BE REQUESTED NOT LESS THAN 3 WORKING DAYS BEFORE THE DAY OF THE EVENT. PLEASE CALL (703) 255-6304, OR 711 VIRGINIA RELAY SERVICE FOR THE HEARING IMPAIRED.",Procedural
16979,2017-10-30,Closed Session,Procedural
17017,2017-11-13,"Invocation:  John Russo, Vice Chairman of the Local Spiritual Assembly of the Baha'is of the Town of Vienna, Virginia",Procedural
17018,2017-11-13,Pledge of Allegiance to the Flag of the United States of America,Procedural
17019,2017-11-13,Roll Call,Procedural
17021,2017-11-13,Receipt of petitions and communications from the Public,Procedural
17022,2017-11-13,Reports/Presentations,Procedural
17023,2017-11-13,Report and Inquiries of Council Members,Procedural
17024,2017-11-13,Report of the Town Manager,Procedural
17025,2017-11-13,Report of the Mayor,Procedural
17026,2017-11-13,Proposals for Additional Items to the Agenda,Procedural
17027,2017-11-13,Closed Session,Procedural
17028,2017-11-13,Public Hearings,Procedural
17030,2017-11-13,Regular Business,Procedural
17041,2017-11-13,Meeting Adjournment,Procedural
17042,2017-11-13,"THE TOWN OF VIENNA IS COMMITTED TO FULL COMPLIANCE WITH THE AMERICANS WITH DISABILITIES ACT STANDARDS. TRANSLATION SERVICES, ASSISTANCE OR ACCOMMODATION REQUESTS FROM PERSONS WITH DISABILITIES ARE TO BE REQUESTED NOT LESS THAN 3 WORKING DAYS BEFORE THE DAY OF THE EVENT. PLEASE CALL (703) 255-6304, OR 711 VIRGINIA RELAY SERVICE FOR THE HEARING IMPAIRED.",Procedural
17191,2017-11-13,Second Closed Session,Procedural
17192,2017-12-11,"Invocation: Reverend Johnny Kurcina, Christ Church Vienna",Procedural
17193,2017-12-11,Pledge of Allegiance to the Flag of the United States of America,Procedural
17194,2017-12-11,Roll Call,Procedural
17196,2017-12-11,Receipt of petitions and communications from the Public that is not on the Agenda,Procedural
17197,2017-12-11,Reports/Presentations,Procedural
17198,2017-12-11,Report and Inquiries of Council Members,Procedural
17199,2017-12-11,Report of the Town Manager,Procedural
17200,2017-12-11,Report of the Mayor,Procedural
17201,2017-12-11,Proposals for Additional Items to the Agenda,Procedural
17202,2017-12-11,Closed Session,Procedural
17205,2017-12-11,Regular Business,Procedural
17217,2017-12-11,Meeting Adjournment,Procedural
17218,2017-12-11,"THE TOWN OF VIENNA IS COMMITTED TO FULL COMPLIANCE WITH THE AMERICANS WITH DISABILITIES ACT STANDARDS. TRANSLATION SERVICES, ASSISTANCE OR ACCOMMODATION REQUESTS FROM PERSONS WITH DISABILITIES ARE TO BE REQUESTED NOT LESS THAN 3 WORKING DAYS BEFORE THE DAY OF THE EVENT. PLEASE CALL (703) 255-6304, OR 711 VIRGINIA RELAY SERVICE FOR THE HEARING IMPAIRED.",Procedural
17500,2018-01-08,"Invocation: Reverend Cho, Wesley United Methodist Church",Procedural
17501,2018-01-08,Pledge of Allegiance to the Flag of the United States of America,Procedural
17502,2018-01-08,Roll Call,Procedural
17504,2018-01-08,"Receipt of petitions and communications from the Public that is not on the Agenda.  
          (Limited to 5 minutes per issue and no formal action can be taken this evening)",Procedural
17506,2018-01-08,Reports/Presentations,Procedural
17507,2018-01-08,Report and Inquiries of Council Members,Procedural
17508,2018-01-08,Report of the Town Manager,Procedural
17509,2018-01-08,Report of the Mayor,Procedural
17510,2018-01-08,Proposals for Additional Items to the Agenda,Procedural
17511,2018-01-08,Closed Session,Procedural
17514,2018-01-08,Regular Business,Procedural
17522,2018-01-08,Meeting Adjournment,Procedural
17523,2018-01-08,"THE TOWN OF VIENNA IS COMMITTED TO FULL COMPLIANCE WITH THE AMERICANS WITH DISABILITIES ACT STANDARDS. TRANSLATION SERVICES, ASSISTANCE OR ACCOMMODATION REQUESTS FROM PERSONS WITH DISABILITIES ARE TO BE REQUESTED NOT LESS THAN 3 WORKING DAYS BEFORE THE DAY OF THE EVENT. PLEASE CALL (703) 255-6304, OR 711 VIRGINIA RELAY SERVICE FOR THE HEARING IMPAIRED.",Procedural
17730,2018-01-22,Reports/Presentations,Procedural
17735,2018-01-22,Closed Session,Procedural
17739,2018-01-22,Meeting Adjournment,Procedural
17740,2018-01-22,"THE TOWN OF VIENNA IS COMMITTED TO FULL COMPLIANCE WITH THE AMERICANS WITH DISABILITIES ACT STANDARDS. TRANSLATION SERVICES, ASSISTANCE OR ACCOMMODATION REQUESTS FROM PERSONS WITH DISABILITIES ARE TO BE REQUESTED NOT LESS THAN 3 WORKING DAYS BEFORE THE DAY OF THE EVENT. PLEASE CALL (703) 255-6304, OR 711 VIRGINIA RELAY SERVICE FOR THE HEARING IMPAIRED.",Procedural
17742,2018-01-22,Roll Call,Procedural
17745,2018-01-22,Regular Business,Procedural
17584,2018-01-29,"Invocation: Town Manager, Mercury Payton",Procedural
17585,2018-01-29,Pledge of Allegiance to the Flag of the United States of America,Procedural
17586,2018-01-29,Roll Call,Procedural
17588,2018-01-29,"Receipt of petitions and communications from the Public that is not on the Agenda.  
          (Limited to 5 minutes per issue and no formal action can be taken this evening)",Procedural
17590,2018-01-29,Reports/Presentations,Procedural
17591,2018-01-29,Report and Inquiries of Council Members,Procedural
17592,2018-01-29,Report of the Town Manager,Procedural
17593,2018-01-29,Report of the Mayor,Procedural
17594,2018-01-29,Proposals for Additional Items to the Agenda,Procedural
17595,2018-01-29,Closed Session,Procedural
17596,2018-01-29,Public Hearings,Procedural
17598,2018-01-29,Regular Business,Procedural
17606,2018-01-29,Meeting Adjournment,Procedural
17607,2018-01-29,"THE TOWN OF VIENNA IS COMMITTED TO FULL COMPLIANCE WITH THE AMERICANS WITH DISABILITIES ACT STANDARDS. TRANSLATION SERVICES, ASSISTANCE OR ACCOMMODATION REQUESTS FROM PERSONS WITH DISABILITIES ARE TO BE REQUESTED NOT LESS THAN 3 WORKING DAYS BEFORE THE DAY OF THE EVENT. PLEASE CALL (703) 255-6304, OR 711 VIRGINIA RELAY SERVICE FOR THE HEARING IMPAIRED.",Procedural
17702,2018-02-13,Roll Call,Procedural
17714,2018-02-13,Regular Business,Procedural
17716,2018-02-13,Meeting Adjournment,Procedural
17717,2018-02-13,"THE TOWN OF VIENNA IS COMMITTED TO FULL COMPLIANCE WITH THE AMERICANS WITH DISABILITIES ACT STANDARDS. TRANSLATION SERVICES, ASSISTANCE OR ACCOMMODATION REQUESTS FROM PERSONS WITH DISABILITIES ARE TO BE REQUESTED NOT LESS THAN 3 WORKING DAYS BEFORE THE DAY OF THE EVENT. PLEASE CALL (703) 255-6304, OR 711 VIRGINIA RELAY SERVICE FOR THE HEARING IMPAIRED.",Procedural
17746,2018-02-26,"Invocation: Reverend Brenda Burns, Vienna Assembly of God",Procedural
17747,2018-02-26,Pledge of Allegiance to the Flag of the United States of America,Procedural
17748,2018-02-26,Roll Call,Procedural
17750,2018-02-26,"Receipt of petitions and communications from the Public that is not on the Agenda.  
          (Limited to 5 minutes per issue and no formal action can be taken this evening)",Procedural
17752,2018-02-26,Reports/Presentations,Procedural
17753,2018-02-26,Report and Inquiries of Council Members,Procedural
17754,2018-02-26,Report of the Town Manager,Procedural
17755,2018-02-26,Report of the Mayor,Procedural
17756,2018-02-26,Proposals for Additional Items to the Agenda,Procedural
17757,2018-02-26,Closed Session,Procedural
17758,2018-02-26,Public Hearings,Procedural
17760,2018-02-26,Regular Business,Procedural
17769,2018-02-26,"Approval of the Minutes of the Regular Council Meeting of February 5, 2018, Special Council meeting for Closed session of January 22, 2018 and the Work Session Minutes of January 22, 2018.",Procedural
17770,2018-02-26,Meeting Adjournment,Procedural
18104,2018-03-05,Roll Call,Procedural
18108,2018-03-05,Reports/Presentations,Procedural
18113,2018-03-05,Closed Session Report,Procedural
18117,2018-03-05,Meeting Adjournment,Procedural
18118,2018-03-05,"THE TOWN OF VIENNA IS COMMITTED TO FULL COMPLIANCE WITH THE AMERICANS WITH DISABILITIES ACT STANDARDS. TRANSLATION SERVICES, ASSISTANCE OR ACCOMMODATION REQUESTS FROM PERSONS WITH DISABILITIES ARE TO BE REQUESTED NOT LESS THAN 3 WORKING DAYS BEFORE THE DAY OF THE EVENT. PLEASE CALL (703) 255-6304, OR 711 VIRGINIA RELAY SERVICE FOR THE HEARING IMPAIRED.",Procedural
17806,2018-03-12,"Invocation: Reverend Tony Prinsen, Emmanuel Lutheran Church",Procedural
17807,2018-03-12,Pledge of Allegiance to the Flag of the United States of America,Procedural
17808,2018-03-12,Roll Call,Procedural
17810,2018-03-12,"Receipt of petitions and communications from the Public that is not on the Agenda.  
          (Limited to 5 minutes per issue and no formal action can be taken this evening)",Procedural
17812,2018-03-12,Reports/Presentations,Procedural
17813,2018-03-12,Report and Inquiries of Council Members,Procedural
17814,2018-03-12,Report of the Town Manager,Procedural
17815,2018-03-12,Report of the Mayor,Procedural
17816,2018-03-12,Proposals for Additional Items to the Agenda,Procedural
17817,2018-03-12,Closed Session,Procedural
17820,2018-03-12,Regular Business,Procedural
17830,2018-03-12,Meeting Adjournment,Procedural
17831,2018-03-12,"THE TOWN OF VIENNA IS COMMITTED TO FULL COMPLIANCE WITH THE AMERICANS WITH DISABILITIES ACT STANDARDS. TRANSLATION SERVICES, ASSISTANCE OR ACCOMMODATION REQUESTS FROM PERSONS WITH DISABILITIES ARE TO BE REQUESTED NOT LESS THAN 3 WORKING DAYS BEFORE THE DAY OF THE EVENT. PLEASE CALL (703) 255-6304, OR 711 VIRGINIA RELAY SERVICE FOR THE HEARING IMPAIRED.",Procedural
18002,2018-03-12,Second Closed Session,Procedural
18121,2018-03-19,Roll Call,Procedural
18125,2018-03-19,Reports/Presentations,Procedural
18130,2018-03-19,Closed Session,Procedural
18133,2018-03-19,Regular Business,Procedural
18135,2018-03-19,Meeting Adjournment,Procedural
18136,2018-03-19,"THE TOWN OF VIENNA IS COMMITTED TO FULL COMPLIANCE WITH THE AMERICANS WITH DISABILITIES ACT STANDARDS. TRANSLATION SERVICES, ASSISTANCE OR ACCOMMODATION REQUESTS FROM PERSONS WITH DISABILITIES ARE TO BE REQUESTED NOT LESS THAN 3 WORKING DAYS BEFORE THE DAY OF THE EVENT. PLEASE CALL (703) 255-6304, OR 711 VIRGINIA RELAY SERVICE FOR THE HEARING IMPAIRED.",Procedural
18250,2018-03-19,Approval,Procedural
18003,2018-04-09,"Invocation: Reverend Garry Genser, Vienna Seventh-day Adventist Church",Procedural
18004,2018-04-09,Pledge of Allegiance to the Flag of the United States of America,Procedural
18005,2018-04-09,Roll Call,Procedural
18007,2018-04-09,"Receipt of petitions and communications from the Public that is not on the Agenda.  
          (Limited to 5 minutes per issue and no formal action can be taken this evening)",Procedural
18009,2018-04-09,Reports/Presentations,Procedural
18010,2018-04-09,Report and Inquiries of Council Members,Procedural
18011,2018-04-09,Report of the Town Manager,Procedural
18012,2018-04-09,Report of the Mayor,Procedural
18013,2018-04-09,Proposals for Additional Items to the Agenda,Procedural
18014,2018-04-09,Closed Session,Procedural
18015,2018-04-09,Public Hearings,Procedural
18017,2018-04-09,Regular Business,Procedural
18031,2018-04-09,Meeting Adjournment,Procedural
18032,2018-04-09,"THE TOWN OF VIENNA IS COMMITTED TO FULL COMPLIANCE WITH THE AMERICANS WITH DISABILITIES ACT STANDARDS. TRANSLATION SERVICES, ASSISTANCE OR ACCOMMODATION REQUESTS FROM PERSONS WITH DISABILITIES ARE TO BE REQUESTED NOT LESS THAN 3 WORKING DAYS BEFORE THE DAY OF THE EVENT. PLEASE CALL (703) 255-6304, OR 711 VIRGINIA RELAY SERVICE FOR THE HEARING IMPAIRED.",Procedural
18166,2018-04-23,"Invocation: The Reverend Corky Eddins, Christ Church Vienna",Procedural
18167,2018-04-23,Pledge of Allegiance to the Flag of the United States of America,Procedural
18168,2018-04-23,Roll Call,Procedural
18170,2018-04-23,"Receipt of petitions and communications from the Public that is not on the Agenda.  
          (Limited to 5 minutes per issue and no formal action can be taken this evening)",Procedural
18172,2018-04-23,Reports/Presentations,Procedural
18173,2018-04-23,Report and Inquiries of Council Members,Procedural
18174,2018-04-23,Report of the Town Manager,Procedural
18175,2018-04-23,Report of the Mayor,Procedural
18176,2018-04-23,Proposals for Additional Items to the Agenda,Procedural
18177,2018-04-23,Closed Session,Procedural
18178,2018-04-23,Public Hearings,Procedural
18180,2018-04-23,Regular Business,Procedural
18195,2018-04-23,Meeting Adjournment,Procedural
18196,2018-04-23,"THE TOWN OF VIENNA IS COMMITTED TO FULL COMPLIANCE WITH THE AMERICANS WITH DISABILITIES ACT STANDARDS. TRANSLATION SERVICES, ASSISTANCE OR ACCOMMODATION REQUESTS FROM PERSONS WITH DISABILITIES ARE TO BE REQUESTED NOT LESS THAN 3 WORKING DAYS BEFORE THE DAY OF THE EVENT. PLEASE CALL (703) 255-6304, OR 711 VIRGINIA RELAY SERVICE FOR THE HEARING IMPAIRED.",Procedural
18251,2018-05-07,"Invocation: Mr. John Russo, Vice Chariman of the Baha'i Community of the Town of Vienna",Procedural
18252,2018-05-07,Pledge of Allegiance to the Flag of the United States of America,Procedural
18253,2018-05-07,Roll Call,Procedural
18255,2018-05-07,"Receipt of petitions and communications from the Public that is not on the Agenda.  
          (Limited to 5 minutes per issue and no formal action can be taken this evening)",Procedural
18257,2018-05-07,Reports/Presentations,Procedural
18258,2018-05-07,Report and Inquiries of Council Members,Procedural
18259,2018-05-07,Report of the Town Manager,Procedural
18260,2018-05-07,Report of the Mayor,Procedural
18261,2018-05-07,Proposals for Additional Items to the Agenda,Procedural
18262,2018-05-07,Closed Session,Procedural
18263,2018-05-07,Public Hearings,Procedural
18265,2018-05-07,Regular Business,Procedural
18271,2018-05-07,"Approval of the Regular Council Meeting Minutes of April 9, 2018, the Council Meeting for Closed Session only on March 19, 2018 and the Work Session Minutes of March 17, 2018 and March 19, 2018.",Procedural
18273,2018-05-07,Meeting Adjournment,Procedural
18274,2018-05-07,"THE TOWN OF VIENNA IS COMMITTED TO FULL COMPLIANCE WITH THE AMERICANS WITH DISABILITIES ACT STANDARDS. TRANSLATION SERVICES, ASSISTANCE OR ACCOMMODATION REQUESTS FROM PERSONS WITH DISABILITIES ARE TO BE REQUESTED NOT LESS THAN 3 WORKING DAYS BEFORE THE DAY OF THE EVENT. PLEASE CALL (703) 255-6304, OR 711 VIRGINIA RELAY SERVICE FOR THE HEARING IMPAIRED.",Procedural
18425,2018-05-21,"Invocation: Rev. Brett Isernhagen, Epiphany United Methodist Church",Procedural
18426,2018-05-21,Pledge of Allegiance to the Flag of the United States of America,Procedural
18427,2018-05-21,Roll Call,Procedural
18429,2018-05-21,"Receipt of petitions and communications from the Public that is not on the Agenda.  
          (Limited to 5 minutes per issue and no formal action can be taken this evening)",Procedural
18431,2018-05-21,Reports/Presentations,Procedural
18432,2018-05-21,Report and Inquiries of Council Members,Procedural
18433,2018-05-21,Report of the Town Manager,Procedural
18434,2018-05-21,Report of the Mayor,Procedural
18435,2018-05-21,Proposals for Additional Items to the Agenda,Procedural
18436,2018-05-21,Closed Session,Procedural
18437,2018-05-21,Public Hearings,Procedural
18439,2018-05-21,Regular Business,Procedural
18452,2018-05-21,Meeting Adjournment,Procedural
18533,2018-06-04,"Invocation: John Russo, Chairman of the Local Spiritual Assembly of the Baha'is of the Town of Vienna",Procedural
18534,2018-06-04,Pledge of Allegiance to the Flag of the United States of America,Procedural
18535,2018-06-04,Roll Call,Procedural
18537,2018-06-04,"Receipt of petitions and communications from the Public that are not on the Agenda.  
          (Limited to 5 minutes per issue and no formal action can be taken this evening)",Procedural
18539,2018-06-04,Reports/Presentations,Procedural
18540,2018-06-04,Report and Inquiries of Council Members,Procedural
18541,2018-06-04,Report of the Town Manager,Procedural
18542,2018-06-04,Report of the Mayor,Procedural
18543,2018-06-04,Proposals for Additional Items to the Agenda,Procedural
18544,2018-06-04,Closed Session,Procedural
18547,2018-06-04,Regular Business,Procedural
18566,2018-06-04,Meeting Adjournment,Procedural
18854,2018-06-11,Roll Call,Procedural
18858,2018-06-11,Reports/Presentations,Procedural
18863,2018-06-11,Closed Session,Procedural
18867,2018-06-11,Meeting Adjournment,Procedural
18868,2018-06-11,"THE TOWN OF VIENNA IS COMMITTED TO FULL COMPLIANCE WITH THE AMERICANS WITH DISABILITIES ACT STANDARDS. TRANSLATION SERVICES, ASSISTANCE OR ACCOMMODATION REQUESTS FROM PERSONS WITH DISABILITIES ARE TO BE REQUESTED NOT LESS THAN 3 WORKING DAYS BEFORE THE DAY OF THE EVENT. PLEASE CALL (703) 255-6304, OR 711 VIRGINIA RELAY SERVICE FOR THE HEARING IMPAIRED.",Procedural
18679,2018-07-09,"Invocation: Reverend David Jordan-Haas, Vienna Presbyterian Church",Procedural
18680,2018-07-09,Pledge of Allegiance to the Flag of the United States of America,Procedural
18681,2018-07-09,Roll Call,Procedural
18683,2018-07-09,"Receipt of petitions and communications from the Public that is not on the Agenda.  
          (Limited to 5 minutes per issue and no formal action can be taken this evening)",Procedural
18685,2018-07-09,Reports/Presentations,Procedural
18686,2018-07-09,Report and Inquiries of Council Members,Procedural
18687,2018-07-09,Report of the Town Manager,Procedural
18688,2018-07-09,Report of the Mayor,Procedural
18689,2018-07-09,Proposals for Additional Items to the Agenda,Procedural
18690,2018-07-09,Closed Session,Procedural
18691,2018-07-09,Public Hearings,Procedural
18693,2018-07-09,Regular Business,Procedural
18709,2018-07-09,Meeting Adjournment,Procedural
18710,2018-07-09,"THE TOWN OF VIENNA IS COMMITTED TO FULL COMPLIANCE WITH THE AMERICANS WITH DISABILITIES ACT STANDARDS. TRANSLATION SERVICES, ASSISTANCE OR ACCOMMODATION REQUESTS FROM PERSONS WITH DISABILITIES ARE TO BE REQUESTED NOT LESS THAN 3 WORKING DAYS BEFORE THE DAY OF THE EVENT. PLEASE CALL (703) 255-6304, OR 711 VIRGINIA RELAY SERVICE FOR THE HEARING IMPAIRED.",Procedural
18717,2018-07-09,Second Closed Session,Procedural
18721,2018-07-09,Roll Call,Procedural
18887,2018-08-20,"Invocation: Reverend Corky Eddins, Christ Church Vienna",Procedural
18888,2018-08-20,Pledge of Allegiance to the Flag of the United States of America,Procedural
18889,2018-08-20,Roll Call,Procedural
18891,2018-08-20,"Receipt of petitions and communications from the Public that is not on the Agenda.  
          (Limited to 5 minutes per issue and no formal action can be taken this evening)",Procedural
18893,2018-08-20,Reports/Presentations,Procedural
18894,2018-08-20,Report and Inquiries of Council Members,Procedural
18895,2018-08-20,Report of the Town Manager,Procedural
18896,2018-08-20,Report of the Mayor,Procedural
18897,2018-08-20,Proposals for Additional Items to the Agenda,Procedural
18898,2018-08-20,Closed Session,Procedural
18899,2018-08-20,Public Hearings,Procedural
18901,2018-08-20,Regular Business,Procedural
18910,2018-08-20,"Request approval to publish Annual Report of Delinquent Real Estate Properties as of June 30, 2018",Procedural
18918,2018-08-20,Meeting Adjournment,Procedural
18919,2018-08-20,"THE TOWN OF VIENNA IS COMMITTED TO FULL COMPLIANCE WITH THE AMERICANS WITH DISABILITIES ACT STANDARDS. TRANSLATION SERVICES, ASSISTANCE OR ACCOMMODATION REQUESTS FROM PERSONS WITH DISABILITIES ARE TO BE REQUESTED NOT LESS THAN 3 WORKING DAYS BEFORE THE DAY OF THE EVENT. PLEASE CALL (703) 255-6304, OR 711 VIRGINIA RELAY SERVICE FOR THE HEARING IMPAIRED.",Procedural
19011,2018-09-17,"Invocation: Reverend Brenda Burns, Vienna Assembly of God",Procedural
19012,2018-09-17,Pledge of Allegiance to the Flag of the United States of America,Procedural
19013,2018-09-17,Roll Call,Procedural
19015,2018-09-17,"Receipt of petitions and communications from the Public that is not on the Agenda.  
          (Limited to 5 minutes per issue and no formal action can be taken this evening)",Procedural
19017,2018-09-17,Reports/Presentations,Procedural
19018,2018-09-17,Report and Inquiries of Council Members,Procedural
19019,2018-09-17,Report of the Town Manager,Procedural
19020,2018-09-17,Report of the Mayor,Procedural
19021,2018-09-17,Proposals for Additional Items to the Agenda,Procedural
19022,2018-09-17,Closed Session,Procedural
19023,2018-09-17,Public Hearings,Procedural
19025,2018-09-17,Regular Business,Procedural
19047,2018-09-17,Meeting Adjournment,Procedural
19048,2018-09-17,"THE TOWN OF VIENNA IS COMMITTED TO FULL COMPLIANCE WITH THE AMERICANS WITH DISABILITIES ACT STANDARDS. TRANSLATION SERVICES, ASSISTANCE OR ACCOMMODATION REQUESTS FROM PERSONS WITH DISABILITIES ARE TO BE REQUESTED NOT LESS THAN 3 WORKING DAYS BEFORE THE DAY OF THE EVENT. PLEASE CALL (703) 255-6304, OR 711 VIRGINIA RELAY SERVICE FOR THE HEARING IMPAIRED.",Procedural
19214,2018-10-15,"Invocation: Mr. Kian Huang, L.S.A. of the Bahai's of Vienna",Procedural
19215,2018-10-15,Pledge of Allegiance to the Flag of the United States of America,Procedural
19216,2018-10-15,Roll Call,Procedural
19218,2018-10-15,"Receipt of petitions and communications from the Public that is not on the Agenda.  
          (Limited to 5 minutes per issue and no formal action can be taken this evening)",Procedural
19220,2018-10-15,Reports/Presentations,Procedural
19221,2018-10-15,Report and Inquiries of Council Members,Procedural
19222,2018-10-15,Report of the Town Manager,Procedural
19223,2018-10-15,Report of the Mayor,Procedural
19224,2018-10-15,Proposals for Additional Items to the Agenda,Procedural
19225,2018-10-15,Closed Session,Procedural
19228,2018-10-15,Regular Business,Procedural
19241,2018-10-15,Meeting Adjournment,Procedural
19242,2018-10-15,"THE TOWN OF VIENNA IS COMMITTED TO FULL COMPLIANCE WITH THE AMERICANS WITH DISABILITIES ACT STANDARDS. TRANSLATION SERVICES, ASSISTANCE OR ACCOMMODATION REQUESTS FROM PERSONS WITH DISABILITIES ARE TO BE REQUESTED NOT LESS THAN 3 WORKING DAYS BEFORE THE DAY OF THE EVENT. PLEASE CALL (703) 255-6304, OR 711 VIRGINIA RELAY SERVICE FOR THE HEARING IMPAIRED.",Procedural
19295,2018-10-29,"Invocation: Reverend Kristen McBrayer, Emmaus United Church of Christ",Procedural
19296,2018-10-29,Pledge of Allegiance to the Flag of the United States of America,Procedural
19297,2018-10-29,Roll Call,Procedural
19299,2018-10-29,"Receipt of petitions and communications from the Public that is not on the Agenda.  
          (Limited to 5 minutes per issue and no formal action can be taken this evening)",Procedural
19301,2018-10-29,Reports/Presentations,Procedural
19302,2018-10-29,Report and Inquiries of Council Members,Procedural
19303,2018-10-29,Report of the Town Manager,Procedural
19304,2018-10-29,Report of the Mayor,Procedural
19305,2018-10-29,Proposals for Additional Items to the Agenda,Procedural
19306,2018-10-29,Closed Session,Procedural
19309,2018-10-29,Regular Business,Procedural
19321,2018-10-29,Meeting Adjournment,Procedural
19322,2018-10-29,"THE TOWN OF VIENNA IS COMMITTED TO FULL COMPLIANCE WITH THE AMERICANS WITH DISABILITIES ACT STANDARDS. TRANSLATION SERVICES, ASSISTANCE OR ACCOMMODATION REQUESTS FROM PERSONS WITH DISABILITIES ARE TO BE REQUESTED NOT LESS THAN 3 WORKING DAYS BEFORE THE DAY OF THE EVENT. PLEASE CALL (703) 255-6304, OR 711 VIRGINIA RELAY SERVICE FOR THE HEARING IMPAIRED.",Procedural
19456,2018-11-19,Invocation: Reverend Johnny Kurcina of Christ Church Vienna,Procedural
19457,2018-11-19,Pledge of Allegiance to the Flag of the United States of America,Procedural
19458,2018-11-19,Roll Call,Procedural
19460,2018-11-19,"Receipt of petitions and communications from the Public that is not on the Agenda.  
          (Limited to 5 minutes per issue and no formal action can be taken this evening)",Procedural
19462,2018-11-19,Reports/Presentations,Procedural
19463,2018-11-19,Report and Inquiries of Council Members,Procedural
19464,2018-11-19,Report of the Town Manager,Procedural
19465,2018-11-19,Report of the Mayor,Procedural
19466,2018-11-19,Proposals for Additional Items to the Agenda,Procedural
19467,2018-11-19,Closed Session,Procedural
19468,2018-11-19,Public Hearings,Procedural
19470,2018-11-19,Regular Business,Procedural
19481,2018-11-19,Meeting Adjournment,Procedural
19482,2018-11-19,"THE TOWN OF VIENNA IS COMMITTED TO FULL COMPLIANCE WITH THE AMERICANS WITH DISABILITIES ACT STANDARDS. TRANSLATION SERVICES, ASSISTANCE OR ACCOMMODATION REQUESTS FROM PERSONS WITH DISABILITIES ARE TO BE REQUESTED NOT LESS THAN 3 WORKING DAYS BEFORE THE DAY OF THE EVENT. PLEASE CALL (703) 255-6304, OR 711 VIRGINIA RELAY SERVICE FOR THE HEARING IMPAIRED.",Procedural
19489,2018-11-19,Second Closed Session,Procedural
19535,2018-12-10,"Invocation: Reverend Brett Isernhagen, Ephiphany United Methodist Church",Procedural
19536,2018-12-10,Pledge of Allegiance to the Flag of the United States of America,Procedural
19537,2018-12-10,Roll Call,Procedural
19539,2018-12-10,"Receipt of petitions and communications from the Public that is not on the Agenda.  
          (Limited to 5 minutes per issue and no formal action can be taken this evening)",Procedural
19541,2018-12-10,Reports/Presentations,Procedural
19542,2018-12-10,Report and Inquiries of Council Members,Procedural
19543,2018-12-10,Report of the Town Manager,Procedural
19544,2018-12-10,Report of the Mayor,Procedural
19545,2018-12-10,Proposals for Additional Items to the Agenda,Procedural
19546,2018-12-10,Closed Session,Procedural
19549,2018-12-10,Regular Business,Procedural
19561,2018-12-10,Meeting Adjournment,Procedural
19562,2018-12-10,"THE TOWN OF VIENNA IS COMMITTED TO FULL COMPLIANCE WITH THE AMERICANS WITH DISABILITIES ACT STANDARDS. TRANSLATION SERVICES, ASSISTANCE OR ACCOMMODATION REQUESTS FROM PERSONS WITH DISABILITIES ARE TO BE REQUESTED NOT LESS THAN 3 WORKING DAYS BEFORE THE DAY OF THE EVENT. PLEASE CALL (703) 255-6304, OR 711 VIRGINIA RELAY SERVICE FOR THE HEARING IMPAIRED.",Procedural
19606,2018-12-10,Second Closed Session,Procedural
19607,2019-01-07,"Invocation: Pastor Garry Genser, Vienna Seventh-Day Adventist Church",Procedural
19608,2019-01-07,Pledge of Allegiance to the Flag of the United States of America,Procedural
19609,2019-01-07,Roll Call,Procedural
19611,2019-01-07,"Receipt of petitions and communications from the Public that is not on the Agenda.  
          (Limited to 5 minutes per issue and no formal action can be taken this evening)",Procedural
19613,2019-01-07,Reports/Presentations,Procedural
19614,2019-01-07,Report and Inquiries of Council Members,Procedural
19615,2019-01-07,Report of the Town Manager,Procedural
19616,2019-01-07,Report of the Mayor,Procedural
19617,2019-01-07,Proposals for Additional Items to the Agenda,Procedural
19618,2019-01-07,Closed Session,Procedural
19621,2019-01-07,Regular Business,Procedural
19634,2019-01-07,Meeting Adjournment,Procedural
19635,2019-01-07,"THE TOWN OF VIENNA IS COMMITTED TO FULL COMPLIANCE WITH THE AMERICANS WITH DISABILITIES ACT STANDARDS. TRANSLATION SERVICES, ASSISTANCE OR ACCOMMODATION REQUESTS FROM PERSONS WITH DISABILITIES ARE TO BE REQUESTED NOT LESS THAN 3 WORKING DAYS BEFORE THE DAY OF THE EVENT. PLEASE CALL (703) 255-6304, OR 711 VIRGINIA RELAY SERVICE FOR THE HEARING IMPAIRED.",Procedural
19739,2019-01-28,"Invocation: Reverend Corky Eddins, Christ Church Vienna",Procedural
19740,2019-01-28,Pledge of Allegiance to the Flag of the United States of America,Procedural
19741,2019-01-28,Roll Call,Procedural
19743,2019-01-28,"Receipt of petitions and communications from the Public that is not on the Agenda.  
          (Limited to 5 minutes per issue and no formal action can be taken this evening)",Procedural
19745,2019-01-28,Reports/Presentations,Procedural
19746,2019-01-28,Report and Inquiries of Council Members,Procedural
19747,2019-01-28,Report of the Town Manager,Procedural
19748,2019-01-28,Report of the Mayor,Procedural
19749,2019-01-28,Proposals for Additional Items to the Agenda,Procedural
19750,2019-01-28,Closed Session,Procedural
19753,2019-01-28,Regular Business,Procedural
19761,2019-01-28,Meeting Adjournment,Procedural
19762,2019-01-28,"THE TOWN OF VIENNA IS COMMITTED TO FULL COMPLIANCE WITH THE AMERICANS WITH DISABILITIES ACT STANDARDS. TRANSLATION SERVICES, ASSISTANCE OR ACCOMMODATION REQUESTS FROM PERSONS WITH DISABILITIES ARE TO BE REQUESTED NOT LESS THAN 3 WORKING DAYS BEFORE THE DAY OF THE EVENT. PLEASE CALL (703) 255-6304, OR 711 VIRGINIA RELAY SERVICE FOR THE HEARING IMPAIRED.",Procedural
19856,2019-02-25,"Invocation: The Reverand Dr. Anthony Prinsen, Emanuel Lutheran Church",Procedural
19857,2019-02-25,Pledge of Allegiance to the Flag of the United States of America,Procedural
19858,2019-02-25,Roll Call,Procedural
19860,2019-02-25,"Receipt of petitions and communications from the Public that is not on the Agenda.  
          (Limited to 5 minutes per issue and no formal action can be taken this evening)",Procedural
19862,2019-02-25,Reports/Presentations,Procedural
19863,2019-02-25,Report and Inquiries of Council Members,Procedural
19864,2019-02-25,Report of the Town Manager,Procedural
19865,2019-02-25,Report of the Mayor,Procedural
19866,2019-02-25,Proposals for Additional Items to the Agenda,Procedural
19867,2019-02-25,Closed Session,Procedural
19870,2019-02-25,Regular Business,Procedural
19878,2019-02-25,Meeting Adjournment,Procedural
19879,2019-02-25,"THE TOWN OF VIENNA IS COMMITTED TO FULL COMPLIANCE WITH THE AMERICANS WITH DISABILITIES ACT STANDARDS. TRANSLATION SERVICES, ASSISTANCE OR ACCOMMODATION REQUESTS FROM PERSONS WITH DISABILITIES ARE TO BE REQUESTED NOT LESS THAN 3 WORKING DAYS BEFORE THE DAY OF THE EVENT. PLEASE CALL (703) 255-6304, OR 711 VIRGINIA RELAY SERVICE FOR THE HEARING IMPAIRED.",Procedural
19952,2019-03-11,"Invocation: Reverend Garry Genser, Vienna Seventh-Day Adventist Church",Procedural
19953,2019-03-11,Pledge of Allegiance to the Flag of the United States of America,Procedural
19954,2019-03-11,Roll Call,Procedural
19956,2019-03-11,"Receipt of petitions and communications from the Public that is not on the Agenda.  
          (Limited to 5 minutes per issue and no formal action can be taken this evening)",Procedural
19958,2019-03-11,Reports/Presentations,Procedural
19959,2019-03-11,Report and Inquiries of Council Members,Procedural
19960,2019-03-11,Report of the Town Manager,Procedural
19961,2019-03-11,Report of the Mayor,Procedural
19962,2019-03-11,Proposals for Additional Items to the Agenda,Procedural
19963,2019-03-11,Closed Session,Procedural
19966,2019-03-11,Regular Business,Procedural
19973,2019-03-11,Meeting Adjournment,Procedural
19974,2019-03-11,"_______________________________
                                                          Mayor Laurie A. DiRocco


Signed / Dated: __________________________


Attest:        _______________________________
                                    Town Clerk







THE TOWN OF VIENNA IS COMMITTED TO FULL COMPLIANCE WITH THE AMERICANS WITH DISABILITIES ACT STANDARDS.  TRANSLATION SERVICES, ASSISTANCE OR ACCOMMODATION REQUESTS FROM PERSONS WITH DISABILITIES ARE TO BE REQUESTED NOT LESS THAN 3 WORKING DAYS BEFORE THE DAY OF THE EVENT.  PLEASE CALL (703) 255-6304, OR 711 VIRGINIA RELAY SERVICE FOR THE HEARING IMPAIRED.",Procedural
20071,2019-03-11,Second Closed Session,Procedural
20159,2019-04-08,"Invocation:  Reverend Dr. Vernon Walton, First Baptist Church of Vienna",Procedural
20160,2019-04-08,Pledge of Allegiance to the Flag of the United States of America,Procedural
20161,2019-04-08,Roll Call,Procedural
20163,2019-04-08,"Receipt of petitions and communications from the Public that is not on the Agenda.  
          (Limited to 5 minutes per issue and no formal action can be taken this evening)",Procedural
20165,2019-04-08,Reports/Presentations,Procedural
20166,2019-04-08,Report and Inquiries of Council Members,Procedural
20167,2019-04-08,Report of the Town Manager,Procedural
20168,2019-04-08,Report of the Mayor,Procedural
20169,2019-04-08,Proposals for Additional Items to the Agenda,Procedural
20170,2019-04-08,Closed Session,Procedural
20171,2019-04-08,Public Hearings,Procedural
20173,2019-04-08,Regular Business,Procedural
20185,2019-04-08,Meeting Adjournment,Procedural
20186,2019-04-08,"THE TOWN OF VIENNA IS COMMITTED TO FULL COMPLIANCE WITH THE AMERICANS WITH DISABILITIES ACT STANDARDS. TRANSLATION SERVICES, ASSISTANCE OR ACCOMMODATION REQUESTS FROM PERSONS WITH DISABILITIES ARE TO BE REQUESTED NOT LESS THAN 3 WORKING DAYS BEFORE THE DAY OF THE EVENT. PLEASE CALL (703) 255-6304, OR 711 VIRGINIA RELAY SERVICE FOR THE HEARING IMPAIRED.",Procedural
20188,2019-04-08,Second Closed Session,Procedural
20276,2019-04-29,"Invocation: Reverend Johnny Kurcina, Christ Church Vienna",Procedural
20277,2019-04-29,Pledge of Allegiance to the Flag of the United States of America,Procedural
20278,2019-04-29,Roll Call,Procedural
20280,2019-04-29,"Receipt of petitions and communications from the Public that is not on the Agenda.  
          (Limited to 5 minutes per issue and no formal action can be taken this evening)",Procedural
20282,2019-04-29,Reports/Presentations,Procedural
20283,2019-04-29,Report and Inquiries of Council Members,Procedural
20284,2019-04-29,Report of the Town Manager,Procedural
20285,2019-04-29,Report of the Mayor,Procedural
20286,2019-04-29,Proposals for Additional Items to the Agenda,Procedural
20287,2019-04-29,Closed Session,Procedural
20288,2019-04-29,Public Hearings,Procedural
20290,2019-04-29,Regular Business,Procedural
20302,2019-04-29,Meeting Adjournment,Procedural
20303,2019-04-29,"THE TOWN OF VIENNA IS COMMITTED TO FULL COMPLIANCE WITH THE AMERICANS WITH DISABILITIES ACT STANDARDS. TRANSLATION SERVICES, ASSISTANCE OR ACCOMMODATION REQUESTS FROM PERSONS WITH DISABILITIES ARE TO BE REQUESTED NOT LESS THAN 3 WORKING DAYS BEFORE THE DAY OF THE EVENT. PLEASE CALL (703) 255-6304, OR 711 VIRGINIA RELAY SERVICE FOR THE HEARING IMPAIRED.",Procedural
20347,2019-05-13,Invocation: Ms. Ella Yazdanie of the Baha'is of the Town of Vienna,Procedural
20348,2019-05-13,Pledge of Allegiance to the Flag of the United States of America,Procedural
20349,2019-05-13,Roll Call,Procedural
20351,2019-05-13,"Receipt of petitions and communications from the Public that is not on the Agenda.  
          (Limited to 5 minutes per issue and no formal action can be taken this evening)",Procedural
20353,2019-05-13,Reports/Presentations,Procedural
20354,2019-05-13,Report and Inquiries of Council Members,Procedural
20355,2019-05-13,Report of the Town Manager,Procedural
20356,2019-05-13,Report of the Mayor,Procedural
20357,2019-05-13,Proposals for Additional Items to the Agenda,Procedural
20358,2019-05-13,Closed Session,Procedural
20359,2019-05-13,Public Hearings,Procedural
20361,2019-05-13,Regular Business,Procedural
20374,2019-05-13,Meeting Adjournment,Procedural
20375,2019-05-13,"THE TOWN OF VIENNA IS COMMITTED TO FULL COMPLIANCE WITH THE AMERICANS WITH DISABILITIES ACT STANDARDS. TRANSLATION SERVICES, ASSISTANCE OR ACCOMMODATION REQUESTS FROM PERSONS WITH DISABILITIES ARE TO BE REQUESTED NOT LESS THAN 3 WORKING DAYS BEFORE THE DAY OF THE EVENT. PLEASE CALL (703) 255-6304, OR 711 VIRGINIA RELAY SERVICE FOR THE HEARING IMPAIRED.",Procedural
20465,2019-05-20,Regular Business,Procedural
20466,2019-05-20,Set Closed Session for Consultation with Legal Counsel,Procedural
20467,2019-05-20,Meeting Adjournment,Procedural
20468,2019-05-20,"THE TOWN OF VIENNA IS COMMITTED TO FULL COMPLIANCE WITH THE AMERICANS WITH DISABILITIES ACT STANDARDS. TRANSLATION SERVICES, ASSISTANCE OR ACCOMMODATION REQUESTS FROM PERSONS WITH DISABILITIES ARE TO BE REQUESTED NOT LESS THAN 3 WORKING DAYS BEFORE THE DAY OF THE EVENT. PLEASE CALL (703) 255-6304, OR 711 VIRGINIA RELAY SERVICE FOR THE HEARING IMPAIRED.",Procedural
20493,2019-06-03,"Invocation: Mercury T. Payton, Town Manager",Procedural
20494,2019-06-03,Pledge of Allegiance to the Flag of the United States of America,Procedural
20495,2019-06-03,Roll Call,Procedural
20497,2019-06-03,"Receipt of petitions and communications from the Public that is not on the Agenda.  
          (Limited to 5 minutes per issue and no formal action can be taken this evening)",Procedural
20499,2019-06-03,Reports/Presentations,Procedural
20500,2019-06-03,Report and Inquiries of Council Members,Procedural
20501,2019-06-03,Report of the Town Manager,Procedural
20502,2019-06-03,Report of the Mayor,Procedural
20503,2019-06-03,Proposals for Additional Items to the Agenda,Procedural
20504,2019-06-03,Closed Session,Procedural
20505,2019-06-03,Public Hearings,Procedural
20507,2019-06-03,Regular Business,Procedural
20522,2019-06-03,Meeting Adjournment,Procedural
20523,2019-06-03,"THE TOWN OF VIENNA IS COMMITTED TO FULL COMPLIANCE WITH THE AMERICANS WITH DISABILITIES ACT STANDARDS. TRANSLATION SERVICES, ASSISTANCE OR ACCOMMODATION REQUESTS FROM PERSONS WITH DISABILITIES ARE TO BE REQUESTED NOT LESS THAN 3 WORKING DAYS BEFORE THE DAY OF THE EVENT. PLEASE CALL (703) 255-6304, OR 711 VIRGINIA RELAY SERVICE FOR THE HEARING IMPAIRED.",Procedural
20599,2019-06-17,"Invocation:  Mr. Mercury Payton, Town Manager",Procedural
20600,2019-06-17,Pledge of Allegiance to the Flag of the United States of America,Procedural
20601,2019-06-17,Roll Call,Procedural
20603,2019-06-17,"Receipt of petitions and communications from the Public that are not on the Agenda.  
          (Limited to 5 minutes per issue and no formal action can be taken this evening)",Procedural
20605,2019-06-17,Reports/Presentations,Procedural
20606,2019-06-17,Report and Inquiries of Council Members,Procedural
20607,2019-06-17,Report of the Town Manager,Procedural
20608,2019-06-17,Report of the Mayor,Procedural
20609,2019-06-17,Proposals for Additional Items to the Agenda,Procedural
20610,2019-06-17,Closed Session,Procedural
20611,2019-06-17,Public Hearings,Procedural
20613,2019-06-17,Regular Business,Procedural
20633,2019-06-17,Meeting Adjournment,Procedural
20634,2019-06-17,"THE TOWN OF VIENNA IS COMMITTED TO FULL COMPLIANCE WITH THE AMERICANS WITH DISABILITIES ACT STANDARDS. TRANSLATION SERVICES, ASSISTANCE OR ACCOMMODATION REQUESTS FROM PERSONS WITH DISABILITIES ARE TO BE REQUESTED NOT LESS THAN 3 WORKING DAYS BEFORE THE DAY OF THE EVENT. PLEASE CALL (703) 255-6304, OR 711 VIRGINIA RELAY SERVICE FOR THE HEARING IMPAIRED.",Procedural
20736,2019-06-17,Regular Business,Procedural
20886,2019-06-17,,Procedural
20664,2019-07-01,"Invocation: Reverend Corky Eddins, Christ Church Vienna",Procedural
20665,2019-07-01,Pledge of Allegiance to the Flag of the United States of America,Procedural
20666,2019-07-01,Roll Call,Procedural
20668,2019-07-01,"Receipt of petitions and communications from the Public that are not on the Agenda.  
          (Limited to 5 minutes per issue and no formal action can be taken this evening)",Procedural
20670,2019-07-01,Reports/Presentations,Procedural
20671,2019-07-01,Report and Inquiries of Council Members,Procedural
20672,2019-07-01,Report of the Town Manager,Procedural
20673,2019-07-01,Report of the Mayor,Procedural
20674,2019-07-01,Proposals for Additional Items to the Agenda,Procedural
20675,2019-07-01,Closed Session,Procedural
20678,2019-07-01,Regular Business,Procedural
20692,2019-07-01,Meeting Adjournment,Procedural
20693,2019-07-01,"THE TOWN OF VIENNA IS COMMITTED TO FULL COMPLIANCE WITH THE AMERICANS WITH DISABILITIES ACT STANDARDS. TRANSLATION SERVICES, ASSISTANCE OR ACCOMMODATION REQUESTS FROM PERSONS WITH DISABILITIES ARE TO BE REQUESTED NOT LESS THAN 3 WORKING DAYS BEFORE THE DAY OF THE EVENT. PLEASE CALL (703) 255-6304, OR 711 VIRGINIA RELAY SERVICE FOR THE HEARING IMPAIRED.",Procedural
20705,2019-07-01,Closed Session,Procedural
20778,2019-07-01,Closed Session,Procedural
20737,2019-07-15,"Invocation: Mercury Payton, Town Manager",Procedural
20738,2019-07-15,Pledge of Allegiance to the Flag of the United States of America,Procedural
20739,2019-07-15,Roll Call,Procedural
20749,2019-07-15,Public Hearings,Procedural
20752,2019-07-15,Meeting Adjournment,Procedural
20753,2019-07-15,"THE TOWN OF VIENNA IS COMMITTED TO FULL COMPLIANCE WITH THE AMERICANS WITH DISABILITIES ACT STANDARDS. TRANSLATION SERVICES, ASSISTANCE OR ACCOMMODATION REQUESTS FROM PERSONS WITH DISABILITIES ARE TO BE REQUESTED NOT LESS THAN 3 WORKING DAYS BEFORE THE DAY OF THE EVENT. PLEASE CALL (703) 255-6304, OR 711 VIRGINIA RELAY SERVICE FOR THE HEARING IMPAIRED.",Procedural
20887,2019-07-15,,Procedural
20942,2019-09-16,Invocation: Kian Huang of the Vienna Baha'i Community,Procedural
20943,2019-09-16,Pledge of Allegiance to the Flag of the United States of America,Procedural
20944,2019-09-16,Roll Call,Procedural
20946,2019-09-16,"Receipt of petitions and communications from the Public that are not on the Agenda.  
          (Limited to 5 minutes per issue and no formal action can be taken this evening)",Procedural
20948,2019-09-16,Reports/Presentations,Procedural
20949,2019-09-16,Report and Inquiries of Council Members,Procedural
20950,2019-09-16,Report of the Town Manager,Procedural
20951,2019-09-16,Report of the Mayor,Procedural
20952,2019-09-16,Proposals for Additional Items to the Agenda,Procedural
20953,2019-09-16,Closed Session,Procedural
20954,2019-09-16,Public Hearings,Procedural
20956,2019-09-16,Regular Business,Procedural
20971,2019-09-16,Meeting Adjournment,Procedural
20972,2019-09-16,"THE TOWN OF VIENNA IS COMMITTED TO FULL COMPLIANCE WITH THE AMERICANS WITH DISABILITIES ACT STANDARDS. TRANSLATION SERVICES, ASSISTANCE OR ACCOMMODATION REQUESTS FROM PERSONS WITH DISABILITIES ARE TO BE REQUESTED NOT LESS THAN 3 WORKING DAYS BEFORE THE DAY OF THE EVENT. PLEASE CALL (703) 255-6304, OR 711 VIRGINIA RELAY SERVICE FOR THE HEARING IMPAIRED.",Procedural
21045,2019-09-30,"Invocation: Reverend Eric Song, Church of the Good Shepherd",Procedural
21046,2019-09-30,Pledge of Allegiance to the Flag of the United States of America,Procedural
21047,2019-09-30,Roll Call,Procedural
21049,2019-09-30,"Receipt of petitions and communications from the Public that are not on the Agenda.  
          (Limited to 5 minutes per issue and no formal action can be taken this evening)",Procedural
21051,2019-09-30,Reports/Presentations,Procedural
21052,2019-09-30,Report and Inquiries of Council Members,Procedural
21053,2019-09-30,Report of the Town Manager,Procedural
21054,2019-09-30,Report of the Mayor,Procedural
21055,2019-09-30,Proposals for Additional Items to the Agenda,Procedural
21056,2019-09-30,Closed Session,Procedural
21059,2019-09-30,Regular Business,Procedural
21068,2019-09-30,Meeting Adjournment,Procedural
21069,2019-09-30,"THE TOWN OF VIENNA IS COMMITTED TO FULL COMPLIANCE WITH THE AMERICANS WITH DISABILITIES ACT STANDARDS. TRANSLATION SERVICES, ASSISTANCE OR ACCOMMODATION REQUESTS FROM PERSONS WITH DISABILITIES ARE TO BE REQUESTED NOT LESS THAN 3 WORKING DAYS BEFORE THE DAY OF THE EVENT. PLEASE CALL (703) 255-6304, OR 711 VIRGINIA RELAY SERVICE FOR THE HEARING IMPAIRED.",Procedural
21071,2019-09-30,Second Closed Session,Procedural
21134,2019-10-21,"Invocation: Reverend Eric Song, Church of the Good Shepherd",Procedural
21135,2019-10-21,Pledge of Allegiance to the Flag of the United States of America,Procedural
21136,2019-10-21,Roll Call,Procedural
21138,2019-10-21,"Receipt of petitions and communications from the Public that are not on the Agenda.  
          (Limited to 5 minutes per issue and no formal action can be taken this evening)",Procedural
21140,2019-10-21,Reports/Presentations,Procedural
21141,2019-10-21,Report and Inquiries of Council Members,Procedural
21142,2019-10-21,Report of the Town Manager,Procedural
21143,2019-10-21,Report of the Mayor,Procedural
21144,2019-10-21,Proposals for Additional Items to the Agenda,Procedural
21145,2019-10-21,Closed Session,Procedural
21146,2019-10-21,Public Hearings,Procedural
21148,2019-10-21,Regular Business,Procedural
21156,2019-10-21,Meeting Adjournment,Procedural
21157,2019-10-21,"THE TOWN OF VIENNA IS COMMITTED TO FULL COMPLIANCE WITH THE AMERICANS WITH DISABILITIES ACT STANDARDS. TRANSLATION SERVICES, ASSISTANCE OR ACCOMMODATION REQUESTS FROM PERSONS WITH DISABILITIES ARE TO BE REQUESTED NOT LESS THAN 3 WORKING DAYS BEFORE THE DAY OF THE EVENT. PLEASE CALL (703) 255-6304, OR 711 VIRGINIA RELAY SERVICE FOR THE HEARING IMPAIRED.",Procedural
21158,2019-10-21,Second Closed Session,Procedural
21253,2019-11-04,"Invocation: Father Matthew Hillyard, OSFS, Our Lady of Good Council",Procedural
21254,2019-11-04,Pledge of Allegiance to the Flag of the United States of America,Procedural
21255,2019-11-04,Roll Call,Procedural
21257,2019-11-04,"Receipt of petitions and communications from the Public that are not on the Agenda.  
          (Limited to 5 minutes per issue and no formal action can be taken this evening)",Procedural
21259,2019-11-04,Reports/Presentations,Procedural
21260,2019-11-04,Report and Inquiries of Council Members,Procedural
21261,2019-11-04,Report of the Town Manager,Procedural
21262,2019-11-04,Report of the Mayor,Procedural
21263,2019-11-04,Proposals for Additional Items to the Agenda,Procedural
21264,2019-11-04,Closed Session,Procedural
21265,2019-11-04,Public Hearings,Procedural
21267,2019-11-04,Regular Business,Procedural
21277,2019-11-04,Meeting Adjournment,Procedural
21278,2019-11-04,"THE TOWN OF VIENNA IS COMMITTED TO FULL COMPLIANCE WITH THE AMERICANS WITH DISABILITIES ACT STANDARDS. TRANSLATION SERVICES, ASSISTANCE OR ACCOMMODATION REQUESTS FROM PERSONS WITH DISABILITIES ARE TO BE REQUESTED NOT LESS THAN 3 WORKING DAYS BEFORE THE DAY OF THE EVENT. PLEASE CALL (703) 255-6304, OR 711 VIRGINIA RELAY SERVICE FOR THE HEARING IMPAIRED.",Procedural
21422,2019-11-04,Second Closed Session,Procedural
21797,2019-12-09,"Invocation: Nadeen Huang, Bahai's of the Town of Vienna",Procedural
21798,2019-12-09,Pledge of Allegiance to the Flag of the United States of America,Procedural
21799,2019-12-09,Roll Call,Procedural
21801,2019-12-09,"Receipt of petitions and communications from the Public that are not on the Agenda.  
          (Limited to 5 minutes per issue and no formal action can be taken this evening)",Procedural
21803,2019-12-09,Reports/Presentations,Procedural
21804,2019-12-09,Report and Inquiries of Council Members,Procedural
21805,2019-12-09,Report of the Town Manager,Procedural
21806,2019-12-09,Report of the Mayor,Procedural
21807,2019-12-09,Proposals for Additional Items to the Agenda,Procedural
21808,2019-12-09,Closed Session,Procedural
21809,2019-12-09,Public Hearings,Procedural
21811,2019-12-09,Regular Business,Procedural
21827,2019-12-09,Meeting Adjournment,Procedural
21828,2019-12-09,"THE TOWN OF VIENNA IS COMMITTED TO FULL COMPLIANCE WITH THE AMERICANS WITH DISABILITIES ACT STANDARDS. TRANSLATION SERVICES, ASSISTANCE OR ACCOMMODATION REQUESTS FROM PERSONS WITH DISABILITIES ARE TO BE REQUESTED NOT LESS THAN 3 WORKING DAYS BEFORE THE DAY OF THE EVENT. PLEASE CALL (703) 255-6304, OR 711 VIRGINIA RELAY SERVICE FOR THE HEARING IMPAIRED.",Procedural
22020,2020-01-06,"Invocation:  Pastor Garry Genser, Vienna Seventh Day Adventist Church",Procedural
22021,2020-01-06,Pledge of Allegiance to the Flag of the United States of America,Procedural
22022,2020-01-06,Roll Call,Procedural
22024,2020-01-06,"Receipt of petitions and communications from the Public that are not on the Agenda.  
          (Limited to 5 minutes per issue and no formal action can be taken this evening)",Procedural
22026,2020-01-06,Reports/Presentations,Procedural
22027,2020-01-06,Report and Inquiries of Council Members,Procedural
22028,2020-01-06,Report of the Town Manager,Procedural
22029,2020-01-06,Report of the Mayor,Procedural
22030,2020-01-06,Proposals for Additional Items to the Agenda,Procedural
22031,2020-01-06,Closed Session,Procedural
22034,2020-01-06,Regular Business,Procedural
22043,2020-01-06,Meeting Adjournment,Procedural
22044,2020-01-06,"THE TOWN OF VIENNA IS COMMITTED TO FULL COMPLIANCE WITH THE AMERICANS WITH DISABILITIES ACT STANDARDS. TRANSLATION SERVICES, ASSISTANCE OR ACCOMMODATION REQUESTS FROM PERSONS WITH DISABILITIES ARE TO BE REQUESTED NOT LESS THAN 3 WORKING DAYS BEFORE THE DAY OF THE EVENT. PLEASE CALL (703) 255-6304, OR 711 VIRGINIA RELAY SERVICE FOR THE HEARING IMPAIRED.",Procedural
22155,2020-01-27,"Invocation: Mercury Payton, Town Manager",Procedural
22156,2020-01-27,Pledge of Allegiance to the Flag of the United States of America,Procedural
22157,2020-01-27,Roll Call,Procedural
22159,2020-01-27,"Receipt of petitions and communications from the Public that are not on the Agenda.  
          (Limited to 5 minutes per issue and no formal action can be taken this evening)",Procedural
22161,2020-01-27,Reports/Presentations,Procedural
22162,2020-01-27,Report and Inquiries of Council Members,Procedural
22163,2020-01-27,Report of the Town Manager,Procedural
22164,2020-01-27,Report of the Mayor,Procedural
22165,2020-01-27,Proposals for Additional Items to the Agenda,Procedural
22166,2020-01-27,Closed Session,Procedural
22167,2020-01-27,Public Hearings,Procedural
22169,2020-01-27,Regular Business,Procedural
22175,2020-01-27,Meeting Adjournment,Procedural
22176,2020-01-27,"THE TOWN OF VIENNA IS COMMITTED TO FULL COMPLIANCE WITH THE AMERICANS WITH DISABILITIES ACT STANDARDS. TRANSLATION SERVICES, ASSISTANCE OR ACCOMMODATION REQUESTS FROM PERSONS WITH DISABILITIES ARE TO BE REQUESTED NOT LESS THAN 3 WORKING DAYS BEFORE THE DAY OF THE EVENT. PLEASE CALL (703) 255-6304, OR 711 VIRGINIA RELAY SERVICE FOR THE HEARING IMPAIRED.",Procedural
22178,2020-01-27,Second Closed Session,Procedural
22208,2020-01-27,Second Closed Session,Procedural
22183,2020-02-03,"Invocation: John A. Russo, Baha'i Community of the Town of Vienna",Procedural
22184,2020-02-03,Pledge of Allegiance to the Flag of the United States of America,Procedural
22185,2020-02-03,Roll Call,Procedural
22187,2020-02-03,"Receipt of petitions and communications from the Public that are not on the Agenda.  
          (Limited to 5 minutes per issue and no formal action can be taken this evening)",Procedural
22189,2020-02-03,Reports/Presentations,Procedural
22190,2020-02-03,Report and Inquiries of Council Members,Procedural
22191,2020-02-03,Report of the Town Manager,Procedural
22192,2020-02-03,Report of the Mayor,Procedural
22193,2020-02-03,Proposals for Additional Items to the Agenda,Procedural
22194,2020-02-03,Closed Session,Procedural
22195,2020-02-03,Public Hearings,Procedural
22201,2020-02-03,Meeting Adjournment,Procedural
22202,2020-02-03,"THE TOWN OF VIENNA IS COMMITTED TO FULL COMPLIANCE WITH THE AMERICANS WITH DISABILITIES ACT STANDARDS. TRANSLATION SERVICES, ASSISTANCE OR ACCOMMODATION REQUESTS FROM PERSONS WITH DISABILITIES ARE TO BE REQUESTED NOT LESS THAN 3 WORKING DAYS BEFORE THE DAY OF THE EVENT. PLEASE CALL (703) 255-6304, OR 711 VIRGINIA RELAY SERVICE FOR THE HEARING IMPAIRED.",Procedural
22290,2020-02-24,"Invocation: Reverend Johnny Kurcina, Christ Church Vienna",Procedural
22291,2020-02-24,Pledge of Allegiance to the Flag of the United States of America,Procedural
22292,2020-02-24,Roll Call,Procedural
22294,2020-02-24,"Receipt of petitions and communications from the Public that are not on the Agenda.  
          (Limited to 5 minutes per issue and no formal action can be taken this evening)",Procedural
22296,2020-02-24,Reports/Presentations,Procedural
22297,2020-02-24,Report and Inquiries of Council Members,Procedural
22298,2020-02-24,Report of the Town Manager,Procedural
22299,2020-02-24,Report of the Mayor,Procedural
22300,2020-02-24,Proposals for Additional Items to the Agenda,Procedural
22301,2020-02-24,Closed Session,Procedural
22304,2020-02-24,Regular Business,Procedural
22315,2020-02-24,Meeting Adjournment,Procedural
22316,2020-02-24,"THE TOWN OF VIENNA IS COMMITTED TO FULL COMPLIANCE WITH THE AMERICANS WITH DISABILITIES ACT STANDARDS. TRANSLATION SERVICES, ASSISTANCE OR ACCOMMODATION REQUESTS FROM PERSONS WITH DISABILITIES ARE TO BE REQUESTED NOT LESS THAN 3 WORKING DAYS BEFORE THE DAY OF THE EVENT. PLEASE CALL (703) 255-6304, OR 711 VIRGINIA RELAY SERVICE FOR THE HEARING IMPAIRED.",Procedural
22333,2020-02-24,Closed Session,Procedural
22354,2020-03-09,Invocation: Town Manager Mercury Payton,Procedural
22355,2020-03-09,Pledge of Allegiance to the Flag of the United States of America,Procedural
22356,2020-03-09,Roll Call,Procedural
22358,2020-03-09,"Receipt of petitions and communications from the Public that are not on the Agenda.  
          (Limited to 5 minutes per issue and no formal action can be taken this evening)",Procedural
22360,2020-03-09,Reports/Presentations,Procedural
22361,2020-03-09,Report and Inquiries of Council Members,Procedural
22362,2020-03-09,Report of the Town Manager,Procedural
22363,2020-03-09,Report of the Mayor,Procedural
22364,2020-03-09,Proposals for Additional Items to the Agenda,Procedural
22365,2020-03-09,Closed Session,Procedural
22377,2020-03-09,Meeting Adjournment,Procedural
22378,2020-03-09,"THE TOWN OF VIENNA IS COMMITTED TO FULL COMPLIANCE WITH THE AMERICANS WITH DISABILITIES ACT STANDARDS. TRANSLATION SERVICES, ASSISTANCE OR ACCOMMODATION REQUESTS FROM PERSONS WITH DISABILITIES ARE TO BE REQUESTED NOT LESS THAN 3 WORKING DAYS BEFORE THE DAY OF THE EVENT. PLEASE CALL (703) 255-6304, OR 711 VIRGINIA RELAY SERVICE FOR THE HEARING IMPAIRED.",Procedural
22383,2020-03-10,Roll Call,Procedural
22395,2020-03-10,Regular Business,Procedural
22397,2020-03-10,Meeting Adjournment,Procedural
22398,2020-03-10,"THE TOWN OF VIENNA IS COMMITTED TO FULL COMPLIANCE WITH THE AMERICANS WITH DISABILITIES ACT STANDARDS. TRANSLATION SERVICES, ASSISTANCE OR ACCOMMODATION REQUESTS FROM PERSONS WITH DISABILITIES ARE TO BE REQUESTED NOT LESS THAN 3 WORKING DAYS BEFORE THE DAY OF THE EVENT. PLEASE CALL (703) 255-6304, OR 711 VIRGINIA RELAY SERVICE FOR THE HEARING IMPAIRED.",Procedural
22483,2020-03-31,,Procedural
22495,2020-03-31,Regular Business,Procedural
22497,2020-03-31,Meeting Adjournment,Procedural
22498,2020-03-31,"THE TOWN OF VIENNA IS COMMITTED TO FULL COMPLIANCE WITH THE AMERICANS WITH DISABILITIES ACT STANDARDS. TRANSLATION SERVICES, ASSISTANCE OR ACCOMMODATION REQUESTS FROM PERSONS WITH DISABILITIES ARE TO BE REQUESTED NOT LESS THAN 3 WORKING DAYS BEFORE THE DAY OF THE EVENT. PLEASE CALL (703) 255-6304, OR 711 VIRGINIA RELAY SERVICE FOR THE HEARING IMPAIRED.",Procedural
22499,2020-03-31,Rollcall,Procedural
22502,2020-04-13,Roll Call,Procedural
22514,2020-04-13,Regular Business,Procedural
22524,2020-04-13,Meeting Adjournment,Procedural
22525,2020-04-13,"THE TOWN OF VIENNA IS COMMITTED TO FULL COMPLIANCE WITH THE AMERICANS WITH DISABILITIES ACT STANDARDS. TRANSLATION SERVICES, ASSISTANCE OR ACCOMMODATION REQUESTS FROM PERSONS WITH DISABILITIES ARE TO BE REQUESTED NOT LESS THAN 3 WORKING DAYS BEFORE THE DAY OF THE EVENT. PLEASE CALL (703) 255-6304, OR 711 VIRGINIA RELAY SERVICE FOR THE HEARING IMPAIRED.",Procedural
22528,2020-04-13,Public Hearings,Procedural
22561,2020-04-13,Closed Session,Procedural
22572,2020-04-13,Rollcall,Procedural
22579,2020-04-27,Roll Call,Procedural
22589,2020-04-27,Public Hearings,Procedural
22591,2020-04-27,Regular Business,Procedural
22598,2020-04-27,Meeting Adjournment,Procedural
22599,2020-04-27,"THE TOWN OF VIENNA IS COMMITTED TO FULL COMPLIANCE WITH THE AMERICANS WITH DISABILITIES ACT STANDARDS. TRANSLATION SERVICES, ASSISTANCE OR ACCOMMODATION REQUESTS FROM PERSONS WITH DISABILITIES ARE TO BE REQUESTED NOT LESS THAN 3 WORKING DAYS BEFORE THE DAY OF THE EVENT. PLEASE CALL (703) 255-6304, OR 711 VIRGINIA RELAY SERVICE FOR THE HEARING IMPAIRED.",Procedural
22617,2020-04-27,Rollcall,Procedural
22626,2020-05-11,Roll Call,Procedural
22635,2020-05-11,Recess into Closed Session,Procedural
22638,2020-05-11,Regular Business,Procedural
22644,2020-05-11,Meeting Adjournment,Procedural
22645,2020-05-11,"THE TOWN OF VIENNA IS COMMITTED TO FULL COMPLIANCE WITH THE AMERICANS WITH DISABILITIES ACT STANDARDS. TRANSLATION SERVICES, ASSISTANCE OR ACCOMMODATION REQUESTS FROM PERSONS WITH DISABILITIES ARE TO BE REQUESTED NOT LESS THAN 3 WORKING DAYS BEFORE THE DAY OF THE EVENT. PLEASE CALL (703) 255-6304, OR 711 VIRGINIA RELAY SERVICE FOR THE HEARING IMPAIRED.",Procedural
22646,2020-05-11,"Receipt of petitions and communications from the Public that are not on the Agenda.  
          (Limited to 5 minutes per issue and no formal action can be taken this evening)",Procedural
22703,2020-05-11,Closed Session,Procedural
22733,2020-05-11,Recess into Closed Session,Procedural
22799,2020-06-01,Public Hearings,Procedural
22801,2020-06-01,Regular Business,Procedural
22808,2020-06-01,Meeting Adjournment,Procedural
22809,2020-06-01,"THE TOWN OF VIENNA IS COMMITTED TO FULL COMPLIANCE WITH THE AMERICANS WITH DISABILITIES ACT STANDARDS. TRANSLATION SERVICES, ASSISTANCE OR ACCOMMODATION REQUESTS FROM PERSONS WITH DISABILITIES ARE TO BE REQUESTED NOT LESS THAN 3 WORKING DAYS BEFORE THE DAY OF THE EVENT. PLEASE CALL (703) 255-6304, OR 711 VIRGINIA RELAY SERVICE FOR THE HEARING IMPAIRED.",Procedural
22810,2020-06-01,Closed Session,Procedural
22815,2020-06-01,"Receipt of petitions and communications from the Public that are not on the Agenda.  
          (Limited to 5 minutes per issue and no formal action can be taken this evening)",Procedural
22832,2020-06-01,Roll Call,Procedural
22898,2020-06-15,Roll Call,Procedural
22900,2020-06-15,"Receipt of petitions and communications from the Public that are not on the Agenda.  
          (Limited to 5 minutes per issue and no formal action can be taken this evening)",Procedural
22907,2020-06-15,Closed Session,Procedural
22910,2020-06-15,Regular Business,Procedural
22927,2020-06-15,Meeting Adjournment,Procedural
22928,2020-06-15,"THE TOWN OF VIENNA IS COMMITTED TO FULL COMPLIANCE WITH THE AMERICANS WITH DISABILITIES ACT STANDARDS. TRANSLATION SERVICES, ASSISTANCE OR ACCOMMODATION REQUESTS FROM PERSONS WITH DISABILITIES ARE TO BE REQUESTED NOT LESS THAN 3 WORKING DAYS BEFORE THE DAY OF THE EVENT. PLEASE CALL (703) 255-6304, OR 711 VIRGINIA RELAY SERVICE FOR THE HEARING IMPAIRED.",Procedural
23004,2020-07-06,Roll Call,Procedural
23006,2020-07-06,"Receipt of petitions and communications from the Public that are not on the Agenda.  
          (Limited to 5 minutes per issue and no formal action can be taken this evening)",Procedural
23013,2020-07-06,Closed Session,Procedural
23016,2020-07-06,Regular Business,Procedural
23037,2020-07-06,Meeting Adjournment,Procedural
23038,2020-07-06,"THE TOWN OF VIENNA IS COMMITTED TO FULL COMPLIANCE WITH THE AMERICANS WITH DISABILITIES ACT STANDARDS. TRANSLATION SERVICES, ASSISTANCE OR ACCOMMODATION REQUESTS FROM PERSONS WITH DISABILITIES ARE TO BE REQUESTED NOT LESS THAN 3 WORKING DAYS BEFORE THE DAY OF THE EVENT. PLEASE CALL (703) 255-6304, OR 711 VIRGINIA RELAY SERVICE FOR THE HEARING IMPAIRED.",Procedural
23148,2020-08-19,Roll Call,Procedural
23160,2020-08-19,Regular Business,Procedural
23162,2020-08-19,Meeting Adjournment,Procedural
23163,2020-08-19,"THE TOWN OF VIENNA IS COMMITTED TO FULL COMPLIANCE WITH THE AMERICANS WITH DISABILITIES ACT STANDARDS. TRANSLATION SERVICES, ASSISTANCE OR ACCOMMODATION REQUESTS FROM PERSONS WITH DISABILITIES ARE TO BE REQUESTED NOT LESS THAN 3 WORKING DAYS BEFORE THE DAY OF THE EVENT. PLEASE CALL (703) 255-6304, OR 711 VIRGINIA RELAY SERVICE FOR THE HEARING IMPAIRED.",Procedural
23165,2020-08-19,Resolution,Procedural
23169,2020-08-19,Rollcall,Procedural
23236,2020-08-31,Roll Call,Procedural
23238,2020-08-31,"Receipt of petitions and communications from the Public that are not on the Agenda.  
          (Limited to 3 minutes per issue and no formal action can be taken this evening)",Procedural
23245,2020-08-31,Closed Session Report,Procedural
23246,2020-08-31,Public Hearings,Procedural
23248,2020-08-31,Regular Business,Procedural
23262,2020-08-31,Meeting Adjournment,Procedural
23263,2020-08-31,"THE TOWN OF VIENNA IS COMMITTED TO FULL COMPLIANCE WITH THE AMERICANS WITH DISABILITIES ACT STANDARDS. TRANSLATION SERVICES, ASSISTANCE OR ACCOMMODATION REQUESTS FROM PERSONS WITH DISABILITIES ARE TO BE REQUESTED NOT LESS THAN 3 WORKING DAYS BEFORE THE DAY OF THE EVENT. PLEASE CALL (703) 255-6304, OR 711 VIRGINIA RELAY SERVICE FOR THE HEARING IMPAIRED.",Procedural
23267,2020-08-31,Resolution,Procedural
23269,2020-08-31,Closed Session,Procedural
23270,2020-08-31,Closed Session,Procedural
23271,2020-08-31,Closed Session,Procedural
23378,2020-08-31,Regular Business,Procedural
23311,2020-09-04,Roll Call,Procedural
23323,2020-09-04,Regular Business,Procedural
23324,2020-09-04,Meeting Adjournment,Procedural
23325,2020-09-04,"THE TOWN OF VIENNA IS COMMITTED TO FULL COMPLIANCE WITH THE AMERICANS WITH DISABILITIES ACT STANDARDS. TRANSLATION SERVICES, ASSISTANCE OR ACCOMMODATION REQUESTS FROM PERSONS WITH DISABILITIES ARE TO BE REQUESTED NOT LESS THAN 3 WORKING DAYS BEFORE THE DAY OF THE EVENT. PLEASE CALL (703) 255-6304, OR 711 VIRGINIA RELAY SERVICE FOR THE HEARING IMPAIRED.",Procedural
23327,2020-09-04,Resolution,Procedural
23381,2020-09-04,Rollcall,Procedural
23344,2020-09-14,Roll Call,Procedural
23346,2020-09-14,"Receipt of petitions and communications from the Public that are not on the Agenda.  
          (Limited to 3 minutes per issue and no formal action can be taken this evening)",Procedural
23348,2020-09-14,Presentations,Procedural
23353,2020-09-14,Closed Session Report,Procedural
23354,2020-09-14,Public Hearings,Procedural
23356,2020-09-14,Regular Business,Procedural
23374,2020-09-14,Meeting Adjournment,Procedural
23375,2020-09-14,"THE TOWN OF VIENNA IS COMMITTED TO FULL COMPLIANCE WITH THE AMERICANS WITH DISABILITIES ACT STANDARDS. TRANSLATION SERVICES, ASSISTANCE OR ACCOMMODATION REQUESTS FROM PERSONS WITH DISABILITIES ARE TO BE REQUESTED NOT LESS THAN 3 WORKING DAYS BEFORE THE DAY OF THE EVENT. PLEASE CALL (703) 255-6304, OR 711 VIRGINIA RELAY SERVICE FOR THE HEARING IMPAIRED.",Procedural
23419,2020-09-14,Rollcall,Procedural
23533,2020-10-05,Roll Call,Procedural
23535,2020-10-05,"Receipt of petitions and communications from the Public that are not on the Agenda.  
          (Limited to 3 minutes per issue and no formal action can be taken this evening)",Procedural
23542,2020-10-05,Closed Session,Procedural
23543,2020-10-05,Public Hearings,Procedural
23545,2020-10-05,Regular Business,Procedural
23555,2020-10-05,Meeting Adjournment,Procedural
23556,2020-10-05,"THE TOWN OF VIENNA IS COMMITTED TO FULL COMPLIANCE WITH THE AMERICANS WITH DISABILITIES ACT STANDARDS. TRANSLATION SERVICES, ASSISTANCE OR ACCOMMODATION REQUESTS FROM PERSONS WITH DISABILITIES ARE TO BE REQUESTED NOT LESS THAN 3 WORKING DAYS BEFORE THE DAY OF THE EVENT. PLEASE CALL (703) 255-6304, OR 711 VIRGINIA RELAY SERVICE FOR THE HEARING IMPAIRED.",Procedural
23650,2020-10-26,Roll Call,Procedural
23652,2020-10-26,"Receipt of petitions and communications from the Public that are not on the Agenda.  
          (Limited to 3 minutes per issue and no formal action can be taken this evening)",Procedural
23659,2020-10-26,Closed Session Report,Procedural
23662,2020-10-26,Regular Business,Procedural
23669,2020-10-26,Meeting Adjournment,Procedural
23670,2020-10-26,"THE TOWN OF VIENNA IS COMMITTED TO FULL COMPLIANCE WITH THE AMERICANS WITH DISABILITIES ACT STANDARDS. TRANSLATION SERVICES, ASSISTANCE OR ACCOMMODATION REQUESTS FROM PERSONS WITH DISABILITIES ARE TO BE REQUESTED NOT LESS THAN 3 WORKING DAYS BEFORE THE DAY OF THE EVENT. PLEASE CALL (703) 255-6304, OR 711 VIRGINIA RELAY SERVICE FOR THE HEARING IMPAIRED.",Procedural
23672,2020-10-26,Resolution,Procedural
23673,2020-10-26,Presentation,Procedural
23702,2020-11-02,Roll Call,Procedural
23704,2020-11-02,"Receipt of petitions and communications from the Public that are not on the Agenda.  
          (Limited to 3 minutes per issue and no formal action can be taken this evening)",Procedural
23711,2020-11-02,Closed Session,Procedural
23712,2020-11-02,Public Hearings,Procedural
23714,2020-11-02,Regular Business,Procedural
23722,2020-11-02,Meeting Adjournment,Procedural
23723,2020-11-02,"THE TOWN OF VIENNA IS COMMITTED TO FULL COMPLIANCE WITH THE AMERICANS WITH DISABILITIES ACT STANDARDS. TRANSLATION SERVICES, ASSISTANCE OR ACCOMMODATION REQUESTS FROM PERSONS WITH DISABILITIES ARE TO BE REQUESTED NOT LESS THAN 3 WORKING DAYS BEFORE THE DAY OF THE EVENT. PLEASE CALL (703) 255-6304, OR 711 VIRGINIA RELAY SERVICE FOR THE HEARING IMPAIRED.",Procedural
23725,2020-11-02,Resolution,Procedural
23770,2020-11-16,Roll Call,Procedural
23772,2020-11-16,"Receipt of petitions and communications from the Public that are not on the Agenda.  
          (Limited to 3 minutes per issue and no formal action can be taken this evening)",Procedural
23774,2020-11-16,Reports/Presentations,Procedural
23779,2020-11-16,Closed Session,Procedural
23782,2020-11-16,Regular Business,Procedural
23787,2020-11-16,Meeting Adjournment,Procedural
23788,2020-11-16,"THE TOWN OF VIENNA IS COMMITTED TO FULL COMPLIANCE WITH THE AMERICANS WITH DISABILITIES ACT STANDARDS. TRANSLATION SERVICES, ASSISTANCE OR ACCOMMODATION REQUESTS FROM PERSONS WITH DISABILITIES ARE TO BE REQUESTED NOT LESS THAN 3 WORKING DAYS BEFORE THE DAY OF THE EVENT. PLEASE CALL (703) 255-6304, OR 711 VIRGINIA RELAY SERVICE FOR THE HEARING IMPAIRED.",Procedural
23789,2020-11-16,Resolution,Procedural
23864,2020-12-07,Roll Call,Procedural
23866,2020-12-07,"Receipt of petitions and communications from the Public that are not on the Agenda.  
          (Limited to 3 minutes per issue and no formal action can be taken this evening)",Procedural
23876,2020-12-07,Regular Business,Procedural
23888,2020-12-07,Meeting Adjournment,Procedural
23889,2020-12-07,"THE TOWN OF VIENNA IS COMMITTED TO FULL COMPLIANCE WITH THE AMERICANS WITH DISABILITIES ACT STANDARDS. TRANSLATION SERVICES, ASSISTANCE OR ACCOMMODATION REQUESTS FROM PERSONS WITH DISABILITIES ARE TO BE REQUESTED NOT LESS THAN 3 WORKING DAYS BEFORE THE DAY OF THE EVENT. PLEASE CALL (703) 255-6304, OR 711 VIRGINIA RELAY SERVICE FOR THE HEARING IMPAIRED.",Procedural
23890,2020-12-07,Resolution,Procedural
23891,2020-12-07,Reports/Presentations,Procedural
23956,2021-01-04,Invocation: Councilmember Ray Brill,Procedural
23957,2021-01-04,Pledge of Allegiance to the Flag of the United States of America,Procedural
23958,2021-01-04,Roll Call,Procedural
23960,2021-01-04,"Receipt of petitions and communications from the Public that are not on the Agenda.  
          (Limited to 3 minutes per issue and no formal action can be taken this evening)",Procedural
23967,2021-01-04,Closed Session Report,Procedural
23970,2021-01-04,Regular Business,Procedural
23981,2021-01-04,Meeting Adjournment,Procedural
23982,2021-01-04,"THE TOWN OF VIENNA IS COMMITTED TO FULL COMPLIANCE WITH THE AMERICANS WITH DISABILITIES ACT STANDARDS. TRANSLATION SERVICES, ASSISTANCE OR ACCOMMODATION REQUESTS FROM PERSONS WITH DISABILITIES ARE TO BE REQUESTED NOT LESS THAN 3 WORKING DAYS BEFORE THE DAY OF THE EVENT. PLEASE CALL (703) 255-6304, OR 711 VIRGINIA RELAY SERVICE FOR THE HEARING IMPAIRED.",Procedural
23984,2021-01-04,Resolution,Procedural
24084,2021-02-01,Invocation: Councilmember Ray Brill,Procedural
24085,2021-02-01,Pledge of Allegiance to the Flag of the United States of America,Procedural
24086,2021-02-01,Roll Call,Procedural
24088,2021-02-01,"Receipt of petitions and communications from the Public that are not on the Agenda.  
          (Limited to 3 minutes per issue and no formal action can be taken this evening)",Procedural
24095,2021-02-01,Closed Session Report,Procedural
24096,2021-02-01,Public Hearings,Procedural
24098,2021-02-01,Regular Business,Procedural
24107,2021-02-01,Meeting Adjournment,Procedural
24108,2021-02-01,"THE TOWN OF VIENNA IS COMMITTED TO FULL COMPLIANCE WITH THE AMERICANS WITH DISABILITIES ACT STANDARDS. TRANSLATION SERVICES, ASSISTANCE OR ACCOMMODATION REQUESTS FROM PERSONS WITH DISABILITIES ARE TO BE REQUESTED NOT LESS THAN 3 WORKING DAYS BEFORE THE DAY OF THE EVENT. PLEASE CALL (703) 255-6304, OR 711 VIRGINIA RELAY SERVICE FOR THE HEARING IMPAIRED.",Procedural
24109,2021-02-01,Resolution,Procedural
24225,2021-02-22,Invocation: Councilmember Ray Brill,Procedural
24226,2021-02-22,Pledge of Allegiance to the Flag of the United States of America,Procedural
24227,2021-02-22,Roll Call,Procedural
24229,2021-02-22,"Receipt of petitions and communications from the Public that are not on the Agenda.  
          (Limited to 3 minutes per issue and no formal action can be taken this evening)",Procedural
24236,2021-02-22,Closed Session,Procedural
24237,2021-02-22,Public Hearings,Procedural
24239,2021-02-22,Regular Business,Procedural
24249,2021-02-22,Meeting Adjournment,Procedural
24250,2021-02-22,"THE TOWN OF VIENNA IS COMMITTED TO FULL COMPLIANCE WITH THE AMERICANS WITH DISABILITIES ACT STANDARDS. TRANSLATION SERVICES, ASSISTANCE OR ACCOMMODATION REQUESTS FROM PERSONS WITH DISABILITIES ARE TO BE REQUESTED NOT LESS THAN 3 WORKING DAYS BEFORE THE DAY OF THE EVENT. PLEASE CALL (703) 255-6304, OR 711 VIRGINIA RELAY SERVICE FOR THE HEARING IMPAIRED.",Procedural
24251,2021-02-22,Resolution,Procedural
24252,2021-02-22,Reports/Presentations,Procedural
24288,2021-03-01,Invocation: Councilmember Brill,Procedural
24289,2021-03-01,Pledge of Allegiance to the Flag of the United States of America,Procedural
24290,2021-03-01,Roll Call,Procedural
24292,2021-03-01,"Receipt of petitions and communications from the Public that are not on the Agenda.  
          (Limited to 3 minutes per issue and no formal action can be taken this evening)",Procedural
24302,2021-03-01,Regular Business,Procedural
24306,2021-03-01,Meeting Adjournment,Procedural
24307,2021-03-01,"THE TOWN OF VIENNA IS COMMITTED TO FULL COMPLIANCE WITH THE AMERICANS WITH DISABILITIES ACT STANDARDS. TRANSLATION SERVICES, ASSISTANCE OR ACCOMMODATION REQUESTS FROM PERSONS WITH DISABILITIES ARE TO BE REQUESTED NOT LESS THAN 3 WORKING DAYS BEFORE THE DAY OF THE EVENT. PLEASE CALL (703) 255-6304, OR 711 VIRGINIA RELAY SERVICE FOR THE HEARING IMPAIRED.",Procedural
24308,2021-03-01,Resolution,Procedural
24309,2021-03-01,Closed Session Report,Procedural
24321,2021-03-01,Reports/Presentations,Procedural
24368,2021-03-08,Regular Business,Procedural
24370,2021-03-08,To Set a Closed Session,Procedural
24371,2021-03-08,Meeting Adjournment,Procedural
24374,2021-03-08,,Procedural
24626,2021-03-22,Invocation: Councilmember Ray Brill,Procedural
24627,2021-03-22,Pledge of Allegiance to the Flag of the United States of America,Procedural
24628,2021-03-22,Roll Call,Procedural
24630,2021-03-22,"Receipt of petitions and communications from the Public that are not on the Agenda.  
          (Limited to 3 minutes per issue and no formal action can be taken this evening)",Procedural
24637,2021-03-22,Closed Session Report,Procedural
24640,2021-03-22,Regular Business,Procedural
24653,2021-03-22,Meeting Adjournment,Procedural
24654,2021-03-22,"THE TOWN OF VIENNA IS COMMITTED TO FULL COMPLIANCE WITH THE AMERICANS WITH DISABILITIES ACT STANDARDS. TRANSLATION SERVICES, ASSISTANCE OR ACCOMMODATION REQUESTS FROM PERSONS WITH DISABILITIES ARE TO BE REQUESTED NOT LESS THAN 3 WORKING DAYS BEFORE THE DAY OF THE EVENT. PLEASE CALL (703) 255-6304, OR 711 VIRGINIA RELAY SERVICE FOR THE HEARING IMPAIRED.",Procedural
24655,2021-03-22,Resolution,Procedural
24790,2021-04-12,"Invocation: Dr. Vernon Walton, Pastor, First Baptist Church of Vienna",Procedural
24791,2021-04-12,Pledge of Allegiance to the Flag of the United States of America,Procedural
24792,2021-04-12,Roll Call,Procedural
24794,2021-04-12,"Receipt of petitions and communications from the Public that are not on the Agenda.  
          (Limited to 3 minutes per issue and no formal action can be taken this evening)",Procedural
24796,2021-04-12,Reports/Presentations,Procedural
24801,2021-04-12,Closed Session Report,Procedural
24802,2021-04-12,Public Hearings,Procedural
24804,2021-04-12,Regular Business,Procedural
24814,2021-04-12,Meeting Adjournment,Procedural
24815,2021-04-12,"THE TOWN OF VIENNA IS COMMITTED TO FULL COMPLIANCE WITH THE AMERICANS WITH DISABILITIES ACT STANDARDS. TRANSLATION SERVICES, ASSISTANCE OR ACCOMMODATION REQUESTS FROM PERSONS WITH DISABILITIES ARE TO BE REQUESTED NOT LESS THAN 3 WORKING DAYS BEFORE THE DAY OF THE EVENT. PLEASE CALL (703) 255-6304, OR 711 VIRGINIA RELAY SERVICE FOR THE HEARING IMPAIRED.",Procedural
24816,2021-04-12,Resolution,Procedural
24817,2021-04-12,No Regular Business,Procedural
24982,2021-04-26,"Invocation: Reverend Matthew Sergent, Andrew Chapel, United Methodist Church",Procedural
24983,2021-04-26,Pledge of Allegiance to the Flag of the United States of America,Procedural
24984,2021-04-26,Roll Call,Procedural
24986,2021-04-26,"Receipt of petitions and communications from the Public that are not on the Agenda.  
          (Limited to 3 minutes per issue and no formal action can be taken this evening)",Procedural
24988,2021-04-26,Reports/Presentations,Procedural
24993,2021-04-26,Closed Session,Procedural
24994,2021-04-26,Public Hearings,Procedural
24996,2021-04-26,Regular Business,Procedural
25006,2021-04-26,Meeting Adjournment,Procedural
25007,2021-04-26,"THE TOWN OF VIENNA IS COMMITTED TO FULL COMPLIANCE WITH THE AMERICANS WITH DISABILITIES ACT STANDARDS. TRANSLATION SERVICES, ASSISTANCE OR ACCOMMODATION REQUESTS FROM PERSONS WITH DISABILITIES ARE TO BE REQUESTED NOT LESS THAN 3 WORKING DAYS BEFORE THE DAY OF THE EVENT. PLEASE CALL (703) 255-6304, OR 711 VIRGINIA RELAY SERVICE FOR THE HEARING IMPAIRED.",Procedural
25009,2021-04-26,Resolution,Procedural
25160,2021-05-17,Invocation: Pastor Lydia Posselt of the Emmanuel Lutheran Church of Vienna,Procedural
25161,2021-05-17,Pledge of Allegiance to the Flag of the United States of America,Procedural
25162,2021-05-17,Roll Call,Procedural
25164,2021-05-17,"Receipt of petitions and communications from the Public that are not on the Agenda.  
          (Limited to 3 minutes per issue and no formal action can be taken this evening)",Procedural
25171,2021-05-17,Closed Session,Procedural
25174,2021-05-17,Regular Business,Procedural
25188,2021-05-17,Meeting Adjournment,Procedural
25189,2021-05-17,"THE TOWN OF VIENNA IS COMMITTED TO FULL COMPLIANCE WITH THE AMERICANS WITH DISABILITIES ACT STANDARDS. TRANSLATION SERVICES, ASSISTANCE OR ACCOMMODATION REQUESTS FROM PERSONS WITH DISABILITIES ARE TO BE REQUESTED NOT LESS THAN 3 WORKING DAYS BEFORE THE DAY OF THE EVENT. PLEASE CALL (703) 255-6304, OR 711 VIRGINIA RELAY SERVICE FOR THE HEARING IMPAIRED.",Procedural
25190,2021-05-17,Resolution,Procedural
25311,2021-05-17,Second Closed Session,Procedural
25415,2021-06-07,"Invocation: Reverend Jon Strand, Holy Comforter Church",Procedural
25416,2021-06-07,Pledge of Allegiance to the Flag of the United States of America,Procedural
25417,2021-06-07,Roll Call,Procedural
25419,2021-06-07,"Receipt of petitions and communications from the Public that are not on the Agenda.  
          (Limited to 3 minutes per issue and no formal action can be taken this evening)",Procedural
25426,2021-06-07,Closed Session Report,Procedural
25429,2021-06-07,Regular Business,Procedural
25445,2021-06-07,Meeting Adjournment,Procedural
25446,2021-06-07,"THE TOWN OF VIENNA IS COMMITTED TO FULL COMPLIANCE WITH THE AMERICANS WITH DISABILITIES ACT STANDARDS. TRANSLATION SERVICES, ASSISTANCE OR ACCOMMODATION REQUESTS FROM PERSONS WITH DISABILITIES ARE TO BE REQUESTED NOT LESS THAN 3 WORKING DAYS BEFORE THE DAY OF THE EVENT. PLEASE CALL (703) 255-6304, OR 711 VIRGINIA RELAY SERVICE FOR THE HEARING IMPAIRED.",Procedural
25447,2021-06-07,Resolution,Procedural
25682,2021-07-12,"Invocation: Reverend Brenda Burns, Vienna Assembly of God",Procedural
25683,2021-07-12,Pledge of Allegiance to the Flag of the United States of America,Procedural
25684,2021-07-12,Roll Call,Procedural
25686,2021-07-12,"Receipt of petitions and communications from the Public that are not on the Agenda.  
          (Limited to 3 minutes per issue and no formal action can be taken this evening)",Procedural
25688,2021-07-12,Reports/Presentations,Procedural
25693,2021-07-12,Closed Session Report,Procedural
25694,2021-07-12,Public Hearings,Procedural
25696,2021-07-12,Regular Business,Procedural
25718,2021-07-12,Meeting Adjournment,Procedural
25719,2021-07-12,"THE TOWN OF VIENNA IS COMMITTED TO FULL COMPLIANCE WITH THE AMERICANS WITH DISABILITIES ACT STANDARDS. TRANSLATION SERVICES, ASSISTANCE OR ACCOMMODATION REQUESTS FROM PERSONS WITH DISABILITIES ARE TO BE REQUESTED NOT LESS THAN 3 WORKING DAYS BEFORE THE DAY OF THE EVENT. PLEASE CALL (703) 255-6304, OR 711 VIRGINIA RELAY SERVICE FOR THE HEARING IMPAIRED.",Procedural
25721,2021-07-12,Resolution,Procedural
25954,2021-08-30,"Invocation: Reverend Kyungsuk Cho, Wesley United Methodist Church",Procedural
25955,2021-08-30,Pledge of Allegiance to the Flag of the United States of America,Procedural
25956,2021-08-30,Roll Call,Procedural
25958,2021-08-30,"Receipt of petitions and communications from the Public that are not on the Agenda.  
          (Limited to 3 minutes per issue and no formal action can be taken this evening)",Procedural
25965,2021-08-30,Closed Session Report,Procedural
25966,2021-08-30,Public Hearings,Procedural
25968,2021-08-30,Regular Business,Procedural
25974,2021-08-30,Second Closed Session Report,Procedural
25977,2021-08-30,Meeting Adjournment,Procedural
25978,2021-08-30,"THE TOWN OF VIENNA IS COMMITTED TO FULL COMPLIANCE WITH THE AMERICANS WITH DISABILITIES ACT STANDARDS. TRANSLATION SERVICES, ASSISTANCE OR ACCOMMODATION REQUESTS FROM PERSONS WITH DISABILITIES ARE TO BE REQUESTED NOT LESS THAN 3 WORKING DAYS BEFORE THE DAY OF THE EVENT. PLEASE CALL (703) 255-6304, OR 711 VIRGINIA RELAY SERVICE FOR THE HEARING IMPAIRED.",Procedural
25979,2021-08-30,Resolution,Procedural
25989,2021-08-30,Closed Session,Procedural
25990,2021-08-30,No Regular Business,Procedural
26102,2021-09-13,"Invocation: Reverend Johnny Kurcina, Christ Church Vienna",Procedural
26103,2021-09-13,Pledge of Allegiance to the Flag of the United States of America,Procedural
26104,2021-09-13,Roll Call,Procedural
26106,2021-09-13,"Receipt of petitions and communications from the Public that are not on the Agenda.  
          (Limited to 3 minutes per issue and no formal action can be taken this evening)",Procedural
26113,2021-09-13,Closed Session Report,Procedural
26114,2021-09-13,Public Hearings,Procedural
26116,2021-09-13,Regular Business,Procedural
26123,2021-09-13,Meeting Adjournment,Procedural
26124,2021-09-13,"THE TOWN OF VIENNA IS COMMITTED TO FULL COMPLIANCE WITH THE AMERICANS WITH DISABILITIES ACT STANDARDS. TRANSLATION SERVICES, ASSISTANCE OR ACCOMMODATION REQUESTS FROM PERSONS WITH DISABILITIES ARE TO BE REQUESTED NOT LESS THAN 3 WORKING DAYS BEFORE THE DAY OF THE EVENT. PLEASE CALL (703) 255-6304, OR 711 VIRGINIA RELAY SERVICE FOR THE HEARING IMPAIRED.",Procedural
26190,2021-09-13,Resolution,Procedural
26426,2021-09-13,Reports/Presentations,Procedural
26377,2021-09-27,"Invocation: Mercury T. Payton, Town Manager",Procedural
26378,2021-09-27,Pledge of Allegiance to the Flag of the United States of America,Procedural
26379,2021-09-27,Roll Call,Procedural
26381,2021-09-27,"Receipt of petitions and communications from the Public that are not on the Agenda.  
          (Limited to 3 minutes per issue and no formal action can be taken this evening)",Procedural
26388,2021-09-27,Closed Session Report,Procedural
26391,2021-09-27,Regular Business,Procedural
26399,2021-09-27,Meeting Adjournment,Procedural
26400,2021-09-27,"THE TOWN OF VIENNA IS COMMITTED TO FULL COMPLIANCE WITH THE AMERICANS WITH DISABILITIES ACT STANDARDS. TRANSLATION SERVICES, ASSISTANCE OR ACCOMMODATION REQUESTS FROM PERSONS WITH DISABILITIES ARE TO BE REQUESTED NOT LESS THAN 3 WORKING DAYS BEFORE THE DAY OF THE EVENT. PLEASE CALL (703) 255-6304, OR 711 VIRGINIA RELAY SERVICE FOR THE HEARING IMPAIRED.",Procedural
26401,2021-09-27,Resolution,Procedural
26405,2021-09-27,Public Hearing,Procedural
26425,2021-09-27,Reports/Presentations,Procedural
26465,2021-10-11,"Invocation:Reverend Austin Almaguer, Vienna Baptist Church",Procedural
26466,2021-10-11,Pledge of Allegiance to the Flag of the United States of America,Procedural
26467,2021-10-11,Roll Call,Procedural
26469,2021-10-11,"Receipt of petitions and communications from the Public that are not on the Agenda.  
          (Limited to 3 minutes per issue and no formal action can be taken this evening)",Procedural
26476,2021-10-11,Closed Session Report,Procedural
26479,2021-10-11,Regular Business,Procedural
26489,2021-10-11,Meeting Adjournment,Procedural
26490,2021-10-11,"THE TOWN OF VIENNA IS COMMITTED TO FULL COMPLIANCE WITH THE AMERICANS WITH DISABILITIES ACT STANDARDS. TRANSLATION SERVICES, ASSISTANCE OR ACCOMMODATION REQUESTS FROM PERSONS WITH DISABILITIES ARE TO BE REQUESTED NOT LESS THAN 3 WORKING DAYS BEFORE THE DAY OF THE EVENT. PLEASE CALL (703) 255-6304, OR 711 VIRGINIA RELAY SERVICE FOR THE HEARING IMPAIRED.",Procedural
26491,2021-10-11,Resolution,Procedural
26655,2021-10-25,"Invocation: Fr. Matthew Hillyard, Our Lady of Good Counsel",Procedural
26656,2021-10-25,Pledge of Allegiance to the Flag of the United States of America,Procedural
26657,2021-10-25,Roll Call,Procedural
26659,2021-10-25,"Receipt of petitions and communications from the Public that are not on the Agenda.  
          (Limited to 3 minutes per issue and no formal action can be taken this evening)",Procedural
26661,2021-10-25,Reports/Presentations,Procedural
26666,2021-10-25,Closed Session Report,Procedural
26669,2021-10-25,Regular Business,Procedural
26677,2021-10-25,Meeting Adjournment,Procedural
26678,2021-10-25,"THE TOWN OF VIENNA IS COMMITTED TO FULL COMPLIANCE WITH THE AMERICANS WITH DISABILITIES ACT STANDARDS. TRANSLATION SERVICES, ASSISTANCE OR ACCOMMODATION REQUESTS FROM PERSONS WITH DISABILITIES ARE TO BE REQUESTED NOT LESS THAN 3 WORKING DAYS BEFORE THE DAY OF THE EVENT. PLEASE CALL (703) 255-6304, OR 711 VIRGINIA RELAY SERVICE FOR THE HEARING IMPAIRED.",Procedural
26679,2021-10-25,Resolution,Procedural
26682,2021-11-01,"Invocation: Reverend Kyungsuk Cho, Wesley United Methodist Church",Procedural
26683,2021-11-01,Pledge of Allegiance to the Flag of the United States of America,Procedural
26684,2021-11-01,Roll Call,Procedural
26686,2021-11-01,"Receipt of petitions and communications from the Public that are not on the Agenda.  
          (Limited to 3 minutes per issue and no formal action can be taken this evening)",Procedural
26688,2021-11-01,Reports/Presentations,Procedural
26693,2021-11-01,Closed Session Report,Procedural
26696,2021-11-01,Regular Business,Procedural
26699,2021-11-01,Consideration to Initiate Engineering Design Reports of Robinson Sidewalk Projects,Procedural
26704,2021-11-01,Meeting Adjournment,Procedural
26705,2021-11-01,"THE TOWN OF VIENNA IS COMMITTED TO FULL COMPLIANCE WITH THE AMERICANS WITH DISABILITIES ACT STANDARDS. TRANSLATION SERVICES, ASSISTANCE OR ACCOMMODATION REQUESTS FROM PERSONS WITH DISABILITIES ARE TO BE REQUESTED NOT LESS THAN 3 WORKING DAYS BEFORE THE DAY OF THE EVENT. PLEASE CALL (703) 255-6304, OR 711 VIRGINIA RELAY SERVICE FOR THE HEARING IMPAIRED.",Procedural
26713,2021-11-01,Resolutuion,Procedural
26827,2021-11-15,"Invocation: Associate Pastor Steve Brown, Grace Presbyterian Church",Procedural
26828,2021-11-15,Pledge of Allegiance to the Flag of the United States of America,Procedural
26829,2021-11-15,Roll Call,Procedural
26831,2021-11-15,"Receipt of petitions and communications from the Public that are not on the Agenda.  
          (Limited to 3 minutes per issue and no formal action can be taken this evening)",Procedural
26833,2021-11-15,Reports/Presentations - Introduction of New Videographer,Procedural
26838,2021-11-15,Closed Session,Procedural
26839,2021-11-15,Public Hearings,Procedural
26841,2021-11-15,Regular Business,Procedural
26854,2021-11-15,Meeting Adjournment,Procedural
26855,2021-11-15,"THE TOWN OF VIENNA IS COMMITTED TO FULL COMPLIANCE WITH THE AMERICANS WITH DISABILITIES ACT STANDARDS. TRANSLATION SERVICES, ASSISTANCE OR ACCOMMODATION REQUESTS FROM PERSONS WITH DISABILITIES ARE TO BE REQUESTED NOT LESS THAN 3 WORKING DAYS BEFORE THE DAY OF THE EVENT. PLEASE CALL (703) 255-6304, OR 711 VIRGINIA RELAY SERVICE FOR THE HEARING IMPAIRED.",Procedural
26856,2021-11-15,Resolution,Procedural
26980,2021-12-06,"Invocation: Reverend Corky Eddins, Christ Church Vienna",Procedural
26981,2021-12-06,Pledge of Allegiance to the Flag of the United States of America,Procedural
26982,2021-12-06,Roll Call,Procedural
26984,2021-12-06,"Receipt of petitions and communications from the Public that are not on the Agenda.  
          (Limited to 3 minutes per issue and no formal action can be taken this evening)",Procedural
26986,2021-12-06,Reports/Presentations,Procedural
26992,2021-12-06,Public Hearings,Procedural
26994,2021-12-06,Regular Business,Procedural
27008,2021-12-06,Meeting Adjournment,Procedural
27009,2021-12-06,"THE TOWN OF VIENNA IS COMMITTED TO FULL COMPLIANCE WITH THE AMERICANS WITH DISABILITIES ACT STANDARDS. TRANSLATION SERVICES, ASSISTANCE OR ACCOMMODATION REQUESTS FROM PERSONS WITH DISABILITIES ARE TO BE REQUESTED NOT LESS THAN 3 WORKING DAYS BEFORE THE DAY OF THE EVENT. PLEASE CALL (703) 255-6304, OR 711 VIRGINIA RELAY SERVICE FOR THE HEARING IMPAIRED.",Procedural
27013,2021-12-06,Resolution,Procedural
27014,2021-12-06,Second Closed Session Report,Procedural
27140,2021-12-06,Closed Session Report,Procedural
27273,2022-01-24,"Invocation: Reverend Johnny Kurcina, Christ Church Vienna",Procedural
27274,2022-01-24,Pledge of Allegiance to the Flag of the United States of America,Procedural
27275,2022-01-24,Roll Call,Procedural
27277,2022-01-24,"Receipt of petitions and communications from the Public that are not on the Agenda.  
          (Limited to 3 minutes per issue and no formal action can be taken this evening)",Procedural
27279,2022-01-24,Reports/Presentations,Procedural
27280,2022-01-24,Report and Inquiries of Council Members,Procedural
27281,2022-01-24,Report of the Town Manager,Procedural
27282,2022-01-24,Report of the Mayor,Procedural
27283,2022-01-24,Proposals for Additional Items to the Agenda,Procedural
27284,2022-01-24,Closed Session,Procedural
27285,2022-01-24,Public Hearings,Procedural
27287,2022-01-24,Regular Business,Procedural
27306,2022-01-24,Meeting Adjournment,Procedural
27307,2022-01-24,"THE TOWN OF VIENNA IS COMMITTED TO FULL COMPLIANCE WITH THE AMERICANS WITH DISABILITIES ACT STANDARDS. TRANSLATION SERVICES, ASSISTANCE OR ACCOMMODATION REQUESTS FROM PERSONS WITH DISABILITIES ARE TO BE REQUESTED NOT LESS THAN 3 WORKING DAYS BEFORE THE DAY OF THE EVENT. PLEASE CALL (703) 255-6304, OR 711 VIRGINIA RELAY SERVICE FOR THE HEARING IMPAIRED.",Procedural
27390,2022-02-07,Invocation: Councilmember Ray Brill,Procedural
27391,2022-02-07,Pledge of Allegiance to the Flag of the United States of America,Procedural
27392,2022-02-07,Roll Call,Procedural
27394,2022-02-07,"Receipt of petitions and communications from the Public that are not on the Agenda.  
          (Limited to 3 minutes per issue and no formal action can be taken this evening)",Procedural
27396,2022-02-07,Reports/Presentations,Procedural
27397,2022-02-07,Report and Inquiries of Council Members,Procedural
27398,2022-02-07,Report of the Town Manager,Procedural
27399,2022-02-07,Report of the Mayor,Procedural
27400,2022-02-07,Proposals for Additional Items to the Agenda,Procedural
27401,2022-02-07,Closed Session Report,Procedural
27402,2022-02-07,Public Hearings,Procedural
27404,2022-02-07,Regular Business,Procedural
27410,2022-02-07,Meeting Adjournment,Procedural
27411,2022-02-07,"THE TOWN OF VIENNA IS COMMITTED TO FULL COMPLIANCE WITH THE AMERICANS WITH DISABILITIES ACT STANDARDS. TRANSLATION SERVICES, ASSISTANCE OR ACCOMMODATION REQUESTS FROM PERSONS WITH DISABILITIES ARE TO BE REQUESTED NOT LESS THAN 3 WORKING DAYS BEFORE THE DAY OF THE EVENT. PLEASE CALL (703) 255-6304, OR 711 VIRGINIA RELAY SERVICE FOR THE HEARING IMPAIRED.",Procedural
27492,2022-02-22,Roll Call,Procedural
27504,2022-02-22,Regular Business,Procedural
27506,2022-02-22,Meeting Adjournment,Procedural
27507,2022-02-22,"THE TOWN OF VIENNA IS COMMITTED TO FULL COMPLIANCE WITH THE AMERICANS WITH DISABILITIES ACT STANDARDS. TRANSLATION SERVICES, ASSISTANCE OR ACCOMMODATION REQUESTS FROM PERSONS WITH DISABILITIES ARE TO BE REQUESTED NOT LESS THAN 3 WORKING DAYS BEFORE THE DAY OF THE EVENT. PLEASE CALL (703) 255-6304, OR 711 VIRGINIA RELAY SERVICE FOR THE HEARING IMPAIRED.",Procedural
27539,2022-02-28,"Invocation: Reverend Brenda Burns, Vienna Assembly of God",Procedural
27540,2022-02-28,Pledge of Allegiance to the Flag of the United States of America,Procedural
27541,2022-02-28,Roll Call,Procedural
27543,2022-02-28,"Receipt of petitions and communications from the Public that are not on the Agenda.  
          (Limited to 3 minutes per issue and no formal action can be taken this evening)",Procedural
27545,2022-02-28,Reports/Presentations,Procedural
27546,2022-02-28,Report and Inquiries of Council Members,Procedural
27547,2022-02-28,Report of the Town Manager,Procedural
27548,2022-02-28,Report of the Mayor,Procedural
27549,2022-02-28,Proposals for Additional Items to the Agenda,Procedural
27550,2022-02-28,Closed Session,Procedural
27551,2022-02-28,Public Hearings,Procedural
27553,2022-02-28,Regular Business,Procedural
27560,2022-02-28,Meeting Adjournment,Procedural
27561,2022-02-28,"THE TOWN OF VIENNA IS COMMITTED TO FULL COMPLIANCE WITH THE AMERICANS WITH DISABILITIES ACT STANDARDS. TRANSLATION SERVICES, ASSISTANCE OR ACCOMMODATION REQUESTS FROM PERSONS WITH DISABILITIES ARE TO BE REQUESTED NOT LESS THAN 3 WORKING DAYS BEFORE THE DAY OF THE EVENT. PLEASE CALL (703) 255-6304, OR 711 VIRGINIA RELAY SERVICE FOR THE HEARING IMPAIRED.",Procedural
27587,2022-03-07,"Invocation: Reverend Kyungsuk Cho, Wesley UNited Methodist Church",Procedural
27588,2022-03-07,Pledge of Allegiance to the Flag of the United States of America,Procedural
27589,2022-03-07,Roll Call,Procedural
27591,2022-03-07,"Receipt of petitions and communications from the Public that are not on the Agenda.  
          (Limited to 3 minutes per issue and no formal action can be taken this evening)",Procedural
27593,2022-03-07,Reports/Presentations,Procedural
27594,2022-03-07,Report and Inquiries of Council Members,Procedural
27595,2022-03-07,Report of the Town Manager,Procedural
27596,2022-03-07,Report of the Mayor,Procedural
27597,2022-03-07,Proposals for Additional Items to the Agenda,Procedural
27598,2022-03-07,Closed Session Report,Procedural
27601,2022-03-07,Regular Business,Procedural
27609,2022-03-07,Meeting Adjournment,Procedural
27610,2022-03-07,"THE TOWN OF VIENNA IS COMMITTED TO FULL COMPLIANCE WITH THE AMERICANS WITH DISABILITIES ACT STANDARDS. TRANSLATION SERVICES, ASSISTANCE OR ACCOMMODATION REQUESTS FROM PERSONS WITH DISABILITIES ARE TO BE REQUESTED NOT LESS THAN 3 WORKING DAYS BEFORE THE DAY OF THE EVENT. PLEASE CALL (703) 255-6304, OR 711 VIRGINIA RELAY SERVICE FOR THE HEARING IMPAIRED.",Procedural
27727,2022-03-21,"Invocation: Pastor Emmanuel Nkrumah, Wesley Ghana UMC",Procedural
27728,2022-03-21,Pledge of Allegiance to the Flag of the United States of America,Procedural
27729,2022-03-21,Roll Call,Procedural
27731,2022-03-21,"Receipt of petitions and communications from the Public that are not on the Agenda.  
          (Limited to 3 minutes per issue and no formal action can be taken this evening)",Procedural
27733,2022-03-21,Reports/Presentations,Procedural
27734,2022-03-21,Report and Inquiries of Council Members,Procedural
27735,2022-03-21,Report of the Town Manager,Procedural
27736,2022-03-21,Report of the Mayor,Procedural
27737,2022-03-21,Proposals for Additional Items to the Agenda,Procedural
27738,2022-03-21,Closed Session,Procedural
27739,2022-03-21,Public Hearings,Procedural
27741,2022-03-21,Regular Business,Procedural
27756,2022-03-21,Meeting Adjournment,Procedural
27757,2022-03-21,"THE TOWN OF VIENNA IS COMMITTED TO FULL COMPLIANCE WITH THE AMERICANS WITH DISABILITIES ACT STANDARDS. TRANSLATION SERVICES, ASSISTANCE OR ACCOMMODATION REQUESTS FROM PERSONS WITH DISABILITIES ARE TO BE REQUESTED NOT LESS THAN 3 WORKING DAYS BEFORE THE DAY OF THE EVENT. PLEASE CALL (703) 255-6304, OR 711 VIRGINIA RELAY SERVICE FOR THE HEARING IMPAIRED.",Procedural
27897,2022-04-11,"Invocation: Mercury Payton, Town Manager",Procedural
27898,2022-04-11,Pledge of Allegiance to the Flag of the United States of America,Procedural
27899,2022-04-11,Roll Call,Procedural
27901,2022-04-11,"Receipt of petitions and communications from the Public that are not on the Agenda.  
          (Limited to 3 minutes per issue and no formal action can be taken this evening)",Procedural
27903,2022-04-11,Reports/Presentations,Procedural
27904,2022-04-11,Report and Inquiries of Council Members,Procedural
27905,2022-04-11,Report of the Town Manager,Procedural
27906,2022-04-11,Report of the Mayor,Procedural
27907,2022-04-11,Proposals for Additional Items to the Agenda,Procedural
27908,2022-04-11,Closed Session,Procedural
27909,2022-04-11,Public Hearings,Procedural
27911,2022-04-11,Regular Business,Procedural
27924,2022-04-11,Meeting Adjournment,Procedural
27925,2022-04-11,"THE TOWN OF VIENNA IS COMMITTED TO FULL COMPLIANCE WITH THE AMERICANS WITH DISABILITIES ACT STANDARDS. TRANSLATION SERVICES, ASSISTANCE OR ACCOMMODATION REQUESTS FROM PERSONS WITH DISABILITIES ARE TO BE REQUESTED NOT LESS THAN 3 WORKING DAYS BEFORE THE DAY OF THE EVENT. PLEASE CALL (703) 255-6304, OR 711 VIRGINIA RELAY SERVICE FOR THE HEARING IMPAIRED.",Procedural
28027,2022-04-25,"Invocation: Reverend Brenda Burns, Vienna Assembly of God",Procedural
28028,2022-04-25,Pledge of Allegiance to the Flag of the United States of America,Procedural
28029,2022-04-25,Roll Call,Procedural
28031,2022-04-25,"Receipt of petitions and communications from the Public that are not on the Agenda.  
          (Limited to 3 minutes per issue and no formal action can be taken this evening)",Procedural
28033,2022-04-25,Reports/Presentations,Procedural
28034,2022-04-25,Report and Inquiries of Council Members,Procedural
28035,2022-04-25,Report of the Town Manager,Procedural
28036,2022-04-25,Report of the Mayor,Procedural
28037,2022-04-25,Proposals for Additional Items to the Agenda,Procedural
28038,2022-04-25,Closed Session,Procedural
28039,2022-04-25,Public Hearings,Procedural
28041,2022-04-25,Regular Business,Procedural
28051,2022-04-25,Meeting Adjournment,Procedural
28052,2022-04-25,"THE TOWN OF VIENNA IS COMMITTED TO FULL COMPLIANCE WITH THE AMERICANS WITH DISABILITIES ACT STANDARDS. TRANSLATION SERVICES, ASSISTANCE OR ACCOMMODATION REQUESTS FROM PERSONS WITH DISABILITIES ARE TO BE REQUESTED NOT LESS THAN 3 WORKING DAYS BEFORE THE DAY OF THE EVENT. PLEASE CALL (703) 255-6304, OR 711 VIRGINIA RELAY SERVICE FOR THE HEARING IMPAIRED.",Procedural
28080,2022-05-02,"Invocation:Kelly Yazdani, Baha'i Community",Procedural
28081,2022-05-02,Pledge of Allegiance to the Flag of the United States of America,Procedural
28082,2022-05-02,Roll Call,Procedural
28084,2022-05-02,"Receipt of petitions and communications from the Public that are not on the Agenda.  
          (Limited to 3 minutes per issue and no formal action can be taken this evening)",Procedural
28086,2022-05-02,Reports/Presentations,Procedural
28087,2022-05-02,Report and Inquiries of Council Members,Procedural
28088,2022-05-02,Report of the Town Manager,Procedural
28089,2022-05-02,Report of the Mayor,Procedural
28090,2022-05-02,Proposals for Additional Items to the Agenda,Procedural
28091,2022-05-02,Closed Session - No report,Procedural
28092,2022-05-02,Public Hearings,Procedural
28094,2022-05-02,Regular Business,Procedural
28097,2022-05-02,,Procedural
28100,2022-05-02,Meeting Adjournment,Procedural
28101,2022-05-02,"THE TOWN OF VIENNA IS COMMITTED TO FULL COMPLIANCE WITH THE AMERICANS WITH DISABILITIES ACT STANDARDS. TRANSLATION SERVICES, ASSISTANCE OR ACCOMMODATION REQUESTS FROM PERSONS WITH DISABILITIES ARE TO BE REQUESTED NOT LESS THAN 3 WORKING DAYS BEFORE THE DAY OF THE EVENT. PLEASE CALL (703) 255-6304, OR 711 VIRGINIA RELAY SERVICE FOR THE HEARING IMPAIRED.",Procedural
28143,2022-05-11,Roll Call,Procedural
28153,2022-05-11,Public Hearings,Procedural
28157,2022-05-11,Meeting Adjournment,Procedural
28158,2022-05-11,"THE TOWN OF VIENNA IS COMMITTED TO FULL COMPLIANCE WITH THE AMERICANS WITH DISABILITIES ACT STANDARDS. TRANSLATION SERVICES, ASSISTANCE OR ACCOMMODATION REQUESTS FROM PERSONS WITH DISABILITIES ARE TO BE REQUESTED NOT LESS THAN 3 WORKING DAYS BEFORE THE DAY OF THE EVENT. PLEASE CALL (703) 255-6304, OR 711 VIRGINIA RELAY SERVICE FOR THE HEARING IMPAIRED.",Procedural
28201,2022-05-16,"Invocation: Mercury Payton, Town Manager",Procedural
28202,2022-05-16,Pledge of Allegiance to the Flag of the United States of America,Procedural
28203,2022-05-16,Roll Call,Procedural
28205,2022-05-16,"Receipt of petitions and communications from the Public that are not on the Agenda.  
          (Limited to 3 minutes per issue and no formal action can be taken this evening)",Procedural
28207,2022-05-16,Reports/Presentations,Procedural
28208,2022-05-16,Report and Inquiries of Council Members,Procedural
28209,2022-05-16,Report of the Town Manager,Procedural
28210,2022-05-16,Report of the Mayor,Procedural
28211,2022-05-16,Proposals for Additional Items to the Agenda,Procedural
28212,2022-05-16,Closed Session,Procedural
28215,2022-05-16,Regular Business,Procedural
28223,2022-05-16,Meeting Adjournment,Procedural
28224,2022-05-16,"THE TOWN OF VIENNA IS COMMITTED TO FULL COMPLIANCE WITH THE AMERICANS WITH DISABILITIES ACT STANDARDS. TRANSLATION SERVICES, ASSISTANCE OR ACCOMMODATION REQUESTS FROM PERSONS WITH DISABILITIES ARE TO BE REQUESTED NOT LESS THAN 3 WORKING DAYS BEFORE THE DAY OF THE EVENT. PLEASE CALL (703) 255-6304, OR 711 VIRGINIA RELAY SERVICE FOR THE HEARING IMPAIRED.",Procedural
28345,2022-06-06,"Invocation: Kelly Yazdani,  Baha'I Community of the Town of Vienna",Procedural
28346,2022-06-06,Pledge of Allegiance to the Flag of the United States of America,Procedural
28347,2022-06-06,Roll Call,Procedural
28349,2022-06-06,"Receipt of petitions and communications from the Public that are not on the Agenda.  
          (Limited to 3 minutes per issue and no formal action can be taken this evening)",Procedural
28351,2022-06-06,Reports/Presentations,Procedural
28352,2022-06-06,Report and Inquiries of Council Members,Procedural
28353,2022-06-06,Report of the Town Manager,Procedural
28354,2022-06-06,Report of the Mayor,Procedural
28355,2022-06-06,Proposals for Additional Items to the Agenda,Procedural
28356,2022-06-06,Closed Session Report - No Closed Session was held,Procedural
28359,2022-06-06,Regular Business,Procedural
28369,2022-06-06,Meeting Adjournment,Procedural
28370,2022-06-06,"THE TOWN OF VIENNA IS COMMITTED TO FULL COMPLIANCE WITH THE AMERICANS WITH DISABILITIES ACT STANDARDS. TRANSLATION SERVICES, ASSISTANCE OR ACCOMMODATION REQUESTS FROM PERSONS WITH DISABILITIES ARE TO BE REQUESTED NOT LESS THAN 3 WORKING DAYS BEFORE THE DAY OF THE EVENT. PLEASE CALL (703) 255-6304, OR 711 VIRGINIA RELAY SERVICE FOR THE HEARING IMPAIRED.",Procedural
28403,2022-06-13,Roll Call,Procedural
28415,2022-06-13,Regular Business,Procedural
28417,2022-06-13,Meeting Adjournment,Procedural
28418,2022-06-13,"THE TOWN OF VIENNA IS COMMITTED TO FULL COMPLIANCE WITH THE AMERICANS WITH DISABILITIES ACT STANDARDS. TRANSLATION SERVICES, ASSISTANCE OR ACCOMMODATION REQUESTS FROM PERSONS WITH DISABILITIES ARE TO BE REQUESTED NOT LESS THAN 3 WORKING DAYS BEFORE THE DAY OF THE EVENT. PLEASE CALL (703) 255-6304, OR 711 VIRGINIA RELAY SERVICE FOR THE HEARING IMPAIRED.",Procedural
28816,2022-08-29,"Invocation: Cantor Allen Leider, Temple Rodef Shalom",Procedural
28817,2022-08-29,Pledge of Allegiance to the Flag of the United States of America,Procedural
28818,2022-08-29,Roll Call,Procedural
28820,2022-08-29,"Receipt of petitions and communications from the Public that are not on the Agenda.  
          (Limited to 3 minutes per issue and no formal action can be taken this evening)",Procedural
28822,2022-08-29,Reports/Presentations,Procedural
28823,2022-08-29,Report and Inquiries of Council Members,Procedural
28824,2022-08-29,Report of the Town Manager,Procedural
28825,2022-08-29,Report of the Mayor,Procedural
28826,2022-08-29,Proposals for Additional Items to the Agenda,Procedural
28827,2022-08-29,Closed Session,Procedural
28830,2022-08-29,Regular Business,Procedural
28849,2022-08-29,Meeting Adjournment,Procedural
28850,2022-08-29,"THE TOWN OF VIENNA IS COMMITTED TO FULL COMPLIANCE WITH THE AMERICANS WITH DISABILITIES ACT STANDARDS. TRANSLATION SERVICES, ASSISTANCE OR ACCOMMODATION REQUESTS FROM PERSONS WITH DISABILITIES ARE TO BE REQUESTED NOT LESS THAN 3 WORKING DAYS BEFORE THE DAY OF THE EVENT. PLEASE CALL (703) 255-6304, OR 711 VIRGINIA RELAY SERVICE FOR THE HEARING IMPAIRED.",Procedural
28892,2022-09-12,"Invocation: Reverend Jon Strand, Episcopal Church of the Holy Comforter",Procedural
28893,2022-09-12,Pledge of Allegiance to the Flag of the United States of America,Procedural
28894,2022-09-12,Roll Call,Procedural
28896,2022-09-12,"Receipt of petitions and communications from the Public that are not on the Agenda.  
          (Limited to 3 minutes per issue and no formal action can be taken this evening)",Procedural
28898,2022-09-12,Reports/Presentations,Procedural
28899,2022-09-12,Report and Inquiries of Council Members,Procedural
28900,2022-09-12,Report of the Town Manager,Procedural
28901,2022-09-12,Report of the Mayor,Procedural
28902,2022-09-12,Proposals for Additional Items to the Agenda,Procedural
28903,2022-09-12,Closed Session,Procedural
28906,2022-09-12,Regular Business,Procedural
28912,2022-09-12,Meeting Adjournment,Procedural
28913,2022-09-12,"THE TOWN OF VIENNA IS COMMITTED TO FULL COMPLIANCE WITH THE AMERICANS WITH DISABILITIES ACT STANDARDS. TRANSLATION SERVICES, ASSISTANCE OR ACCOMMODATION REQUESTS FROM PERSONS WITH DISABILITIES ARE TO BE REQUESTED NOT LESS THAN 3 WORKING DAYS BEFORE THE DAY OF THE EVENT. PLEASE CALL (703) 255-6304, OR 711 VIRGINIA RELAY SERVICE FOR THE HEARING IMPAIRED.",Procedural
28991,2022-09-26,"Invocation: Reverend Connie Jordan-Haas, Vienna Presbyterian Church",Procedural
28992,2022-09-26,Pledge of Allegiance to the Flag of the United States of America,Procedural
28993,2022-09-26,Roll Call,Procedural
28995,2022-09-26,"Receipt of petitions and communications from the Public that are not on the Agenda.  
          (Limited to 3 minutes per issue and no formal action can be taken this evening)",Procedural
28997,2022-09-26,Reports/Presentations,Procedural
28998,2022-09-26,Report and Inquiries of Council Members,Procedural
28999,2022-09-26,Report of the Town Manager,Procedural
29000,2022-09-26,Report of the Mayor,Procedural
29001,2022-09-26,Proposals for Additional Items to the Agenda,Procedural
29002,2022-09-26,Closed Session,Procedural
29003,2022-09-26,Public Hearings,Procedural
29005,2022-09-26,Regular Business,Procedural
29017,2022-09-26,Meeting Adjournment,Procedural
29018,2022-09-26,"THE TOWN OF VIENNA IS COMMITTED TO FULL COMPLIANCE WITH THE AMERICANS WITH DISABILITIES ACT STANDARDS. TRANSLATION SERVICES, ASSISTANCE OR ACCOMMODATION REQUESTS FROM PERSONS WITH DISABILITIES ARE TO BE REQUESTED NOT LESS THAN 3 WORKING DAYS BEFORE THE DAY OF THE EVENT. PLEASE CALL (703) 255-6304, OR 711 VIRGINIA RELAY SERVICE FOR THE HEARING IMPAIRED.",Procedural
29142,2022-10-10,Invocation: Tyra Tavakoli of the Baha'i Community of the Town of Vienna,Procedural
29143,2022-10-10,Pledge of Allegiance to the Flag of the United States of America,Procedural
29144,2022-10-10,Roll Call,Procedural
29146,2022-10-10,"Receipt of petitions and communications from the Public that are not on the Agenda.  
          (Limited to 3 minutes per issue and no formal action can be taken this evening)",Procedural
29148,2022-10-10,Reports/Presentations,Procedural
29149,2022-10-10,Report and Inquiries of Council Members,Procedural
29150,2022-10-10,Report of the Town Manager,Procedural
29151,2022-10-10,Report of the Mayor,Procedural
29152,2022-10-10,Proposals for Additional Items to the Agenda,Procedural
29153,2022-10-10,Closed Session,Procedural
29156,2022-10-10,Regular Business,Procedural
29160,2022-10-10,Meeting Adjournment,Procedural
29161,2022-10-10,"THE TOWN OF VIENNA IS COMMITTED TO FULL COMPLIANCE WITH THE AMERICANS WITH DISABILITIES ACT STANDARDS. TRANSLATION SERVICES, ASSISTANCE OR ACCOMMODATION REQUESTS FROM PERSONS WITH DISABILITIES ARE TO BE REQUESTED NOT LESS THAN 3 WORKING DAYS BEFORE THE DAY OF THE EVENT. PLEASE CALL (703) 255-6304, OR 711 VIRGINIA RELAY SERVICE FOR THE HEARING IMPAIRED.",Procedural
29248,2022-10-24,"Invocation: Reverend Dan Clifford, Grace Presbyterian Church, Vienna",Procedural
29249,2022-10-24,Pledge of Allegiance to the Flag of the United States of America,Procedural
29250,2022-10-24,Roll Call,Procedural
29252,2022-10-24,"Receipt of petitions and communications from the Public that are not on the Agenda.  
          (Limited to 3 minutes per issue and no formal action can be taken this evening)",Procedural
29254,2022-10-24,Reports/Presentations,Procedural
29255,2022-10-24,Report and Inquiries of Council Members,Procedural
29256,2022-10-24,Report of the Town Manager,Procedural
29257,2022-10-24,Report of the Mayor,Procedural
29258,2022-10-24,Proposals for Additional Items to the Agenda,Procedural
29259,2022-10-24,Closed Session Report,Procedural
29260,2022-10-24,Public Hearings,Procedural
29262,2022-10-24,Regular Business,Procedural
29271,2022-10-24,Meeting Adjournment,Procedural
29272,2022-10-24,"THE TOWN OF VIENNA IS COMMITTED TO FULL COMPLIANCE WITH THE AMERICANS WITH DISABILITIES ACT STANDARDS. TRANSLATION SERVICES, ASSISTANCE OR ACCOMMODATION REQUESTS FROM PERSONS WITH DISABILITIES ARE TO BE REQUESTED NOT LESS THAN 3 WORKING DAYS BEFORE THE DAY OF THE EVENT. PLEASE CALL (703) 255-6304, OR 711 VIRGINIA RELAY SERVICE FOR THE HEARING IMPAIRED.",Procedural
29335,2022-11-14,"Invocation: Jay Miller, Baha'i Community of Vienna",Procedural
29336,2022-11-14,Pledge of Allegiance to the Flag of the United States of America,Procedural
29337,2022-11-14,Roll Call,Procedural
29339,2022-11-14,"Receipt of petitions and communications from the Public that are not on the Agenda.  
          (Limited to 3 minutes per issue and no formal action can be taken this evening)",Procedural
29341,2022-11-14,Reports/Presentations,Procedural
29342,2022-11-14,Report and Inquiries of Council Members,Procedural
29343,2022-11-14,Report of the Town Manager,Procedural
29344,2022-11-14,Report of the Mayor,Procedural
29345,2022-11-14,Proposals for Additional Items to the Agenda,Procedural
29346,2022-11-14,Closed Session Report,Procedural
29347,2022-11-14,Public Hearings,Procedural
29349,2022-11-14,Regular Business,Procedural
29359,2022-11-14,Meeting Adjournment,Procedural
29360,2022-11-14,"THE TOWN OF VIENNA IS COMMITTED TO FULL COMPLIANCE WITH THE AMERICANS WITH DISABILITIES ACT STANDARDS. TRANSLATION SERVICES, ASSISTANCE OR ACCOMMODATION REQUESTS FROM PERSONS WITH DISABILITIES ARE TO BE REQUESTED NOT LESS THAN 3 WORKING DAYS BEFORE THE DAY OF THE EVENT. PLEASE CALL (703) 255-6304, OR 711 VIRGINIA RELAY SERVICE FOR THE HEARING IMPAIRED.",Procedural
29462,2022-12-05,"Invocation: Fariba Ferdowsi, Baha'i Community of Vienna",Procedural
29463,2022-12-05,Pledge of Allegiance to the Flag of the United States of America,Procedural
29464,2022-12-05,Roll Call,Procedural
29466,2022-12-05,"Receipt of petitions and communications from the Public that are not on the Agenda.  
          (Limited to 3 minutes per issue and no formal action can be taken this evening)",Procedural
29468,2022-12-05,Reports/Presentations,Procedural
29469,2022-12-05,Report and Inquiries of Council Members,Procedural
29470,2022-12-05,Report of the Town Manager,Procedural
29471,2022-12-05,Report of the Mayor,Procedural
29472,2022-12-05,Proposals for Additional Items to the Agenda,Procedural
29473,2022-12-05,Closed Session Report,Procedural
29476,2022-12-05,Regular Business,Procedural
29480,2022-12-05,Meeting Adjournment,Procedural
29481,2022-12-05,"THE TOWN OF VIENNA IS COMMITTED TO FULL COMPLIANCE WITH THE AMERICANS WITH DISABILITIES ACT STANDARDS. TRANSLATION SERVICES, ASSISTANCE OR ACCOMMODATION REQUESTS FROM PERSONS WITH DISABILITIES ARE TO BE REQUESTED NOT LESS THAN 3 WORKING DAYS BEFORE THE DAY OF THE EVENT. PLEASE CALL (703) 255-6304, OR 711 VIRGINIA RELAY SERVICE FOR THE HEARING IMPAIRED.",Procedural
29483,2022-12-05,Closed Session Report,Procedural
29640,2023-01-09,"Invocation: Reverend Johnny Kurcina, Christ Church Vienna",Procedural
29641,2023-01-09,Pledge of Allegiance to the Flag of the United States of America,Procedural
29642,2023-01-09,Roll Call,Procedural
29644,2023-01-09,"Receipt of petitions and communications from the Public that are not on the Agenda.  
          (Limited to 3 minutes per issue and no formal action can be taken this evening)",Procedural
29646,2023-01-09,Reports/Presentations,Procedural
29647,2023-01-09,Report and Inquiries of Council Members,Procedural
29648,2023-01-09,Report of the Town Manager,Procedural
29649,2023-01-09,Report of the Mayor,Procedural
29650,2023-01-09,Proposals for Additional Items to the Agenda,Procedural
29651,2023-01-09,Closed Session Report,Procedural
29654,2023-01-09,Regular Business,Procedural
29659,2023-01-09,Meeting Adjournment,Procedural
29660,2023-01-09,"THE TOWN OF VIENNA IS COMMITTED TO FULL COMPLIANCE WITH THE AMERICANS WITH DISABILITIES ACT STANDARDS. TRANSLATION SERVICES, ASSISTANCE OR ACCOMMODATION REQUESTS FROM PERSONS WITH DISABILITIES ARE TO BE REQUESTED NOT LESS THAN 3 WORKING DAYS BEFORE THE DAY OF THE EVENT. PLEASE CALL (703) 255-6304, OR 711 VIRGINIA RELAY SERVICE FOR THE HEARING IMPAIRED.",Procedural
29800,2023-01-30,"Invocation: Jay Miller, Baha'i Community of Vienna",Procedural
29801,2023-01-30,Pledge of Allegiance to the Flag of the United States of America,Procedural
29802,2023-01-30,Roll Call,Procedural
29804,2023-01-30,"Receipt of petitions and communications from the Public that are not on the Agenda.  
          (Limited to 3 minutes per issue and no formal action can be taken this evening)",Procedural
29806,2023-01-30,Reports/Presentations,Procedural
29807,2023-01-30,Report and Inquiries of Council Members,Procedural
29808,2023-01-30,Report of the Town Manager,Procedural
29809,2023-01-30,Report of the Mayor,Procedural
29810,2023-01-30,Proposals for Additional Items to the Agenda,Procedural
29811,2023-01-30,Closed Session Report,Procedural
29814,2023-01-30,Regular Business,Procedural
29819,2023-01-30,Meeting Adjournment,Procedural
29820,2023-01-30,"THE TOWN OF VIENNA IS COMMITTED TO FULL COMPLIANCE WITH THE AMERICANS WITH DISABILITIES ACT STANDARDS. TRANSLATION SERVICES, ASSISTANCE OR ACCOMMODATION REQUESTS FROM PERSONS WITH DISABILITIES ARE TO BE REQUESTED NOT LESS THAN 3 WORKING DAYS BEFORE THE DAY OF THE EVENT. PLEASE CALL (703) 255-6304, OR 711 VIRGINIA RELAY SERVICE FOR THE HEARING IMPAIRED.",Procedural
29835,2023-02-06,Roll Call,Procedural
29844,2023-02-06,Closed Session Report,Procedural
29849,2023-02-06,"THE TOWN OF VIENNA IS COMMITTED TO FULL COMPLIANCE WITH THE AMERICANS WITH DISABILITIES ACT STANDARDS. TRANSLATION SERVICES, ASSISTANCE OR ACCOMMODATION REQUESTS FROM PERSONS WITH DISABILITIES ARE TO BE REQUESTED NOT LESS THAN 3 WORKING DAYS BEFORE THE DAY OF THE EVENT. PLEASE CALL (703) 255-6304, OR 711 VIRGINIA RELAY SERVICE FOR THE HEARING IMPAIRED.",Procedural
29850,2023-02-06,Closed Session Report,Procedural
30006,2023-02-27,"Invocation: Pastor Hope Lee, Vienna Presbyterian Church",Procedural
30007,2023-02-27,Pledge of Allegiance to the Flag of the United States of America,Procedural
30008,2023-02-27,Roll Call,Procedural
30010,2023-02-27,"Receipt of petitions and communications from the Public that are not on the Agenda.  
          (Limited to 3 minutes per issue and no formal action can be taken this evening)",Procedural
30012,2023-02-27,Reports/Presentations,Procedural
30013,2023-02-27,Report and Inquiries of Council Members,Procedural
30014,2023-02-27,Report of the Town Manager,Procedural
30015,2023-02-27,Report of the Mayor,Procedural
30016,2023-02-27,Proposals for Additional Items to the Agenda,Procedural
30017,2023-02-27,Closed Session Report,Procedural
30020,2023-02-27,Regular Business,Procedural
30025,2023-02-27,Meeting Adjournment,Procedural
30026,2023-02-27,"THE TOWN OF VIENNA IS COMMITTED TO FULL COMPLIANCE WITH THE AMERICANS WITH DISABILITIES ACT STANDARDS. TRANSLATION SERVICES, ASSISTANCE OR ACCOMMODATION REQUESTS FROM PERSONS WITH DISABILITIES ARE TO BE REQUESTED NOT LESS THAN 3 WORKING DAYS BEFORE THE DAY OF THE EVENT. PLEASE CALL (703) 255-6304, OR 711 VIRGINIA RELAY SERVICE FOR THE HEARING IMPAIRED.",Procedural
30045,2023-03-06,"Invocation: Reverend Dean Miller, Christ Church Vienna",Procedural
30046,2023-03-06,Pledge of Allegiance to the Flag of the United States of America,Procedural
30047,2023-03-06,Roll Call,Procedural
30049,2023-03-06,"Receipt of petitions and communications from the Public that are not on the Agenda.  
          (Limited to 3 minutes per issue and no formal action can be taken this evening)",Procedural
30051,2023-03-06,Reports/Presentations,Procedural
30052,2023-03-06,Report and Inquiries of Council Members,Procedural
30053,2023-03-06,Report of the Town Manager,Procedural
30054,2023-03-06,Report of the Mayor,Procedural
30055,2023-03-06,Proposals for Additional Items to the Agenda,Procedural
30056,2023-03-06,Closed Session Report,Procedural
30067,2023-03-06,Meeting Adjournment,Procedural
30068,2023-03-06,"THE TOWN OF VIENNA IS COMMITTED TO FULL COMPLIANCE WITH THE AMERICANS WITH DISABILITIES ACT STANDARDS. TRANSLATION SERVICES, ASSISTANCE OR ACCOMMODATION REQUESTS FROM PERSONS WITH DISABILITIES ARE TO BE REQUESTED NOT LESS THAN 3 WORKING DAYS BEFORE THE DAY OF THE EVENT. PLEASE CALL (703) 255-6304, OR 711 VIRGINIA RELAY SERVICE FOR THE HEARING IMPAIRED.",Procedural
30117,2023-03-06,Regular Business,Procedural
30201,2023-03-20,"Invocation: Reverend Brenda Burns, Vienna Assembly of God",Procedural
30202,2023-03-20,Pledge of Allegiance to the Flag of the United States of America,Procedural
30203,2023-03-20,Roll Call,Procedural
30205,2023-03-20,"Receipt of petitions and communications from the Public that are not on the Agenda.  
          (Limited to 3 minutes per issue and no formal action can be taken this evening)",Procedural
30207,2023-03-20,Reports/Presentations,Procedural
30208,2023-03-20,Report and Inquiries of Council Members,Procedural
30209,2023-03-20,Report of the Town Manager,Procedural
30210,2023-03-20,Report of the Mayor,Procedural
30211,2023-03-20,Proposals for Additional Items to the Agenda,Procedural
30212,2023-03-20,Closed Session Report,Procedural
30213,2023-03-20,Public Hearings,Procedural
30215,2023-03-20,Regular Business,Procedural
30230,2023-03-20,Meeting Adjournment,Procedural
30231,2023-03-20,"THE TOWN OF VIENNA IS COMMITTED TO FULL COMPLIANCE WITH THE AMERICANS WITH DISABILITIES ACT STANDARDS. TRANSLATION SERVICES, ASSISTANCE OR ACCOMMODATION REQUESTS FROM PERSONS WITH DISABILITIES ARE TO BE REQUESTED NOT LESS THAN 3 WORKING DAYS BEFORE THE DAY OF THE EVENT. PLEASE CALL (703) 255-6304, OR 711 VIRGINIA RELAY SERVICE FOR THE HEARING IMPAIRED.",Procedural
30389,2023-04-10,"Invocation: Violette Yazdani, Town of Vienna Bahai' Community",Procedural
30390,2023-04-10,Pledge of Allegiance to the Flag of the United States of America,Procedural
30391,2023-04-10,Roll Call,Procedural
30393,2023-04-10,"Receipt of petitions and communications from the Public that are not on the Agenda.  
          (Limited to 3 minutes per issue and no formal action can be taken this evening)",Procedural
30395,2023-04-10,Reports/Presentations,Procedural
30396,2023-04-10,Report and Inquiries of Council Members,Procedural
30397,2023-04-10,Report of the Town Manager,Procedural
30398,2023-04-10,Report of the Mayor,Procedural
30399,2023-04-10,Proposals for Additional Items to the Agenda,Procedural
30400,2023-04-10,Closed Session Report,Procedural
30401,2023-04-10,Public Hearings,Procedural
30403,2023-04-10,Regular Business,Procedural
30412,2023-04-10,Meeting Adjournment,Procedural
30413,2023-04-10,"THE TOWN OF VIENNA IS COMMITTED TO FULL COMPLIANCE WITH THE AMERICANS WITH DISABILITIES ACT STANDARDS. TRANSLATION SERVICES, ASSISTANCE OR ACCOMMODATION REQUESTS FROM PERSONS WITH DISABILITIES ARE TO BE REQUESTED NOT LESS THAN 3 WORKING DAYS BEFORE THE DAY OF THE EVENT. PLEASE CALL (703) 255-6304, OR 711 VIRGINIA RELAY SERVICE FOR THE HEARING IMPAIRED.",Procedural
30500,2023-04-24,"Invocation: Sr. Rabbi Amy Schwartzman, Temple Rodef Shalom",Procedural
30501,2023-04-24,Pledge of Allegiance to the Flag of the United States of America,Procedural
30502,2023-04-24,Roll Call,Procedural
30504,2023-04-24,"Receipt of petitions and communications from the Public that are not on the Agenda.  
          (Limited to 3 minutes per issue and no formal action can be taken this evening)",Procedural
30506,2023-04-24,Reports/Presentations,Procedural
30507,2023-04-24,Report and Inquiries of Council Members,Procedural
30508,2023-04-24,Report of the Town Manager,Procedural
30509,2023-04-24,Report of the Mayor,Procedural
30510,2023-04-24,Proposals for Additional Items to the Agenda,Procedural
30511,2023-04-24,Closed Session Report,Procedural
30512,2023-04-24,Public Hearings,Procedural
30514,2023-04-24,Regular Business,Procedural
30525,2023-04-24,Meeting Adjournment,Procedural
30526,2023-04-24,"THE TOWN OF VIENNA IS COMMITTED TO FULL COMPLIANCE WITH THE AMERICANS WITH DISABILITIES ACT STANDARDS. TRANSLATION SERVICES, ASSISTANCE OR ACCOMMODATION REQUESTS FROM PERSONS WITH DISABILITIES ARE TO BE REQUESTED NOT LESS THAN 3 WORKING DAYS BEFORE THE DAY OF THE EVENT. PLEASE CALL (703) 255-6304, OR 711 VIRGINIA RELAY SERVICE FOR THE HEARING IMPAIRED.",Procedural
30528,2023-04-24,Closed Session Report,Procedural
30619,2023-04-24,"Receipt of petitions and communications from the Public that are not on the Agenda.  
          (Limited to 3 minutes per issue and no formal action can be taken this evening)",Procedural
30563,2023-05-01,"Invocation: Pastor Daniel Dixon, Redeemer Fellowship, Vienna",Procedural
30564,2023-05-01,Pledge of Allegiance to the Flag of the United States of America,Procedural
30565,2023-05-01,Roll Call,Procedural
30567,2023-05-01,"Receipt of petitions and communications from the Public that are not on the Agenda.  
          (Limited to 3 minutes per issue and no formal action can be taken this evening)",Procedural
30569,2023-05-01,Reports/Presentations,Procedural
30570,2023-05-01,Report and Inquiries of Council Members,Procedural
30571,2023-05-01,Report of the Town Manager,Procedural
30572,2023-05-01,Report of the Mayor,Procedural
30573,2023-05-01,Proposals for Additional Items to the Agenda,Procedural
30574,2023-05-01,Closed Session Report,Procedural
30577,2023-05-01,Regular Business,Procedural
30587,2023-05-01,Meeting Adjournment,Procedural
30588,2023-05-01,"THE TOWN OF VIENNA IS COMMITTED TO FULL COMPLIANCE WITH THE AMERICANS WITH DISABILITIES ACT STANDARDS. TRANSLATION SERVICES, ASSISTANCE OR ACCOMMODATION REQUESTS FROM PERSONS WITH DISABILITIES ARE TO BE REQUESTED NOT LESS THAN 3 WORKING DAYS BEFORE THE DAY OF THE EVENT. PLEASE CALL (703) 255-6304, OR 711 VIRGINIA RELAY SERVICE FOR THE HEARING IMPAIRED.",Procedural
30692,2023-05-15,"Invocation: Noah Yazdani, Baha'i Community of Vienna",Procedural
30693,2023-05-15,Pledge of Allegiance to the Flag of the United States of America,Procedural
30694,2023-05-15,Roll Call,Procedural
30696,2023-05-15,"Receipt of petitions and communications from the Public that are not on the Agenda.  
          (Limited to 3 minutes per issue and no formal action can be taken this evening)",Procedural
30698,2023-05-15,Reports/Presentations,Procedural
30700,2023-05-15,Report and Inquiries of Council Members,Procedural
30701,2023-05-15,Report of the Town Manager,Procedural
30702,2023-05-15,Report of the Mayor,Procedural
30703,2023-05-15,Proposals for Additional Items to the Agenda,Procedural
30707,2023-05-15,Regular Business,Procedural
30714,2023-05-15,Meeting Adjournment,Procedural
30715,2023-05-15,"THE TOWN OF VIENNA IS COMMITTED TO FULL COMPLIANCE WITH THE AMERICANS WITH DISABILITIES ACT STANDARDS. TRANSLATION SERVICES, ASSISTANCE OR ACCOMMODATION REQUESTS FROM PERSONS WITH DISABILITIES ARE TO BE REQUESTED NOT LESS THAN 3 WORKING DAYS BEFORE THE DAY OF THE EVENT. PLEASE CALL (703) 255-6304, OR 711 VIRGINIA RELAY SERVICE FOR THE HEARING IMPAIRED.",Procedural
30813,2023-06-05,"Invocation:Sharon Gower Miller, Town of Vienna Baha'i Community",Procedural
30814,2023-06-05,Pledge of Allegiance to the Flag of the United States of America,Procedural
30815,2023-06-05,Roll Call,Procedural
30817,2023-06-05,"Receipt of petitions and communications from the Public that are not on the Agenda.  
          (Limited to 3 minutes per issue and no formal action can be taken this evening)",Procedural
30819,2023-06-05,Reports/Presentations,Procedural
30820,2023-06-05,Report and Inquiries of Council Members,Procedural
30821,2023-06-05,Report of the Town Manager,Procedural
30822,2023-06-05,Report of the Mayor,Procedural
30823,2023-06-05,Proposals for Additional Items to the Agenda,Procedural
30824,2023-06-05,Closed Session Report,Procedural
30827,2023-06-05,Regular Business,Procedural
30832,2023-06-05,Closed Session Report,Procedural
30847,2023-06-05,Meeting Adjournment,Procedural
30848,2023-06-05,"THE TOWN OF VIENNA IS COMMITTED TO FULL COMPLIANCE WITH THE AMERICANS WITH DISABILITIES ACT STANDARDS. TRANSLATION SERVICES, ASSISTANCE OR ACCOMMODATION REQUESTS FROM PERSONS WITH DISABILITIES ARE TO BE REQUESTED NOT LESS THAN 3 WORKING DAYS BEFORE THE DAY OF THE EVENT. PLEASE CALL (703) 255-6304, OR 711 VIRGINIA RELAY SERVICE FOR THE HEARING IMPAIRED.",Procedural
30879,2023-06-12,Roll Call,Procedural
30883,2023-06-12,Reports/Presentations,Procedural
30884,2023-06-12,Report and Inquiries of Council Members,Procedural
30888,2023-06-12,Closed Session Report,Procedural
30891,2023-06-12,Regular Business,Procedural
30892,2023-06-12,Code Create Vienna: Review of Draft Chapter 18 - Zoning and Subdivision Ordinance for Referral to Planning Commission and Joint Public Hearing,Procedural
30893,2023-06-12,Meeting Adjournment,Procedural
30894,2023-06-12,"THE TOWN OF VIENNA IS COMMITTED TO FULL COMPLIANCE WITH THE AMERICANS WITH DISABILITIES ACT STANDARDS. TRANSLATION SERVICES, ASSISTANCE OR ACCOMMODATION REQUESTS FROM PERSONS WITH DISABILITIES ARE TO BE REQUESTED NOT LESS THAN 3 WORKING DAYS BEFORE THE DAY OF THE EVENT. PLEASE CALL (703) 255-6304, OR 711 VIRGINIA RELAY SERVICE FOR THE HEARING IMPAIRED.",Procedural
30944,2023-06-20,Invocation: Councilmember Ray Brill,Procedural
30945,2023-06-20,Pledge of Allegiance to the Flag of the United States of America,Procedural
30946,2023-06-20,Roll Call,Procedural
30948,2023-06-20,"Receipt of petitions and communications from the Public that are not on the Agenda.  
          (Limited to 3 minutes per issue and no formal action can be taken this evening)",Procedural
30950,2023-06-20,Reports/Presentations,Procedural
30951,2023-06-20,Report and Inquiries of Council Members,Procedural
30952,2023-06-20,Report of the Town Manager,Procedural
30953,2023-06-20,Report of the Mayor,Procedural
30954,2023-06-20,Proposals for Additional Items to the Agenda,Procedural
30955,2023-06-20,Closed Session Report,Procedural
30958,2023-06-20,Regular Business,Procedural
30966,2023-06-20,Meeting Adjournment,Procedural
30967,2023-06-20,"THE TOWN OF VIENNA IS COMMITTED TO FULL COMPLIANCE WITH THE AMERICANS WITH DISABILITIES ACT STANDARDS. TRANSLATION SERVICES, ASSISTANCE OR ACCOMMODATION REQUESTS FROM PERSONS WITH DISABILITIES ARE TO BE REQUESTED NOT LESS THAN 3 WORKING DAYS BEFORE THE DAY OF THE EVENT. PLEASE CALL (703) 255-6304, OR 711 VIRGINIA RELAY SERVICE FOR THE HEARING IMPAIRED.",Procedural
31020,2023-07-10,"Invocation: Pastor Vince MacIsaac, Vienna Seventh-day Adventist Church",Procedural
31021,2023-07-10,Pledge of Allegiance to the Flag of the United States of America,Procedural
31022,2023-07-10,Roll Call,Procedural
31024,2023-07-10,"Receipt of petitions and communications from the Public that are not on the Agenda.  
          (Limited to 3 minutes per issue and no formal action can be taken this evening)",Procedural
31026,2023-07-10,Reports/Presentations,Procedural
31027,2023-07-10,Report and Inquiries of Council Members,Procedural
31028,2023-07-10,Report of the Town Manager,Procedural
31029,2023-07-10,Report of the Mayor,Procedural
31030,2023-07-10,Proposals for Additional Items to the Agenda,Procedural
31031,2023-07-10,Closed Session Report,Procedural
31032,2023-07-10,Public Hearings,Procedural
31034,2023-07-10,Regular Business,Procedural
31046,2023-07-10,Meeting Adjournment,Procedural
31047,2023-07-10,"THE TOWN OF VIENNA IS COMMITTED TO FULL COMPLIANCE WITH THE AMERICANS WITH DISABILITIES ACT STANDARDS. TRANSLATION SERVICES, ASSISTANCE OR ACCOMMODATION REQUESTS FROM PERSONS WITH DISABILITIES ARE TO BE REQUESTED NOT LESS THAN 3 WORKING DAYS BEFORE THE DAY OF THE EVENT. PLEASE CALL (703) 255-6304, OR 711 VIRGINIA RELAY SERVICE FOR THE HEARING IMPAIRED.",Procedural
31049,2023-07-10,Closed Session Report,Procedural
31050,2023-07-12,"Invocation: Mercury Payton, Town Manager",Procedural
31051,2023-07-12,Pledge of Allegiance to the Flag of the United States of America,Procedural
31052,2023-07-12,Roll Call,Procedural
31062,2023-07-12,Public Hearings,Procedural
31066,2023-07-12,Meeting Adjournment,Procedural
31067,2023-07-12,"THE TOWN OF VIENNA IS COMMITTED TO FULL COMPLIANCE WITH THE AMERICANS WITH DISABILITIES ACT STANDARDS. TRANSLATION SERVICES, ASSISTANCE OR ACCOMMODATION REQUESTS FROM PERSONS WITH DISABILITIES ARE TO BE REQUESTED NOT LESS THAN 3 WORKING DAYS BEFORE THE DAY OF THE EVENT. PLEASE CALL (703) 255-6304, OR 711 VIRGINIA RELAY SERVICE FOR THE HEARING IMPAIRED.",Procedural
31246,2023-08-28,"Invocation: Reverend Johnny Kurcina, Christ Church Vienna",Procedural
31247,2023-08-28,Pledge of Allegiance to the Flag of the United States of America,Procedural
31248,2023-08-28,Roll Call,Procedural
31250,2023-08-28,"Receipt of petitions and communications from the Public that are not on the Agenda.  
          (Limited to 3 minutes per issue and no formal action can be taken this evening)",Procedural
31252,2023-08-28,Reports/Presentations,Procedural
31253,2023-08-28,Report and Inquiries of Council Members,Procedural
31254,2023-08-28,Report of the Town Manager,Procedural
31255,2023-08-28,Report of the Mayor,Procedural
31256,2023-08-28,Proposals for Additional Items to the Agenda,Procedural
31257,2023-08-28,Closed Session Report,Procedural
31260,2023-08-28,Regular Business,Procedural
31265,2023-08-28,"Consideration to Initiate Engineering Design Reports of Robinson Sidewalk Projects at Johnson Street, SW; Saint Andrews Drive, NE; Saint Bernard Drive, NE; Ridge Road, SW; and Frederick Street, SW, (Tapawingo Rd to Kingsley Rd); and to Initiate Final Design of a Robinson Sidewalk Project on the east side (odd numbered addresses) of Frederick Street, SW, from Meadow Lane to Tapawingo Road",Procedural
31272,2023-08-28,Meeting Adjournment,Procedural
31273,2023-08-28,"THE TOWN OF VIENNA IS COMMITTED TO FULL COMPLIANCE WITH THE AMERICANS WITH DISABILITIES ACT STANDARDS. TRANSLATION SERVICES, ASSISTANCE OR ACCOMMODATION REQUESTS FROM PERSONS WITH DISABILITIES ARE TO BE REQUESTED NOT LESS THAN 3 WORKING DAYS BEFORE THE DAY OF THE EVENT. PLEASE CALL (703) 255-6304, OR 711 VIRGINIA RELAY SERVICE FOR THE HEARING IMPAIRED.",Procedural
31274,2023-08-28,Closed Session Report First Motion,Procedural
31275,2023-08-28,Closed Session Report Second Motion,Procedural
31316,2023-09-11,"Invocation: Dr. Vernon Walton, First Baptist Church",Procedural
31317,2023-09-11,Pledge of Allegiance to the Flag of the United States of America,Procedural
31318,2023-09-11,Roll Call,Procedural
31320,2023-09-11,"Receipt of petitions and communications from the Public that are not on the Agenda.  
          (Limited to 3 minutes per issue and no formal action can be taken this evening)",Procedural
31322,2023-09-11,Reports/Presentations,Procedural
31323,2023-09-11,Report and Inquiries of Council Members,Procedural
31324,2023-09-11,Report of the Town Manager,Procedural
31325,2023-09-11,Report of the Mayor,Procedural
31326,2023-09-11,Proposals for Additional Items to the Agenda,Procedural
31327,2023-09-11,Closed Session Report,Procedural
31330,2023-09-11,Regular Business,Procedural
31336,2023-09-11,Meeting Adjournment,Procedural
31337,2023-09-11,"THE TOWN OF VIENNA IS COMMITTED TO FULL COMPLIANCE WITH THE AMERICANS WITH DISABILITIES ACT STANDARDS. TRANSLATION SERVICES, ASSISTANCE OR ACCOMMODATION REQUESTS FROM PERSONS WITH DISABILITIES ARE TO BE REQUESTED NOT LESS THAN 3 WORKING DAYS BEFORE THE DAY OF THE EVENT. PLEASE CALL (703) 255-6304, OR 711 VIRGINIA RELAY SERVICE FOR THE HEARING IMPAIRED.",Procedural
31338,2023-09-11,Closed Session Report,Procedural
31445,2023-09-25,"Invocation: Reverend Kim, Wesley United Methodist Church",Procedural
31446,2023-09-25,Pledge of Allegiance to the Flag of the United States of America,Procedural
31447,2023-09-25,Roll Call,Procedural
31449,2023-09-25,"Receipt of petitions and communications from the Public that are not on the Agenda.  
          (Limited to 3 minutes per issue and no formal action can be taken this evening)",Procedural
31451,2023-09-25,Reports/Presentations,Procedural
31452,2023-09-25,Report and Inquiries of Council Members,Procedural
31453,2023-09-25,Report of the Town Manager,Procedural
31454,2023-09-25,Report of the Mayor,Procedural
31455,2023-09-25,Proposals for Additional Items to the Agenda,Procedural
31456,2023-09-25,Closed Session Report,Procedural
31459,2023-09-25,Regular Business,Procedural
31463,2023-09-25,Closed Session Report,Procedural
31465,2023-09-25,Meeting Adjournment,Procedural
31466,2023-09-25,"THE TOWN OF VIENNA IS COMMITTED TO FULL COMPLIANCE WITH THE AMERICANS WITH DISABILITIES ACT STANDARDS. TRANSLATION SERVICES, ASSISTANCE OR ACCOMMODATION REQUESTS FROM PERSONS WITH DISABILITIES ARE TO BE REQUESTED NOT LESS THAN 3 WORKING DAYS BEFORE THE DAY OF THE EVENT. PLEASE CALL (703) 255-6304, OR 711 VIRGINIA RELAY SERVICE FOR THE HEARING IMPAIRED.",Procedural
31490,2023-10-02,"Invocation: Reverend Jon Strand, Episcopal Church of the Holy Comforter",Procedural
31491,2023-10-02,Pledge of Allegiance to the Flag of the United States of America,Procedural
31492,2023-10-02,Roll Call,Procedural
31494,2023-10-02,"Receipt of petitions and communications from the Public that are not on the Agenda.  
          (Limited to 3 minutes per issue and no formal action can be taken this evening)",Procedural
31496,2023-10-02,Reports/Presentations,Procedural
31497,2023-10-02,Report and Inquiries of Council Members,Procedural
31498,2023-10-02,Report of the Town Manager,Procedural
31499,2023-10-02,Report of the Mayor,Procedural
31500,2023-10-02,Proposals for Additional Items to the Agenda,Procedural
31501,2023-10-02,Closed Session Report,Procedural
31502,2023-10-02,Public Hearings,Procedural
31504,2023-10-02,Regular Business,Procedural
31512,2023-10-02,Meeting Adjournment,Procedural
31513,2023-10-02,"THE TOWN OF VIENNA IS COMMITTED TO FULL COMPLIANCE WITH THE AMERICANS WITH DISABILITIES ACT STANDARDS. TRANSLATION SERVICES, ASSISTANCE OR ACCOMMODATION REQUESTS FROM PERSONS WITH DISABILITIES ARE TO BE REQUESTED NOT LESS THAN 3 WORKING DAYS BEFORE THE DAY OF THE EVENT. PLEASE CALL (703) 255-6304, OR 711 VIRGINIA RELAY SERVICE FOR THE HEARING IMPAIRED.",Procedural
31533,2023-10-02,Closed Session Report,Procedural
31623,2023-10-23,"Invocation: John Russo, Baha'i Community of the Holy Comforter",Procedural
31624,2023-10-23,Pledge of Allegiance to the Flag of the United States of America,Procedural
31625,2023-10-23,Roll Call,Procedural
31627,2023-10-23,"Receipt of petitions and communications from the Public that are not on the Agenda.  
          (Limited to 3 minutes per issue and no formal action can be taken this evening)",Procedural
31629,2023-10-23,Reports/Presentations,Procedural
31630,2023-10-23,Report and Inquiries of Council Members,Procedural
31631,2023-10-23,Report of the Town Manager,Procedural
31632,2023-10-23,Report of the Mayor,Procedural
31633,2023-10-23,Proposals for Additional Items to the Agenda,Procedural
31634,2023-10-23,Closed Session Report,Procedural
31635,2023-10-23,Public Hearings,Procedural
31637,2023-10-23,Regular Business,Procedural
31650,2023-10-23,Meeting Adjournment,Procedural
31651,2023-10-23,"THE TOWN OF VIENNA IS COMMITTED TO FULL COMPLIANCE WITH THE AMERICANS WITH DISABILITIES ACT STANDARDS. TRANSLATION SERVICES, ASSISTANCE OR ACCOMMODATION REQUESTS FROM PERSONS WITH DISABILITIES ARE TO BE REQUESTED NOT LESS THAN 3 WORKING DAYS BEFORE THE DAY OF THE EVENT. PLEASE CALL (703) 255-6304, OR 711 VIRGINIA RELAY SERVICE FOR THE HEARING IMPAIRED.",Procedural
31665,2023-10-23,Closed Session Report,Procedural
31739,2023-11-13,Invocation: Councilmember Ray Brill,Procedural
31740,2023-11-13,Pledge of Allegiance to the Flag of the United States of America,Procedural
31741,2023-11-13,Roll Call,Procedural
31743,2023-11-13,"Receipt of petitions and communications from the Public that are not on the Agenda.  
          (Limited to 3 minutes per issue and no formal action can be taken this evening)",Procedural
31745,2023-11-13,Reports/Presentations,Procedural
31746,2023-11-13,Report and Inquiries of Council Members,Procedural
31747,2023-11-13,Report of the Town Manager,Procedural
31748,2023-11-13,Report of the Mayor,Procedural
31749,2023-11-13,Proposals for Additional Items to the Agenda,Procedural
31750,2023-11-13,Closed Session Report,Procedural
31751,2023-11-13,Public Hearings,Procedural
31753,2023-11-13,Regular Business,Procedural
31763,2023-11-13,Meeting Adjournment,Procedural
31764,2023-11-13,"THE TOWN OF VIENNA IS COMMITTED TO FULL COMPLIANCE WITH THE AMERICANS WITH DISABILITIES ACT STANDARDS. TRANSLATION SERVICES, ASSISTANCE OR ACCOMMODATION REQUESTS FROM PERSONS WITH DISABILITIES ARE TO BE REQUESTED NOT LESS THAN 3 WORKING DAYS BEFORE THE DAY OF THE EVENT. PLEASE CALL (703) 255-6304, OR 711 VIRGINIA RELAY SERVICE FOR THE HEARING IMPAIRED.",Procedural
31916,2023-12-04,"Invocation: Reverend Dr. Anthony Prinsen, Emmanuel Lutheran Church",Procedural
31917,2023-12-04,Pledge of Allegiance to the Flag of the United States of America,Procedural
31918,2023-12-04,Roll Call,Procedural
31920,2023-12-04,"Receipt of petitions and communications from the Public that are not on the Agenda.  
          (Limited to 3 minutes per issue and no formal action can be taken this evening)",Procedural
31922,2023-12-04,Reports/Presentations,Procedural
31923,2023-12-04,Report and Inquiries of Council Members,Procedural
31924,2023-12-04,Report of the Town Manager,Procedural
31925,2023-12-04,Report of the Mayor,Procedural
31926,2023-12-04,Proposals for Additional Items to the Agenda,Procedural
31927,2023-12-04,Closed Session Report,Procedural
31928,2023-12-04,Public Hearings,Procedural
31930,2023-12-04,Regular Business,Procedural
31940,2023-12-04,Meeting Adjournment,Procedural
31941,2023-12-04,"THE TOWN OF VIENNA IS COMMITTED TO FULL COMPLIANCE WITH THE AMERICANS WITH DISABILITIES ACT STANDARDS. TRANSLATION SERVICES, ASSISTANCE OR ACCOMMODATION REQUESTS FROM PERSONS WITH DISABILITIES ARE TO BE REQUESTED NOT LESS THAN 3 WORKING DAYS BEFORE THE DAY OF THE EVENT. PLEASE CALL (703) 255-6304, OR 711 VIRGINIA RELAY SERVICE FOR THE HEARING IMPAIRED.",Procedural
31944,2023-12-04,Second Closed Session Report,Procedural
32041,2024-01-02,Regular Business,Procedural
32043,2024-01-02,Meeting Adjournment,Procedural
32044,2024-01-02,"THE TOWN OF VIENNA IS COMMITTED TO FULL COMPLIANCE WITH THE AMERICANS WITH DISABILITIES ACT STANDARDS. TRANSLATION SERVICES, ASSISTANCE OR ACCOMMODATION REQUESTS FROM PERSONS WITH DISABILITIES ARE TO BE REQUESTED NOT LESS THAN 3 WORKING DAYS BEFORE THE DAY OF THE EVENT. PLEASE CALL (703) 255-6304, OR 711 VIRGINIA RELAY SERVICE FOR THE HEARING IMPAIRED.",Procedural
32089,2024-01-08,"Invocation: Mercury Payton, Town Manager",Procedural
32090,2024-01-08,Pledge of Allegiance to the Flag of the United States of America,Procedural
32091,2024-01-08,Roll Call,Procedural
32093,2024-01-08,"Receipt of petitions and communications from the Public that are not on the Agenda.  
          (Limited to 3 minutes per issue and no formal action can be taken this evening)",Procedural
32095,2024-01-08,Reports/Presentations,Procedural
32096,2024-01-08,Report and Inquiries of Council Members,Procedural
32097,2024-01-08,Report of the Town Manager,Procedural
32098,2024-01-08,Report of the Mayor,Procedural
32099,2024-01-08,Proposals for Additional Items to the Agenda,Procedural
32100,2024-01-08,Closed Session Report,Procedural
32103,2024-01-08,Regular Business,Procedural
32109,2024-01-08,Closed Session,Procedural
32110,2024-01-08,8:25 p.m. - 8:45 p.m.- Second Closed Session Report,Procedural
32111,2024-01-08,Meeting Adjournment,Procedural
32112,2024-01-08,"THE TOWN OF VIENNA IS COMMITTED TO FULL COMPLIANCE WITH THE AMERICANS WITH DISABILITIES ACT STANDARDS. TRANSLATION SERVICES, ASSISTANCE OR ACCOMMODATION REQUESTS FROM PERSONS WITH DISABILITIES ARE TO BE REQUESTED NOT LESS THAN 3 WORKING DAYS BEFORE THE DAY OF THE EVENT. PLEASE CALL (703) 255-6304, OR 711 VIRGINIA RELAY SERVICE FOR THE HEARING IMPAIRED.",Procedural
32138,2024-01-08,Closed Session,Procedural
32288,2024-01-29,"Invocation: Mercury Payton, Town Manager",Procedural
32289,2024-01-29,Pledge of Allegiance to the Flag of the United States of America,Procedural
32290,2024-01-29,Roll Call,Procedural
32292,2024-01-29,"Receipt of petitions and communications from the Public that are not on the Agenda.  
          (Limited to 3 minutes per issue and no formal action can be taken this evening)",Procedural
32294,2024-01-29,Reports/Presentations,Procedural
32295,2024-01-29,Report and Inquiries of Council Members,Procedural
32296,2024-01-29,Report of the Town Manager,Procedural
32297,2024-01-29,Report of the Mayor,Procedural
32298,2024-01-29,Proposals for Additional Items to the Agenda,Procedural
32299,2024-01-29,Closed Session Report,Procedural
32302,2024-01-29,Regular Business,Procedural
32313,2024-01-29,Meeting Adjournment,Procedural
32314,2024-01-29,"THE TOWN OF VIENNA IS COMMITTED TO FULL COMPLIANCE WITH THE AMERICANS WITH DISABILITIES ACT STANDARDS. TRANSLATION SERVICES, ASSISTANCE OR ACCOMMODATION REQUESTS FROM PERSONS WITH DISABILITIES ARE TO BE REQUESTED NOT LESS THAN 3 WORKING DAYS BEFORE THE DAY OF THE EVENT. PLEASE CALL (703) 255-6304, OR 711 VIRGINIA RELAY SERVICE FOR THE HEARING IMPAIRED.",Procedural
32315,2024-01-29,Closed Session Report,Procedural
32316,2024-01-29,10:35 p.m. - 10:55 p.m. - Second Closed Session Report,Procedural
32318,2024-01-29,Second Closed Session,Procedural
32322,2024-01-29,10:35 p.m. - 10:55 p.m. - Second Closed Session Report,Procedural
32347,2024-02-05,"Invocation: Reverend Brenda Burns, Vienna Assembly of God Church, Vienna",Procedural
32348,2024-02-05,Pledge of Allegiance to the Flag of the United States of America,Procedural
32349,2024-02-05,Roll Call,Procedural
32351,2024-02-05,"Receipt of petitions and communications from the Public that are not on the Agenda.  
          (Limited to 3 minutes per issue and no formal action can be taken this evening)",Procedural
32353,2024-02-05,Reports/Presentations,Procedural
32354,2024-02-05,Report and Inquiries of Council Members,Procedural
32355,2024-02-05,Report of the Town Manager,Procedural
32356,2024-02-05,Report of the Mayor,Procedural
32357,2024-02-05,Proposals for Additional Items to the Agenda,Procedural
32358,2024-02-05,Closed Session Report,Procedural
32361,2024-02-05,Regular Business,Procedural
32367,2024-02-05,Meeting Adjournment,Procedural
32368,2024-02-05,"THE TOWN OF VIENNA IS COMMITTED TO FULL COMPLIANCE WITH THE AMERICANS WITH DISABILITIES ACT STANDARDS. TRANSLATION SERVICES, ASSISTANCE OR ACCOMMODATION REQUESTS FROM PERSONS WITH DISABILITIES ARE TO BE REQUESTED NOT LESS THAN 3 WORKING DAYS BEFORE THE DAY OF THE EVENT. PLEASE CALL (703) 255-6304, OR 711 VIRGINIA RELAY SERVICE FOR THE HEARING IMPAIRED.",Procedural
32484,2024-02-26,"Invocation: Rabbi Jeff Saxe, Temple Rodef Shalom",Procedural
32485,2024-02-26,Pledge of Allegiance to the Flag of the United States of America,Procedural
32486,2024-02-26,Roll Call,Procedural
32488,2024-02-26,"Receipt of petitions and communications from the Public that are not on the Agenda.  
          (Limited to 3 minutes per issue and no formal action can be taken this evening)",Procedural
32490,2024-02-26,Reports/Presentations,Procedural
32491,2024-02-26,Report and Inquiries of Council Members,Procedural
32492,2024-02-26,Report of the Town Manager,Procedural
32493,2024-02-26,Report of the Mayor,Procedural
32494,2024-02-26,Proposals for Additional Items to the Agenda,Procedural
32495,2024-02-26,Closed Session Report,Procedural
32498,2024-02-26,Regular Business,Procedural
32506,2024-02-26,Meeting Adjournment,Procedural
32507,2024-02-26,"THE TOWN OF VIENNA IS COMMITTED TO FULL COMPLIANCE WITH THE AMERICANS WITH DISABILITIES ACT STANDARDS. TRANSLATION SERVICES, ASSISTANCE OR ACCOMMODATION REQUESTS FROM PERSONS WITH DISABILITIES ARE TO BE REQUESTED NOT LESS THAN 3 WORKING DAYS BEFORE THE DAY OF THE EVENT. PLEASE CALL (703) 255-6304, OR 711 VIRGINIA RELAY SERVICE FOR THE HEARING IMPAIRED.",Procedural
32555,2024-03-04,"Invocation: Ms. Sharon Miller, Baha'i Community of Vienna",Procedural
32556,2024-03-04,Pledge of Allegiance to the Flag of the United States of America,Procedural
32557,2024-03-04,Roll Call,Procedural
32559,2024-03-04,"Receipt of petitions and communications from the Public that are not on the Agenda.  
          (Limited to 3 minutes per issue and no formal action can be taken this evening)",Procedural
32561,2024-03-04,Reports/Presentations,Procedural
32562,2024-03-04,Report and Inquiries of Council Members,Procedural
32563,2024-03-04,Report of the Town Manager,Procedural
32564,2024-03-04,Report of the Mayor,Procedural
32565,2024-03-04,Proposals for Additional Items to the Agenda,Procedural
32566,2024-03-04,Closed Session Report,Procedural
32569,2024-03-04,Regular Business,Procedural
32577,2024-03-04,Meeting Adjournment,Procedural
32578,2024-03-04,"THE TOWN OF VIENNA IS COMMITTED TO FULL COMPLIANCE WITH THE AMERICANS WITH DISABILITIES ACT STANDARDS. TRANSLATION SERVICES, ASSISTANCE OR ACCOMMODATION REQUESTS FROM PERSONS WITH DISABILITIES ARE TO BE REQUESTED NOT LESS THAN 3 WORKING DAYS BEFORE THE DAY OF THE EVENT. PLEASE CALL (703) 255-6304, OR 711 VIRGINIA RELAY SERVICE FOR THE HEARING IMPAIRED.",Procedural
32758,2024-03-18,Invocation: Councilmember Ray Brill,Procedural
32759,2024-03-18,Pledge of Allegiance to the Flag of the United States of America,Procedural
32760,2024-03-18,Roll Call,Procedural
32762,2024-03-18,"Receipt of petitions and communications from the Public that are not on the Agenda.  
          (Limited to 3 minutes per issue and no formal action can be taken this evening)",Procedural
32764,2024-03-18,Reports/Presentations,Procedural
32765,2024-03-18,Report and Inquiries of Council Members,Procedural
32766,2024-03-18,Report of the Town Manager,Procedural
32767,2024-03-18,Report of the Mayor,Procedural
32768,2024-03-18,Proposals for Additional Items to the Agenda,Procedural
32769,2024-03-18,Closed Session Report,Procedural
32770,2024-03-18,Public Hearings,Procedural
32772,2024-03-18,Regular Business,Procedural
32782,2024-03-18,Meeting Adjournment,Procedural
32783,2024-03-18,"THE TOWN OF VIENNA IS COMMITTED TO FULL COMPLIANCE WITH THE AMERICANS WITH DISABILITIES ACT STANDARDS. TRANSLATION SERVICES, ASSISTANCE OR ACCOMMODATION REQUESTS FROM PERSONS WITH DISABILITIES ARE TO BE REQUESTED NOT LESS THAN 3 WORKING DAYS BEFORE THE DAY OF THE EVENT. PLEASE CALL (703) 255-6304, OR 711 VIRGINIA RELAY SERVICE FOR THE HEARING IMPAIRED.",Procedural
32784,2024-03-18,Closed Session Report,Procedural
32857,2024-04-08,"Invocation: Reverend Brenda Burns, Vienna Assembly of God",Procedural
32858,2024-04-08,Pledge of Allegiance to the Flag of the United States of America,Procedural
32859,2024-04-08,Roll Call,Procedural
32861,2024-04-08,"Receipt of petitions and communications from the Public that are not on the Agenda.  
          (Limited to 3 minutes per issue and no formal action can be taken this evening)",Procedural
32863,2024-04-08,7:50 p.m. - 8:00 p.m. Reports/Presentations,Procedural
32864,2024-04-08,Report and Inquiries of Council Members,Procedural
32865,2024-04-08,Report of the Town Manager,Procedural
32866,2024-04-08,Report of the Mayor,Procedural
32867,2024-04-08,Proposals for Additional Items to the Agenda,Procedural
32868,2024-04-08,Closed Session Report,Procedural
32869,2024-04-08,Public Hearings,Procedural
32871,2024-04-08,Regular Business,Procedural
32883,2024-04-08,Meeting Adjournment,Procedural
32884,2024-04-08,"THE TOWN OF VIENNA IS COMMITTED TO FULL COMPLIANCE WITH THE AMERICANS WITH DISABILITIES ACT STANDARDS. TRANSLATION SERVICES, ASSISTANCE OR ACCOMMODATION REQUESTS FROM PERSONS WITH DISABILITIES ARE TO BE REQUESTED NOT LESS THAN 3 WORKING DAYS BEFORE THE DAY OF THE EVENT. PLEASE CALL (703) 255-6304, OR 711 VIRGINIA RELAY SERVICE FOR THE HEARING IMPAIRED.",Procedural
33005,2024-04-29,"Invocation: Mercury Payton, Town Manager",Procedural
33006,2024-04-29,Pledge of Allegiance to the Flag of the United States of America,Procedural
33007,2024-04-29,Roll Call,Procedural
33009,2024-04-29,"Receipt of petitions and communications from the Public that are not on the Agenda.  
          (Limited to 3 minutes per issue and no formal action can be taken this evening)",Procedural
33011,2024-04-29,Reports/Presentations,Procedural
33012,2024-04-29,Report and Inquiries of Council Members,Procedural
33013,2024-04-29,Report of the Town Manager,Procedural
33014,2024-04-29,Report of the Mayor,Procedural
33015,2024-04-29,Proposals for Additional Items to the Agenda,Procedural
33016,2024-04-29,Closed Session Report,Procedural
33017,2024-04-29,Public Hearings,Procedural
33019,2024-04-29,Regular Business,Procedural
33024,2024-04-29,Meeting Adjournment,Procedural
33025,2024-04-29,"THE TOWN OF VIENNA IS COMMITTED TO FULL COMPLIANCE WITH THE AMERICANS WITH DISABILITIES ACT STANDARDS. TRANSLATION SERVICES, ASSISTANCE OR ACCOMMODATION REQUESTS FROM PERSONS WITH DISABILITIES ARE TO BE REQUESTED NOT LESS THAN 3 WORKING DAYS BEFORE THE DAY OF THE EVENT. PLEASE CALL (703) 255-6304, OR 711 VIRGINIA RELAY SERVICE FOR THE HEARING IMPAIRED.",Procedural
33027,2024-04-29,8:25 p.m. - 9:30 p.m. Closed Session,Procedural
33028,2024-04-29,Closed Session Report,Procedural
33029,2024-05-06,Invocation: Councilmember Ray Brill,Procedural
33030,2024-05-06,Pledge of Allegiance to the Flag of the United States of America,Procedural
33031,2024-05-06,Roll Call,Procedural
33033,2024-05-06,"Receipt of petitions and communications from the Public that are not on the Agenda.  
          (Limited to 3 minutes per issue and no formal action can be taken this evening)",Procedural
33035,2024-05-06,Reports/Presentations,Procedural
33036,2024-05-06,Report and Inquiries of Council Members,Procedural
33037,2024-05-06,Report of the Town Manager,Procedural
33038,2024-05-06,Report of the Mayor,Procedural
33039,2024-05-06,Proposals for Additional Items to the Agenda,Procedural
33040,2024-05-06,Closed Session Report,Procedural
33043,2024-05-06,Regular Business,Procedural
33049,2024-05-06,Meeting Adjournment,Procedural
33050,2024-05-06,"THE TOWN OF VIENNA IS COMMITTED TO FULL COMPLIANCE WITH THE AMERICANS WITH DISABILITIES ACT STANDARDS. TRANSLATION SERVICES, ASSISTANCE OR ACCOMMODATION REQUESTS FROM PERSONS WITH DISABILITIES ARE TO BE REQUESTED NOT LESS THAN 3 WORKING DAYS BEFORE THE DAY OF THE EVENT. PLEASE CALL (703) 255-6304, OR 711 VIRGINIA RELAY SERVICE FOR THE HEARING IMPAIRED.",Procedural
33162,2024-05-20,Invocation:,Procedural
33163,2024-05-20,Pledge of Allegiance to the Flag of the United States of America,Procedural
33164,2024-05-20,Roll Call,Procedural
33166,2024-05-20,"Receipt of petitions and communications from the Public that are not on the Agenda.  
          (Limited to 3 minutes per issue and no formal action can be taken this evening)",Procedural
33168,2024-05-20,Reports/Presentations,Procedural
33169,2024-05-20,Report and Inquiries of Council Members,Procedural
33170,2024-05-20,Report of the Town Manager,Procedural
33171,2024-05-20,Report of the Mayor,Procedural
33172,2024-05-20,Proposals for Additional Items to the Agenda,Procedural
33173,2024-05-20,Closed Session Report,Procedural
33176,2024-05-20,Regular Business,Procedural
33185,2024-05-20,Meeting Adjournment,Procedural
33186,2024-05-20,"THE TOWN OF VIENNA IS COMMITTED TO FULL COMPLIANCE WITH THE AMERICANS WITH DISABILITIES ACT STANDARDS. TRANSLATION SERVICES, ASSISTANCE OR ACCOMMODATION REQUESTS FROM PERSONS WITH DISABILITIES ARE TO BE REQUESTED NOT LESS THAN 3 WORKING DAYS BEFORE THE DAY OF THE EVENT. PLEASE CALL (703) 255-6304, OR 711 VIRGINIA RELAY SERVICE FOR THE HEARING IMPAIRED.",Procedural
33246,2024-06-03,"Invocation: John Russo, Baha'i Community of the Town of Vienna",Procedural
33247,2024-06-03,Pledge of Allegiance to the Flag of the United States of America,Procedural
33248,2024-06-03,Roll Call,Procedural
33250,2024-06-03,"Receipt of petitions and communications from the Public that are not on the Agenda.  
          (Limited to 3 minutes per issue and no formal action can be taken this evening)",Procedural
33252,2024-06-03,Reports/Presentations,Procedural
33253,2024-06-03,Report and Inquiries of Council Members,Procedural
33254,2024-06-03,Report of the Town Manager,Procedural
33255,2024-06-03,Report of the Mayor,Procedural
33256,2024-06-03,Proposals for Additional Items to the Agenda,Procedural
33257,2024-06-03,Closed Session Report,Procedural
33260,2024-06-03,Regular Business,Procedural
33270,2024-06-03,Meeting Adjournment,Procedural
33271,2024-06-03,"THE TOWN OF VIENNA IS COMMITTED TO FULL COMPLIANCE WITH THE AMERICANS WITH DISABILITIES ACT STANDARDS. TRANSLATION SERVICES, ASSISTANCE OR ACCOMMODATION REQUESTS FROM PERSONS WITH DISABILITIES ARE TO BE REQUESTED NOT LESS THAN 3 WORKING DAYS BEFORE THE DAY OF THE EVENT. PLEASE CALL (703) 255-6304, OR 711 VIRGINIA RELAY SERVICE FOR THE HEARING IMPAIRED.",Procedural
33274,2024-06-03,Closed Session Report,Procedural
33275,2024-06-03,10:30 p.m. - 11:30 p.m. - Second Closed Session Report,Procedural
33276,2024-06-03,Second Closed Session Report,Procedural
33482,2024-07-08,"Invocation: Reverend Brenda Burns, Vienna Assembly of God",Procedural
33483,2024-07-08,Pledge of Allegiance to the Flag of the United States of America,Procedural
33484,2024-07-08,Roll Call,Procedural
33486,2024-07-08,"Receipt of petitions and communications from the Public that are not on the Agenda.  
          (Limited to 3 minutes per issue and no formal action can be taken this evening)",Procedural
33488,2024-07-08,Reports/Presentations,Procedural
33489,2024-07-08,Report and Inquiries of Council Members,Procedural
33490,2024-07-08,Report of the Town Manager,Procedural
33491,2024-07-08,Report of the Mayor,Procedural
33492,2024-07-08,Proposals for Additional Items to the Agenda,Procedural
33493,2024-07-08,Closed Session Report,Procedural
33496,2024-07-08,Regular Business,Procedural
33514,2024-07-08,Meeting Adjournment,Procedural
33515,2024-07-08,"THE TOWN OF VIENNA IS COMMITTED TO FULL COMPLIANCE WITH THE AMERICANS WITH DISABILITIES ACT STANDARDS. TRANSLATION SERVICES, ASSISTANCE OR ACCOMMODATION REQUESTS FROM PERSONS WITH DISABILITIES ARE TO BE REQUESTED NOT LESS THAN 3 WORKING DAYS BEFORE THE DAY OF THE EVENT. PLEASE CALL (703) 255-6304, OR 711 VIRGINIA RELAY SERVICE FOR THE HEARING IMPAIRED.",Procedural
33643,2024-08-26,Invocation:,Procedural
33644,2024-08-26,Pledge of Allegiance to the Flag of the United States of America,Procedural
33645,2024-08-26,Roll Call,Procedural
33647,2024-08-26,"Receipt of petitions and communications from the Public that are not on the Agenda.  
          (Limited to 3 minutes per issue and no formal action can be taken this evening)",Procedural
33649,2024-08-26,Reports/Presentations,Procedural
33650,2024-08-26,Report and Inquiries of Council Members,Procedural
33651,2024-08-26,Report of the Town Manager,Procedural
33652,2024-08-26,Report of the Mayor,Procedural
33653,2024-08-26,Proposals for Additional Items to the Agenda,Procedural
33654,2024-08-26,Closed Session Report,Procedural
33657,2024-08-26,Regular Business,Procedural
33672,2024-08-26,Meeting Adjournment,Procedural
33673,2024-08-26,"THE TOWN OF VIENNA IS COMMITTED TO FULL COMPLIANCE WITH THE AMERICANS WITH DISABILITIES ACT STANDARDS. TRANSLATION SERVICES, ASSISTANCE OR ACCOMMODATION REQUESTS FROM PERSONS WITH DISABILITIES ARE TO BE REQUESTED NOT LESS THAN 3 WORKING DAYS BEFORE THE DAY OF THE EVENT. PLEASE CALL (703) 255-6304, OR 711 VIRGINIA RELAY SERVICE FOR THE HEARING IMPAIRED.",Procedural
33688,2024-08-26,Second Closed Session,Procedural
33732,2024-09-09,Invocation: Councilmember Ray Brill,Procedural
33733,2024-09-09,Pledge of Allegiance to the Flag of the United States of America,Procedural
33734,2024-09-09,Roll Call,Procedural
33736,2024-09-09,"Receipt of petitions and communications from the Public that are not on the Agenda.  
          (Limited to 3 minutes per issue and no formal action can be taken this evening)",Procedural
33738,2024-09-09,Reports/Presentations,Procedural
33739,2024-09-09,Report and Inquiries of Council Members,Procedural
33740,2024-09-09,Report of the Town Manager,Procedural
33741,2024-09-09,Report of the Mayor,Procedural
33742,2024-09-09,Proposals for Additional Items to the Agenda,Procedural
33746,2024-09-09,Regular Business,Procedural
33754,2024-09-09,Meeting Adjournment,Procedural
33755,2024-09-09,"THE TOWN OF VIENNA IS COMMITTED TO FULL COMPLIANCE WITH THE AMERICANS WITH DISABILITIES ACT STANDARDS. TRANSLATION SERVICES, ASSISTANCE OR ACCOMMODATION REQUESTS FROM PERSONS WITH DISABILITIES ARE TO BE REQUESTED NOT LESS THAN 3 WORKING DAYS BEFORE THE DAY OF THE EVENT. PLEASE CALL (703) 255-6304, OR 711 VIRGINIA RELAY SERVICE FOR THE HEARING IMPAIRED.",Procedural
33760,2024-09-09,None,Procedural
33764,2024-09-09,Adjourn into Work Session,Procedural
33810,2024-09-09,Closed Session Report,Procedural
33811,2024-09-09,Second Closed Session Report,Procedural
33928,2024-09-23,"Invocation: Mr. John Russo, Baha'I Community of the Town of Vienna",Procedural
33929,2024-09-23,Pledge of Allegiance to the Flag of the United States of America,Procedural
33930,2024-09-23,Roll Call,Procedural
33932,2024-09-23,"Receipt of petitions and communications from the Public that are not on the Agenda.  
          (Limited to 3 minutes per issue and no formal action can be taken this evening)",Procedural
33934,2024-09-23,Reports/Presentations,Procedural
33935,2024-09-23,Report and Inquiries of Council Members,Procedural
33936,2024-09-23,Report of the Town Manager,Procedural
33937,2024-09-23,Report of the Mayor,Procedural
33938,2024-09-23,Proposals for Additional Items to the Agenda,Procedural
33939,2024-09-23,Closed Session Report,Procedural
33942,2024-09-23,Regular Business,Procedural
33947,2024-09-23,Meeting Adjournment,Procedural
33948,2024-09-23,"THE TOWN OF VIENNA IS COMMITTED TO FULL COMPLIANCE WITH THE AMERICANS WITH DISABILITIES ACT STANDARDS. TRANSLATION SERVICES, ASSISTANCE OR ACCOMMODATION REQUESTS FROM PERSONS WITH DISABILITIES ARE TO BE REQUESTED NOT LESS THAN 3 WORKING DAYS BEFORE THE DAY OF THE EVENT. PLEASE CALL (703) 255-6304, OR 711 VIRGINIA RELAY SERVICE FOR THE HEARING IMPAIRED.",Procedural
33949,2024-09-23,9:05 p.m. - 9:35 p.m. - Second Closed Session Report,Procedural
33950,2024-09-23,Closed Session Report,Procedural
33951,2024-09-23,Closed Session Report,Procedural
33985,2024-09-23,Adjourn into Work Session,Procedural
34063,2024-10-07,"Invocation: Mercury Payton, Town Manager",Procedural
34064,2024-10-07,Pledge of Allegiance to the Flag of the United States of America,Procedural
34065,2024-10-07,Roll Call,Procedural
34067,2024-10-07,"Receipt of petitions and communications from the Public that are not on the Agenda.  
          (Limited to 3 minutes per issue and no formal action can be taken this evening)",Procedural
34069,2024-10-07,Reports/Presentations,Procedural
34070,2024-10-07,Report and Inquiries of Council Members,Procedural
34071,2024-10-07,Report of the Town Manager,Procedural
34072,2024-10-07,Report of the Mayor,Procedural
34073,2024-10-07,Proposals for Additional Items to the Agenda,Procedural
34074,2024-10-07,Closed Session Report,Procedural
34075,2024-10-07,Public Hearings,Procedural
34077,2024-10-07,Regular Business,Procedural
34083,2024-10-07,Meeting Adjournment,Procedural
34084,2024-10-07,"THE TOWN OF VIENNA IS COMMITTED TO FULL COMPLIANCE WITH THE AMERICANS WITH DISABILITIES ACT STANDARDS. TRANSLATION SERVICES, ASSISTANCE OR ACCOMMODATION REQUESTS FROM PERSONS WITH DISABILITIES ARE TO BE REQUESTED NOT LESS THAN 3 WORKING DAYS BEFORE THE DAY OF THE EVENT. PLEASE CALL (703) 255-6304, OR 711 VIRGINIA RELAY SERVICE FOR THE HEARING IMPAIRED.",Procedural
34086,2024-10-07,Adjourn to Work Session,Procedural
34133,2024-10-07,Meeting Adjournment,Procedural
34204,2024-10-28,"Invocation: Pastor Brenda Burns, Vienna Assembly of God",Procedural
34205,2024-10-28,Pledge of Allegiance to the Flag of the United States of America,Procedural
34206,2024-10-28,Roll Call,Procedural
34208,2024-10-28,"Receipt of petitions and communications from the Public that are not on the Agenda.  
          (Limited to 3 minutes per issue and no formal action can be taken this evening)",Procedural
34210,2024-10-28,Reports/Presentations,Procedural
34211,2024-10-28,Report and Inquiries of Council Members,Procedural
34212,2024-10-28,Report of the Town Manager,Procedural
34213,2024-10-28,Report of the Mayor,Procedural
34214,2024-10-28,Proposals for Additional Items to the Agenda,Procedural
34215,2024-10-28,Closed Session Report,Procedural
34218,2024-10-28,Regular Business,Procedural
34227,2024-10-28,Meeting Adjournment,Procedural
34228,2024-10-28,"THE TOWN OF VIENNA IS COMMITTED TO FULL COMPLIANCE WITH THE AMERICANS WITH DISABILITIES ACT STANDARDS. TRANSLATION SERVICES, ASSISTANCE OR ACCOMMODATION REQUESTS FROM PERSONS WITH DISABILITIES ARE TO BE REQUESTED NOT LESS THAN 3 WORKING DAYS BEFORE THE DAY OF THE EVENT. PLEASE CALL (703) 255-6304, OR 711 VIRGINIA RELAY SERVICE FOR THE HEARING IMPAIRED.",Procedural
34300,2024-11-18,"Invocation: John Russo, Chairperson  of the Baha'i Community of the Town of Vienna",Procedural
34301,2024-11-18,Pledge of Allegiance to the Flag of the United States of America,Procedural
34302,2024-11-18,Roll Call,Procedural
34304,2024-11-18,"Receipt of petitions and communications from the Public that are not on the Agenda.  
          (Limited to 3 minutes per issue and no formal action can be taken this evening)",Procedural
34306,2024-11-18,Reports/Presentations,Procedural
34307,2024-11-18,Report and Inquiries of Council Members,Procedural
34308,2024-11-18,Report of the Town Manager,Procedural
34309,2024-11-18,Report of the Mayor,Procedural
34310,2024-11-18,Proposals for Additional Items to the Agenda,Procedural
34311,2024-11-18,Closed Session Report,Procedural
34312,2024-11-18,Public Hearings,Procedural
34314,2024-11-18,Regular Business,Procedural
34324,2024-11-18,Meeting Adjournment,Procedural
34325,2024-11-18,"THE TOWN OF VIENNA IS COMMITTED TO FULL COMPLIANCE WITH THE AMERICANS WITH DISABILITIES ACT STANDARDS. TRANSLATION SERVICES, ASSISTANCE OR ACCOMMODATION REQUESTS FROM PERSONS WITH DISABILITIES ARE TO BE REQUESTED NOT LESS THAN 3 WORKING DAYS BEFORE THE DAY OF THE EVENT. PLEASE CALL (703) 255-6304, OR 711 VIRGINIA RELAY SERVICE FOR THE HEARING IMPAIRED.",Procedural
34327,2024-11-18,Closed Session Report,Procedural
34407,2024-12-09,"Invocation: Mercury Payton, Town Manager",Procedural
34408,2024-12-09,Pledge of Allegiance to the Flag of the United States of America,Procedural
34409,2024-12-09,Roll Call,Procedural
34411,2024-12-09,"Receipt of petitions and communications from the Public that are not on the Agenda.  
          (Limited to 3 minutes per issue and no formal action can be taken this evening)",Procedural
34413,2024-12-09,7:45 p.m. - 8:00 p.m. - Reports/Presentations,Procedural
34414,2024-12-09,Report and Inquiries of Council Members,Procedural
34415,2024-12-09,Report of the Town Manager,Procedural
34416,2024-12-09,Report of the Mayor,Procedural
34417,2024-12-09,Proposals for Additional Items to the Agenda,Procedural
34418,2024-12-09,Closed Session Report,Procedural
34421,2024-12-09,8:10 p.m. - 9:10 p.m. - Regular Business,Procedural
34429,2024-12-09,Meeting Adjournment,Procedural
34430,2024-12-09,"THE TOWN OF VIENNA IS COMMITTED TO FULL COMPLIANCE WITH THE AMERICANS WITH DISABILITIES ACT STANDARDS. TRANSLATION SERVICES, ASSISTANCE OR ACCOMMODATION REQUESTS FROM PERSONS WITH DISABILITIES ARE TO BE REQUESTED NOT LESS THAN 3 WORKING DAYS BEFORE THE DAY OF THE EVENT. PLEASE CALL (703) 255-6304, OR 711 VIRGINIA RELAY SERVICE FOR THE HEARING IMPAIRED.",Procedural
34557,2025-01-06,"Invocation: Corky Eddins, Assistant Pastor, Christ Church Vienna",Procedural
34558,2025-01-06,Pledge of Allegiance to the Flag of the United States of America,Procedural
34559,2025-01-06,Roll Call,Procedural
34561,2025-01-06,"Receipt of petitions and communications from the Public that are not on the Agenda.  
          (Limited to 3 minutes per issue and no formal action can be taken this evening)",Procedural
34563,2025-01-06,Reports/Presentations,Procedural
34564,2025-01-06,Report and Inquiries of Council Members,Procedural
34565,2025-01-06,Report of the Town Manager,Procedural
34566,2025-01-06,Report of the Mayor,Procedural
34567,2025-01-06,Proposals for Additional Items to the Agenda,Procedural
34568,2025-01-06,Closed Session Report,Procedural
34569,2025-01-06,Public Hearings,Procedural
34571,2025-01-06,Regular Business,Procedural
34574,2025-01-06,Meeting Adjournment,Procedural
34575,2025-01-06,"THE TOWN OF VIENNA IS COMMITTED TO FULL COMPLIANCE WITH THE AMERICANS WITH DISABILITIES ACT STANDARDS. TRANSLATION SERVICES, ASSISTANCE OR ACCOMMODATION REQUESTS FROM PERSONS WITH DISABILITIES ARE TO BE REQUESTED NOT LESS THAN 3 WORKING DAYS BEFORE THE DAY OF THE EVENT. PLEASE CALL (703) 255-6304, OR 711 VIRGINIA RELAY SERVICE FOR THE HEARING IMPAIRED.",Procedural
34580,2025-01-06,Closed Session Report,Procedural
34622,2025-01-13,Regular Business,Procedural
34624,2025-01-13,Meeting Adjournment,Procedural
34663,2025-01-13,Closed Session Report,Procedural
34664,2025-01-13,Closed Session Report,Procedural
34695,2025-01-13,Rollcall,Procedural
34749,2025-01-27,"Invocation: Reverend Johnny Kurcina, Christ Church Vienna",Procedural
34750,2025-01-27,Pledge of Allegiance to the Flag of the United States of America,Procedural
34751,2025-01-27,Roll Call,Procedural
34753,2025-01-27,"Receipt of petitions and communications from the Public that are not on the Agenda.  
          (Limited to 3 minutes per issue and no formal action can be taken this evening)",Procedural
34755,2025-01-27,Reports/Presentations,Procedural
34756,2025-01-27,Report and Inquiries of Council Members,Procedural
34757,2025-01-27,Report of the Town Manager,Procedural
34758,2025-01-27,Report of the Mayor,Procedural
34759,2025-01-27,Proposals for Additional Items to the Agenda,Procedural
34760,2025-01-27,Closed Session Report,Procedural
34761,2025-01-27,Public Hearings,Procedural
34763,2025-01-27,Regular Business,Procedural
34770,2025-01-27,Meeting Adjournment,Procedural
34771,2025-01-27,"THE TOWN OF VIENNA IS COMMITTED TO FULL COMPLIANCE WITH THE AMERICANS WITH DISABILITIES ACT STANDARDS. TRANSLATION SERVICES, ASSISTANCE OR ACCOMMODATION REQUESTS FROM PERSONS WITH DISABILITIES ARE TO BE REQUESTED NOT LESS THAN 3 WORKING DAYS BEFORE THE DAY OF THE EVENT. PLEASE CALL (703) 255-6304, OR 711 VIRGINIA RELAY SERVICE FOR THE HEARING IMPAIRED.",Procedural
34786,2025-02-03,Invocation:,Procedural
34787,2025-02-03,Pledge of Allegiance to the Flag of the United States of America,Procedural
34788,2025-02-03,Roll Call,Procedural
34790,2025-02-03,"Receipt of petitions and communications from the Public that are not on the Agenda.  
          (Limited to 3 minutes per issue and no formal action can be taken this evening)",Procedural
34792,2025-02-03,Reports/Presentations,Procedural
34793,2025-02-03,Report and Inquiries of Council Members,Procedural
34794,2025-02-03,Report of the Town Manager,Procedural
34795,2025-02-03,Report of the Mayor,Procedural
34796,2025-02-03,Proposals for Additional Items to the Agenda,Procedural
34798,2025-02-03,Public Hearings,Procedural
34800,2025-02-03,Regular Business,Procedural
34803,2025-02-03,Meeting Adjournment,Procedural
34804,2025-02-03,"THE TOWN OF VIENNA IS COMMITTED TO FULL COMPLIANCE WITH THE AMERICANS WITH DISABILITIES ACT STANDARDS. TRANSLATION SERVICES, ASSISTANCE OR ACCOMMODATION REQUESTS FROM PERSONS WITH DISABILITIES ARE TO BE REQUESTED NOT LESS THAN 3 WORKING DAYS BEFORE THE DAY OF THE EVENT. PLEASE CALL (703) 255-6304, OR 711 VIRGINIA RELAY SERVICE FOR THE HEARING IMPAIRED.",Procedural
34805,2025-02-03,Closed Session Report,Procedural
34806,2025-02-03,Second Closed Session Report,Procedural
34808,2025-02-03,Closed Session Certification Motion,Procedural
34809,2025-02-03,Second Closed Session Certification Motion,Procedural
34916,2025-02-24,"Invocation: Mercury Payton, Town Manager",Procedural
34917,2025-02-24,Pledge of Allegiance to the Flag of the United States of America,Procedural
34918,2025-02-24,Roll Call,Procedural
34920,2025-02-24,"Receipt of petitions and communications from the Public that are not on the Agenda.  
          (Limited to 3 minutes per issue and no formal action can be taken this evening)",Procedural
34922,2025-02-24,Reports/Presentations,Procedural
34923,2025-02-24,Report and Inquiries of Council Members,Procedural
34924,2025-02-24,Report of the Town Manager,Procedural
34925,2025-02-24,Report of the Mayor,Procedural
34926,2025-02-24,Proposals for Additional Items to the Agenda,Procedural
34927,2025-02-24,Closed Session Report,Procedural
34928,2025-02-24,Public Hearings,Procedural
34930,2025-02-24,Regular Business,Procedural
34940,2025-02-24,Meeting Adjournment,Procedural
34941,2025-02-24,"THE TOWN OF VIENNA IS COMMITTED TO FULL COMPLIANCE WITH THE AMERICANS WITH DISABILITIES ACT STANDARDS. TRANSLATION SERVICES, ASSISTANCE OR ACCOMMODATION REQUESTS FROM PERSONS WITH DISABILITIES ARE TO BE REQUESTED NOT LESS THAN 3 WORKING DAYS BEFORE THE DAY OF THE EVENT. PLEASE CALL (703) 255-6304, OR 711 VIRGINIA RELAY SERVICE FOR THE HEARING IMPAIRED.",Procedural
35181,2025-03-24,Invocation: Councilmember Ray Brill,Procedural
35182,2025-03-24,Pledge of Allegiance to the Flag of the United States of America,Procedural
35183,2025-03-24,Roll Call,Procedural
35185,2025-03-24,"Receipt of petitions and communications from the Public that are not on the Agenda.  
          (Limited to 3 minutes per issue and no formal action can be taken this evening)",Procedural
35187,2025-03-24,Reports/Presentations,Procedural
35188,2025-03-24,Report and Inquiries of Council Members,Procedural
35189,2025-03-24,Report of the Town Manager,Procedural
35190,2025-03-24,Report of the Mayor,Procedural
35191,2025-03-24,Proposals for Additional Items to the Agenda,Procedural
35192,2025-03-24,Closed Session Report,Procedural
35195,2025-03-24,Regular Business,Procedural
35207,2025-03-24,Meeting Adjournment,Procedural
35208,2025-03-24,"THE TOWN OF VIENNA IS COMMITTED TO FULL COMPLIANCE WITH THE AMERICANS WITH DISABILITIES ACT STANDARDS. TRANSLATION SERVICES, ASSISTANCE OR ACCOMMODATION REQUESTS FROM PERSONS WITH DISABILITIES ARE TO BE REQUESTED NOT LESS THAN 3 WORKING DAYS BEFORE THE DAY OF THE EVENT. PLEASE CALL (703) 255-6304, OR 711 VIRGINIA RELAY SERVICE FOR THE HEARING IMPAIRED.",Procedural
35260,2025-04-07,Invocation: Councilmember Ray Brill,Procedural
35261,2025-04-07,Pledge of Allegiance to the Flag of the United States of America,Procedural
35262,2025-04-07,Roll Call,Procedural
35264,2025-04-07,"Receipt of petitions and communications from the Public that are not on the Agenda.  
          (Limited to 3 minutes per issue and no formal action can be taken this evening)",Procedural
35266,2025-04-07,Reports/Presentations,Procedural
35267,2025-04-07,Report and Inquiries of Council Members,Procedural
35268,2025-04-07,Report of the Town Manager,Procedural
35269,2025-04-07,Report of the Mayor,Procedural
35270,2025-04-07,Proposals for Additional Items to the Agenda,Procedural
35271,2025-04-07,Closed Session Report,Procedural
35272,2025-04-07,Public Hearings,Procedural
35274,2025-04-07,Regular Business,Procedural
35282,2025-04-07,Meeting Adjournment,Procedural
35283,2025-04-07,"THE TOWN OF VIENNA IS COMMITTED TO FULL COMPLIANCE WITH THE AMERICANS WITH DISABILITIES ACT STANDARDS. TRANSLATION SERVICES, ASSISTANCE OR ACCOMMODATION REQUESTS FROM PERSONS WITH DISABILITIES ARE TO BE REQUESTED NOT LESS THAN 3 WORKING DAYS BEFORE THE DAY OF THE EVENT. PLEASE CALL (703) 255-6304, OR 711 VIRGINIA RELAY SERVICE FOR THE HEARING IMPAIRED.",Procedural
35323,2025-04-07,Second Closed Session,Procedural
35455,2025-04-28,"Invocation:Mr. John Russo, Baha'i Community of the Town of Vienna",Procedural
35456,2025-04-28,Pledge of Allegiance to the Flag of the United States of America,Procedural
35457,2025-04-28,Roll Call,Procedural
35459,2025-04-28,"Receipt of petitions and communications from the Public that are not on the Agenda.  
          (Limited to 3 minutes per issue and no formal action can be taken this evening)",Procedural
35461,2025-04-28,Reports/Presentations,Procedural
35462,2025-04-28,Report and Inquiries of Council Members,Procedural
35463,2025-04-28,Report of the Town Manager,Procedural
35464,2025-04-28,Report of the Mayor,Procedural
35465,2025-04-28,Proposals for Additional Items to the Agenda,Procedural
35466,2025-04-28,Closed Session Report,Procedural
35467,2025-04-28,Public Hearings,Procedural
35469,2025-04-28,Regular Business,Procedural
35475,2025-04-28,Meeting Adjournment,Procedural
35476,2025-04-28,"THE TOWN OF VIENNA IS COMMITTED TO FULL COMPLIANCE WITH THE AMERICANS WITH DISABILITIES ACT STANDARDS. TRANSLATION SERVICES, ASSISTANCE OR ACCOMMODATION REQUESTS FROM PERSONS WITH DISABILITIES ARE TO BE REQUESTED NOT LESS THAN 3 WORKING DAYS BEFORE THE DAY OF THE EVENT. PLEASE CALL (703) 255-6304, OR 711 VIRGINIA RELAY SERVICE FOR THE HEARING IMPAIRED.",Procedural
35514,2025-05-05,"Invocation:  Mercury Payton, Town Manager",Procedural
35515,2025-05-05,Pledge of Allegiance to the Flag of the United States of America,Procedural
35516,2025-05-05,Roll Call,Procedural
35518,2025-05-05,"Receipt of petitions and communications from the Public that are not on the Agenda.  
          (Limited to 3 minutes per issue and no formal action can be taken this evening)",Procedural
35520,2025-05-05,Reports/Presentations,Procedural
35521,2025-05-05,Report and Inquiries of Council Members,Procedural
35522,2025-05-05,Report of the Town Manager,Procedural
35523,2025-05-05,Report of the Mayor,Procedural
35524,2025-05-05,Proposals for Additional Items to the Agenda,Procedural
35525,2025-05-05,Closed Session Report,Procedural
35528,2025-05-05,Regular Business,Procedural
35531,2025-05-05,Meeting Adjournment,Procedural
35532,2025-05-05,"THE TOWN OF VIENNA IS COMMITTED TO FULL COMPLIANCE WITH THE AMERICANS WITH DISABILITIES ACT STANDARDS. TRANSLATION SERVICES, ASSISTANCE OR ACCOMMODATION REQUESTS FROM PERSONS WITH DISABILITIES ARE TO BE REQUESTED NOT LESS THAN 3 WORKING DAYS BEFORE THE DAY OF THE EVENT. PLEASE CALL (703) 255-6304, OR 711 VIRGINIA RELAY SERVICE FOR THE HEARING IMPAIRED.",Procedural
35658,2025-05-19,"Invocation: Rev. Johnny Kurcina, Christ Church Vienna",Procedural
35659,2025-05-19,Pledge of Allegiance to the Flag of the United States of America,Procedural
35660,2025-05-19,Roll Call,Procedural
35662,2025-05-19,"Receipt of petitions and communications from the Public that are not on the Agenda.  
          (Limited to 3 minutes per issue and no formal action can be taken this evening)",Procedural
35664,2025-05-19,Reports/Presentations,Procedural
35665,2025-05-19,Report and Inquiries of Council Members,Procedural
35666,2025-05-19,Report of the Town Manager,Procedural
35667,2025-05-19,Report of the Mayor,Procedural
35668,2025-05-19,Proposals for Additional Items to the Agenda,Procedural
35669,2025-05-19,Closed Session Report,Procedural
35672,2025-05-19,Regular Business,Procedural
35678,2025-05-19,Meeting Adjournment,Procedural
35679,2025-05-19,"THE TOWN OF VIENNA IS COMMITTED TO FULL COMPLIANCE WITH THE AMERICANS WITH DISABILITIES ACT STANDARDS. TRANSLATION SERVICES, ASSISTANCE OR ACCOMMODATION REQUESTS FROM PERSONS WITH DISABILITIES ARE TO BE REQUESTED NOT LESS THAN 3 WORKING DAYS BEFORE THE DAY OF THE EVENT. PLEASE CALL (703) 255-6304, OR 711 VIRGINIA RELAY SERVICE FOR THE HEARING IMPAIRED.",Procedural
35768,2025-06-02,"Invocation: Rev. Dr. Hope Lee, Vienna Presbyterian Church",Procedural
35769,2025-06-02,Pledge of Allegiance to the Flag of the United States of America,Procedural
35770,2025-06-02,Roll Call,Procedural
35772,2025-06-02,"Receipt of petitions and communications from the Public that are not on the Agenda.  
          (Limited to 3 minutes per issue and no formal action can be taken this evening)",Procedural
35774,2025-06-02,Reports/Presentations,Procedural
35775,2025-06-02,Report and Inquiries of Council Members,Procedural
35776,2025-06-02,Report of the Town Manager,Procedural
35777,2025-06-02,Report of the Mayor,Procedural
35778,2025-06-02,Proposals for Additional Items to the Agenda,Procedural
35779,2025-06-02,Closed Session Report,Procedural
35780,2025-06-02,Public Hearings,Procedural
35782,2025-06-02,Regular Business,Procedural
35789,2025-06-02,Meeting Adjournment,Procedural
35790,2025-06-02,"THE TOWN OF VIENNA IS COMMITTED TO FULL COMPLIANCE WITH THE AMERICANS WITH DISABILITIES ACT STANDARDS. TRANSLATION SERVICES, ASSISTANCE OR ACCOMMODATION REQUESTS FROM PERSONS WITH DISABILITIES ARE TO BE REQUESTED NOT LESS THAN 3 WORKING DAYS BEFORE THE DAY OF THE EVENT. PLEASE CALL (703) 255-6304, OR 711 VIRGINIA RELAY SERVICE FOR THE HEARING IMPAIRED.",Procedural
36011,2025-07-07,"Invocation: Pastor Tony Prinsen, Emmanuel Lutheran Church",Procedural
36012,2025-07-07,Pledge of Allegiance to the Flag of the United States of America,Procedural
36013,2025-07-07,Roll Call,Procedural
36015,2025-07-07,"Receipt of petitions and communications from the Public that are not on the Agenda.  
          (Limited to 3 minutes per issue and no formal action can be taken this evening)",Procedural
36017,2025-07-07,Reports/Presentations,Procedural
36018,2025-07-07,Report and Inquiries of Council Members,Procedural
36019,2025-07-07,Report of the Town Manager,Procedural
36020,2025-07-07,Report of the Mayor,Procedural
36021,2025-07-07,Proposals for Additional Items to the Agenda,Procedural
36022,2025-07-07,Closed Session Report,Procedural
36025,2025-07-07,Regular Business,Procedural
36036,2025-07-07,Meeting Adjournment,Procedural
36037,2025-07-07,"THE TOWN OF VIENNA IS COMMITTED TO FULL COMPLIANCE WITH THE AMERICANS WITH DISABILITIES ACT STANDARDS. TRANSLATION SERVICES, ASSISTANCE OR ACCOMMODATION REQUESTS FROM PERSONS WITH DISABILITIES ARE TO BE REQUESTED NOT LESS THAN 3 WORKING DAYS BEFORE THE DAY OF THE EVENT. PLEASE CALL (703) 255-6304, OR 711 VIRGINIA RELAY SERVICE FOR THE HEARING IMPAIRED.",Procedural
36181,2025-08-25,"Invocation: Jay Miller, Baha'i Community of the Town of Vienna",Procedural
36182,2025-08-25,Pledge of Allegiance to the Flag of the United States of America,Procedural
36183,2025-08-25,Roll Call,Procedural
36185,2025-08-25,"Receipt of petitions and communications from the Public that are not on the Agenda.  
          (Limited to 3 minutes per issue and no formal action can be taken this evening)",Procedural
36187,2025-08-25,Reports/Presentations,Procedural
36188,2025-08-25,Report and Inquiries of Council Members,Procedural
36189,2025-08-25,Report of the Town Manager,Procedural
36190,2025-08-25,Report of the Mayor,Procedural
36191,2025-08-25,Proposals for Additional Items to the Agenda,Procedural
36192,2025-08-25,Closed Session Report,Procedural
36195,2025-08-25,Regular Business,Procedural
36203,2025-08-25,Meeting Adjournment,Procedural
36204,2025-08-25,"THE TOWN OF VIENNA IS COMMITTED TO FULL COMPLIANCE WITH THE AMERICANS WITH DISABILITIES ACT STANDARDS. TRANSLATION SERVICES, ASSISTANCE OR ACCOMMODATION REQUESTS FROM PERSONS WITH DISABILITIES ARE TO BE REQUESTED NOT LESS THAN 3 WORKING DAYS BEFORE THE DAY OF THE EVENT. PLEASE CALL (703) 255-6304, OR 711 VIRGINIA RELAY SERVICE FOR THE HEARING IMPAIRED.",Procedural
36230,2025-09-08,"Invocation: Ray Brill, Council Member",Procedural
36231,2025-09-08,Pledge of Allegiance to the Flag of the United States of America,Procedural
36232,2025-09-08,Roll Call,Procedural
36234,2025-09-08,"Receipt of petitions and communications from the Public that are not on the Agenda.  
          (Limited to 3 minutes per issue and no formal action can be taken this evening)",Procedural
36236,2025-09-08,Reports/Presentations,Procedural
36237,2025-09-08,Report and Inquiries of Council Members,Procedural
36238,2025-09-08,Report of the Town Manager,Procedural
36239,2025-09-08,Report of the Mayor,Procedural
36240,2025-09-08,Proposals for Additional Items to the Agenda,Procedural
36241,2025-09-08,Closed Session Report,Procedural
36242,2025-09-08,Public Hearings,Procedural
36244,2025-09-08,Regular Business,Procedural
36253,2025-09-08,Meeting Adjournment,Procedural
36254,2025-09-08,Second Closed Session,Procedural
36321,2025-09-08,"Receipt of petitions and communications from the Public that are not on the Agenda.  
          (Limited to 3 minutes per issue and no formal action can be taken this evening)",Procedural
36322,2025-09-08,"Receipt of petitions and communications from the Public that are not on the Agenda.  
          (Limited to 3 minutes per issue and no formal action can be taken this evening)",Procedural
36376,2025-09-29,"Invocation: John Russo, Baha'i Community of the Town of Vienna",Procedural
36377,2025-09-29,Pledge of Allegiance to the Flag of the United States of America,Procedural
36378,2025-09-29,Roll Call,Procedural
36380,2025-09-29,"Receipt of petitions and communications from the Public that are not on the Agenda.  
          (Limited to 3 minutes per issue and no formal action can be taken this evening)",Procedural
36382,2025-09-29,Reports/Presentations,Procedural
36383,2025-09-29,Report and Inquiries of Council Members,Procedural
36384,2025-09-29,Report of the Town Manager,Procedural
36385,2025-09-29,Report of the Mayor,Procedural
36386,2025-09-29,Proposals for Additional Items to the Agenda,Procedural
36387,2025-09-29,Closed Session Report,Procedural
36390,2025-09-29,Regular Business,Procedural
36396,2025-09-29,Meeting Adjournment,Procedural
36397,2025-09-29,Second Closed Session Report,Procedural
36468,2025-10-06,"Invocation: Pastor Eddie Sampson, New Union Baptist Church",Procedural
36469,2025-10-06,Pledge of Allegiance to the Flag of the United States of America,Procedural
36470,2025-10-06,Roll Call,Procedural
36472,2025-10-06,"Receipt of petitions and communications from the Public that are not on the Agenda.  
          (Limited to 3 minutes per issue and no formal action can be taken this evening)",Procedural
36474,2025-10-06,Reports/Presentations,Procedural
36475,2025-10-06,Report and Inquiries of Council Members,Procedural
36476,2025-10-06,Report of the Town Manager,Procedural
36477,2025-10-06,Report of the Mayor,Procedural
36478,2025-10-06,Proposals for Additional Items to the Agenda,Procedural
36479,2025-10-06,Closed Session Report,Procedural
36480,2025-10-06,Public Hearings,Procedural
36482,2025-10-06,Regular Business,Procedural
36485,2025-10-06,Meeting Adjournment,Procedural
36486,2025-10-06,"THE TOWN OF VIENNA IS COMMITTED TO FULL COMPLIANCE WITH THE AMERICANS WITH DISABILITIES ACT STANDARDS. TRANSLATION SERVICES, ASSISTANCE OR ACCOMMODATION REQUESTS FROM PERSONS WITH DISABILITIES ARE TO BE REQUESTED NOT LESS THAN 3 WORKING DAYS BEFORE THE DAY OF THE EVENT. PLEASE CALL (703) 255-6304, OR 711 VIRGINIA RELAY SERVICE FOR THE HEARING IMPAIRED.",Procedural
36487,2025-10-06,Second Closed Session,Procedural
36503,2025-10-06,Closed Session Report,Procedural
36612,2025-10-27,Invocation: Mercury Payton,Procedural
36613,2025-10-27,Pledge of Allegiance to the Flag of the United States of America,Procedural
36614,2025-10-27,Roll Call,Procedural
36616,2025-10-27,"Receipt of petitions and communications from the Public that are not on the Agenda.  
          (Limited to 3 minutes per issue and no formal action can be taken this evening)",Procedural
36618,2025-10-27,Reports/Presentations,Procedural
36619,2025-10-27,Report and Inquiries of Council Members,Procedural
36620,2025-10-27,Report of the Town Manager,Procedural
36621,2025-10-27,Report of the Mayor,Procedural
36622,2025-10-27,Proposals for Additional Items to the Agenda,Procedural
36623,2025-10-27,Closed Session Report,Procedural
36624,2025-10-27,8:00 pm - 9:00 pm Public Hearings,Procedural
36626,2025-10-27,Regular Business,Procedural
36633,2025-10-27,Meeting Adjournment,Procedural
36634,2025-10-27,"THE TOWN OF VIENNA IS COMMITTED TO FULL COMPLIANCE WITH THE AMERICANS WITH DISABILITIES ACT STANDARDS. TRANSLATION SERVICES, ASSISTANCE OR ACCOMMODATION REQUESTS FROM PERSONS WITH DISABILITIES ARE TO BE REQUESTED NOT LESS THAN 3 WORKING DAYS BEFORE THE DAY OF THE EVENT. PLEASE CALL (703) 255-6304, OR 711 VIRGINIA RELAY SERVICE FOR THE HEARING IMPAIRED.",Procedural
36667,2025-11-10,Invocation: Council Member Ray Brill,Procedural
36668,2025-11-10,Pledge of Allegiance to the Flag of the United States of America,Procedural
36669,2025-11-10,Roll Call,Procedural
36671,2025-11-10,"Receipt of petitions and communications from the Public that are not on the Agenda.  
          (Limited to 3 minutes per issue and no formal action can be taken this evening)",Procedural
36673,2025-11-10,Reports/Presentations,Procedural
36674,2025-11-10,Report and Inquiries of Council Members,Procedural
36675,2025-11-10,Report of the Town Manager,Procedural
36676,2025-11-10,Report of the Mayor,Procedural
36677,2025-11-10,Proposals for Additional Items to the Agenda,Procedural
36678,2025-11-10,Closed Session Report,Procedural
36679,2025-11-10,Public Hearings,Procedural
36681,2025-11-10,Regular Business,Procedural
36688,2025-11-10,Meeting Adjournment,Procedural
36689,2025-11-10,"THE TOWN OF VIENNA IS COMMITTED TO FULL COMPLIANCE WITH THE AMERICANS WITH DISABILITIES ACT STANDARDS. TRANSLATION SERVICES, ASSISTANCE OR ACCOMMODATION REQUESTS FROM PERSONS WITH DISABILITIES ARE TO BE REQUESTED NOT LESS THAN 3 WORKING DAYS BEFORE THE DAY OF THE EVENT. PLEASE CALL (703) 255-6304, OR 711 VIRGINIA RELAY SERVICE FOR THE HEARING IMPAIRED.",Procedural
36809,2025-12-02,Roll Call,Procedural
36821,2025-12-02,Regular Business,Procedural
36823,2025-12-02,Meeting Adjournment,Procedural
36824,2025-12-02,"THE TOWN OF VIENNA IS COMMITTED TO FULL COMPLIANCE WITH THE AMERICANS WITH DISABILITIES ACT STANDARDS. TRANSLATION SERVICES, ASSISTANCE OR ACCOMMODATION REQUESTS FROM PERSONS WITH DISABILITIES ARE TO BE REQUESTED NOT LESS THAN 3 WORKING DAYS BEFORE THE DAY OF THE EVENT. PLEASE CALL (703) 255-6304, OR 711 VIRGINIA RELAY SERVICE FOR THE HEARING IMPAIRED.",Procedural
36873,2025-12-02,Rollcall,Procedural
36825,2025-12-08,"Invocation: John Russo, Baha'i Community",Procedural
36826,2025-12-08,Pledge of Allegiance to the Flag of the United States of America,Procedural
36827,2025-12-08,Roll Call,Procedural
36829,2025-12-08,"Receipt of petitions and communications from the Public that are not on the Agenda.  
          (Limited to 3 minutes per issue and no formal action can be taken this evening)",Procedural
36831,2025-12-08,Reports/Presentations,Procedural
36832,2025-12-08,Report and Inquiries of Council Members,Procedural
36833,2025-12-08,Report of the Town Manager,Procedural
36834,2025-12-08,Report of the Mayor,Procedural
36835,2025-12-08,Proposals for Additional Items to the Agenda,Procedural
36836,2025-12-08,Closed Session Report,Procedural
36837,2025-12-08,Public Hearings,Procedural
36842,2025-12-08,"9:00-9:15 Boards and Commissions: Annual Reports and Discussions, Part 3",Procedural
36847,2025-12-08,Meeting Adjournment,Procedural
36848,2025-12-08,"THE TOWN OF VIENNA IS COMMITTED TO FULL COMPLIANCE WITH THE AMERICANS WITH DISABILITIES ACT STANDARDS. TRANSLATION SERVICES, ASSISTANCE OR ACCOMMODATION REQUESTS FROM PERSONS WITH DISABILITIES ARE TO BE REQUESTED NOT LESS THAN 3 WORKING DAYS BEFORE THE DAY OF THE EVENT. PLEASE CALL (703) 255-6304, OR 711 VIRGINIA RELAY SERVICE FOR THE HEARING IMPAIRED.",Procedural
36851,2025-12-08,Second Closed Session,Procedural
36853,2025-12-08,Regular Business,Procedural
36931,2026-01-02,Regular Business,Procedural
36932,2026-01-02,Meeting Adjournment,Procedural
36933,2026-01-02,"THE TOWN OF VIENNA IS COMMITTED TO FULL COMPLIANCE WITH THE AMERICANS WITH DISABILITIES ACT STANDARDS. TRANSLATION SERVICES, ASSISTANCE OR ACCOMMODATION REQUESTS FROM PERSONS WITH DISABILITIES ARE TO BE REQUESTED NOT LESS THAN 3 WORKING DAYS BEFORE THE DAY OF THE EVENT. PLEASE CALL (703) 255-6304, OR 711 VIRGINIA RELAY SERVICE FOR THE HEARING IMPAIRED.",Procedural
36937,2026-01-05,"Invocation: Pamela Pitkin, Post Chaplain, Dyer-Gunnell American Legion Post 180",Procedural
36938,2026-01-05,Pledge of Allegiance to the Flag of the United States of America,Procedural
36939,2026-01-05,Roll Call,Procedural
36942,2026-01-05,"Receipt of petitions and communications from the Public that are not on the Agenda.  
          (Limited to 3 minutes per issue and no formal action can be taken this evening)",Procedural
36944,2026-01-05,Reports/Presentations,Procedural
36945,2026-01-05,Report and Inquiries of Council Members,Procedural
36946,2026-01-05,Report of the Town Manager,Procedural
36947,2026-01-05,Report of the Mayor,Procedural
36948,2026-01-05,Proposals for Additional Items to the Agenda,Procedural
36949,2026-01-05,Closed Session Report,Procedural
36952,2026-01-05,Regular Business,Procedural
36955,2026-01-05,Meeting Adjournment,Procedural
36956,2026-01-05,"THE TOWN OF VIENNA IS COMMITTED TO FULL COMPLIANCE WITH THE AMERICANS WITH DISABILITIES ACT STANDARDS. TRANSLATION SERVICES, ASSISTANCE OR ACCOMMODATION REQUESTS FROM PERSONS WITH DISABILITIES ARE TO BE REQUESTED NOT LESS THAN 3 WORKING DAYS BEFORE THE DAY OF THE EVENT. PLEASE CALL (703) 255-6304, OR 711 VIRGINIA RELAY SERVICE FOR THE HEARING IMPAIRED.",Procedural
36957,2026-01-05,Second Closed Session Report,Procedural
37055,2026-01-26,Invocation: Ray Brill,Procedural
37056,2026-01-26,Pledge of Allegiance to the Flag of the United States of America,Procedural
37057,2026-01-26,Roll Call,Procedural
37059,2026-01-26,"Receipt of petitions and communications from the Public that are not on the Agenda.  
          (Limited to 3 minutes per issue and no formal action can be taken this evening)",Procedural
37061,2026-01-26,Reports/Presentations,Procedural
37062,2026-01-26,Report and Inquiries of Council Members,Procedural
37063,2026-01-26,Report of the Town Manager,Procedural
37064,2026-01-26,Report of the Mayor,Procedural
37065,2026-01-26,Proposals for Additional Items to the Agenda,Procedural
37066,2026-01-26,Closed Session Report,Procedural
37067,2026-01-26,Public Hearings,Procedural
37069,2026-01-26,Regular Business,Procedural
37076,2026-01-26,Meeting Adjournment,Procedural
37077,2026-01-26,"THE TOWN OF VIENNA IS COMMITTED TO FULL COMPLIANCE WITH THE AMERICANS WITH DISABILITIES ACT STANDARDS. TRANSLATION SERVICES, ASSISTANCE OR ACCOMMODATION REQUESTS FROM PERSONS WITH DISABILITIES ARE TO BE REQUESTED NOT LESS THAN 3 WORKING DAYS BEFORE THE DAY OF THE EVENT. PLEASE CALL (703) 255-6304, OR 711 VIRGINIA RELAY SERVICE FOR THE HEARING IMPAIRED.",Procedural
37091,2026-02-02,"Invocation: Mercury Payton, Town Manager",Procedural
37092,2026-02-02,Pledge of Allegiance to the Flag of the United States of America,Procedural
37093,2026-02-02,Roll Call,Procedural
37095,2026-02-02,"Receipt of petitions and communications from the Public that are not on the Agenda.  
          (Limited to 3 minutes per issue and no formal action can be taken this evening)",Procedural
37097,2026-02-02,Reports/Presentations,Procedural
37098,2026-02-02,Report and Inquiries of Council Members,Procedural
37099,2026-02-02,Report of the Town Manager,Procedural
37100,2026-02-02,Report of the Mayor,Procedural
37101,2026-02-02,Proposals for Additional Items to the Agenda,Procedural
37102,2026-02-02,Closed Session Report,Procedural
37103,2026-02-02,Public Hearings,Procedural
37105,2026-02-02,Regular Business,Procedural
37111,2026-02-02,Meeting Adjournment,Procedural
37112,2026-02-02,"THE TOWN OF VIENNA IS COMMITTED TO FULL COMPLIANCE WITH THE AMERICANS WITH DISABILITIES ACT STANDARDS. TRANSLATION SERVICES, ASSISTANCE OR ACCOMMODATION REQUESTS FROM PERSONS WITH DISABILITIES ARE TO BE REQUESTED NOT LESS THAN 3 WORKING DAYS BEFORE THE DAY OF THE EVENT. PLEASE CALL (703) 255-6304, OR 711 VIRGINIA RELAY SERVICE FOR THE HEARING IMPAIRED.",Procedural
37221,2026-02-23,"Invocation: Johnny Kurcina, Christ Church Vienna",Procedural
37222,2026-02-23,Pledge of Allegiance to the Flag of the United States of America,Procedural
37223,2026-02-23,Roll Call,Procedural
37225,2026-02-23,"Receipt of petitions and communications from the Public that are not on the Agenda.  
          (Limited to 3 minutes per issue and no formal action can be taken this evening)",Procedural
37227,2026-02-23,Reports/Presentations,Procedural
37228,2026-02-23,Report and Inquiries of Council Members,Procedural
37229,2026-02-23,Report of the Town Manager,Procedural
37230,2026-02-23,Report of the Mayor,Procedural
37231,2026-02-23,Proposals for Additional Items to the Agenda,Procedural
37232,2026-02-23,Closed Session Report,Procedural
37233,2026-02-23,Public Hearings,Procedural
37235,2026-02-23,Regular Business,Procedural
37238,2026-02-23,Meeting Adjournment,Procedural
37239,2026-02-23,"THE TOWN OF VIENNA IS COMMITTED TO FULL COMPLIANCE WITH THE AMERICANS WITH DISABILITIES ACT STANDARDS. TRANSLATION SERVICES, ASSISTANCE OR ACCOMMODATION REQUESTS FROM PERSONS WITH DISABILITIES ARE TO BE REQUESTED NOT LESS THAN 3 WORKING DAYS BEFORE THE DAY OF THE EVENT. PLEASE CALL (703) 255-6304, OR 711 VIRGINIA RELAY SERVICE FOR THE HEARING IMPAIRED.",Procedural
37276,2026-03-02,Invocation: Ray Brill,Procedural
37277,2026-03-02,Pledge of Allegiance to the Flag of the United States of America,Procedural
37278,2026-03-02,Roll Call,Procedural
37280,2026-03-02,"Receipt of petitions and communications from the Public that are not on the Agenda.  
          (Limited to 3 minutes per issue and no formal action can be taken this evening)",Procedural
37282,2026-03-02,Reports/Presentations,Procedural
37283,2026-03-02,Report and Inquiries of Council Members,Procedural
37284,2026-03-02,Report of the Town Manager,Procedural
37285,2026-03-02,Report of the Mayor,Procedural
37286,2026-03-02,Proposals for Additional Items to the Agenda,Procedural
37287,2026-03-02,Closed Session Report,Procedural
37290,2026-03-02,Regular Business,Procedural
37292,2026-03-02,Meeting Adjournment,Procedural
37293,2026-03-02,"THE TOWN OF VIENNA IS COMMITTED TO FULL COMPLIANCE WITH THE AMERICANS WITH DISABILITIES ACT STANDARDS. TRANSLATION SERVICES, ASSISTANCE OR ACCOMMODATION REQUESTS FROM PERSONS WITH DISABILITIES ARE TO BE REQUESTED NOT LESS THAN 3 WORKING DAYS BEFORE THE DAY OF THE EVENT. PLEASE CALL (703) 255-6304, OR 711 VIRGINIA RELAY SERVICE FOR THE HEARING IMPAIRED.",Procedural
37301,2026-03-02,Second Closed Session,Procedural
37636,2026-03-23,"Invocation: Johnny Kurcina, Christ Church Vienna",Procedural
37637,2026-03-23,Pledge of Allegiance to the Flag of the United States of America,Procedural
37638,2026-03-23,Roll Call,Procedural
37640,2026-03-23,"Receipt of petitions and communications from the Public that are not on the Agenda.  
          (Limited to 3 minutes per issue and no formal action can be taken this evening)",Procedural
37642,2026-03-23,Reports/Presentations,Procedural
37643,2026-03-23,Report and Inquiries of Council Members,Procedural
37644,2026-03-23,Report of the Town Manager,Procedural
37645,2026-03-23,Report of the Mayor,Procedural
37646,2026-03-23,Proposals for Additional Items to the Agenda,Procedural
37647,2026-03-23,Closed Session Report,Procedural
37648,2026-03-23,Public Hearings,Procedural
37657,2026-03-23,Meeting Adjournment,Procedural
37658,2026-03-23,"THE TOWN OF VIENNA IS COMMITTED TO FULL COMPLIANCE WITH THE AMERICANS WITH DISABILITIES ACT STANDARDS. TRANSLATION SERVICES, ASSISTANCE OR ACCOMMODATION REQUESTS FROM PERSONS WITH DISABILITIES ARE TO BE REQUESTED NOT LESS THAN 3 WORKING DAYS BEFORE THE DAY OF THE EVENT. PLEASE CALL (703) 255-6304, OR 711 VIRGINIA RELAY SERVICE FOR THE HEARING IMPAIRED.",Procedural
37661,2026-03-23,Public Hearing,Procedural
37692,2026-04-06,Invocation: Baha'is of Vienna Virginia,Procedural
37693,2026-04-06,Pledge of Allegiance to the Flag of the United States of America,Procedural
37694,2026-04-06,Roll Call,Procedural
37696,2026-04-06,"Receipt of petitions and communications from the Public that are not on the Agenda.  
          (Limited to 3 minutes per issue and no formal action can be taken this evening)",Procedural
37698,2026-04-06,Reports/Presentations,Procedural
37699,2026-04-06,Report and Inquiries of Council Members,Procedural
37700,2026-04-06,Report of the Town Manager,Procedural
37701,2026-04-06,Report of the Mayor,Procedural
37702,2026-04-06,Proposals for Additional Items to the Agenda,Procedural
37703,2026-04-06,Closed Session Report,Procedural
37704,2026-04-06,Public Hearings,Procedural
37706,2026-04-06,Regular Business,Procedural
37714,2026-04-06,Meeting Adjournment,Procedural
37715,2026-04-06,"THE TOWN OF VIENNA IS COMMITTED TO FULL COMPLIANCE WITH THE AMERICANS WITH DISABILITIES ACT STANDARDS. TRANSLATION SERVICES, ASSISTANCE OR ACCOMMODATION REQUESTS FROM PERSONS WITH DISABILITIES ARE TO BE REQUESTED NOT LESS THAN 3 WORKING DAYS BEFORE THE DAY OF THE EVENT. PLEASE CALL (703) 255-6304, OR 711 VIRGINIA RELAY SERVICE FOR THE HEARING IMPAIRED.",Procedural
37716,2026-04-06,Second Closed Session,Procedural
37821,2026-04-27,"Invocation: Corky Eddins, Christ Church Vienna",Procedural
37822,2026-04-27,Pledge of Allegiance to the Flag of the United States of America,Procedural
37823,2026-04-27,Roll Call,Procedural
37825,2026-04-27,"Receipt of petitions and communications from the Public that are not on the Agenda.  
          (Limited to 3 minutes per issue and no formal action can be taken this evening)",Procedural
37826,2026-04-27,,Procedural
37827,2026-04-27,Reports/Presentations,Procedural
37828,2026-04-27,Report and Inquiries of Council Members,Procedural
37829,2026-04-27,Report of the Town Manager,Procedural
37830,2026-04-27,Report of the Mayor,Procedural
37831,2026-04-27,Proposals for Additional Items to the Agenda,Procedural
37832,2026-04-27,Closed Session Report,Procedural
37833,2026-04-27,Public Hearings,Procedural
37835,2026-04-27,Regular Business,Procedural
37842,2026-04-27,Meeting Adjournment,Procedural
37843,2026-04-27,"THE TOWN OF VIENNA IS COMMITTED TO FULL COMPLIANCE WITH THE AMERICANS WITH DISABILITIES ACT STANDARDS. TRANSLATION SERVICES, ASSISTANCE OR ACCOMMODATION REQUESTS FROM PERSONS WITH DISABILITIES ARE TO BE REQUESTED NOT LESS THAN 3 WORKING DAYS BEFORE THE DAY OF THE EVENT. PLEASE CALL (703) 255-6304, OR 711 VIRGINIA RELAY SERVICE FOR THE HEARING IMPAIRED.",Procedural
37878,2026-05-04,"Invocation: Rev. Dean Miller, Christ Church Vienna",Procedural
37879,2026-05-04,Pledge of Allegiance to the Flag of the United States of America,Procedural
37880,2026-05-04,Roll Call,Procedural
37882,2026-05-04,"Receipt of petitions and communications from the Public that are not on the Agenda.  
          (Limited to 3 minutes per issue and no formal action can be taken this evening)",Procedural
37884,2026-05-04,Reports/Presentations,Procedural
37885,2026-05-04,Report and Inquiries of Council Members,Procedural
37886,2026-05-04,Report of the Town Manager,Procedural
37887,2026-05-04,Report of the Mayor,Procedural
37888,2026-05-04,Proposals for Additional Items to the Agenda,Procedural
37889,2026-05-04,Closed Session Report,Procedural
37890,2026-05-04,Public Hearings,Procedural
37892,2026-05-04,Regular Business,Procedural
37897,2026-05-04,Meeting Adjournment,Procedural
37898,2026-05-04,"THE TOWN OF VIENNA IS COMMITTED TO FULL COMPLIANCE WITH THE AMERICANS WITH DISABILITIES ACT STANDARDS. TRANSLATION SERVICES, ASSISTANCE OR ACCOMMODATION REQUESTS FROM PERSONS WITH DISABILITIES ARE TO BE REQUESTED NOT LESS THAN 3 WORKING DAYS BEFORE THE DAY OF THE EVENT. PLEASE CALL (703) 255-6304, OR 711 VIRGINIA RELAY SERVICE FOR THE HEARING IMPAIRED.",Procedural
37966,2026-05-18,"Invocation: Pastor Brenda Burns, Ayr Hill Church",Procedural
37967,2026-05-18,Pledge of Allegiance to the Flag of the United States of America,Procedural
37968,2026-05-18,Roll Call,Procedural
37970,2026-05-18,"Receipt of petitions and communications from the Public that are not on the Agenda.  
          (Limited to 3 minutes per issue and no formal action can be taken this evening)",Procedural
37972,2026-05-18,Reports/Presentations,Procedural
37973,2026-05-18,Report and Inquiries of Council Members,Procedural
37974,2026-05-18,Report of the Town Manager,Procedural
37975,2026-05-18,Report of the Mayor,Procedural
37976,2026-05-18,Proposals for Additional Items to the Agenda,Procedural
37977,2026-05-18,Closed Session Report,Procedural
37980,2026-05-18,Regular Business,Procedural
37988,2026-05-18,Meeting Adjournment,Procedural
37989,2026-05-18,"THE TOWN OF VIENNA IS COMMITTED TO FULL COMPLIANCE WITH THE AMERICANS WITH DISABILITIES ACT STANDARDS. TRANSLATION SERVICES, ASSISTANCE OR ACCOMMODATION REQUESTS FROM PERSONS WITH DISABILITIES ARE TO BE REQUESTED NOT LESS THAN 3 WORKING DAYS BEFORE THE DAY OF THE EVENT. PLEASE CALL (703) 255-6304, OR 711 VIRGINIA RELAY SERVICE FOR THE HEARING IMPAIRED.",Procedural
37993,2026-05-18,Second Closed Session Report,Procedural
38110,2026-06-01,"Invocation: Mercury Payton, Town Manager",Procedural
38111,2026-06-01,Pledge of Allegiance to the Flag of the United States of America,Procedural
38112,2026-06-01,Roll Call,Procedural
38114,2026-06-01,"Receipt of petitions and communications from the Public that are not on the Agenda.  
          (Limited to 3 minutes per issue and no formal action can be taken this evening)",Procedural
38115,2026-06-01,,Procedural
38116,2026-06-01,Reports/Presentations,Procedural
38117,2026-06-01,Report and Inquiries of Council Members,Procedural
38118,2026-06-01,Report of the Town Manager,Procedural
38119,2026-06-01,Report of the Mayor - Board and Commission Certificate of Appreciation,Procedural
38120,2026-06-01,Proposals for Additional Items to the Agenda,Procedural
38121,2026-06-01,Closed Session Report,Procedural
38124,2026-06-01,Regular Business,Procedural
38133,2026-06-01,Meeting Adjournment,Procedural
38134,2026-06-01,"THE TOWN OF VIENNA IS COMMITTED TO FULL COMPLIANCE WITH THE AMERICANS WITH DISABILITIES ACT STANDARDS. TRANSLATION SERVICES, ASSISTANCE OR ACCOMMODATION REQUESTS FROM PERSONS WITH DISABILITIES ARE TO BE REQUESTED NOT LESS THAN 3 WORKING DAYS BEFORE THE DAY OF THE EVENT. PLEASE CALL (703) 255-6304, OR 711 VIRGINIA RELAY SERVICE FOR THE HEARING IMPAIRED.",Procedural
38135,2026-06-01,Second Closed Session,Procedural
38299,2026-07-06,"Invocation: Corky Eddins, Christ Church Vienna",Procedural
38300,2026-07-06,Pledge of Allegiance to the Flag of the United States of America,Procedural
38301,2026-07-06,Roll Call,Procedural
38303,2026-07-06,"Receipt of petitions and communications from the Public that are not on the Agenda.  
          (Limited to 3 minutes per issue and no formal action can be taken this evening)",Procedural
38305,2026-07-06,Reports/Presentations,Procedural
38306,2026-07-06,Report and Inquiries of Council Members,Procedural
38307,2026-07-06,Report of the Town Manager,Procedural
38308,2026-07-06,Report of the Mayor,Procedural
38309,2026-07-06,Proposals for Additional Items to the Agenda,Procedural
38310,2026-07-06,Closed Session Report,Procedural
38313,2026-07-06,Regular Business,Procedural
38328,2026-07-06,Meeting Adjournment,Procedural
38329,2026-07-06,"THE TOWN OF VIENNA IS COMMITTED TO FULL COMPLIANCE WITH THE AMERICANS WITH DISABILITIES ACT STANDARDS. TRANSLATION SERVICES, ASSISTANCE OR ACCOMMODATION REQUESTS FROM PERSONS WITH DISABILITIES ARE TO BE REQUESTED NOT LESS THAN 3 WORKING DAYS BEFORE THE DAY OF THE EVENT. PLEASE CALL (703) 255-6304, OR 711 VIRGINIA RELAY SERVICE FOR THE HEARING IMPAIRED.",Procedural
38476,2026-08-24,"Invocation: Ray Brill, Former Council Member",Procedural
38477,2026-08-24,Pledge of Allegiance to the Flag of the United States of America,Procedural
38478,2026-08-24,Roll Call,Procedural
38480,2026-08-24,"Receipt of petitions and communications from the Public that are not on the Agenda.  
          (Limited to 3 minutes per issue and no formal action can be taken this evening)",Procedural
38482,2026-08-24,Reports/Presentations,Procedural
38483,2026-08-24,Report and Inquiries of Council Members,Procedural
38484,2026-08-24,Report of the Town Manager,Procedural
38485,2026-08-24,Report of the Mayor,Procedural
38486,2026-08-24,Proposals for Additional Items to the Agenda,Procedural
38487,2026-08-24,Closed Session Report,Procedural
38488,2026-08-24,Public Hearings,Procedural
38490,2026-08-24,Regular Business,Procedural
38497,2026-08-24,Meeting Adjournment,Procedural
38498,2026-08-24,"THE TOWN OF VIENNA IS COMMITTED TO FULL COMPLIANCE WITH THE AMERICANS WITH DISABILITIES ACT STANDARDS. TRANSLATION SERVICES, ASSISTANCE OR ACCOMMODATION REQUESTS FROM PERSONS WITH DISABILITIES ARE TO BE REQUESTED NOT LESS THAN 3 WORKING DAYS BEFORE THE DAY OF THE EVENT. PLEASE CALL (703) 255-6304, OR 711 VIRGINIA RELAY SERVICE FOR THE HEARING IMPAIRED.",Procedural
12166,2013-11-04,2013 Halloween Parade Awards,Proclamations & Recognitions
12215,2013-11-18,Community Enhancement Commission Fall Awards,Proclamations & Recognitions
12447,2014-02-03,Community Enhancement Commission Holiday Awards,Proclamations & Recognitions
12489,2014-02-24,Swearing in of Officers for the Vienna Volunteer Fire Department,Proclamations & Recognitions
12501,2014-02-24,"Proclamation for DH Scarborough, Vienna Business Association",Proclamations & Recognitions
12811,2014-04-07,Proclamation for Volunteeer Recognition Day,Proclamations & Recognitions
12878,2014-04-28,Presentation for Councilmember Polychrones,Proclamations & Recognitions
13247,2014-06-16,Swearing in of Newly Elected Officials,Proclamations & Recognitions
13248,2014-06-16,Presentation to Councilmember Cole.,Proclamations & Recognitions
13275,2014-07-07,Establishment of a Mayor’s Advisory Committee for a Memorial in Honor of the late Mayor M. Jane Seeman,Proclamations & Recognitions
13322,2014-08-18,Proclamation for National Payroll Week.,Proclamations & Recognitions
13365,2014-09-08,"Proclamation for September 11, 2001.",Proclamations & Recognitions
13367,2014-09-08,Proclamation for Constitution Week.,Proclamations & Recognitions
13406,2014-09-22,Presentation of Community Enhancement Beauty and Sustainability Awards,Proclamations & Recognitions
13412,2014-09-22,Presentation to Honor Vienna Little League 2014 9/10 American All Stars - AKA “The Red Army”,Proclamations & Recognitions
13443,2014-10-20,Presentation of Community Enhancement Commission Beauty and Sustainability Awards,Proclamations & Recognitions
13490,2014-10-27,Proclamation for Vienna Business Saturday.,Proclamations & Recognitions
13512,2014-11-03,2014 Vienna Halloween Parade Awards,Proclamations & Recognitions
14001,2014-11-17,Presentation of Community Enhancement Commission Beauty and Sustainability Awards,Proclamations & Recognitions
14069,2014-12-15,Proclamation for Childhood Cancer Awareness Week,Proclamations & Recognitions
14197,2015-02-23,Proclamation for 125th Anniversary of Vienna.,Proclamations & Recognitions
14339,2015-04-13,Proclamation for Volunteer Recognition Day.,Proclamations & Recognitions
14403,2015-04-27,Proclamation for Arbor Day.,Proclamations & Recognitions
14478,2015-06-01,"Presentation by Senator Chap Peterson to Former Council Member, Laurie Cole.",Proclamations & Recognitions
14482,2015-06-01,Proclamation for the Vienna Rotary’s 50th Anniversary.,Proclamations & Recognitions
14483,2015-06-01,Proclamation for the Vienna Woman’s Club 60th Anniversary.,Proclamations & Recognitions
14484,2015-06-01,Proclamation for the Vienna Optimist Club’s 60th Anniversary.,Proclamations & Recognitions
14585,2015-07-06,Swearing in of Newly Elected Officials,Proclamations & Recognitions
14660,2015-09-14,Proclamation for Constitution Week.,Proclamations & Recognitions
14661,2015-09-14,Proclamation for September 11th Commemoration.,Proclamations & Recognitions
14665,2015-09-14,Proclamation for Bicyclist and Pedestrian Awareness Month.,Proclamations & Recognitions
14666,2015-09-14,Recognize Local State Sports Champions/Finalist.,Proclamations & Recognitions
14736,2015-10-19,Proclamation for National American Indian Heritage Month.,Proclamations & Recognitions
15010,2016-02-01,Community Enhancement Commission Holiday Awards,Proclamations & Recognitions
15179,2016-04-04,Recognition of 2015 Solarize Vienna Program for Eco-Efficient Homes.,Proclamations & Recognitions
15188,2016-04-04,Proclamation honoring Kathy Georgen.,Proclamations & Recognitions
15190,2016-04-04,Proclamation for Local Government Education Week.,Proclamations & Recognitions
15193,2016-04-04,Proclamation for Volunteer Recognition Day.,Proclamations & Recognitions
15266,2016-04-18,Proclamation for Men’s Health Week.,Proclamations & Recognitions
15284,2016-04-18,Proclamation for Arbor Day,Proclamations & Recognitions
15285,2016-04-18,Presentation by Senator Chap Peterson to present a State Senate Resolution in Honor of Mr. James Riddle,Proclamations & Recognitions
15431,2016-06-06,Swearing-in of Newly Elected Officials by Judge Kassabian.,Proclamations & Recognitions
15438,2016-06-06,Presentation of the Green Business Awards.,Proclamations & Recognitions
15444,2016-06-06,Recognition of Council Member Edythe Frankel Kelleher,Proclamations & Recognitions
15520,2016-07-11,Recognition of 2015 Solarize Vienna Program for Eco-Efficient Homes.,Proclamations & Recognitions
15616,2016-08-22,Proclamation for 9-11,Proclamations & Recognitions
15620,2016-08-22,Proclamation for National Payroll Week 2016.,Proclamations & Recognitions
15650,2016-09-12,Recognition of the Creators of a Sustainable Garden.,Proclamations & Recognitions
15651,2016-09-12,Proclamation for Constitution Week.,Proclamations & Recognitions
15655,2016-09-12,Proclamation for Blood Cancer Awareness Month and Lymphoma Awareness Day 2016.,Proclamations & Recognitions
15662,2016-09-12,Proclamation for Green Hedges School 75th Anniversary.,Proclamations & Recognitions
15785,2016-10-24,Recognition of Vienna State Champions.,Proclamations & Recognitions
15820,2016-11-07,2016 Halloween Parade Awards,Proclamations & Recognitions
15890,2016-12-05,The Vienna Public Art Commission requests approval for deposit on a public art piece to honor Mayor M. Jane Seeman and all Vienna volunteers.,Proclamations & Recognitions
16256,2017-04-17,Recognition of 2016 Solarize Vienna Program for Eco-Efficient Homes.,Proclamations & Recognitions
16261,2017-04-17,Proclamation for Volunteer Recognition Day 4-18-2017.,Proclamations & Recognitions
16287,2017-04-24,Proclamation for Arbor Day,Proclamations & Recognitions
16373,2017-05-22,Proclamation for Men’s Health Week,Proclamations & Recognitions
16402,2017-06-05,Proclamation designating July 2017 as Parks and Recreation month,Proclamations & Recognitions
16427,2017-06-05,Proclamation recognizing the 75th Anniversary of the Vienna Host Lions Club.,Proclamations & Recognitions
16428,2017-06-05,Proclamation recognizing the 275th Anniversary of Fairfax County Government,Proclamations & Recognitions
16448,2017-06-05,Swearing-in of re-elected Council Members - Judge Kassabian,Proclamations & Recognitions
16681,2017-08-21,Proclamation for National Payroll Week,Proclamations & Recognitions
16754,2017-09-11,Proclamation for Constitution Week,Proclamations & Recognitions
16755,2017-09-11,Proclamation for Lymphoma Awareness Day and Blood Cancer Awareness Month,Proclamations & Recognitions
16767,2017-09-11,Proclamation for 9-11 Remembrance,Proclamations & Recognitions
16827,2017-09-25,Proclamation for the 120th Anniversary of the “Little Library”,Proclamations & Recognitions
16837,2017-09-25,Proclamation for Energy Efficiency Day 2017,Proclamations & Recognitions
16842,2017-09-25,Recognition of State Champions,Proclamations & Recognitions
16964,2017-10-30,Proclamation for National Native American Heritage Month,Proclamations & Recognitions
16974,2017-10-30,Proclamation for the 150th Anniversary of the First Baptist Church of Vienna,Proclamations & Recognitions
17034,2017-11-13,2017 Halloween Parade Awards,Proclamations & Recognitions
17040,2017-11-13,"Proclamation for National Recycling Day - November 15, 2017",Proclamations & Recognitions
17206,2017-12-11,Vienna Sustainability Challenge Awards,Proclamations & Recognitions
17219,2017-12-11,Presentation to Emil Attanasi for His Years of Service to the town.,Proclamations & Recognitions
17515,2018-01-08,Vienna Eco-Efficient Home Builder & Homeowner Awards,Proclamations & Recognitions
17824,2018-03-12,Presentation by Fairfax County Sheriff Stacey Kincaid,Proclamations & Recognitions
17829,2018-03-12,Proclamation for Children and Youth Month,Proclamations & Recognitions
18018,2018-04-09,Arbor Day 2018 Proclamation,Proclamations & Recognitions
18072,2018-04-09,Proclamation for Volunteer Recognition Day,Proclamations & Recognitions
18181,2018-04-23,Proclamation for National Small Business Week,Proclamations & Recognitions
18192,2018-04-23,Proclamation for Municipal Clerk’s Week,Proclamations & Recognitions
18440,2018-05-21,Proclamation for Men’s Health Month,Proclamations & Recognitions
18448,2018-05-21,Resolution for Clarene Helen Vickery’s 100th Birthday,Proclamations & Recognitions
18451,2018-05-21,"Proclamation for National Gun Violence Awareness Day on June 1, 2018",Proclamations & Recognitions
18454,2018-05-21,Resolution for James Madison High School Band,Proclamations & Recognitions
18649,2018-06-04,Swearing-in of Newly Elected Officials by Judge Kassabian.,Proclamations & Recognitions
18694,2018-07-09,Recognition of Donald Chumley for His Years of Service,Proclamations & Recognitions
18695,2018-07-09,Resolution for Harris Miller’s 100th Birthday,Proclamations & Recognitions
18915,2018-08-20,Proclamation for Constitution Week,Proclamations & Recognitions
19027,2018-09-17,Proclamation for Vienna Wireless Society Amateur Radio Week.,Proclamations & Recognitions
19031,2018-09-17,Proclamation for Town of Vienna Employee Appreciation Week,Proclamations & Recognitions
19043,2018-09-17,JMHS Sports Recognition Presentation,Proclamations & Recognitions
19045,2018-09-17,Proclamation for 9-11 Commemoration,Proclamations & Recognitions
19238,2018-10-15,Presentation by the Vienna Arts Society,Proclamations & Recognitions
19239,2018-10-15,Presentation by VDOT On The I-66 Expansion Project,Proclamations & Recognitions
19318,2018-10-29,Proclamation for Small Business Saturday,Proclamations & Recognitions
19319,2018-10-29,Proclamation for “Bells of Peace”,Proclamations & Recognitions
19476,2018-11-19,2018 Halloween Parade Awards,Proclamations & Recognitions
19550,2018-12-10,Certificate of Appreciation for DH Scarborough,Proclamations & Recognitions
19557,2018-12-10,Vienna Sustainability Challenge Awards,Proclamations & Recognitions
19558,2018-12-10,Vienna Native Garden Recognition,Proclamations & Recognitions
19625,2019-01-07,Proclamation for the National Day of Racial Healing,Proclamations & Recognitions
19638,2019-01-07,"Proclamation for School Choice Week January 20th - 26th, 2019.",Proclamations & Recognitions
19873,2019-02-25,Proclamation for Black History Month,Proclamations & Recognitions
19967,2019-03-11,Resolution for the 50th Anniversary of Planning Districts in the Commonwealth,Proclamations & Recognitions
19975,2019-03-11,Monarch Pledge Proclamation,Proclamations & Recognitions
20175,2019-04-08,Proclamation for National Arab American Heritage Month,Proclamations & Recognitions
20176,2019-04-08,Proclamation for Children and Youth Month,Proclamations & Recognitions
20177,2019-04-08,2019 Arbor Day Proclamation,Proclamations & Recognitions
20184,2019-04-08,Proclamation for Testicular Cancer Awareness Month,Proclamations & Recognitions
20301,2019-04-29,Proclamation for Volunteer Recognition Day 2019,Proclamations & Recognitions
20371,2019-05-13,Proclamation for Bicycle Awareness Month,Proclamations & Recognitions
20372,2019-05-13,Proclamation for Infrastructure Week,Proclamations & Recognitions
20626,2019-06-17,Proclamation for the 50th Anniversary of NARFE Chapter 116 (Vienna-Oakton),Proclamations & Recognitions
20627,2019-06-17,Proclamation for the 50th Anniversary of the Vienna Arts Society,Proclamations & Recognitions
20628,2019-06-17,Proclamation for Men’s Health Month 2019,Proclamations & Recognitions
20629,2019-06-17,Presentation to Councilmember Carey Sienicki Honoring Her Years of Service to the Town of Vienna.,Proclamations & Recognitions
20630,2019-06-17,Presentation to Councilmember Tara Bloch Honoring Her Years of Service to the Town of Vienna,Proclamations & Recognitions
20686,2019-07-01,Swearing In of Newly Elected Council Members,Proclamations & Recognitions
20690,2019-07-01,Proclamation for Ayr Hill Garden Club 90th Anniversary,Proclamations & Recognitions
20694,2019-07-01,Proclamation For Windover Heights Historic District 40th Anniversary,Proclamations & Recognitions
20968,2019-09-16,Proclamation for Vienna Teen Center 20th Anniversary,Proclamations & Recognitions
20974,2019-09-16,Recognition of James Madison High School Sports Teams,Proclamations & Recognitions
20975,2019-09-16,Recognition of Chief John Morrison as 2019 Chief of the Year,Proclamations & Recognitions
21061,2019-09-30,Recognition of the 50th Anniversary of Boy Scout Troop 1539,Proclamations & Recognitions
21066,2019-09-30,Recognition of Laine Hyde and Walter Basnight for Their Years of Service to the Town,Proclamations & Recognitions
21192,2019-10-21,Recognition of James Madison High School Band as State Champions,Proclamations & Recognitions
21271,2019-11-04,2019 Halloween Parade Awards,Proclamations & Recognitions
22041,2020-01-06,Vienna Sustainability Challenge Awards,Proclamations & Recognitions
22056,2020-01-06,Proclamation Recognizing Bill Emerson,Proclamations & Recognitions
22057,2020-01-06,Proclamation recognizing Supervisor Catherine Hudgins on her retirement,Proclamations & Recognitions
22209,2020-02-03,Proclamation for Black History Month,Proclamations & Recognitions
22370,2020-03-09,Proclamation for National Athletic Trainer Month,Proclamations & Recognitions
22938,2020-06-15,Presentations to Departing Elected Officials and Board/Commission members,Proclamations & Recognitions
23370,2020-09-14,Presentation for the Maple Avenue Multimodal study.,Proclamations & Recognitions
23884,2020-12-07,Resolution to recognize Liberty Amendments Month,Proclamations & Recognitions
25021,2021-04-26,2021 Arbor Day Proclamation,Proclamations & Recognitions
26697,2021-11-01,Recognition of Life Saving Actions.,Proclamations & Recognitions
27005,2021-12-06,Request recognition of donation and approval of Nutley Median Tree Project,Proclamations & Recognitions
27294,2022-01-24,Presentation by Vienna Public Art Commission,Proclamations & Recognitions
28049,2022-04-25,2022 Arbor Day Proclamation,Proclamations & Recognitions
28102,2022-05-02,Proclamation for National Stroke Month,Proclamations & Recognitions
28221,2022-05-16,Proclamation to recognize International Dark Sky Week in Vienna,Proclamations & Recognitions
28222,2022-05-16,Recognizing Businesses During Business Appreciation Month,Proclamations & Recognitions
28363,2022-06-06,Proclamation for Men’s Health Month and Men’s Health Week,Proclamations & Recognitions
28831,2022-08-29,Resolution of Appreciation - Leigh Kitcher - Liberty Amendments Month,Proclamations & Recognitions
28840,2022-08-29,Proclamation for Robert Leggett,Proclamations & Recognitions
28841,2022-08-29,Recognition of Vienna Little League (The Big Red Machine) All Star Team,Proclamations & Recognitions
28907,2022-09-12,Proclamation for the Vienna chapter of the Daughters of the American Revolution (DAR),Proclamations & Recognitions
29006,2022-09-26,Honoring and Recognizing Business Employees,Proclamations & Recognitions
29275,2022-10-24,Resolution for World Polio Awareness Day,Proclamations & Recognitions
29355,2022-11-14,2022 Halloween Parade Awards,Proclamations & Recognitions
29358,2022-11-14,Proclamation for Small Business Saturday,Proclamations & Recognitions
30417,2023-04-10,Proclamation For International Dark Sky Week,Proclamations & Recognitions
30515,2023-04-24,2023 Arbor Day Proclamation,Proclamations & Recognitions
30578,2023-05-01,Proclamation for the Vienna Wireless Society’s 60th Anniversary,Proclamations & Recognitions
30583,2023-05-01,Recognizing Businesses During Business Appreciation Month (May 2023),Proclamations & Recognitions
30584,2023-05-01,Presentation of the CSC Sustainability Challenge Awards,Proclamations & Recognitions
30585,2023-05-01,Proclamation for Professional Municipal Clerks Week,Proclamations & Recognitions
30699,2023-05-15,National Gun Violence Awareness Day,Proclamations & Recognitions
31036,2023-07-10,Check presentation to the Vienna Public Art Commission,Proclamations & Recognitions
31261,2023-08-28,Proclamation for Constitution Week,Proclamations & Recognitions
31266,2023-08-28,"Recognition of the Vienna Little League 10, 11 and 12 year old district title winners",Proclamations & Recognitions
31648,2023-10-23,2023 International Economic Development Council (IEDC) Awards,Proclamations & Recognitions
31756,2023-11-13,Proclamation for Small Business Saturday,Proclamations & Recognitions
31757,2023-11-13,2023 Halloween Parade Awards,Proclamations & Recognitions
31932,2023-12-04,8:15 p.m. - 8:25 p.m. -  Boston Tea Party Proclamation,Proclamations & Recognitions
32042,2024-01-02,Swearing in ceremony for newly elected and re-elected Mayor and Council,Proclamations & Recognitions
32107,2024-01-08,8:15 p.m. - 8:20 p.m. -Town Council Memorandum on Swearing in Date for Incoming Town Council,Proclamations & Recognitions
32308,2024-01-29,7:40 p.m. to 7:50 p.m. - Green Hedges Dragons Middle School Co-Ed League Soccer Championship recognition,Proclamations & Recognitions
32872,2024-04-08,"Proclamation for Steve, the Referee, Salyer",Proclamations & Recognitions
32878,2024-04-08,2024 Arbor Day Proclamation,Proclamations & Recognitions
32880,2024-04-08,Proclamation for International Dark Sky Week,Proclamations & Recognitions
32881,2024-04-08,Proclamation for Volunteer Recognition Day,Proclamations & Recognitions
33022,2024-04-29,7:45 p.m. - 7:55 p.m.  Presentation for Robert Dowler,Proclamations & Recognitions
33045,2024-05-06,7:45 p.m. - 7:55 p.m.  Presentation for Robert Dowler,Proclamations & Recognitions
33046,2024-05-06,7:55 p.m. - 8:05 p.m - Economic Development Week 2024 Proclamation & Presentation,Proclamations & Recognitions
33183,2024-05-20,Proclamation for the 40th Anniversary of Viva Vienna,Proclamations & Recognitions
33497,2024-07-08,7:45 p.m. - 8:00 p.m.  Proclamation for National Parks & Recreation Month,Proclamations & Recognitions
33660,2024-08-26,7:45 p.m. - 7:50 p.m. - Proclamation For Constitution Week,Proclamations & Recognitions
33753,2024-09-09,7:45 p.m. - 7:50 p.m. - Proclamation for Suicide Prevention Week,Proclamations & Recognitions
33779,2024-09-09,7:50 p.m. - 7:55 p.m -Proclamation for 9/11,Proclamations & Recognitions
34018,2024-09-23,Proclamation for Fire Prevention Week,Proclamations & Recognitions
34080,2024-10-07,7:45 p.m. - 8:00 p.m. Proclamation for National Community Planning Month,Proclamations & Recognitions
34318,2024-11-18,2024 Halloween Parade Awards,Proclamations & Recognitions
34579,2025-01-06,Proclamation for Vienna Youth Soccer Day,Proclamations & Recognitions
34769,2025-01-27,Proclamation for Vienna Youth Soccer Day,Proclamations & Recognitions
35202,2025-03-24,Arbor Day Proclamation,Proclamations & Recognitions
35276,2025-04-07,Proclamation for International Dark Sky Week,Proclamations & Recognitions
35324,2025-04-07,Proclamation for Volunteer Recognition Day,Proclamations & Recognitions
35529,2025-05-05,Proclamation for Economic Development Week 2025,Proclamations & Recognitions
35552,2025-05-05,Proclamation for Congressman Gerald E. Connolly,Proclamations & Recognitions
36035,2025-07-07,Proclamation VA250 - American Revolution Commemoration,Proclamations & Recognitions
36250,2025-09-08,Science Museum of Virginia Board Swearing in of Dr. Nisha Patel,Proclamations & Recognitions
36251,2025-09-08,Proclamation for National Lissencephaly Awareness Day,Proclamations & Recognitions
36252,2025-09-08,Proclamation for Constitution Week,Proclamations & Recognitions
36488,2025-10-06,Proclamation for Fire Prevention Week 2025,Proclamations & Recognitions
36690,2025-11-10,2025 Halloween Parade Awards,Proclamations & Recognitions
36693,2025-11-10,Proclamation: Epilepsy Awareness Month,Proclamations & Recognitions
36849,2025-12-08,Council Member Appreciation,Proclamations & Recognitions
36850,2025-12-08,Board and Commission Appreciation,Proclamations & Recognitions
36936,2026-01-02,Swearing In of Newly Elected Council Members,Proclamations & Recognitions
37291,2026-03-02,American Red Cross Month Proclamation,Proclamations & Recognitions
37712,2026-04-06,Proclamations - Arbor Day and National Native Plant Month,Proclamations & Recognitions
37840,2026-04-27,Proclamations,Proclamations & Recognitions
37894,2026-05-04,2026 Small Business and Economic Development week Proclamation,Proclamations & Recognitions
38330,2026-07-06,"Principal Liz Calvert, Retirement Recognition",Proclamations & Recognitions
38500,2026-08-24,Board and Commission Appreciation,Proclamations & Recognitions
38501,2026-08-24,Madison High School State Championship Recognition,Proclamations & Recognitions
12376,2014-01-06,Memorandum of Understanding for Asset Forfeiture Transfer Program,Public Safety
13156,2014-06-02,The Police Department requests approval from the Town Council to ride the City of Alexandria Contract # RFP 00000057 for the purchase of maintenance and service for the Department’s 800 MHz radio equipment from Wireless Communications Inc.,Public Safety
13157,2014-06-02,Request approval to ride Commonwealth of Virginia contract # E194-1176 for the purchase of police uniforms and accessories.,Public Safety
13159,2014-06-02,"Request approval for second year payment of the second year contract payment not to exceed $67,225.00 to New World Systems for the Standard Service Maintenance Agreement for the Computer Aided Dispatch, Law Enforcement Records Management and Mobile Data system from New World Systems Corporation",Public Safety
13238,2014-06-16,The Police Department requests approval from the Town Council to Ride the GSA-Federal Supply Schedule (GA-35F-0119P) for the purchase of wireless service for the Department’s communication needs from Verizon Wireless.,Public Safety
13354,2014-09-08,Request Approval to Purchase Four (4) Replacement Panasonic Toughbooks for Police Vehicles.,Public Safety
13357,2014-09-08,The Northern Virginia Regional Gang Task Force payment.,Public Safety
14192,2015-02-23,Award contract to Alban CAT for the Northside Property Yard emergency generator.,Public Safety
14388,2015-04-27,The Police Department requests approval to purchase in-car video for the patrol cruiser fleet.,Public Safety
14465,2015-06-01,Northern Virginia Regional Gang Task Force payment.,Public Safety
14570,2015-07-06,Police radio purchase,Public Safety
14707,2015-09-28,"Approval of IFB 16-05, Janitorial Services for Vienna Town Hall and Vienna Police Department.",Public Safety
14714,2015-09-28,"Consideration of a Proposed Ordinance and request to Advertise an Intent to Adopt to Amend Chapter 2, Administration, of the Code of the Town of Vienna, Adding a New Article 7 and New Sections 2-69 to 2-71 to Establish Procedures for the Disposition and Disposal of Property Seized by the Police in Accordance with Virginia Code Section 15.2-1719 (1950 as amended).",Public Safety
14743,2015-10-19,"Consideration of adoption of a Proposed Ordinance to amend Chapter 2, Administration, of the Code of the Town of Vienna, Adding a New Article 7 and New Sections 2-69 to 2-71 to Establish Procedures for the Disposition and Disposal of Property Seized by the Police in Accordance with Virginia Code Section 15.2-1719 (1950 as amended).",Public Safety
15435,2016-06-06,"Request approval for of the fourth year contract payment not to exceed $74,115.00 to New World Systems for the Standard Service Maintenance Agreement for the Computer Aided Dispatch, Law Enforcement Records Management and Mobile Data system from New World Systems Corporation",Public Safety
15436,2016-06-06,Northern Virginia Regional Gang Task Force payment.,Public Safety
16511,2017-07-10,Request to approve emergency purchase of two A/C units and additional FY17 spending with Advanced Building Services,Public Safety
16766,2017-09-11,The Northern Virginia Regional Gang Task Force payment,Public Safety
18555,2018-06-04,Northern Virginia Regional Gang Task Force Payment,Public Safety
19315,2018-10-29,"Request to award an architecture and engineering services contract for construction/renovation of a new police facility to Dewberry Architects Inc. with the cost of these services not to exceed $1,625,953.",Public Safety
19622,2019-01-07,"Request to award project management contract for new police facility to Downey and Scott, LLC.",Public Safety
19754,2019-01-28,"The Vienna Police Department requests approval to ride NJPA contract #110515 to purchase an electronic citation (e-citation) module and equipment from Brazos, a division of Tyler Technology, for a cost not to exceed $57,020.",Public Safety
22037,2020-01-06,Request approval for Alban CAT emergency generator for Town Hall.,Public Safety
22496,2020-03-31,Emergency Town Council meeting to adopt Continuity of Government Ordinance,Public Safety
22522,2020-04-13,Emergency Ordinance and Resolution to Temporarily Amend Meals Tax Provisions of Vienna Code,Public Safety
22805,2020-06-01,"Request approval for issuing an emergency PO in the amount of $39,954 to Atlantic Duct Cleaning",Public Safety
23027,2020-07-06,The Police Department will present options for the plaza design of the planned police facility.,Public Safety
23357,2020-09-14,"Approval of payment not to exceed $87,158.98 to Tyler Technologies for a standard software maintenance agreement (SSMA) for the Vienna Police Department.",Public Safety
23663,2020-10-26,Award IFB 21-03 for construction of new police facility.,Public Safety
23718,2020-11-02,"The Police Department requests approval to ride state contract DEB20170106HE for construction material observation and testing services with ECS Mid-Atlantic, LLC.",Public Safety
23881,2020-12-07,Request formal approval of emergency procurement utilizing Currie Heating and Cooling to install GPS (Global Plasma Solutions) in Town buildings.,Public Safety
24646,2021-03-22,Police Station - Gas Service Line Relocation,Public Safety
24651,2021-03-22,"Request formal approval of an emergency procurement to increase by $4,000 the current purchase order by $4000 with Siemen’s Industries for HVAC services, bringing the total cost to $33,874.",Public Safety
25697,2021-07-12,Approval of payment to Tyler Technologies for the standard software maintenance agreement (SSMA) for the Vienna Police Department.,Public Safety
25972,2021-08-30,"Request approval to change contracts to purchase VRP (Vehicle Replacement Program) #4, Police SUV",Public Safety
26481,2021-10-11,Request formal approval for the emergency elevator repair at Town Hall.,Public Safety
26670,2021-10-25,New Town of Vienna Police Officer Introductions,Public Safety
26671,2021-10-25,Proposed Change Order for Project Management Services for Police Station Construction.,Public Safety
26698,2021-11-01,Purchase workstations/tables for new police facility,Public Safety
26995,2021-12-06,Installation of Broadcast Equipment at Vienna Police Department Community Room for the Cable Access Channel and Emergency Operations Center,Public Safety
26996,2021-12-06,Police Department requests approval to purchase new Motorola portable radios.,Public Safety
27292,2022-01-24,"The Police Department requests approval to add $31,271 to ECS Mid-Atlantic budget for Police Station project observation and testing services.",Public Safety
27554,2022-02-28,Body-worn camera program.,Public Safety
27603,2022-03-07,Request to Procure Network Switches and Wireless Access Points to Support the New Police Station Information Technology Network Infrastructure.,Public Safety
27608,2022-03-07,"The Police Department requests approval to add $5,500 to the budget of ECS Mid-Atlantic for observation and testing services of the Police Station project.",Public Safety
28098,2022-05-02,Approve Spending Increase to Hoar Construction for Police Station Construction,Public Safety
28099,2022-05-02,"Increase Spending for Downey and Scott, Project Management For The Police Station",Public Safety
28228,2022-05-16,Introduction of new Police Officers,Public Safety
28360,2022-06-06,In car video system replacement /upgrade.,Public Safety
28361,2022-06-06,Approval of payment to Tyler Technology for standard software maintenance agreement (SSMA) for Vienna Police Department.,Public Safety
30060,2023-03-06,Computer Aided Dispatch Upgrade,Public Safety
30226,2023-03-20,Approve Spending Increase for Final Settlement with Hoar Construction for Police Station Construction,Public Safety
31262,2023-08-28,Approval of payment to Tyler Technologies for the standard software maintenance agreement (SSMA) for the Vienna Police Department.,Public Safety
31292,2023-08-28,Approval of payment to Tyler Technologies for the standard software maintenance agreement (SSMA) for the Vienna Police Department.,Public Safety
33052,2024-05-06,8:05 p.m. - 8:15 p.m. - Police Briefing,Public Safety
33500,2024-07-08,Approval of the payment to Tyler Technologies for the standard software maintenance agreement (SSMA) for the Vienna Police Department.,Public Safety
33501,2024-07-08,8:00 p.m. - 8:15 p.m.  Presentation from Fire Chief John Morrisson regarding Emergency Vehicle Preemption (EVP) system that has been installed.,Public Safety
36248,2025-09-08,Development of the Police Dispatch and Record Management System by Tyler Technologies.,Public Safety
38130,2026-06-01,Approval of payment to Tyler Technologies for the standard software maintenance agreement (SSMA) for the Vienna Police Department.,Public Safety
12133,2013-10-28,Request to endorse the Westbriar Elementary Safe Routes to School Sidewalk grant application.,"Streets, Sidewalks & Transportation"
12216,2013-11-18,Request to award final design contract for Nutley Street SW culvert replacement.,"Streets, Sidewalks & Transportation"
12258,2013-11-18,Request to adopt resolution supporting Train Station parking lot agreement.,"Streets, Sidewalks & Transportation"
12259,2013-11-18,Request to award a contract to RDA for Maple Avenue traffic signal reconstruction design.,"Streets, Sidewalks & Transportation"
12316,2013-12-16,Request to award contract for Center Street South reconstruction.,"Streets, Sidewalks & Transportation"
12317,2013-12-16,Request to award Nutley Street and Courthouse Road traffic signal and sidewalk contract.,"Streets, Sidewalks & Transportation"
12318,2013-12-16,Request to approve Echols Street SE resolution.,"Streets, Sidewalks & Transportation"
12319,2013-12-16,"Request to award Ninovan Road SE sidewalk construction contract to American Contractors, Inc.","Streets, Sidewalks & Transportation"
12377,2014-01-06,Request to award Nutley Street and Courthouse Road traffic signal and sidewalk contract.,"Streets, Sidewalks & Transportation"
12378,2014-01-06,Request to award Beulah Road NE sidewalk construction contract to Sagres Construction.,"Streets, Sidewalks & Transportation"
12424,2014-01-27,Request to award Maple Avenue Service Drive sidewalk construction contract to Sagres Construction Corporation.,"Streets, Sidewalks & Transportation"
12446,2014-02-03,"HB2313 transportation:  Northern Virginia Transportation Authority, Fairfax County, and Vienna memorandum of agreement.","Streets, Sidewalks & Transportation"
12487,2014-02-24,Request to award Echols Street SE Reconstruction contract to Sagres Construction Corporation.,"Streets, Sidewalks & Transportation"
12518,2014-03-03,Request to award Beulah Road Phase II sidewalk design contract.,"Streets, Sidewalks & Transportation"
12632,2014-03-17,Request to award Beulah Road Phase II sidewalk design contract.,"Streets, Sidewalks & Transportation"
12796,2014-04-07,Request to award Beulah Road Phase II sidewalk design contract.,"Streets, Sidewalks & Transportation"
12797,2014-04-07,Request for approval of Cottage Street SW Sidewalk design contract.,"Streets, Sidewalks & Transportation"
12801,2014-04-07,Request to increase the BPO with Superior Paving Corporation.,"Streets, Sidewalks & Transportation"
12818,2014-04-07,Request to award Beulah Road Phase II sidewalk design contract.,"Streets, Sidewalks & Transportation"
12855,2014-04-28,Request to approve Traffic Signal Review and Optimization study.,"Streets, Sidewalks & Transportation"
12874,2014-04-28,Establish the Bicycle Advisory Committee and the Pedestrian Advisory Committee.,"Streets, Sidewalks & Transportation"
12875,2014-04-28,Appointments to the Bicycle Advisory Committee (BAC) and the Pedestrian Advisory Committee (PAC).,"Streets, Sidewalks & Transportation"
13167,2014-06-02,Increase Espina Paving contract.,"Streets, Sidewalks & Transportation"
13228,2014-06-16,Navy Federal Credit Union Crosswalk Signal Agreement.,"Streets, Sidewalks & Transportation"
13276,2014-07-07,"Public Hearing on a proposed ordinance to amend the Code of the Town of Vienna, Chapter 9, Motor Vehicles and Traffic, Article 1, In General, Section 9-3, Adoption of State Code, of the Code of the Town of Vienna.","Streets, Sidewalks & Transportation"
13315,2014-08-18,Lullaby & Harmony Drive SE Sidewalk Construction Contract Award.,"Streets, Sidewalks & Transportation"
13316,2014-08-18,"Glyndon Street, NE Sidewalk Construction Contract Award.","Streets, Sidewalks & Transportation"
13318,2014-08-18,Vienna Train Station Sidewalk Construction Contract Award,"Streets, Sidewalks & Transportation"
13335,2014-08-18,Lullaby & Harmony Drive SE Sidewalk Construction Contract Award.,"Streets, Sidewalks & Transportation"
13350,2014-09-08,Maple Avenue Service Road Sidewalk Contract Increase.,"Streets, Sidewalks & Transportation"
13353,2014-09-08,"Award On-Call Roadway Maintenance Contract to Espina Paving, Inc.","Streets, Sidewalks & Transportation"
13400,2014-09-22,Transportation Safety Commission recommended crosswalk across Lawyers Road NW at Blair Rd. NW.,"Streets, Sidewalks & Transportation"
13407,2014-09-22,Request approval of Transportation Safety Commission recommended traffic calming and pedestrian safety signs on Aponi Road SE.,"Streets, Sidewalks & Transportation"
13434,2014-10-20,Endorsement of a Louise Archer Elementary School Safe Routes to School Sidewalk grant application.,"Streets, Sidewalks & Transportation"
13436,2014-10-20,"Wade Hampton Drive, SW Sidewalk Construction Contract Award.","Streets, Sidewalks & Transportation"
13441,2014-10-20,Marshall Road Sidewalk Design Contract Increase.,"Streets, Sidewalks & Transportation"
13485,2014-10-27,Mill Street Reconstruction Design Contract Increase.,"Streets, Sidewalks & Transportation"
13487,2014-10-27,Vienna Train Station Sidewalk Construction Contract Increase.,"Streets, Sidewalks & Transportation"
13488,2014-10-27,"Award asphalt repair and remarking contract to Espina Paving, Inc.","Streets, Sidewalks & Transportation"
14003,2014-11-17,Maple Avenue Traffic Signal Reconstruction Contract Award.,"Streets, Sidewalks & Transportation"
14061,2014-12-15,Request approval of Transportation Safety Commission recommended traffic calming and pedestrian safety measures on Marshall Road SW.,"Streets, Sidewalks & Transportation"
14064,2014-12-15,Endorsement of a Kingsley Road SW CMAQ Walk to Metro sidewalk grant application.,"Streets, Sidewalks & Transportation"
14090,2015-01-05,Tapawingo & Cottage Street SW Sidewalk Construction Contract Award.,"Streets, Sidewalks & Transportation"
14113,2015-01-26,"Request to set Public Hearing on a proposed Ordinance to amend the Code of the Town of Vienna, Chapter 17, Subdivisions, Article 5, Improvements, Section 17-67.1 Dedication of Sidewalks for Single-Lot Development; and Section 17-67.2 Completion of Sidewalks for Single-Lot Development.","Streets, Sidewalks & Transportation"
14115,2015-01-26,Request to set Public Hearing on a proposed Pedestrian Master Plan.,"Streets, Sidewalks & Transportation"
14139,2015-02-02,Adahi Road SE Sidewalk Contract Award.,"Streets, Sidewalks & Transportation"
14143,2015-02-02,"Request to Set Public Hearing for Air Rights License Agreement for Navy Federal Credit Union Pedestrian Bridge and Other Certain Improvements for February 23, 2015.","Streets, Sidewalks & Transportation"
14191,2015-02-23,Public Hearing for Navy Federal Credit Union Pedestrian Bridge Air Rights License and Agreement.,"Streets, Sidewalks & Transportation"
14329,2015-04-13,"Adoption of a proposed Ordinance to amend the Code of the Town of Vienna, Chapter 17, Subdivisions, Article 5, Improvements, Section 17-67.1 Dedication of Sidewalks for Single-Lot Development; and Section 17-67.2 Completion of Sidewalks for Single-Lot Development.","Streets, Sidewalks & Transportation"
14330,2015-04-13,Adoption of a proposed Pedestrian Master Plan.,"Streets, Sidewalks & Transportation"
14334,2015-04-13,Approval of Transportation Safety Commission recommended lane striping at the 400 block of Center Street N.,"Streets, Sidewalks & Transportation"
14391,2015-04-27,Westbriar Drive NE Sidewalk Construction Contract Award.,"Streets, Sidewalks & Transportation"
14393,2015-04-27,"Request to approve FY15 spending with Espina Paving, Inc.","Streets, Sidewalks & Transportation"
14394,2015-04-27,John Marshall and Holmes Drive NW additional intersection design.,"Streets, Sidewalks & Transportation"
14422,2015-05-11,Request to award Ayr Hill Avenue NE sidewalk design contract.,"Streets, Sidewalks & Transportation"
14474,2015-06-01,Purchase street light components from Rexel Electrical Supply.,"Streets, Sidewalks & Transportation"
14524,2015-06-01,Purchase street light components from Rexel Electrical Supply.,"Streets, Sidewalks & Transportation"
14567,2015-07-06,"Public Hearing for consideration of a proposed ordinance to amend the Code of the Town of Vienna, Chapter 9, Motor Vehicles and Traffic, Article 1, In General, Section 9-3, Adoption of State Code, of the Code of the Town of Vienna.","Streets, Sidewalks & Transportation"
14576,2015-07-06,Increase Virginia Paving Contract.,"Streets, Sidewalks & Transportation"
14579,2015-07-06,Award Ayito Road SE Sidewalk and Road Reconstruction Contract.,"Streets, Sidewalks & Transportation"
14603,2015-07-06,Award Ayito Road SE Sidewalk and Road Reconstruction Contract.,"Streets, Sidewalks & Transportation"
14664,2015-09-14,Award contract for John Marshall Drive NW sidewalk construction.,"Streets, Sidewalks & Transportation"
14703,2015-09-28,Request to review and accept the Public Infrastructure Manual,"Streets, Sidewalks & Transportation"
14705,2015-09-28,"Award alteration of Town Hall rear parking lot engineering contract to Urban, Ltd.","Streets, Sidewalks & Transportation"
14734,2015-10-19,Consideration of a Melody Lane Safe Routes to School Sidewalk Grant Application,"Streets, Sidewalks & Transportation"
14737,2015-10-19,Request to award Nutley & West Street NW sidewalk design contract.,"Streets, Sidewalks & Transportation"
14891,2015-12-14,"Request to award IFB 16-09, Maple Ave Paving Contract.","Streets, Sidewalks & Transportation"
14921,2016-01-04,"Street Dedication Acceptance, Pleasant Street SW.","Streets, Sidewalks & Transportation"
15008,2016-02-01,"Creek Crossing Road NE Sidewalk Project, Fairfax County MOU.","Streets, Sidewalks & Transportation"
15068,2016-02-22,Transaction 2040 Briefing,"Streets, Sidewalks & Transportation"
15091,2016-03-07,Nutley Street SW Culvert Replacement Design Contract Increase,"Streets, Sidewalks & Transportation"
15275,2016-04-18,Approve additional spending with Virginia Paving Company,"Streets, Sidewalks & Transportation"
15278,2016-04-18,Request approval of Transportation Safety Commission-recommended pedestrian improvements along Beulah Rd NE,"Streets, Sidewalks & Transportation"
15390,2016-05-23,350 Church Street NE Performance Bond Reduction Request.,"Streets, Sidewalks & Transportation"
15393,2016-05-23,Request approval of Transportation Safety Commission-recommended bike Corral along Church Street,"Streets, Sidewalks & Transportation"
15427,2016-06-06,Request approval of emergency catch basin repair at corner of Roland Street SW and Nutley Street SW,"Streets, Sidewalks & Transportation"
15510,2016-07-11,"Request award of IFB 16-11, Cottage Street Sidewalk Construction","Streets, Sidewalks & Transportation"
15511,2016-07-11,"Award Asphalt Milling, Overlay, and Traffic Marking Contract to Arthur Construction","Streets, Sidewalks & Transportation"
15586,2016-07-11,Consideration of approval of the Bicycle Friendly Community application,"Streets, Sidewalks & Transportation"
15601,2016-08-22,Request approval to purchase a bobcat with snow blower for snow removal from sidewalks,"Streets, Sidewalks & Transportation"
15609,2016-08-22,"Council to consider allowing continued use of temporary classroom trailers at Louise Archer Elementary School, 324 Nutley Street NW, located on 8.12 acres of land on the west side of Nutley Street NW in the block between its intersection with Knoll and Orchard streets.","Streets, Sidewalks & Transportation"
15614,2016-08-22,Request to increase funds for IFB 14-22 UPC 103851 - Traffic Signals Rebuilds,"Streets, Sidewalks & Transportation"
15615,2016-08-22,Request to increase funds for IFB 14-15 UPC 103593 - Train Station Sidewalk project,"Streets, Sidewalks & Transportation"
15739,2016-10-03,Request award of IFB 17-07 Mill Street NE Reconstruction,"Streets, Sidewalks & Transportation"
15741,2016-10-03,Approve FY18 Transportation Alternative Project Funding Resolutions,"Streets, Sidewalks & Transportation"
15787,2016-10-24,"Request to award IFB 17-06 and request FY17 spending with RJ Merkel, Inc. for Traffic Marking","Streets, Sidewalks & Transportation"
15857,2016-11-21,Purchase McCain Traffic Controllers and GPS modules for traffic signals,"Streets, Sidewalks & Transportation"
15860,2016-11-21,Request to increase funds for Nutley Street and Courthouse Road Signal and Sidewalk,"Streets, Sidewalks & Transportation"
15870,2016-11-21,Bicycle Friendly Community Designation Award,"Streets, Sidewalks & Transportation"
15888,2016-12-05,Approve FY17 spending with Espina Paving Inc.,"Streets, Sidewalks & Transportation"
16208,2017-04-03,Request award of IFB 17-15 Marshall Road Sidewalk Improvements,"Streets, Sidewalks & Transportation"
16212,2017-04-03,Request to award IFB 17-16 for Maple Avenue Repaving contract,"Streets, Sidewalks & Transportation"
16213,2017-04-03,"Public hearing to consider Planning Commission-recommended changes to the parking section of the Town Code Chapter 18, Article 16, Section 18-127 to Sec 18-137.1, Off-Street Parking and Loading Areas","Streets, Sidewalks & Transportation"
16254,2017-04-17,"Request to increase funds for John Marshall Drive NW Sidewalk and Road Reconstruction, IFB 16-06.","Streets, Sidewalks & Transportation"
16255,2017-04-17,Request increased funding for Glyndon St NE Sidewalk Construction IFB 14-25,"Streets, Sidewalks & Transportation"
16257,2017-04-17,Award survey and design contract for Church Street NE Sidewalk Extension Project,"Streets, Sidewalks & Transportation"
16288,2017-04-24,"Request to approve additional FY17 spending with J.O. Herbert Co., Inc. for traffic signal components","Streets, Sidewalks & Transportation"
16290,2017-04-24,"Public hearing continued to consider Planning Commission- and Council-recommended changes to the parking section of the Town Code Chapter 18, Article 16, Section 18-127 to Section 18-137.1, Off-Street Parking and Loading Areas","Streets, Sidewalks & Transportation"
16375,2017-05-22,Request approval of Transportation Safety Commission-recommended pedestrian improvements along Tapawingo Road SW,"Streets, Sidewalks & Transportation"
16377,2017-05-22,"Intent to adopt amendments to the parking section of the Town Code, Chapter 18, Article 16, Section 18-127 to Section 18-137.1, Off-Street Parking and Loading Areas","Streets, Sidewalks & Transportation"
16509,2017-07-10,"Intent to Adopt proposed ordinance to amend the Code of the Town of Vienna, Chapter 9, Motor Vehicles and Traffic, Article 1, In General, Section 9-3, Adoption of State Code, of the Code of the Town of Vienna.","Streets, Sidewalks & Transportation"
16512,2017-07-10,Request to purchase traffic cabinets from J.O. Herbert Co.,"Streets, Sidewalks & Transportation"
16529,2017-07-10,"Intent to Adopt proposed ordinance to amend the Code of the Town of Vienna, Chapter 9, Motor Vehicles and Traffic, Article 1, In General, Section 9-3, Adoption of State Code, of the Code of the Town of Vienna.","Streets, Sidewalks & Transportation"
16831,2017-09-25,Marshall Road Sidewalk Design Contract Increase,"Streets, Sidewalks & Transportation"
16834,2017-09-25,Request to award IFB 18-09 for Nutley St SW Repaving,"Streets, Sidewalks & Transportation"
16836,2017-09-25,"Request approval of an MOU between VDOT, Virginia State Police, and Town of Vienna for Incident Management and Traffic Operations Support for I-66 Construction","Streets, Sidewalks & Transportation"
16920,2017-10-16,Adopt VDOT resolution to add Metrorail project installing sidewalks at Kingsley and Marshall Road (UPC 106963) to VDOT’s Urban Program,"Streets, Sidewalks & Transportation"
16923,2017-10-16,"Request approval of an MOU between VDOT, Virginia State Police, and Town of Vienna for Incident Management and Traffic Operations Support for I-66 Construction","Streets, Sidewalks & Transportation"
17214,2017-12-11,"Adopt a resolution to approve a Northern Virginia Transportation Authority (NVTA) application for funding of a public parking garage, TransAction Project ID #199 - Vienna Metrorail Access Improvements","Streets, Sidewalks & Transportation"
17216,2017-12-11,"Presentation of Renderings for a Proposed Mixed-Use Development and Parking Garage on Mill Street by Developer Mike Postal, Owner and President of Mill Street One, LLC.","Streets, Sidewalks & Transportation"
17516,2018-01-08,Approve FY19-20 VDOT Transportation Alternative Project Funding Resolution,"Streets, Sidewalks & Transportation"
17519,2018-01-08,Transportation Safety Commission (TSC) bike rack application process.,"Streets, Sidewalks & Transportation"
17520,2018-01-08,P.A.C./T.S.C. final draft of Pedestrian Master Plan,"Streets, Sidewalks & Transportation"
17601,2018-01-29,Resolution to update VDOT Urban Street Maintenance Inventory,"Streets, Sidewalks & Transportation"
17602,2018-01-29,Request to award contract for Route 123 and Route 243 Traffic Signal Upgrades (Phase 1),"Streets, Sidewalks & Transportation"
17604,2018-01-29,"Set a public hearing for the Purchase of a Public Parking Condominium on Mill Street for February 26, 2018","Streets, Sidewalks & Transportation"
17620,2018-01-29,Resolution to update VDOT Urban Street Maintenance Inventory,"Streets, Sidewalks & Transportation"
17768,2018-02-26,Public hearing to discuss Town’s purchase of public parking condominium on 223-241 Mill Street NE,"Streets, Sidewalks & Transportation"
17892,2018-03-12,Discussion of the Proposed Purchase of a Floor in the Mill Street Project for Public Parking.,"Streets, Sidewalks & Transportation"
18001,2018-03-12,Discussion of the Proposed Purchase of a Floor in the Mill Street Project for Public Parking.,"Streets, Sidewalks & Transportation"
18023,2018-04-09,Transportation Safety Commission (TSC) motion for Tapawingo Rd SW and Kingsley Rd SW traffic-calming,"Streets, Sidewalks & Transportation"
18026,2018-04-09,Request for waiver of required masonry wall for townhouse development located at 135 Center Street S (Cadence on Center).,"Streets, Sidewalks & Transportation"
18182,2018-04-23,Creek Crossing Road NE Sidewalk Project Amended Fairfax County MOU.,"Streets, Sidewalks & Transportation"
18183,2018-04-23,"Request to set a public hearing for May 21, 2018 regarding permit parking on the 100 Block of Patrick Street SW.","Streets, Sidewalks & Transportation"
18185,2018-04-23,"Request FY18 spending with Espina Paving, Inc.","Streets, Sidewalks & Transportation"
18193,2018-04-23,Request to utilize Urban Ltd for the Lawyers and Church Roundabout Study,"Streets, Sidewalks & Transportation"
18239,2018-04-23,Request to utilize Urban Ltd for the Lawyers and Church Roundabout Study,"Streets, Sidewalks & Transportation"
18272,2018-05-07,Request to extend professional services contract with and increase funds to Kimley-Horn for consultation in support of public parking analysis,"Streets, Sidewalks & Transportation"
18455,2018-05-21,Public Hearing for Permit Parking in the 100 Block of Patrick Street SW.,"Streets, Sidewalks & Transportation"
18548,2018-06-04,Consideration of Intent to Purchase Public Parking Condominium on 223-241 Mill Street NE,"Streets, Sidewalks & Transportation"
18697,2018-07-09,Fiber Pull from 600 Mill Street NE to 440 Beulah Road NE with Cox Communications,"Streets, Sidewalks & Transportation"
18699,2018-07-09,Request award of IFB 19-02 and FY19 spending with National Asphalt Mfg Corp (primary award) and Superior Paving Corp (secondary award),"Streets, Sidewalks & Transportation"
18907,2018-08-20,Award contract with John Milner Associates Preservation to prepare a feasibility study and cost estimate for Bouton’s Hall located at 144 Church Street.,"Streets, Sidewalks & Transportation"
19036,2018-09-17,Request approval to increase spending and extend project area for Glyndon Street Improvements Design Construction,"Streets, Sidewalks & Transportation"
19040,2018-09-17,"Award Town Hall BMP Parking Lot Improvements, IFB 19-04","Streets, Sidewalks & Transportation"
19229,2018-10-15,Request additional FY19 spending with National Asphalt Mfg Corp (Primary Award) and Superior Paving Corp (Secondary Award) utilizing IFB 19-02,"Streets, Sidewalks & Transportation"
19231,2018-10-15,Transportation Safety Commission (TSC) motion for Pedestrian Improvements at the intersection of Lawyers Road NW with Malcom Road and Holmes Road,"Streets, Sidewalks & Transportation"
19232,2018-10-15,Funding agreement and design contract for the Tapawingo Road SW and Kingsley Road SW Traffic Calming Urban Bioretention Project,"Streets, Sidewalks & Transportation"
19472,2018-11-19,Consider approval of Transportation Safety Commission-recommended bike corral along Church Street.,"Streets, Sidewalks & Transportation"
19479,2018-11-19,Presentation on Vienna-Fairfax-GMU Bikeshare Feasibility Study,"Streets, Sidewalks & Transportation"
19552,2018-12-10,"Consideration of Allowing Continued Use of Temporary Classroom Trailers at Louise Archer Elementary School, Located At 324 Nutley Street NW","Streets, Sidewalks & Transportation"
19563,2018-12-10,Purchase of SpeedAlert signs with speed display and Traffic Suite management equipment,"Streets, Sidewalks & Transportation"
20179,2019-04-08,Award Church Street NE Sidewalk Extension IFB 19-08,"Streets, Sidewalks & Transportation"
20296,2019-04-29,Request to award contract for Routes 123 and 243 Traffic Signal Upgrades (Phase 2),"Streets, Sidewalks & Transportation"
20299,2019-04-29,Resolution Affirming Commitment to Fund the Locality Share of Projects under Agreement with the Virginia Department of Transportation and Provide Signature Authority,"Streets, Sidewalks & Transportation"
20617,2019-06-17,Request approval of Transportation Safety Commission recommended Bike Corral along Church Street.,"Streets, Sidewalks & Transportation"
20631,2019-06-17,Route 243/ Route 123 Traffic Signal Upgrades - Request to award contract for traffic signal replacements,"Streets, Sidewalks & Transportation"
20679,2019-07-01,"Intent to Adopt a proposed ordinance to amend the Code of the Town of Vienna, Chapter 9, Motor Vehicles and Traffic, Article 1, In General, Section 9-3, Adoption of State Code, of the Code of the Town of Vienna.","Streets, Sidewalks & Transportation"
20681,2019-07-01,Award of IFB 20-01 to Commonwealth Paving for Asphalt Repair - As Needed,"Streets, Sidewalks & Transportation"
20687,2019-07-01,"Request approval to direct the Transportation Safety Commission with the support of Department of Public Works resources to initiate a transportation safety study for the area bounded by Courthouse Road SW, Nutley Street, and Maple Avenue.","Streets, Sidewalks & Transportation"
20958,2019-09-16,Request additional funds for Church Street project IFB 19-08,"Streets, Sidewalks & Transportation"
20964,2019-09-16,Approval of VDOT Revenue Sharing and Transportation Alternatives Resolutions,"Streets, Sidewalks & Transportation"
21065,2019-09-30,Microtransit Concept,"Streets, Sidewalks & Transportation"
21150,2019-10-21,Request spending for Echols Street SE Paving Project utilizing IFB 20-03,"Streets, Sidewalks & Transportation"
21268,2019-11-04,Adopt a resolution to approve Northern Virginia Transportation Authority (NVTA) applications for funding of transportation projects,"Streets, Sidewalks & Transportation"
21818,2019-12-09,Request CIP funding for milling and paving projects,"Streets, Sidewalks & Transportation"
21819,2019-12-09,Request approval of Transportation Safety Commission-recommended Shared Mobility Devices (SMDs) pilot program,"Streets, Sidewalks & Transportation"
21824,2019-12-09,Request approval of Transportation Safety Commission (TSC) motion on revised guidelines for the Pedestrian Advisory Committee (PAC) and the Bicycle Advisory Committee (BAC).,"Streets, Sidewalks & Transportation"
21829,2019-12-09,Proposal for Transparency and Accountability in Management of Town Right Of Way,"Streets, Sidewalks & Transportation"
22036,2020-01-06,Request award of IFB 19-07 Nutley Street NW sidewalk project.,"Streets, Sidewalks & Transportation"
22173,2020-01-27,Request approval and funding for project expansion for pedestrian improvements on Old Courthouse Road NE,"Streets, Sidewalks & Transportation"
22174,2020-01-27,Adopt a resolution to approve Northern Virginia Transportation Commission (NVTC) grant applications for funding of transportation projects,"Streets, Sidewalks & Transportation"
22305,2020-02-24,Consideration to Initiate Sidewalk Projects,"Streets, Sidewalks & Transportation"
22310,2020-02-24,Presentation of draft design and construction agreement with Fairfax County for public parking to be incorporated into redevelopment of Patrick Henry Library,"Streets, Sidewalks & Transportation"
22369,2020-03-09,Request additional FY spending with National Asphalt/Superior Paving,"Streets, Sidewalks & Transportation"
22520,2020-04-13,Approve transfer of spending for 2020 paving costs from the general fund to the capital project fund,"Streets, Sidewalks & Transportation"
22912,2020-06-15,Request additional FY20 spending with Kimley-Horn for the multimodal transportation study,"Streets, Sidewalks & Transportation"
22915,2020-06-15,Design and construction agreement with Fairfax County for public parking to be incorporated into redevelopment of Patrick Henry Library,"Streets, Sidewalks & Transportation"
22918,2020-06-15,"Request Modifications of Requirements for New Police Station Related to Lot Coverage, Parking, and Location of a Masonry Screening Wall. Station will be located at 215 Center Street S and 114 Locust Street S.","Streets, Sidewalks & Transportation"
22922,2020-06-15,"Request for Extension of Two Public Use Trailers, Located At Louise Archer Elementary School at 324 Nutley Street NW","Streets, Sidewalks & Transportation"
23020,2020-07-06,"The Vienna Police Department requests approval to ride Virginia state contract E194-77910 to purchase new in-car radar units for all patrol vehicles (11) and new Lidar handheld ProLaser units (10) from Kustom Signal, Inc., for a cost not to exceed $51,202.","Streets, Sidewalks & Transportation"
23021,2020-07-06,"Using CARES funds, the Vienna Police Department requests approval to purchase a 2019 Ford transit van outfitted with a prisoner insert and emergency equipment at a cost not to exceed $60,000.","Streets, Sidewalks & Transportation"
23024,2020-07-06,"Request for approval of a wall waiver,a modification of requirement, a landscape plan for a CubeSmart self-storage facility located at 223-241 Mill Street NE","Streets, Sidewalks & Transportation"
23250,2020-08-31,"Referral to the Planning Commission of a proposed ordinance to amend the Code of the Town of Vienna, Chapter 17, Subdivisions, Article 5, Improvements, Section 17-67.2 Completion and Construction of Sidewalks for Single-Lot Development.","Streets, Sidewalks & Transportation"
23251,2020-08-31,"Intent to adopt a proposed ordinance to amend the Code of the Town of Vienna, Chapter 9, Motor Vehicles and Traffic, Article 1, In General, Section 9-3, Adoption of State Code.","Streets, Sidewalks & Transportation"
23358,2020-09-14,"Request FY21 spending with Arthur Construction, utilizing IFB 17-03, for roadway milling, overlay, and traffic marking.","Streets, Sidewalks & Transportation"
23364,2020-09-14,Consideration to Initiate Robinson Sidewalk Projects,"Streets, Sidewalks & Transportation"
23365,2020-09-14,VDOT resolution to designate Old Courthouse Road sidewalk project as a Revenue Sharing project,"Streets, Sidewalks & Transportation"
24645,2021-03-22,Award IFB 20-10 construction contract for Old Courthouse Road NE sidewalk,"Streets, Sidewalks & Transportation"
24999,2021-04-26,Public Hearing to receive input on the Maud Robinson Sidewalk Project,"Streets, Sidewalks & Transportation"
25001,2021-04-26,"Request approval for spending $246,578.40 with Arthur Construction Co., Inc., and $72,093.50 with US Concrete and Paving, Inc. for construction of Robinson Trust Sidewalk Projects.","Streets, Sidewalks & Transportation"
25076,2021-04-26,"Request approval for spending $246,578.40 with Arthur Construction Co., Inc., and $72,093.50 with US Concrete and Paving, Inc. for construction of Robinson Trust Sidewalk Projects.","Streets, Sidewalks & Transportation"
25436,2021-06-07,"Request additional FY21 spending with Commonwealth Paving utilizing IFB 17-03 for milling, overlay and traffic marking.","Streets, Sidewalks & Transportation"
25439,2021-06-07,Approve Continued Participation in Development Agreement for Patrick Henry Library Public Parking,"Streets, Sidewalks & Transportation"
25698,2021-07-12,"Intent to adopt a proposed ordinance to amend the Code of the Town of Vienna, Chapter 9, Motor Vehicles and Traffic, Article 1, In General, Section 9-3, Adoption of State Code.","Streets, Sidewalks & Transportation"
25708,2021-07-12,Request approval of the most recent draft of the Town of Vienna Guide to Improving Street Safety.,"Streets, Sidewalks & Transportation"
25709,2021-07-12,Request approval of the motions recommended by the Transportation Safety Commission (TSC) and Pedestrian Advisory Committee (PAC),"Streets, Sidewalks & Transportation"
25711,2021-07-12,"Request approval for spending $388,000 with Arthur Construction Co., Inc., and $30,000 with US Concrete and Paving, Inc. for construction of Robinson Trust Sidewalk Projects.","Streets, Sidewalks & Transportation"
26482,2021-10-11,Consideration to Initiate Final Design of Robinson Sidewalk Projects,"Streets, Sidewalks & Transportation"
27290,2022-01-24,Approve Funding for Patrick Henry Library Parking Garage Design,"Streets, Sidewalks & Transportation"
27296,2022-01-24,"Award IFB 22-03 construction contract to Franco’s Liberty Bridge, Inc. for Freeman Store Pedestrian Bridge Replacement","Streets, Sidewalks & Transportation"
27298,2022-01-24,Set public hearing for potential name change for Wade Hampton Drive,"Streets, Sidewalks & Transportation"
27406,2022-02-07,Public hearing for Potential Name Change for Wade Hampton Drive,"Streets, Sidewalks & Transportation"
27749,2022-03-21,"Request approval for spending $261,448.48 with Arthur Construction Co., Inc. for construction of Robinson Trust Sidewalk Projects.","Streets, Sidewalks & Transportation"
27915,2022-04-11,"Consideration to Initiate Design of Robinson Trust Sidewalk Projects with Urban, Ltd.","Streets, Sidewalks & Transportation"
27916,2022-04-11,"Consideration to Initiate Final Design of a Curb, Gutter, and Sidewalk Project for Church Street NE with Urban, Ltd.","Streets, Sidewalks & Transportation"
27917,2022-04-11,"Consideration to Initiate Final Design of Robinson Trust Sidewalk Projects with Whitman, Requardt, & Associates, Ltd.","Streets, Sidewalks & Transportation"
27922,2022-04-11,Request to Approve a Design Contract for Kingsley Road SW Sidewalk,"Streets, Sidewalks & Transportation"
27965,2022-04-11,Request to Approve a Design Contract for Kingsley Road SW Sidewalk,"Streets, Sidewalks & Transportation"
28046,2022-04-25,Request to Approve the Town of Vienna Guide to Improving Street Safety,"Streets, Sidewalks & Transportation"
28095,2022-05-02,Robinson Sidewalks Update,"Streets, Sidewalks & Transportation"
28216,2022-05-16,"Request approval for spending $89,925.40 with Arthur Construction Co., Inc. for construction of Robinson Trust Sidewalk Project on Charles Street SE.","Streets, Sidewalks & Transportation"
28362,2022-06-06,Request to Approve Study Contract for Parking Supply-and-Demand Study,"Streets, Sidewalks & Transportation"
28834,2022-08-29,Steeple and Roof Project on the Annex property located at 301 Center Street South,"Streets, Sidewalks & Transportation"
28839,2022-08-29,"Request approval for spending $158,087.58 with U.S. Concrete and Paving, Inc. for construction of Robinson Trust Sidewalk Projects.","Streets, Sidewalks & Transportation"
28843,2022-08-29,"Request approval for spending an additional $10,672.09 in funds for Cherry Street SE - Robinson Trust Sidewalk Project utilizing Arthur Construction Co., Inc.","Streets, Sidewalks & Transportation"
28848,2022-08-29,Request FY23 spending with Commonwealth Paving utilizing IFB 20-01 for asphalt repairs as needed.,"Streets, Sidewalks & Transportation"
28908,2022-09-12,Town Council Consideration of Continuing with or Terminating Parking Agreement with Fairfax County on Patrick Henry Library and Parking Garage,"Streets, Sidewalks & Transportation"
29158,2022-10-10,"Consideration to Initiate Final Design of Robinson Trust Sidewalk Projects with Urban, Ltd.","Streets, Sidewalks & Transportation"
29264,2022-10-24,"Request to Approve Design Contract Supplement for Kingsley Road, SW Sidewalk","Streets, Sidewalks & Transportation"
29265,2022-10-24,Request to Approve the Purchase and Installation of Emergency Vehicle Preemption (EVP) equipment for the Town’s Traffic Signals.,"Streets, Sidewalks & Transportation"
29311,2022-10-24,"Request to Approve Design Contract Supplement for Kingsley Road, SW Sidewalk","Streets, Sidewalks & Transportation"
29352,2022-11-14,"Consideration to Initiate Final Design of Robinson Trust Sidewalk Projects with Urban, Ltd.","Streets, Sidewalks & Transportation"
29353,2022-11-14,"Request approval for spending $102,315.30 with Arthur Construction Co., Inc. for construction of Robinson Trust Sidewalk Projects.","Streets, Sidewalks & Transportation"
30024,2023-02-27,"Stop further engineering studies for final design of the sidewalk project on the even side of Melody Lane, SW.","Streets, Sidewalks & Transportation"
30063,2023-03-06,Request additional FY23 spending with Arthur Construction for roadway paving within the Town of Vienna,"Streets, Sidewalks & Transportation"
30216,2023-03-20,Resolution Affirming Commitment to Fund the Locality Share of Projects under Agreement with the Virginia Department of Transportation and Provide Signature Authority,"Streets, Sidewalks & Transportation"
30217,2023-03-20,"Award a Design Contract to Urban, LTD for Glen Avenue, SW sidewalk project as approved in 2022 CIP.","Streets, Sidewalks & Transportation"
30218,2023-03-20,"Transportation Safety Commission (TSC) motion for Echols Street, SE traffic calming","Streets, Sidewalks & Transportation"
30221,2023-03-20,"Request approval for spending $600,000 with LSG Landscape for Maple Avenue & Church Street Streetscape Project improvements","Streets, Sidewalks & Transportation"
30407,2023-04-10,"Consideration to Initiate Final Design of Robinson Trust Sidewalk Project with Urban, Ltd.","Streets, Sidewalks & Transportation"
30408,2023-04-10,"Request approval for spending $373,825.83 with Arthur Construction Co., Inc. for construction of Robinson Trust Sidewalk Projects.","Streets, Sidewalks & Transportation"
30516,2023-04-24,"Request approval for spending with Bright Construction Group and approval of the amended funding agreement for Tapawingo Road, SW, and Kingsley Road, SW, Traffic Calming Bioretention Project","Streets, Sidewalks & Transportation"
30521,2023-04-24,"Request approval for spending $105,953.35 with Arthur Construction Co., Inc. for construction of Robinson Trust Sidewalk Project on Birch Street, SW","Streets, Sidewalks & Transportation"
30523,2023-04-24,"Transportation Safety Commission (TSC) motion for Echols Street, SE traffic calming","Streets, Sidewalks & Transportation"
30582,2023-05-01,"Request approval for spending $83,445 with LSG Landscape for Maple Avenue & Church Street Streetscape landscape design","Streets, Sidewalks & Transportation"
30708,2023-05-15,"Request to set a public hearing to consider permit parking on Millwood Court, SW.","Streets, Sidewalks & Transportation"
30710,2023-05-15,"Request approval for spending $192,753.94 with Arthur Construction Co., Inc. for construction of Robinson Trust Sidewalk Projects on Oak Street, SW, and Moore Avenue, SW.","Streets, Sidewalks & Transportation"
30840,2023-06-05,"Request approval for spending $106,500 with Arthur Construction Co., Inc. for pedestrian improvements at the intersection of Church Street, NE, and Mill Street, NE, as approved in the 2022 CIP.","Streets, Sidewalks & Transportation"
30842,2023-06-05,"Request approval for spending $329,715.98 with Arthur Construction Co., Inc. for construction of Robinson Trust Sidewalk Projects on Delano Drive, SE, and Orrin Street, SE.","Streets, Sidewalks & Transportation"
30843,2023-06-05,Request additional FY23 spending with Arthur Construction for roadway paving.,"Streets, Sidewalks & Transportation"
30960,2023-06-20,"Request approval for spending $240,193.72 with Arthur Construction Co., Inc. for construction of Robinson Trust Sidewalk Projects on Melody Lane SW and Tazewell Road NW.","Streets, Sidewalks & Transportation"
31035,2023-07-10,"Intent to adopt a proposed ordinance to amend the Code of the Town of Vienna, Chapter 9, Motor Vehicles and Traffic, Article 1, In General, Section 9-3, Adoption of State Code.","Streets, Sidewalks & Transportation"
31038,2023-07-10,"Public Hearing for permit parking on Millwood Court, SW.","Streets, Sidewalks & Transportation"
31040,2023-07-10,"Request approval to award IFB 23-41: Construction Contract to Richardson-Wayland Electric Company, LLC for the Route 123 (Maple Avenue) and Route 243 (Nutley Street) Signal Upgrades.","Streets, Sidewalks & Transportation"
31267,2023-08-28,"Request to Approve Construction Services and Management Contract to Whitman, Requardt & Associates, LLP for the Route 123 (Maple Avenue) and Route 243 (Nutley Street ) Signal Upgrades Project.","Streets, Sidewalks & Transportation"
31295,2023-08-28,"Request to Approve Construction Services and Management Contract to Whitman, Requardt & Associates, LLP for the Route 123 (Maple Avenue) and Route 243 (Nutley Street ) Signal Upgrades Project.","Streets, Sidewalks & Transportation"
31332,2023-09-11,"Request approval for spending $693,861.17 with Arthur Construction Co., Inc. for construction of Robinson Trust Sidewalk Projects at Hillcrest Drive, SW, from Meadow Lane to Kingsley Road, and on Beulah Road, NE, from Edwin Lane to Sideling Court.","Streets, Sidewalks & Transportation"
31333,2023-09-11,"Request approval to spend $614,814 with LSG Landscape Architecture, Inc. for Maple Avenue & Church Street Streetscape landscape construction/installation (Phase II).","Streets, Sidewalks & Transportation"
31460,2023-09-25,"Request approval for spending $227,475.14 with Arthur Construction Co., Inc. for construction of a Robinson Trust Sidewalk Project at Desale Street, SW, from Moore Avenue to Melody Lane.","Streets, Sidewalks & Transportation"
31509,2023-10-02,"Request approval to award IFB #24-04 to Bright Construction Group for $1,250,315.00 for the construction of Robinson Trust Sidewalk projects at Beulah Road, NE, Lawyers Road, NW, and Tapawingo Road.","Streets, Sidewalks & Transportation"
31931,2023-12-04,9:30 p.m. - 10:00 p.m. -  Consider Continuing Agreement with Fairfax County to Renovate Patrick Henry Library and Build a Parking Garage and Amending Financial Participation in Project,"Streets, Sidewalks & Transportation"
32500,2024-02-26,"7:55 p.m. - 8:10 p.m. Consideration to Initiate Final Design of Robinson Trust Sidewalk Projects at Johnson Street, SW, Saint Andrews Drive, NE, Saint Bernard Drive, NE, Ridge Road, SW, and Frederick Street, SW.","Streets, Sidewalks & Transportation"
32646,2024-02-26,"7:55 p.m. - 8:10 p.m. Consideration to Initiate Final Design of Robinson Trust Sidewalk Projects at Johnson Street, SW, Saint Andrews Drive, NE, Saint Bernard Drive, NE, Ridge Road, SW, and Frederick Street, SW.","Streets, Sidewalks & Transportation"
32570,2024-03-04,"7:50 p.m. - 8:00 p.m. Request approval of Transportation Safety Commission (TSC) motion for Glyndon Street, SE, and Tapawingo Road, SE, Safety Improvements.","Streets, Sidewalks & Transportation"
32571,2024-03-04,"8:00 p.m. - 8:20 p.m. Request approval of Transportation Safety Commission (TSC) motion for Ayr Hill Avenue, NW, traffic calming.","Streets, Sidewalks & Transportation"
32873,2024-04-08,"9:30 p.m. - 10:00 p.m. Request to Approve Design Contract for Ayr Hill Avenue, NW, Traffic Calming Improvements at the Lawyers Road Intersection","Streets, Sidewalks & Transportation"
32874,2024-04-08,"9:00 p.m. - 9:30 p.m. Request to Award a Design Contract to Whitman, Requardt & Associates, LLP, for Nutley Street Culvert Replacement.","Streets, Sidewalks & Transportation"
33044,2024-05-06,8:15 p.m. - 9:15 p.m. - Approval Request to Award Design Contract for the Church St and East St Roundabout Project,"Streets, Sidewalks & Transportation"
33177,2024-05-20,"Award of IFB 24-20 for Asphalt Repair - As Needed to Espina Paving (Primary) and Resurface, Inc. (Secondary)","Streets, Sidewalks & Transportation"
33267,2024-06-03,"10:00 p.m. - 10:30 p.m. - Request approval for spending $237,029.95 with US Concrete and Paving, Inc. for construction of a Robinson Trust Sidewalk Project at Frederick Street, SW, from Meadow Lane to Tapawingo Road.","Streets, Sidewalks & Transportation"
33506,2024-07-08,"8:30 p.m. - 8:45 p.m. Approval request to award Construction of Robinson Trust Sidewalk Projects on the south side of Lullaby Lane, SE, from Tapawingo Road to Harmony Drive, SW, on the west side of Harmony Drive, SW, from Lullaby Lane, SE to the end of the street, and on the west side of Johnson Street, SW, from Glen Avenue to the end of the street.","Streets, Sidewalks & Transportation"
33507,2024-07-08,"9:00 p.m. - 9:15 p.m. Request approval to Award IFB 24-26 to Stonebridge Civil, LLC for $591,962.50 for construction of Robinson Trust Sidewalk Projects on Courthouse Road, SW, from Maple Avenue to Locust Street, and on Pleasant Street, NW, from Maple Avenue extending 200 feet north.","Streets, Sidewalks & Transportation"
33512,2024-07-08,"8:45 p.m. - 9:00 p.m. Approval request to award Construction of Robinson Trust Sidewalk Projects on the west side of Saint Andrews Drive, NE, from Westbriar Drive to Maple Avenue and on the west side of Saint Bernard Drive, NE, from Westbriar Drive to Maple Avenue.","Streets, Sidewalks & Transportation"
33659,2024-08-26,"Award of IFB 24-30 for On Call Asphalt Milling, Overlay & Traffic Marking to Arthur Construction (Primary) and Brothers Paving & Concrete (Secondary) and request for FY25 spending","Streets, Sidewalks & Transportation"
33662,2024-08-26,"Approve Spending Increase for Final Progress Billing with Franco’s Liberty Bridge, Inc.  for Construction of the Freeman Store Pedestrian Bridge Replacement","Streets, Sidewalks & Transportation"
33747,2024-09-09,"Approval request for spending $209,000.00 with A&M Concrete Corporation for construction of a Robinson Trust Sidewalk Project on Frederick Street, SW, from Tapawingo to Kingsley roads.","Streets, Sidewalks & Transportation"
34222,2024-10-28,"Request to Award Invitation For Bid (IFB) 25-02 to FLB Contractors, Inc. for Construction of the Culvert Replacement at the Intersection of Nutley St SW and Marshall Rd SW","Streets, Sidewalks & Transportation"
34223,2024-10-28,"Waive Town of Vienna Development Fees - New Library and Parking Garage, and Temporary Library Location In Vienna","Streets, Sidewalks & Transportation"
34316,2024-11-18,"Request Approval to Award Construction of the ARPA Funded Glen Avenue, SW, Sidewalk.","Streets, Sidewalks & Transportation"
34422,2024-12-09,Request for approval to award construction of ARPA funded brick pattern asphalt stamped crosswalk at two intersections located on Maple Ave at East Street and Lawyers/Courthouse Roads.,"Streets, Sidewalks & Transportation"
35200,2025-03-24,"Request approval of the Transportation Safety Commission’s motion to create a Sidewalk Shoveling Awareness Campaign, focusing on the positive aspects of sidewalk shoveling.","Streets, Sidewalks & Transportation"
35477,2025-04-28,"Request approval for spending $198,970 with Hydro-Tech Irrigation Company for Installation of Irrigation Systems in the Church Street Planters","Streets, Sidewalks & Transportation"
35512,2025-04-28,"Request approval for spending $198,970 with Hydro-Tech Irrigation Company for Installation of Irrigation Systems in the Church Street Planters","Streets, Sidewalks & Transportation"
35530,2025-05-05,"Town Council Authorization for the Town Manager to execute a Standard Project Agreement (SPA) for Funding and Administration between the Town of Vienna and the Northern Virginia Transportation Authority (NVTA) for the Vienna-Carter Library Parking Garage, to provide commuter parking availability.","Streets, Sidewalks & Transportation"
36026,2025-07-07,"Intent to adopt a proposed ordinance to amend the Code of the Town of Vienna, Chapter 9, Motor Vehicles and Traffic, Article 1, In General, Section 9-3, Adoption of State Code.","Streets, Sidewalks & Transportation"
36027,2025-07-07,8:20 p.m. - Request approval to award the Transportation Alternatives Program (TA)-funded Capital Bikeshare Station Installation Contract.,"Streets, Sidewalks & Transportation"
36196,2025-08-25,"Town Council decision to proceed into the full design stage of the Church Street and East Street, NE, roundabout project","Streets, Sidewalks & Transportation"
36246,2025-09-08,Approval of VDOT Transportation Alternatives (TA) grant applications and resolutions,"Streets, Sidewalks & Transportation"
37070,2026-01-26,Request approval of the Transportation Safety Commission’s motions regarding Micro Mobility vehicles.,"Streets, Sidewalks & Transportation"
37110,2026-02-02,Request approval of the Transportation Safety Commission’s motions regarding Micro Mobility vehicles.,"Streets, Sidewalks & Transportation"
37836,2026-04-27,"Request Authorization for Additional Contract Expenditure for the Nutley Street Culvert Construction Contract, IFB 25-02, with FLB Contractors, Inc. (5 mins)","Streets, Sidewalks & Transportation"
37837,2026-04-27,"Request approval of Transportation Safety Commission (TSC) motion for implementing recommendations at the intersections of Desale Street, SW, and Yeonas Drive, SE, Desale Street, SW, and James Drive, SE, Ross Drive and Desale Street, SW, and Yeonas Circle and Yeonas Drive, SE. (10 mins.)","Streets, Sidewalks & Transportation"
38318,2026-07-06,"Intent to adopt a proposed ordinance to amend the Code of the Town of Vienna, Chapter 9, Motor Vehicles and Traffic, Article 1, In General, Section 9-3, Adoption of State Code.","Streets, Sidewalks & Transportation"
38494,2026-08-24,"Request to award Purchase Order for Design Services for the Lawyers Road and Church Street, NW, Intersection Reconfiguration Project","Streets, Sidewalks & Transportation"
12637,2014-03-17,Public Hearing to consider a request to renew Qwest Communications/dba Centurylink communications facilities franchise agreement ordinance.,Town Code & Ordinances
13236,2014-06-16,Request to set Public Hearing for changes to the Chapter 11 of the Town Code regarding Personnel matters.,Town Code & Ordinances
13444,2014-10-20,Request approval to renew XO Communications facilities franchise agreement ordinance.,Town Code & Ordinances
14568,2015-07-06,Public Hearing on the proposed Adoption of an Ordinance Authorizing the Collection of E-Summons Fees.,Town Code & Ordinances
14569,2015-07-06,Public Hearing and Proposed Adoption of an Ordinance re-locating the polling place for Town elections.,Town Code & Ordinances
14739,2015-10-19,Request to Set a Public Hearing for Issuance of Bonds & Notice of Intent to Adopt an Ordinance Resolution,Town Code & Ordinances
15048,2016-02-01,Ordinance amendment,Town Code & Ordinances
15105,2016-03-07,Public Hearing for Adoption of an Ordinance to Vacate a Portion of Public Alley behind 105 Wilmar Place NW,Town Code & Ordinances
15268,2016-04-18,Public Hearing for Adoption of an Ordinance to Vacate a Portion of Public Alley behind 102 Ayr Hill Avenue NW,Town Code & Ordinances
16413,2017-06-05,"Request to Amend to Chapter 6, Finance and Taxation, Article 8, Procurement, of the Vienna Town Code",Town Code & Ordinances
16444,2017-06-05,"Request to Amend to Chapter 6, Finance and Taxation, Article 8, Procurement, of the Vienna Town Code",Town Code & Ordinances
16514,2017-07-10,"Intent to Adopt Amendments to Chapter 6, Finance and Taxation, Article 8, Procurement",Town Code & Ordinances
16921,2017-10-16,"Set a public hearing for November 13, 2017 to consider the Planning Commission’s recommendations on proposed ordinance language amendments to Section 18-72 - (Restaurants) C-1 Permitted Uses under Article 11 of Chapter 18 and Section 18-4 - Definitions under Article 2 of Chapter 18 of the Vienna Town Code.",Town Code & Ordinances
17035,2017-11-13,"Public hearing to consider Planning Commission recommendations on proposed amendments to Section 18-72 - (Restaurants) C-1 Permitted Uses under Article 11, and Section 18-4 - Definitions under Article 2 of Chapter 18 of the Vienna Town Code.",Town Code & Ordinances
17037,2017-11-13,Request that Council set a public hearing and consider adoption of an ordinance relocating a polling place for Town elections.,Town Code & Ordinances
17207,2017-12-11,Request to Adopt an ordinance re-locating the polling place for Town elections.,Town Code & Ordinances
17209,2017-12-11,"Council to consider adopting Planning Commission-recommended amendments to Section 18-72 - (Restaurants) C-1 Permitted Uses under Article 11, and Section 18-4 - Definitions under Article 2 of Chapter 18 of the Vienna Town Code.",Town Code & Ordinances
17518,2018-01-08,Request to Set a Public Hearing for Issuance of Bonds & Notice of Intent to Adopt an Ordinance.,Town Code & Ordinances
17821,2018-03-12,Request to Set a Public of Hearing for Renewal of Franchise Agreement/Ordinance with Washington Gas.,Town Code & Ordinances
18029,2018-04-09,Public Hearing for Renewal of Franchise Agreement/Ordinance with Washington Gas,Town Code & Ordinances
18189,2018-04-23,"Intent to Adopt Changes to Chapter 9, Article 7 - Town Vehicle License Fee.",Town Code & Ordinances
18209,2018-04-23,Intent to Adopt Franchise Agreement/Ordinance with Washington Gas,Town Code & Ordinances
19037,2018-09-17,"Intent to adopt ordinance amendment to Section 18-4 - Definitions - Finished Lot Grade under Article 2 of Chapter 18 of the Vienna Town Code as recommended by staff, the Planning Commission, and Town Council.",Town Code & Ordinances
19323,2018-10-29,Request to set a Public Hearing on Proposed Changes to the Community Enhancement Commission Code Provisions,Town Code & Ordinances
19471,2018-11-19,Public hearing on proposed changes to the Community Enhancement Commission code provisions,Town Code & Ordinances
19478,2018-11-19,"Request to amend Chapter 6, Finance and Taxation, Article 8, Procurement, of the Vienna Town Code",Town Code & Ordinances
19554,2018-12-10,"Intent to adopt amendments to Chapter 6, Finance and Taxation, Article 8, Procurement",Town Code & Ordinances
19632,2019-01-07,Proposed changes to the Community Enhancement Commission code provisions,Town Code & Ordinances
19758,2019-01-28,Consideration of intent to adopt changes to the Community Enhancement Commission code provisions,Town Code & Ordinances
20789,2019-01-28,Consideration of intent to adopt changes to the Community Enhancement Commission code provisions,Town Code & Ordinances
20614,2019-06-17,"Update Town Code Chapter 10, Miscellaneous, Article 3 - Offenses Against Property, Section 10-22, Petit larceny, and Section 10-7, Concealment, to conform with updated Virginia statutory value threshold for petit larceny (misdemeanor) offenses",Town Code & Ordinances
20965,2019-09-16,"Amend Town Code Chapter 6, Article 8, Section 6-74.1, Small Purchase Procedures",Town Code & Ordinances
20966,2019-09-16,"Public Hearing on Proposed Amendments to Town Code Chapter 1, Section 1-9.1, Fee Charged for Passing Bad Checks to Town",Town Code & Ordinances
21063,2019-09-30,"Adoption of changes to Town Code Chapter 1, Section 1-9.1, Fee Charged for Passing Bad Checks to Town",Town Code & Ordinances
21064,2019-09-30,"Adoption of changes to Town Code Chapter 6, Article 8, Section 6-74.1, Small Purchase Procedures",Town Code & Ordinances
21274,2019-11-04,Request to set a public hearing for issuance of bonds and notice of intent to adopt an ordinance.,Town Code & Ordinances
23360,2020-09-14,"Request to consider amendments to Chapter 11 of the Town Code - Personnel relating to updates in human resources terminology, authorizations for business operations, and holidays",Town Code & Ordinances
23548,2020-10-05,"Intent to adopt amendments to Chapter 11 of the Town Code - Personnel relating to updates in human resources terminology, authorizations for business operations, and holidays",Town Code & Ordinances
26700,2021-11-01,"Request to set a public hearing to receive public comment on proposed amendments to Part 1 of the Town Charter, Chapter 3, Elections, related to the General Assembly’s recent legislation to set all local elections in November; and, to also consider modifications to terms of office to accommodate the November election date, and consideration of possible longer or un-staggered terms of office.",Town Code & Ordinances
26852,2021-11-15,"Public hearing to receive public comment on proposed amendments to Part 1 of the Town Charter, Chapter 3, Elections, related to the General Assembly’s recent legislation to set all local elections in November; and, to also consider modifications to terms of office to accommodate the November election date, and consideration of possible longer or un-staggered terms of office.",Town Code & Ordinances
27304,2022-01-24,"Request to Set a Public Hearing for Feb. 7, 2022 regarding Issuance of Bonds and Notice of Intent to Adopt an Ordinance",Town Code & Ordinances
28364,2022-06-06,"Set public hearing for Updating Chapter 25 - Historic Structures, Sites and Places - of the Town Code, specifically Sec. 25-8 - Presumptive qualification for registration",Town Code & Ordinances
28833,2022-08-29,"Intent to adopt the proposed amendments/modifications to Chapter 22 - Massage Salons, Health Clubs, etc.",Town Code & Ordinances
29157,2022-10-10,"Increase Limits to Small Purchases, Town Code Chapter 6, Article 8 - Procurement",Town Code & Ordinances
29173,2022-10-10,Repeal recent amendments to Chapter 22,Town Code & Ordinances
29269,2022-10-24,"Intent to Adopt the indefinite repeal of the effective date, of the amendments/modifications to Chapter 22 - Massage Salons, Health Clubs, etc., Adopted Aug. 29, 2022, Pending further discussion",Town Code & Ordinances
29312,2022-10-24,"Intent to Adopt the indefinite repeal of the effective date, of the amendments/modifications to Chapter 22 - Massage Salons, Health Clubs, etc., Adopted Aug. 29, 2022, Pending further discussion",Town Code & Ordinances
30828,2023-06-05,Intent to Adopt Amendment to Polling Location Section 2-68 to reflect change in State Code requirement for Town Elections to occur at the polling places for the November General Elections.,Town Code & Ordinances
31645,2023-10-23,"Set a public hearing for Nov. 13, 2023, for public comment on changes to the Town’s Noise Ordinance Sections 10-20.1., 10-44, and 3-11.",Town Code & Ordinances
31758,2023-11-13,"Public Hearing on Town Noise Ordinance Sections. 10-20.1.,10-44, and 3-11.",Town Code & Ordinances
31933,2023-12-04,10:15 p.m. - 10:30 p.m.  -  Intent to adopt proposed amendments and reformatting of Code Sections 10-20.1 and 10-44.,Town Code & Ordinances
32105,2024-01-08,8:20 p.m. - Minor Amendments to the Town Code (Change Time of Council Meetings to 7:30 p.m.) Agenda,Town Code & Ordinances
32106,2024-01-08,"Minor Amendments to the Town Code (Change the Title and references to “conference session” in Town Code Section 2-19, to “work session”)",Town Code & Ordinances
32309,2024-01-29,8:20 p.m. - 8:25 p.m. - Request to Direct the Town Clerk to advertise a Notice of Intent to Adopt the Minor Amendments to the Town Code (Change Time of Council Meetings to 7:30 p.m.) and approve a resolution to set the start time for all regular Town Council meetings for all Town Council 2024 Regular and work session meetings to start at 7:30 p.m.”,Town Code & Ordinances
32310,2024-01-29,"Request to direct the Town Clerk to advertise a Notice of Intent to Adopt proposed changes to Town Code §2-19 to reflect a change of the name “Conference Session"" to “Work Session .”",Town Code & Ordinances
32503,2024-02-26,"Intent to Adopt proposed changes to Town Code §2-19 to reflect a change of the name “Conference Session"" to “Work Session.”",Town Code & Ordinances
32504,2024-02-26,Intent to Adopt the Minor Amendments to the Town Code (Change Time of Council Meetings to 7:30 p.m.) and approve a resolution to set the start time for all regular Town Council Meetings to 7:30 p.m.,Town Code & Ordinances
34801,2025-02-03,7:45 p.m. - 8:15 p.m. - Set Public Hearing to Issue Vehicle Replacement Program Debt and Notice of Intent to Adopt an Ordinance,Town Code & Ordinances
34937,2025-02-24,Intent to Adopt Amendments to Chapter 18 of the Town Code,Town Code & Ordinances
35275,2025-04-07,Intent to Adopt Amendments to Section. 18-407. - Swimming Pools and Outdoor Hot Tubs,Town Code & Ordinances
35471,2025-04-28,"Intent to Adopt Amendments to Chapter 3, Article 4 of the Town Code.",Town Code & Ordinances
36686,2025-11-10,"10:15 - 10:30 PM Set a public hearing on Dec. 8, 2025, to receive public input on proposed changes to the Town Noise Ordinance.",Town Code & Ordinances
36841,2025-12-08,"9:15-9:45 Public Hearing on proposed changes to Chapter 10 - Offenses, Miscellaneous, Article 3, Offenses Against Property, Section 10-20.1 Same -Noise of the Code of the Town of Vienna.",Town Code & Ordinances
37236,2026-02-23,Adoption of an Ordinance Authorizing the Issuance and Sale of General Obligation Refunding Bonds (5 mins.),Town Code & Ordinances
14007,2014-11-17,Award Town Hall HVAC Maintenance Contract.,Town Facilities & Property
14331,2015-04-13,"Award contract to Advanced Building Services, Inc. (ABS) for Town Hall HVAC System Operations and Maintenance Needs",Town Facilities & Property
15425,2016-06-06,"Award IFB 16-15, Town Hall Roof Replacement",Town Facilities & Property
15607,2016-08-22,Award contract for Town Hall flooring improvements.,Town Facilities & Property
18450,2018-05-21,Consideration of Purchasing Real Property Located at 440 Beulah Road NE,Town Facilities & Property
19234,2018-10-15,"Replace Reception Desk, Human Resources Staff Furniture and Lobby Kiosk",Town Facilities & Property
20616,2019-06-17,Request approval for repair of HVAC system at Town Hall,Town Facilities & Property
21427,2019-11-04,Possible land acquisition,Town Facilities & Property
21825,2019-12-09,Approve purchase of real property located at 124 Courthouse Road SW,Town Facilities & Property
26848,2021-11-15,"Request Approval to conduct a Condition Assessment of the Annex with Whitman, Requardt & Associates.",Town Facilities & Property
27293,2022-01-24,Request approval for replacement of Town Hall elevator,Town Facilities & Property
29354,2022-11-14,Request approval to conduct an Annex Long-Term Use Study with Kimmel Bogrette Architecture + Site,Town Facilities & Property
29656,2023-01-09,Award Town Hall Space Study to PMA Architecture,Town Facilities & Property
30405,2023-04-10,Request approval for security system with key card access control at Northside Property Yard,Town Facilities & Property
30838,2023-06-05,Vienna Annex Long-Term Use Study: Future of Existing Annex Building.,Town Facilities & Property
30845,2023-06-05,Request approval of additional spending with Kimmel Bogrette Architecture for a Business Planning & Operational Costs Study as part of the Annex Long Term Use Study,Town Facilities & Property
32501,2024-02-26,8:10 p.m. - 8:25 p.m. Request approval of additional spending with Kimmel Bogrette Architecture as part of the Annex Long Term Use Study,Town Facilities & Property
33665,2024-08-26,"9:15 p.m.- 9:45 p.m. - Award of RFP 24-19, 1st Floor Town Hall Renovation - Architectural Drawings for Construction",Town Facilities & Property
33943,2024-09-23,Request to award a contract for the renovation of the vehicle wash facility at Northside Property Yard,Town Facilities & Property
34226,2024-10-28,"Approval request for spending $106,073 with Fairfield Enterprises, LLC, for building improvements to the Nutley Property Yard",Town Facilities & Property
38316,2026-07-06,"Change Order to Add Design of the 2nd Floor and Basement to RFP 24-19, 1st Floor Town Hall Renovation - Architectural Drawings for Construction",Town Facilities & Property
38495,2026-08-24,"Request to award Invitation for Bid (IFB) 26-14 to Capital Global Explorer, Inc., for Town Hall Bathroom Improvements.",Town Facilities & Property
12135,2013-10-28,Request to endorse cooperative agreement with Fairfax County to share stormwater service district fees.,"Water, Sewer & Stormwater"
12219,2013-11-18,Request to award a sewer lining contract to AM-Liner.,"Water, Sewer & Stormwater"
12423,2014-01-27,"Request to award Meadow Lane SW and Gibson Drive SW drainage improvement contract to American Contractors, Inc.","Water, Sewer & Stormwater"
12519,2014-03-03,Request to approve AT&T proposed collocation at Town of Vienna Tapawingo Water Tank lease agreement.,"Water, Sewer & Stormwater"
12633,2014-03-17,Request to approve AT&T proposed collocation at Town of Vienna Tapawingo Water Tank lease agreement.,"Water, Sewer & Stormwater"
12635,2014-03-17,"Request to award emergency sewer repair contract, Vienna Shopping Center.","Water, Sewer & Stormwater"
12640,2014-03-17,Request to set date for Public Hearing for FY 2014-2015 Water and Sewer rates.,"Water, Sewer & Stormwater"
12807,2014-04-07,Request to set a public hearing for Stormwater Management ordinance amendments.,"Water, Sewer & Stormwater"
12872,2014-04-28,Public Hearing for FY15 Water and Sewer Rates,"Water, Sewer & Stormwater"
12873,2014-04-28,Public Hearing for Stormwater Management Ordinance Amendments,"Water, Sewer & Stormwater"
12900,2014-05-12,St. Romans Drive Water Main Contract Award.,"Water, Sewer & Stormwater"
12907,2014-05-12,Intent to Adopt Proposed Stormwater Ordinance Amendments.,"Water, Sewer & Stormwater"
12911,2014-05-12,Intent to Adopt FY2014-2015 Water and Sewer rates,"Water, Sewer & Stormwater"
13135,2014-05-19,Village Green Shopping Center Storm Drainage Design Contract Award,"Water, Sewer & Stormwater"
13163,2014-06-02,Purchase water meters from HD Supply Waterworks.,"Water, Sewer & Stormwater"
13226,2014-06-16,Approval of Fairfax Solid Waste Disposal Agreement,"Water, Sewer & Stormwater"
13317,2014-08-18,Award Center Street N Drainage Study Contract to Whitman Requardt.,"Water, Sewer & Stormwater"
13351,2014-09-08,"Award Nelson Drive NE Drainage Study contract to Urban, Ltd","Water, Sewer & Stormwater"
13352,2014-09-08,Award a contract to Whitman Requardt for a Water and Sewer Capacity and Growth Study,"Water, Sewer & Stormwater"
13359,2014-09-08,"Approval for Water and Sewer Temporary Service Costs Exceeding $10,000","Water, Sewer & Stormwater"
13404,2014-09-22,Request to approve an increase in spending for drinking water analysis by Fairfax Water.,"Water, Sewer & Stormwater"
13439,2014-10-20,Award Orchard Street NW Storm Sewer Contract to Espina Paving.,"Water, Sewer & Stormwater"
13445,2014-10-20,Request Approval of Emergency Sewer Repair.,"Water, Sewer & Stormwater"
14004,2014-11-17,Endorsement of a Fairfax Water SCADA Installation Project.,"Water, Sewer & Stormwater"
14011,2014-11-17,Paving Contract Increase for Water Main Breaks.,"Water, Sewer & Stormwater"
14116,2015-01-26,"Award contract to Amec Foster Wheeler, Inc. for stormwater MS-4 Permit compliance activities","Water, Sewer & Stormwater"
14141,2015-02-02,Request to award a sewer lining contract to AM-Liner.,"Water, Sewer & Stormwater"
14142,2015-02-02,Request to award a water main replacement contract.,"Water, Sewer & Stormwater"
14327,2015-04-13,Consideration of Solid Waste Management Plan 5-Year Update.,"Water, Sewer & Stormwater"
14333,2015-04-13,Increase Expenditure for Datamatx for Water and Sewer Outsourced Bill Printing and Postage.,"Water, Sewer & Stormwater"
14400,2015-04-27,Public Hearing for FY2015-2016 Water and Sewer Rates,"Water, Sewer & Stormwater"
14425,2015-05-11,Intent to Adopt FY2015-2016 Water and Sewer Rates,"Water, Sewer & Stormwater"
14467,2015-06-01,Stormwater Management - TMDL Action Plan,"Water, Sewer & Stormwater"
14706,2015-09-28,Request to increase funding for Village Green Shopping Center Storm Drainage Design Contract.,"Water, Sewer & Stormwater"
14987,2016-01-25,"Award contract to Amec Foster Wheeler, Inc. for stormwater MS-4 Permit compliance activities.","Water, Sewer & Stormwater"
14989,2016-01-25,Request approval of purchase of upgraded water meter reading equipment.,"Water, Sewer & Stormwater"
15016,2016-02-01,"Award contract to Amec Foster Wheeler, Inc. for stormwater MS-4 Permit compliance activities.","Water, Sewer & Stormwater"
15020,2016-02-01,Request approval of purchase of upgraded water meter reading equipment.,"Water, Sewer & Stormwater"
15090,2016-03-07,Purchase of Water Valve Maintenance Trailer,"Water, Sewer & Stormwater"
15092,2016-03-07,Request to Set Public Hearing for Proposed Water & Sewer Rate,"Water, Sewer & Stormwater"
15182,2016-04-04,Approval of Arrowood Parc water main emergency repair,"Water, Sewer & Stormwater"
15184,2016-04-04,Public Hearing for FY2016-2017 Water and Sewer Rates,"Water, Sewer & Stormwater"
15267,2016-04-18,Northside Property Yard water quality conceptual design contract award.,"Water, Sewer & Stormwater"
15274,2016-04-18,MS-4 Stormwater Management Activities Annual Update,"Water, Sewer & Stormwater"
15307,2016-05-09,Water main break contracted asphalt repairs.,"Water, Sewer & Stormwater"
15389,2016-05-23,Intent to Adopt FY2016-17 Water and Sewer Rates.,"Water, Sewer & Stormwater"
15505,2016-07-11,"Request approval for spending $25,000 with Petroleum Management for the Northside stormwater vault cleaning.","Water, Sewer & Stormwater"
15602,2016-08-22,"Award On-Call Water Main & Appurtenances Improvement Contract to E.E. Lyons Construction Co., Inc.","Water, Sewer & Stormwater"
15606,2016-08-22,Approve Ninovan and Talahi Roads SE Drainage Improvements Design Contract.,"Water, Sewer & Stormwater"
15654,2016-09-12,"Award of IFB 17-09 to Broad Run Recycling, LLC for construction and demolition waste disposal","Water, Sewer & Stormwater"
15736,2016-10-03,"Request approval for spending $135,000 with AM-Liner East, Inc. for rehabilitation of sanitary sewer pipes throughout the service area.","Water, Sewer & Stormwater"
15789,2016-10-24,Request to approve amended cooperative agreement with Fairfax County to share stormwater service district fees,"Water, Sewer & Stormwater"
15792,2016-10-24,Public Hearing for Intent to Adopt FY2016-17 Water and Sewer Rates.,"Water, Sewer & Stormwater"
15813,2016-11-07,Intent to Adopt FY2016-17 Water and Sewer Rates,"Water, Sewer & Stormwater"
15817,2016-11-07,Request to approve amended cooperative agreement with Fairfax County to share stormwater service district fees,"Water, Sewer & Stormwater"
15858,2016-11-21,Request to increase funds for Glyndon Street NE Drainage Study,"Water, Sewer & Stormwater"
15985,2017-01-30,Set a Public Hearing to amend General Fund and Water and Sewer Fund Budgets for Capital Lease Proceeds and Vehicle Purchases,"Water, Sewer & Stormwater"
16132,2017-03-13,Request to Set Public Hearing for Proposed Water & Sewer Rates,"Water, Sewer & Stormwater"
16206,2017-04-03,Request fiscal year 2017 spending and award of IFB 17-13 for Mueller Fire Hydrants - As Needed to Water Works Supply,"Water, Sewer & Stormwater"
16209,2017-04-03,Request to increase FY17 spending with Ferguson Waterworks for water division supplies,"Water, Sewer & Stormwater"
16258,2017-04-17,Public Hearing for FY2017-18 Water and Sewer Rates,"Water, Sewer & Stormwater"
16324,2017-05-08,Request to pass Resolution and to approve the installation of a security fence at the Wall Street water storage tank and pump station.,"Water, Sewer & Stormwater"
16326,2017-05-08,Intent to Adopt FY 2017-18 Water and Sewer Rates,"Water, Sewer & Stormwater"
16679,2017-08-21,"Request approval for additional FY17 spending with Broad Run Recycling, LLC","Water, Sewer & Stormwater"
16680,2017-08-21,"Request approval for spending $100,000 with E.E. Lyons Construction for water main and appurtenances improvements within the Town’s water service area","Water, Sewer & Stormwater"
16756,2017-09-11,Proposed Lease to CELLCO PARTNERSHIP dba Verizon Wireless for Cellular Antennae Installation on Tapawingo/Frederick Street SW Water Tower,"Water, Sewer & Stormwater"
16914,2017-10-16,Award Glyndon Street NE Drainage and Roadway Improvements (bet. Ayr Hill Road NE and Jean Place NE) Design Contract,"Water, Sewer & Stormwater"
17032,2017-11-13,Request additional FY18 spending with Water Works Supply,"Water, Sewer & Stormwater"
17210,2017-12-11,"Request approval for spending $200,000 with A & M Concrete Corporation for relocation of a water main as part of the Marshall Rd SW sidewalk project under IFB 17-15","Water, Sewer & Stormwater"
17213,2017-12-11,"Request Award of Water and Sewer Rate Study, RFP 18-04, to Municipal and Financial Services Group","Water, Sewer & Stormwater"
17599,2018-01-29,Request additional FY18 spending with Ferguson for water and sewer repair parts,"Water, Sewer & Stormwater"
17763,2018-02-26,Request additional FY18 spending with HD Supply for water meters,"Water, Sewer & Stormwater"
17765,2018-02-26,Request additional FY18 spending with American Recycling,"Water, Sewer & Stormwater"
17766,2018-02-26,Request to increase funds for Ninovan and Talahi Roads SE drainage improvements design,"Water, Sewer & Stormwater"
17826,2018-03-12,"Request to Set Public Hearing on April 9, 2018 Regarding Proposed Water and Sewer Rates","Water, Sewer & Stormwater"
17828,2018-03-12,Request approval of Memorandum of Understanding between the Morton and Spapperi Family Foundation and the Town of Vienna for installation of a water conservation project on land adjacent to the Vienna Community Center property,"Water, Sewer & Stormwater"
18025,2018-04-09,Public Hearing for FY2018-19 Water and Sewer Rates,"Water, Sewer & Stormwater"
18441,2018-05-21,Intent to adopt FY 2018-19 Water and Sewer Rates,"Water, Sewer & Stormwater"
18445,2018-05-21,"Request approval for spending $1,200,000 with E.E. Lyons Construction for water main and appurtenances improvements within the Town’s water service area","Water, Sewer & Stormwater"
18447,2018-05-21,"Request approval for spending $400,000 with AM-Liner East, Inc. for the rehabilitation of sanitary sewer pipes throughout the service area.","Water, Sewer & Stormwater"
18903,2018-08-20,"Request award of IFB 19-01, Ninovan Road SE - Roadway and Drainage Improvements","Water, Sewer & Stormwater"
18904,2018-08-20,"Request FY19 spending with Broad Run Recycling, LLC","Water, Sewer & Stormwater"
18905,2018-08-20,Request additional FY18 spending with American Recycling,"Water, Sewer & Stormwater"
19034,2018-09-17,Request approval for FY19 spending with Water Works Supply,"Water, Sewer & Stormwater"
19240,2018-10-15,Stormwater Management Presentation,"Water, Sewer & Stormwater"
19474,2018-11-19,Award design contract for 441 and 443 Orchard Street NW drainage improvements,"Water, Sewer & Stormwater"
19626,2019-01-07,Request to approve T-Mobile Northeast LLC proposed First Amendment to Deed of Lease for an extension and amendment to the Town of Vienna Tapawingo Water Tank lease agreement with T-Mobile,"Water, Sewer & Stormwater"
19969,2019-03-11,"Request to set a public hearing for April 8, 2019 regarding proposed water and sewer rates","Water, Sewer & Stormwater"
20182,2019-04-08,Public Hearing regarding FY 2019-20 Water and Sewer Rates,"Water, Sewer & Stormwater"
20294,2019-04-29,Request additional FY19 spending with American Recycling,"Water, Sewer & Stormwater"
20366,2019-05-13,Intent to adopt FY 2019-20 Water and Sewer Rates,"Water, Sewer & Stormwater"
20367,2019-05-13,Letter of Agreement with Fairfax County Regarding Sewer Debt,"Water, Sewer & Stormwater"
20622,2019-06-17,Letter of agreement with Fairfax County regarding sewer debt,"Water, Sewer & Stormwater"
22038,2020-01-06,Request approval of an agreement with Fairfax County for inspection and potential repair of Piney Branch-Difficult Run trunk sewers.,"Water, Sewer & Stormwater"
22371,2020-03-09,Request additional FY20 spending with Broad Run Recycling for construction and demolition debris disposal,"Water, Sewer & Stormwater"
22374,2020-03-09,"Request to set a public hearing for April 13, 2020 regarding proposed FY 2020-21 Water and Sewer rates","Water, Sewer & Stormwater"
22516,2020-04-13,Public hearing on FY 2020-21 water and sewer rates,"Water, Sewer & Stormwater"
22592,2020-04-27,"Request approval for spending $1,000,000 with E.E. Lyons Construction for water main and appurtenance improvements within the Town’s water service area","Water, Sewer & Stormwater"
22641,2020-05-11,Intent to Adopt FY 2020-21 Water and Sewer Rates,"Water, Sewer & Stormwater"
22802,2020-06-01,"Request approval for spending $40,000 with Arthur Construction for construction of 441 and 443 Orchard Street NW drainage improvements","Water, Sewer & Stormwater"
23023,2020-07-06,Request additional FY20 spending with Broad Run Recycling,"Water, Sewer & Stormwater"
23546,2020-10-05,Request approval for emergency sewer repair at Wolftrap Creek interceptor,"Water, Sewer & Stormwater"
23547,2020-10-05,"Request approval for spending $500,000 with Tri-State Utilities, Inc. for rehabilitation of sanitary sewer pipes throughout the service area.","Water, Sewer & Stormwater"
23783,2020-11-16,DPW requests approval for joint project to rehabilitate trunk sewers that cross Route 7 at Difficult Run,"Water, Sewer & Stormwater"
23882,2020-12-07,"Request approval for spending $1,000,000 with E.E. Lyons Construction for water main and appurtenance improvements within the Town's water service area","Water, Sewer & Stormwater"
23883,2020-12-07,Northern Virginia Regional Commission (NVRC) project to update the Regional Water Supply Plan,"Water, Sewer & Stormwater"
24648,2021-03-22,"Request to set a public hearing for April 12, 2021 regarding FY 2021-22 water and sewer rates","Water, Sewer & Stormwater"
24805,2021-04-12,Public hearing on FY 2021-22 Water and Sewer Rates,"Water, Sewer & Stormwater"
25000,2021-04-26,"Intent to Adopt an amendment to the Vienna Town Code (Chapter 13A, Section 13A.4 -Residential Refuse) to eliminate use of plastic bags for yard waste.","Water, Sewer & Stormwater"
25177,2021-05-17,Intent to Adopt FY 2021-22 Water and Sewer Rates,"Water, Sewer & Stormwater"
25437,2021-06-07,Request additional spending with Shirley Construction for the rehabilitate the trunk sewers that cross Route 7 at Difficult Run project.,"Water, Sewer & Stormwater"
25438,2021-06-07,"Request approval for spending $1,000,000 with E.E. Lyons Construction for water main and appurtenance improvements within the Town's water service area.","Water, Sewer & Stormwater"
27407,2022-02-07,"Award IFB 22-06 for the Provision and Installation of Water Mains - As Needed to Crown Construction Service, Inc. and approval for spending $1,000,000 for water main improvements within the Town's service area","Water, Sewer & Stormwater"
27602,2022-03-07,"Request approval for spending $200,000 with Tri-State Utilities, Inc. for rehabilitation of sanitary sewer pipes throughout the service area.","Water, Sewer & Stormwater"
27753,2022-03-21,"Request to set a public hearing for April 11, 2022 regarding FY 2022-23 water and sewer rates","Water, Sewer & Stormwater"
27918,2022-04-11,Public Hearing on FY 2022-23 Water and Sewer Rates,"Water, Sewer & Stormwater"
28218,2022-05-16,Intent to Adopt FY 2022-23 Water and Sewer Rates,"Water, Sewer & Stormwater"
29010,2022-09-26,"Award a Design Contract to Whitman, Requardt & Associates, LLP, for Moore Avenue SE Drainage Improvements. Approved in 2022 CIP","Water, Sewer & Stormwater"
29011,2022-09-26,"Award a Design Contract to Whitman, Requardt & Associates, LLP, for Manvell Road SE Drainage Improvements. Approved in 2022 CIP","Water, Sewer & Stormwater"
29012,2022-09-26,"Request approval for spending $1,250,000 with Crown Construction Service, Inc. for water main improvements within the Town's water service area. Approved by Council January 24, 2022 Phase 1 ARPA funding.","Water, Sewer & Stormwater"
29815,2023-01-30,"Request approval for spending $1,350,000 with Crown Construction Service, Inc. for 
continued water main improvements within the Town’s water service area using Phase II ARPA funding.","Water, Sewer & Stormwater"
30062,2023-03-06,"Award a construction contract to U.S. Concrete & Paving, Inc., for 600 Block Valley Drive, SE drainage improvements","Water, Sewer & Stormwater"
30224,2023-03-20,"Request to set a public hearing for April 10, 2023 regarding FY2023-24 water and sewer rates","Water, Sewer & Stormwater"
30410,2023-04-10,Public Hearing on FY2023-24 Water and Sewer Rates,"Water, Sewer & Stormwater"
30711,2023-05-15,Intent to Adopt FY2023-24 Water and Sewer Rates,"Water, Sewer & Stormwater"
30837,2023-06-05,Stormwater Management Presentation,"Water, Sewer & Stormwater"
31331,2023-09-11,Request approval for the continuation of repairs to trunk sanitary sewer as outlined in a 2020 Greeley and Hansen Report for the out of Town Sewers refined by a recent Dewberry Technical Memorandum dated June 2023 to the County.,"Water, Sewer & Stormwater"
31760,2023-11-13,"Set Public Hearing to Issue Water and Sewer Debt for Dec. 4, 2023 and Notice of Intent to Adopt an Ordinance","Water, Sewer & Stormwater"
31935,2023-12-04,9:15 p.m. - 9:30 p.m. -  Public Hearing for Issuance of Water and Sewer Debt and Vehicle Line of Credit,"Water, Sewer & Stormwater"
32776,2024-03-18,"Request to Set a Public Hearing for April 8, 2024 regarding the FY2024-25 Water and Sewer Rates","Water, Sewer & Stormwater"
32779,2024-03-18,7:45 p.m. - 8:15 p.m. - Presentation on Water and Sewer Rate Study Results,"Water, Sewer & Stormwater"
32875,2024-04-08,8:15 p.m. - 8:30 p.m. Public Hearing on FY2024-25 Water and Sewer Rates,"Water, Sewer & Stormwater"
33181,2024-05-20,Intent to Adopt FY2024-25 Water and Sewer Rates,"Water, Sewer & Stormwater"
34315,2024-11-18,"Request approval to award construction of the ARPA funded Glyndon Street, NE, Drainage Project from Ayr Hill to Jean Place.","Water, Sewer & Stormwater"
34317,2024-11-18,"Request approval to award the construction of Drainage Improvements on Manvell Road, SE, from Park Street to Glyndon Street, SE","Water, Sewer & Stormwater"
35198,2025-03-24,"Approval Request for the Sale of Certain Land Rights on Town of Vienna Property, Necessary for the Construction of Fairfax County Project WW-000032-007, Accotink Gravity Sewer Improvements.","Water, Sewer & Stormwater"
35204,2025-03-24,"Request to Set a Public Hearing for April 7, 2025 regarding the FY2025-26 Water and Sewer Rates","Water, Sewer & Stormwater"
35277,2025-04-07,Public Hearing for Fiscal Year 2025-26 Water and Sewer Rates,"Water, Sewer & Stormwater"
35279,2025-04-07,Approval Request to Award Water System Valuation and Condition Assessment,"Water, Sewer & Stormwater"
35676,2025-05-19,Intent to Adopt FY 2025-26 Water and Sewer Rates,"Water, Sewer & Stormwater"
36682,2025-11-10,"10:30 - 10:45 PM Approval Request for the Sale of Certain Land Rights on Town of Vienna Property, Necessary for the Construction of Fairfax County Project WW‐000034‐004: Gravity Sewer Capacity Improvements-Tysons West.","Water, Sewer & Stormwater"
37655,2026-03-23,"Request to Set a Public Hearing for April 6, 2026, regarding the FY2026-27 Proposed Water and Sewer Rates","Water, Sewer & Stormwater"
37711,2026-04-06,Public Hearing for Fiscal Year 2026-27 Water and Sewer Rates (5 mins.),"Water, Sewer & Stormwater"
37985,2026-05-18,Intent to Adopt Water and Sewer Rates FY 2026-27 (5 min. Staff Presentation),"Water, Sewer & Stormwater"
38321,2026-07-06,"Request to Award Invitation for Bid (IFB) 26-11 to Sagres Construction Corporation (Primary) and Crown Construction Service, Inc (Secondary) for Provision and Installation of Water Mains","Water, Sewer & Stormwater"
38492,2026-08-24,Request approval to purchase equipment funded by the water and sewer fund as outlined in the FY26 Vehicle Replacement Plan (VRP),"Water, Sewer & Stormwater"
