meeting_date,item_id,title,topic_unofficial,vote_tally,meeting_url
2026-07-06,38299,"Invocation: Corky Eddins, Christ Church Vienna",Procedural,,https://viennavadata.org/meeting/2026-07-06.html
2026-07-06,38300,Pledge of Allegiance to the Flag of the United States of America,Procedural,,https://viennavadata.org/meeting/2026-07-06.html
2026-07-06,38301,Roll Call,Procedural,,https://viennavadata.org/meeting/2026-07-06.html
2026-07-06,38302,Acceptance of the Minutes:,Minutes,,https://viennavadata.org/meeting/2026-07-06.html
2026-07-06,38327,Approval of the Draft Town Council Meeting Minutes from May 11th and June 1st and the Draft Town Council Work Session Minutes from June 1st.,Minutes,,https://viennavadata.org/meeting/2026-07-06.html
2026-07-06,38303,"Receipt of petitions and communications from the Public that are not on the Agenda.  
          (Limited to 3 minutes per issue and no formal action can be taken this evening)",Procedural,,https://viennavadata.org/meeting/2026-07-06.html
2026-07-06,38305,Reports/Presentations,Procedural,,https://viennavadata.org/meeting/2026-07-06.html
2026-07-06,38306,Report and Inquiries of Council Members,Procedural,,https://viennavadata.org/meeting/2026-07-06.html
2026-07-06,38307,Report of the Town Manager,Procedural,,https://viennavadata.org/meeting/2026-07-06.html
2026-07-06,38308,Report of the Mayor,Procedural,,https://viennavadata.org/meeting/2026-07-06.html
2026-07-06,38330,"Principal Liz Calvert, Retirement Recognition",Proclamations & Recognitions,,https://viennavadata.org/meeting/2026-07-06.html
2026-07-06,38323,National Parks & Recreation Month,Parks & Recreation,,https://viennavadata.org/meeting/2026-07-06.html
2026-07-06,38309,Proposals for Additional Items to the Agenda,Procedural,,https://viennavadata.org/meeting/2026-07-06.html
2026-07-06,38310,Closed Session Report,Procedural,,https://viennavadata.org/meeting/2026-07-06.html
2026-07-06,38312,Consent Agenda,Consent Agenda,,https://viennavadata.org/meeting/2026-07-06.html
2026-07-06,38320,Appropriate Spending for the Town Attorney for FY 2026-27,"Budget, Taxes & Finance",,https://viennavadata.org/meeting/2026-07-06.html
2026-07-06,38318,"Intent to adopt a proposed ordinance to amend the Code of the Town of Vienna, Chapter 9, Motor Vehicles and Traffic, Article 1, In General, Section 9-3, Adoption of State Code.","Streets, Sidewalks & Transportation",,https://viennavadata.org/meeting/2026-07-06.html
2026-07-06,38314,Request to adopt 2027 Town Council meeting schedule for inclusion in the 2027 Town of Vienna Calendar.,Governance & Administration,,https://viennavadata.org/meeting/2026-07-06.html
2026-07-06,38319,Approval of payment to Tyler Technologies for the standard software maintenance agreement (SSMA) for the Vienna Finance Department,"Budget, Taxes & Finance",,https://viennavadata.org/meeting/2026-07-06.html
2026-07-06,38315,"Request to set a Public Hearing for Aug. 24, 2026, for AT&T Mobility’s request for Modification of Requirements at 527 Maple Ave., E","Land Use, Zoning & Development",,https://viennavadata.org/meeting/2026-07-06.html
2026-07-06,38316,"Change Order to Add Design of the 2nd Floor and Basement to RFP 24-19, 1st Floor Town Hall Renovation - Architectural Drawings for Construction",Town Facilities & Property,,https://viennavadata.org/meeting/2026-07-06.html
2026-07-06,38317,"Recommend approval to add 217 Walnut Lane, NW, to the Town of Vienna Historic Property Register.","Land Use, Zoning & Development",,https://viennavadata.org/meeting/2026-07-06.html
2026-07-06,38321,"Request to Award Invitation for Bid (IFB) 26-11 to Sagres Construction Corporation (Primary) and Crown Construction Service, Inc (Secondary) for Provision and Installation of Water Mains","Water, Sewer & Stormwater",,https://viennavadata.org/meeting/2026-07-06.html
2026-07-06,38322,"Request to award Purchase Order for Engineering & Design Services to WSP USA Environment & Infrastructure, Inc. for the Bear Branch - Onondio Circle Stream Restoration Project.","Environment, Trees & Sustainability",,https://viennavadata.org/meeting/2026-07-06.html
2026-07-06,38324,"Request approval to increase FY27 spending with Brightview Landscape Services, Inc., for maintenance of landscape beds and hardscaped areas within Town rights-of-way and parks.",Parks & Recreation,,https://viennavadata.org/meeting/2026-07-06.html
2026-07-06,38325,"Amend Council’s June 1, 2026, motion to reschedule the Tree Advocacy Committee - Green Streets Policy work session from July 6, 2026, to Aug.  24, 2026","Environment, Trees & Sustainability",,https://viennavadata.org/meeting/2026-07-06.html
2026-07-06,38313,Regular Business,Procedural,,https://viennavadata.org/meeting/2026-07-06.html
2026-07-06,38326,"Request to Set a Public Hearing for Sept. 14, 2026 Regarding Reducing the Town of Vienna Meals Tax Rate from 4% to 3%","Budget, Taxes & Finance",,https://viennavadata.org/meeting/2026-07-06.html
2026-07-06,38328,Meeting Adjournment,Procedural,,https://viennavadata.org/meeting/2026-07-06.html
2026-07-06,38329,"THE TOWN OF VIENNA IS COMMITTED TO FULL COMPLIANCE WITH THE AMERICANS WITH DISABILITIES ACT STANDARDS. TRANSLATION SERVICES, ASSISTANCE OR ACCOMMODATION REQUESTS FROM PERSONS WITH DISABILITIES ARE TO BE REQUESTED NOT LESS THAN 3 WORKING DAYS BEFORE THE DAY OF THE EVENT. PLEASE CALL (703) 255-6304, OR 711 VIRGINIA RELAY SERVICE FOR THE HEARING IMPAIRED.",Procedural,,https://viennavadata.org/meeting/2026-07-06.html
2026-06-01,38110,"Invocation: Mercury Payton, Town Manager",Procedural,,https://viennavadata.org/meeting/2026-06-01.html
2026-06-01,38111,Pledge of Allegiance to the Flag of the United States of America,Procedural,,https://viennavadata.org/meeting/2026-06-01.html
2026-06-01,38112,Roll Call,Procedural,,https://viennavadata.org/meeting/2026-06-01.html
2026-06-01,38113,Acceptance of the Minutes:,Minutes,,https://viennavadata.org/meeting/2026-06-01.html
2026-06-01,38132,Approval of the Draft May 11th Town Council Work Session Minutes,Minutes,,https://viennavadata.org/meeting/2026-06-01.html
2026-06-01,38114,"Receipt of petitions and communications from the Public that are not on the Agenda.  
          (Limited to 3 minutes per issue and no formal action can be taken this evening)",Procedural,,https://viennavadata.org/meeting/2026-06-01.html
2026-06-01,38115,,Procedural,,https://viennavadata.org/meeting/2026-06-01.html
2026-06-01,38116,Reports/Presentations,Procedural,,https://viennavadata.org/meeting/2026-06-01.html
2026-06-01,38117,Report and Inquiries of Council Members,Procedural,,https://viennavadata.org/meeting/2026-06-01.html
2026-06-01,38118,Report of the Town Manager,Procedural,,https://viennavadata.org/meeting/2026-06-01.html
2026-06-01,38119,Report of the Mayor - Board and Commission Certificate of Appreciation,Procedural,,https://viennavadata.org/meeting/2026-06-01.html
2026-06-01,38120,Proposals for Additional Items to the Agenda,Procedural,,https://viennavadata.org/meeting/2026-06-01.html
2026-06-01,38121,Closed Session Report,Procedural,,https://viennavadata.org/meeting/2026-06-01.html
2026-06-01,38123,Consent Agenda,Consent Agenda,7 Aye,https://viennavadata.org/meeting/2026-06-01.html
2026-06-01,38125,FY 2027 funding of contracts issued by other jurisdictions under the Virginia Public Procurement Act cooperative procurement provisions.,Contracts & Purchasing,,https://viennavadata.org/meeting/2026-06-01.html
2026-06-01,38126,FY 2027 funding and renewal of Town contracts,Contracts & Purchasing,,https://viennavadata.org/meeting/2026-06-01.html
2026-06-01,38127,Grounds Maintenance and License Agreement Between the Town of Vienna and Navy Federal Credit Union,Contracts & Purchasing,,https://viennavadata.org/meeting/2026-06-01.html
2026-06-01,38130,Approval of payment to Tyler Technologies for the standard software maintenance agreement (SSMA) for the Vienna Police Department.,Public Safety,,https://viennavadata.org/meeting/2026-06-01.html
2026-06-01,38128,"Proposed renewal of agreement between the Northern Virginia Regional Park Authority, the Northern Virginia Model Railroaders, Inc. and the Town of Vienna for the operation of the W&OD Trail Vienna Railroad Station.",Parks & Recreation,,https://viennavadata.org/meeting/2026-06-01.html
2026-06-01,38131,Appointment of Town Officials for FY 2026-27,Appointments & Resignations,,https://viennavadata.org/meeting/2026-06-01.html
2026-06-01,38124,Regular Business,Procedural,,https://viennavadata.org/meeting/2026-06-01.html
2026-06-01,38129,Tree Advocacy Committee - Request to Amend Vienna Green Streets Policy (5 min. Staff Presentation),"Environment, Trees & Sustainability","2 Nay, 5 Aye",https://viennavadata.org/meeting/2026-06-01.html
2026-06-01,38135,Second Closed Session,Procedural,,https://viennavadata.org/meeting/2026-06-01.html
2026-06-01,38133,Meeting Adjournment,Procedural,,https://viennavadata.org/meeting/2026-06-01.html
2026-06-01,38134,"THE TOWN OF VIENNA IS COMMITTED TO FULL COMPLIANCE WITH THE AMERICANS WITH DISABILITIES ACT STANDARDS. TRANSLATION SERVICES, ASSISTANCE OR ACCOMMODATION REQUESTS FROM PERSONS WITH DISABILITIES ARE TO BE REQUESTED NOT LESS THAN 3 WORKING DAYS BEFORE THE DAY OF THE EVENT. PLEASE CALL (703) 255-6304, OR 711 VIRGINIA RELAY SERVICE FOR THE HEARING IMPAIRED.",Procedural,,https://viennavadata.org/meeting/2026-06-01.html
2026-05-18,37966,"Invocation: Pastor Brenda Burns, Ayr Hill Church",Procedural,,https://viennavadata.org/meeting/2026-05-18.html
2026-05-18,37967,Pledge of Allegiance to the Flag of the United States of America,Procedural,,https://viennavadata.org/meeting/2026-05-18.html
2026-05-18,37968,Roll Call,Procedural,,https://viennavadata.org/meeting/2026-05-18.html
2026-05-18,37969,Acceptance of the Minutes:,Minutes,,https://viennavadata.org/meeting/2026-05-18.html
2026-05-18,37987,"Approval of the April 20th Draft Town Council Work Session, April 27th Draft Town Council Meeting, and May 4th Draft Town Council Meeting Minutes.",Minutes,,https://viennavadata.org/meeting/2026-05-18.html
2026-05-18,37970,"Receipt of petitions and communications from the Public that are not on the Agenda.  
          (Limited to 3 minutes per issue and no formal action can be taken this evening)",Procedural,,https://viennavadata.org/meeting/2026-05-18.html
2026-05-18,37972,Reports/Presentations,Procedural,,https://viennavadata.org/meeting/2026-05-18.html
2026-05-18,37973,Report and Inquiries of Council Members,Procedural,,https://viennavadata.org/meeting/2026-05-18.html
2026-05-18,37974,Report of the Town Manager,Procedural,,https://viennavadata.org/meeting/2026-05-18.html
2026-05-18,37991,Wings Program (5 min. Staff Presentation),"Community, Arts & Events",,https://viennavadata.org/meeting/2026-05-18.html
2026-05-18,37992,Economic Development Quarterly Update (15 min. Staff Presentation),Economic Development,,https://viennavadata.org/meeting/2026-05-18.html
2026-05-18,37975,Report of the Mayor,Procedural,,https://viennavadata.org/meeting/2026-05-18.html
2026-05-18,37976,Proposals for Additional Items to the Agenda,Procedural,,https://viennavadata.org/meeting/2026-05-18.html
2026-05-18,37977,Closed Session Report,Procedural,,https://viennavadata.org/meeting/2026-05-18.html
2026-05-18,37980,Regular Business,Procedural,,https://viennavadata.org/meeting/2026-05-18.html
2026-05-18,37984,Intent to Adopt Real Estate Tax Rate for FY2026-27 (5 min. Staff Presentation),"Budget, Taxes & Finance","6 Aye, 1 Nay",https://viennavadata.org/meeting/2026-05-18.html
2026-05-18,37985,Intent to Adopt Water and Sewer Rates FY 2026-27 (5 min. Staff Presentation),"Water, Sewer & Stormwater",7 Aye,https://viennavadata.org/meeting/2026-05-18.html
2026-05-18,37986,Intent to Adopt FY 2026-27 Operating Budget (5 Min. Staff Presentation),"Budget, Taxes & Finance",7 Aye,https://viennavadata.org/meeting/2026-05-18.html
2026-05-18,37983,Request to award a design contract to Bowman Consulting Firm for the Southside Park Ball Field Improvements Project (5 Min. Staff Presentation),Parks & Recreation,7 Aye,https://viennavadata.org/meeting/2026-05-18.html
2026-05-18,37981,"Vienna License/Franchise Agreement with Level 3 Communications, LLC (a subsidiary of Lumen Technologies)",Contracts & Purchasing,7 Aye,https://viennavadata.org/meeting/2026-05-18.html
2026-05-18,38012,Discussion and Direction on the Draft 2026 Comprehensive Plan,"Land Use, Zoning & Development",,https://viennavadata.org/meeting/2026-05-18.html
2026-05-18,37993,Second Closed Session Report,Procedural,7 Aye,https://viennavadata.org/meeting/2026-05-18.html
2026-05-18,37988,Meeting Adjournment,Procedural,,https://viennavadata.org/meeting/2026-05-18.html
2026-05-18,37989,"THE TOWN OF VIENNA IS COMMITTED TO FULL COMPLIANCE WITH THE AMERICANS WITH DISABILITIES ACT STANDARDS. TRANSLATION SERVICES, ASSISTANCE OR ACCOMMODATION REQUESTS FROM PERSONS WITH DISABILITIES ARE TO BE REQUESTED NOT LESS THAN 3 WORKING DAYS BEFORE THE DAY OF THE EVENT. PLEASE CALL (703) 255-6304, OR 711 VIRGINIA RELAY SERVICE FOR THE HEARING IMPAIRED.",Procedural,,https://viennavadata.org/meeting/2026-05-18.html
2026-05-04,37878,"Invocation: Rev. Dean Miller, Christ Church Vienna",Procedural,,https://viennavadata.org/meeting/2026-05-04.html
2026-05-04,37879,Pledge of Allegiance to the Flag of the United States of America,Procedural,,https://viennavadata.org/meeting/2026-05-04.html
2026-05-04,37880,Roll Call,Procedural,,https://viennavadata.org/meeting/2026-05-04.html
2026-05-04,37881,Acceptance of the Minutes:,Minutes,,https://viennavadata.org/meeting/2026-05-04.html
2026-05-04,37896,"Acceptance of the Town Council Draft Minutes of April 6, 2026",Minutes,,https://viennavadata.org/meeting/2026-05-04.html
2026-05-04,37882,"Receipt of petitions and communications from the Public that are not on the Agenda.  
          (Limited to 3 minutes per issue and no formal action can be taken this evening)",Procedural,,https://viennavadata.org/meeting/2026-05-04.html
2026-05-04,37884,Reports/Presentations,Procedural,,https://viennavadata.org/meeting/2026-05-04.html
2026-05-04,37885,Report and Inquiries of Council Members,Procedural,,https://viennavadata.org/meeting/2026-05-04.html
2026-05-04,37886,Report of the Town Manager,Procedural,,https://viennavadata.org/meeting/2026-05-04.html
2026-05-04,37887,Report of the Mayor,Procedural,,https://viennavadata.org/meeting/2026-05-04.html
2026-05-04,37894,2026 Small Business and Economic Development week Proclamation,Proclamations & Recognitions,,https://viennavadata.org/meeting/2026-05-04.html
2026-05-04,37888,Proposals for Additional Items to the Agenda,Procedural,,https://viennavadata.org/meeting/2026-05-04.html
2026-05-04,37889,Closed Session Report,Procedural,,https://viennavadata.org/meeting/2026-05-04.html
2026-05-04,37890,Public Hearings,Procedural,,https://viennavadata.org/meeting/2026-05-04.html
2026-05-04,37893,Public Hearing on the Planning Commission’s Draft 2026 Comprehensive Plan (10 mins),"Land Use, Zoning & Development",,https://viennavadata.org/meeting/2026-05-04.html
2026-05-04,37892,Regular Business,Procedural,,https://viennavadata.org/meeting/2026-05-04.html
2026-05-04,37895,Fiscal Year 2026-27 Proposed Tax Rate (5 mins),"Budget, Taxes & Finance",7 Aye,https://viennavadata.org/meeting/2026-05-04.html
2026-05-04,37897,Meeting Adjournment,Procedural,,https://viennavadata.org/meeting/2026-05-04.html
2026-05-04,37898,"THE TOWN OF VIENNA IS COMMITTED TO FULL COMPLIANCE WITH THE AMERICANS WITH DISABILITIES ACT STANDARDS. TRANSLATION SERVICES, ASSISTANCE OR ACCOMMODATION REQUESTS FROM PERSONS WITH DISABILITIES ARE TO BE REQUESTED NOT LESS THAN 3 WORKING DAYS BEFORE THE DAY OF THE EVENT. PLEASE CALL (703) 255-6304, OR 711 VIRGINIA RELAY SERVICE FOR THE HEARING IMPAIRED.",Procedural,,https://viennavadata.org/meeting/2026-05-04.html
2026-04-27,37821,"Invocation: Corky Eddins, Christ Church Vienna",Procedural,,https://viennavadata.org/meeting/2026-04-27.html
2026-04-27,37822,Pledge of Allegiance to the Flag of the United States of America,Procedural,,https://viennavadata.org/meeting/2026-04-27.html
2026-04-27,37823,Roll Call,Procedural,,https://viennavadata.org/meeting/2026-04-27.html
2026-04-27,37824,Acceptance of the Minutes:,Minutes,,https://viennavadata.org/meeting/2026-04-27.html
2026-04-27,37844,"March 14 and March 23, 2026 Draft Work Session Minutes",Minutes,,https://viennavadata.org/meeting/2026-04-27.html
2026-04-27,37825,"Receipt of petitions and communications from the Public that are not on the Agenda.  
          (Limited to 3 minutes per issue and no formal action can be taken this evening)",Procedural,,https://viennavadata.org/meeting/2026-04-27.html
2026-04-27,37826,,Procedural,,https://viennavadata.org/meeting/2026-04-27.html
2026-04-27,37827,Reports/Presentations,Procedural,,https://viennavadata.org/meeting/2026-04-27.html
2026-04-27,37828,Report and Inquiries of Council Members,Procedural,,https://viennavadata.org/meeting/2026-04-27.html
2026-04-27,37829,Report of the Town Manager,Procedural,,https://viennavadata.org/meeting/2026-04-27.html
2026-04-27,37841,Next Steps for Strategic Plan (10 mins),Governance & Administration,,https://viennavadata.org/meeting/2026-04-27.html
2026-04-27,37830,Report of the Mayor,Procedural,,https://viennavadata.org/meeting/2026-04-27.html
2026-04-27,37840,Proclamations,Proclamations & Recognitions,,https://viennavadata.org/meeting/2026-04-27.html
2026-04-27,37831,Proposals for Additional Items to the Agenda,Procedural,,https://viennavadata.org/meeting/2026-04-27.html
2026-04-27,37832,Closed Session Report,Procedural,,https://viennavadata.org/meeting/2026-04-27.html
2026-04-27,37833,Public Hearings,Procedural,,https://viennavadata.org/meeting/2026-04-27.html
2026-04-27,37838,Public Hearing for Fiscal Year 2026-27 Proposed Tax Rate (5 mins.),"Budget, Taxes & Finance",7 Aye,https://viennavadata.org/meeting/2026-04-27.html
2026-04-27,37835,Regular Business,Procedural,,https://viennavadata.org/meeting/2026-04-27.html
2026-04-27,37834,Consent Agenda,Consent Agenda,,https://viennavadata.org/meeting/2026-04-27.html
2026-04-27,37837,"Request approval of Transportation Safety Commission (TSC) motion for implementing recommendations at the intersections of Desale Street, SW, and Yeonas Drive, SE, Desale Street, SW, and James Drive, SE, Ross Drive and Desale Street, SW, and Yeonas Circle and Yeonas Drive, SE. (10 mins.)","Streets, Sidewalks & Transportation",7 Aye,https://viennavadata.org/meeting/2026-04-27.html
2026-04-27,37836,"Request Authorization for Additional Contract Expenditure for the Nutley Street Culvert Construction Contract, IFB 25-02, with FLB Contractors, Inc. (5 mins)","Streets, Sidewalks & Transportation",7 Aye,https://viennavadata.org/meeting/2026-04-27.html
2026-04-27,37839,"Donation of Funds to Historic Vienna, Inc. (HVI) for Vienna250 Programs (5 mins)","Budget, Taxes & Finance",7 Aye,https://viennavadata.org/meeting/2026-04-27.html
2026-04-27,37842,Meeting Adjournment,Procedural,,https://viennavadata.org/meeting/2026-04-27.html
2026-04-27,37843,"THE TOWN OF VIENNA IS COMMITTED TO FULL COMPLIANCE WITH THE AMERICANS WITH DISABILITIES ACT STANDARDS. TRANSLATION SERVICES, ASSISTANCE OR ACCOMMODATION REQUESTS FROM PERSONS WITH DISABILITIES ARE TO BE REQUESTED NOT LESS THAN 3 WORKING DAYS BEFORE THE DAY OF THE EVENT. PLEASE CALL (703) 255-6304, OR 711 VIRGINIA RELAY SERVICE FOR THE HEARING IMPAIRED.",Procedural,,https://viennavadata.org/meeting/2026-04-27.html
2026-04-06,37692,Invocation: Baha'is of Vienna Virginia,Procedural,,https://viennavadata.org/meeting/2026-04-06.html
2026-04-06,37693,Pledge of Allegiance to the Flag of the United States of America,Procedural,,https://viennavadata.org/meeting/2026-04-06.html
2026-04-06,37694,Roll Call,Procedural,,https://viennavadata.org/meeting/2026-04-06.html
2026-04-06,37695,Acceptance of the Minutes:,Minutes,,https://viennavadata.org/meeting/2026-04-06.html
2026-04-06,37713,"Acceptance of the March 9, 2026 Work Session draft minutes and the March 23, 2026 Town Council draft minutes.",Minutes,,https://viennavadata.org/meeting/2026-04-06.html
2026-04-06,37696,"Receipt of petitions and communications from the Public that are not on the Agenda.  
          (Limited to 3 minutes per issue and no formal action can be taken this evening)",Procedural,,https://viennavadata.org/meeting/2026-04-06.html
2026-04-06,37698,Reports/Presentations,Procedural,,https://viennavadata.org/meeting/2026-04-06.html
2026-04-06,37699,Report and Inquiries of Council Members,Procedural,,https://viennavadata.org/meeting/2026-04-06.html
2026-04-06,37700,Report of the Town Manager,Procedural,,https://viennavadata.org/meeting/2026-04-06.html
2026-04-06,37701,Report of the Mayor,Procedural,,https://viennavadata.org/meeting/2026-04-06.html
2026-04-06,37712,Proclamations - Arbor Day and National Native Plant Month,Proclamations & Recognitions,,https://viennavadata.org/meeting/2026-04-06.html
2026-04-06,37702,Proposals for Additional Items to the Agenda,Procedural,,https://viennavadata.org/meeting/2026-04-06.html
2026-04-06,37703,Closed Session Report,Procedural,7 Aye,https://viennavadata.org/meeting/2026-04-06.html
2026-04-06,37704,Public Hearings,Procedural,,https://viennavadata.org/meeting/2026-04-06.html
2026-04-06,37710,Public Hearing for Fiscal Year 2026-27 Operating Budget (5 mins.),"Budget, Taxes & Finance",7 Aye,https://viennavadata.org/meeting/2026-04-06.html
2026-04-06,37711,Public Hearing for Fiscal Year 2026-27 Water and Sewer Rates (5 mins.),"Water, Sewer & Stormwater",7 Aye,https://viennavadata.org/meeting/2026-04-06.html
2026-04-06,37708,"Public Hearing on Request for Approval of Modifications of Site Plan Requirements Related to Parking for Bear Branch Tavern, located at 133 Maple Ave., E, to increase the maximum number of seats from 300 to 337 (15 mins.)","Land Use, Zoning & Development","2 Nay, 5 Aye",https://viennavadata.org/meeting/2026-04-06.html
2026-04-06,37705,Consent Agenda,Consent Agenda,,https://viennavadata.org/meeting/2026-04-06.html
2026-04-06,37706,Regular Business,Procedural,,https://viennavadata.org/meeting/2026-04-06.html
2026-04-06,37707,Request acceptance of donated City of Fairfax-owned Wenger Showmobile stage to the Town of Vienna Parks and Recreation Department (5 mins.),Parks & Recreation,7 Aye,https://viennavadata.org/meeting/2026-04-06.html
2026-04-06,37709,"Request To Set a Public Hearing for May 4, 2026, Regarding the 2026 Comprehensive Plan (5 mins.)","Land Use, Zoning & Development",7 Aye,https://viennavadata.org/meeting/2026-04-06.html
2026-04-06,37716,Second Closed Session,Procedural,7 Aye,https://viennavadata.org/meeting/2026-04-06.html
2026-04-06,37714,Meeting Adjournment,Procedural,,https://viennavadata.org/meeting/2026-04-06.html
2026-04-06,37715,"THE TOWN OF VIENNA IS COMMITTED TO FULL COMPLIANCE WITH THE AMERICANS WITH DISABILITIES ACT STANDARDS. TRANSLATION SERVICES, ASSISTANCE OR ACCOMMODATION REQUESTS FROM PERSONS WITH DISABILITIES ARE TO BE REQUESTED NOT LESS THAN 3 WORKING DAYS BEFORE THE DAY OF THE EVENT. PLEASE CALL (703) 255-6304, OR 711 VIRGINIA RELAY SERVICE FOR THE HEARING IMPAIRED.",Procedural,,https://viennavadata.org/meeting/2026-04-06.html
2026-03-23,37636,"Invocation: Johnny Kurcina, Christ Church Vienna",Procedural,,https://viennavadata.org/meeting/2026-03-23.html
2026-03-23,37637,Pledge of Allegiance to the Flag of the United States of America,Procedural,,https://viennavadata.org/meeting/2026-03-23.html
2026-03-23,37638,Roll Call,Procedural,,https://viennavadata.org/meeting/2026-03-23.html
2026-03-23,37639,Acceptance of the Minutes:,Minutes,,https://viennavadata.org/meeting/2026-03-23.html
2026-03-23,37659,"Acceptance Of Work Session Draft Minutes of February 9, 2026, and Draft Town Council meeting Minutes February 23 and March 2, 2026.",Minutes,,https://viennavadata.org/meeting/2026-03-23.html
2026-03-23,37640,"Receipt of petitions and communications from the Public that are not on the Agenda.  
          (Limited to 3 minutes per issue and no formal action can be taken this evening)",Procedural,,https://viennavadata.org/meeting/2026-03-23.html
2026-03-23,37642,Reports/Presentations,Procedural,,https://viennavadata.org/meeting/2026-03-23.html
2026-03-23,37643,Report and Inquiries of Council Members,Procedural,,https://viennavadata.org/meeting/2026-03-23.html
2026-03-23,37644,Report of the Town Manager,Procedural,,https://viennavadata.org/meeting/2026-03-23.html
2026-03-23,37645,Report of the Mayor,Procedural,,https://viennavadata.org/meeting/2026-03-23.html
2026-03-23,37646,Proposals for Additional Items to the Agenda,Procedural,,https://viennavadata.org/meeting/2026-03-23.html
2026-03-23,37647,Closed Session Report,Procedural,"6 Aye, 1 Absent",https://viennavadata.org/meeting/2026-03-23.html
2026-03-23,37648,Public Hearings,Procedural,"6 Aye, 1 Absent",https://viennavadata.org/meeting/2026-03-23.html
2026-03-23,37649,Consent Agenda (5 Minutes),Minutes,"6 Aye, 1 Absent",https://viennavadata.org/meeting/2026-03-23.html
2026-03-23,37652,Use of Right of Way and Telecommunication Facilities License Renewal by U.S. Federal Government,Contracts & Purchasing,,https://viennavadata.org/meeting/2026-03-23.html
2026-03-23,37654,"Request to Set a Public Hearing for April 6, 2026, regarding the FY2026-27 Proposed Operating Budget","Budget, Taxes & Finance",,https://viennavadata.org/meeting/2026-03-23.html
2026-03-23,37655,"Request to Set a Public Hearing for April 6, 2026, regarding the FY2026-27 Proposed Water and Sewer Rates","Water, Sewer & Stormwater",,https://viennavadata.org/meeting/2026-03-23.html
2026-03-23,37656,"Request to Set a Public Hearing for April 27, 2026, regarding the FY2026-27 Proposed Real Estate Tax Rate","Budget, Taxes & Finance",,https://viennavadata.org/meeting/2026-03-23.html
2026-03-23,37650,Regular Business (5 Minutes),Minutes,,https://viennavadata.org/meeting/2026-03-23.html
2026-03-23,37653,Intent To Adopt Zoning and Subdivision Code Updates,"Land Use, Zoning & Development","6 Aye, 1 Absent",https://viennavadata.org/meeting/2026-03-23.html
2026-03-23,37661,Public Hearing,Procedural,,https://viennavadata.org/meeting/2026-03-23.html
2026-03-23,37651,"Public Hearing on Request for Approval of Modifications of Site Plan Requirements Related to Lot Coverage (From 43% To 48.5% Proposed) for First Baptist Church of Vienna, located at 450 Orchard St., NW (10 Minutes)",Minutes,"6 Aye, 1 Absent",https://viennavadata.org/meeting/2026-03-23.html
2026-03-23,37657,Meeting Adjournment,Procedural,,https://viennavadata.org/meeting/2026-03-23.html
2026-03-23,37658,"THE TOWN OF VIENNA IS COMMITTED TO FULL COMPLIANCE WITH THE AMERICANS WITH DISABILITIES ACT STANDARDS. TRANSLATION SERVICES, ASSISTANCE OR ACCOMMODATION REQUESTS FROM PERSONS WITH DISABILITIES ARE TO BE REQUESTED NOT LESS THAN 3 WORKING DAYS BEFORE THE DAY OF THE EVENT. PLEASE CALL (703) 255-6304, OR 711 VIRGINIA RELAY SERVICE FOR THE HEARING IMPAIRED.",Procedural,,https://viennavadata.org/meeting/2026-03-23.html
2026-03-02,37276,Invocation: Ray Brill,Procedural,,https://viennavadata.org/meeting/2026-03-02.html
2026-03-02,37277,Pledge of Allegiance to the Flag of the United States of America,Procedural,,https://viennavadata.org/meeting/2026-03-02.html
2026-03-02,37278,Roll Call,Procedural,,https://viennavadata.org/meeting/2026-03-02.html
2026-03-02,37279,Acceptance of the Minutes:,Minutes,,https://viennavadata.org/meeting/2026-03-02.html
2026-03-02,37294,2-9-2026 Draft Town Council Work session Minutes,Minutes,,https://viennavadata.org/meeting/2026-03-02.html
2026-03-02,37280,"Receipt of petitions and communications from the Public that are not on the Agenda.  
          (Limited to 3 minutes per issue and no formal action can be taken this evening)",Procedural,,https://viennavadata.org/meeting/2026-03-02.html
2026-03-02,37282,Reports/Presentations,Procedural,,https://viennavadata.org/meeting/2026-03-02.html
2026-03-02,37283,Report and Inquiries of Council Members,Procedural,,https://viennavadata.org/meeting/2026-03-02.html
2026-03-02,37284,Report of the Town Manager,Procedural,,https://viennavadata.org/meeting/2026-03-02.html
2026-03-02,37285,Report of the Mayor,Procedural,,https://viennavadata.org/meeting/2026-03-02.html
2026-03-02,37291,American Red Cross Month Proclamation,Proclamations & Recognitions,,https://viennavadata.org/meeting/2026-03-02.html
2026-03-02,37286,Proposals for Additional Items to the Agenda,Procedural,,https://viennavadata.org/meeting/2026-03-02.html
2026-03-02,37287,Closed Session Report,Procedural,7 Aye,https://viennavadata.org/meeting/2026-03-02.html
2026-03-02,37289,Consent Agenda,Consent Agenda,7 Aye,https://viennavadata.org/meeting/2026-03-02.html
2026-03-02,37297,Request approval of Memorandum of Understanding (MOU) between Vienna Little League and Town of Vienna for use of Yeonas Park during the Independence Day Celebration and Fireworks Show.,Parks & Recreation,,https://viennavadata.org/meeting/2026-03-02.html
2026-03-02,37298,Request approval of Memorandum of Understanding (MOU) between the Town of Vienna and Vienna Business Association for 2026 Halloween Parade,"Community, Arts & Events",,https://viennavadata.org/meeting/2026-03-02.html
2026-03-02,37299,Request approval of a Memorandum of Understanding (MOU) between the Town of Vienna and First Baptist Church for the 2026 Juneteenth and Liberty Amendments Month (LAM) Kickoff Parade.,"Community, Arts & Events",,https://viennavadata.org/meeting/2026-03-02.html
2026-03-02,37300,Request approval of a Memorandum of Understanding (MOU) between the Town of Vienna and Vienna Business Association for 2026 Oktoberfest,"Community, Arts & Events",,https://viennavadata.org/meeting/2026-03-02.html
2026-03-02,37296,Request approval of Memorandum of Understanding (MOU) between Town of Vienna and Rotary Club of Vienna for 2026 Viva! Vienna! Festival and Brewfest,"Community, Arts & Events",,https://viennavadata.org/meeting/2026-03-02.html
2026-03-02,37295,Request approval of memorandum of understanding (MOU) between the Optimist Club of Greater Vienna and Town of Vienna for use of the Vienna Community Center parking lot for the 2026 Vienna Farmers Market,Parks & Recreation,,https://viennavadata.org/meeting/2026-03-02.html
2026-03-02,37290,Regular Business,Procedural,,https://viennavadata.org/meeting/2026-03-02.html
2026-03-02,37301,Second Closed Session,Procedural,,https://viennavadata.org/meeting/2026-03-02.html
2026-03-02,37292,Meeting Adjournment,Procedural,,https://viennavadata.org/meeting/2026-03-02.html
2026-03-02,37293,"THE TOWN OF VIENNA IS COMMITTED TO FULL COMPLIANCE WITH THE AMERICANS WITH DISABILITIES ACT STANDARDS. TRANSLATION SERVICES, ASSISTANCE OR ACCOMMODATION REQUESTS FROM PERSONS WITH DISABILITIES ARE TO BE REQUESTED NOT LESS THAN 3 WORKING DAYS BEFORE THE DAY OF THE EVENT. PLEASE CALL (703) 255-6304, OR 711 VIRGINIA RELAY SERVICE FOR THE HEARING IMPAIRED.",Procedural,,https://viennavadata.org/meeting/2026-03-02.html
2026-02-23,37221,"Invocation: Johnny Kurcina, Christ Church Vienna",Procedural,,https://viennavadata.org/meeting/2026-02-23.html
2026-02-23,37222,Pledge of Allegiance to the Flag of the United States of America,Procedural,,https://viennavadata.org/meeting/2026-02-23.html
2026-02-23,37223,Roll Call,Procedural,,https://viennavadata.org/meeting/2026-02-23.html
2026-02-23,37245,Acceptance of Minutes:,Minutes,,https://viennavadata.org/meeting/2026-02-23.html
2026-02-23,37243,"Draft Town Council Meeting Minutes from February 2nd, 2026",Minutes,,https://viennavadata.org/meeting/2026-02-23.html
2026-02-23,37225,"Receipt of petitions and communications from the Public that are not on the Agenda.  
          (Limited to 3 minutes per issue and no formal action can be taken this evening)",Procedural,,https://viennavadata.org/meeting/2026-02-23.html
2026-02-23,37227,Reports/Presentations,Procedural,,https://viennavadata.org/meeting/2026-02-23.html
2026-02-23,37228,Report and Inquiries of Council Members,Procedural,,https://viennavadata.org/meeting/2026-02-23.html
2026-02-23,37229,Report of the Town Manager,Procedural,,https://viennavadata.org/meeting/2026-02-23.html
2026-02-23,37241,Economic Development February 2026 Update (10 Mins.),Economic Development,,https://viennavadata.org/meeting/2026-02-23.html
2026-02-23,37230,Report of the Mayor,Procedural,,https://viennavadata.org/meeting/2026-02-23.html
2026-02-23,37231,Proposals for Additional Items to the Agenda,Procedural,,https://viennavadata.org/meeting/2026-02-23.html
2026-02-23,37232,Closed Session Report,Procedural,"6 Aye, 1 Absent",https://viennavadata.org/meeting/2026-02-23.html
2026-02-23,37233,Public Hearings,Procedural,,https://viennavadata.org/meeting/2026-02-23.html
2026-02-23,37242,Public Hearing On Proposed Amendments to Chapter 18 - Zoning and Subdivision (10 mins),"Land Use, Zoning & Development","6 Aye, 1 Absent",https://viennavadata.org/meeting/2026-02-23.html
2026-02-23,37234,Consent Agenda,Consent Agenda,,https://viennavadata.org/meeting/2026-02-23.html
2026-02-23,37235,Regular Business,Procedural,,https://viennavadata.org/meeting/2026-02-23.html
2026-02-23,37236,Adoption of an Ordinance Authorizing the Issuance and Sale of General Obligation Refunding Bonds (5 mins.),Town Code & Ordinances,"6 Aye, 1 Absent",https://viennavadata.org/meeting/2026-02-23.html
2026-02-23,37237,Town Council Priorities ( 5 mins.),Governance & Administration,"6 Aye, 1 Absent",https://viennavadata.org/meeting/2026-02-23.html
2026-02-23,37238,Meeting Adjournment,Procedural,,https://viennavadata.org/meeting/2026-02-23.html
2026-02-23,37239,"THE TOWN OF VIENNA IS COMMITTED TO FULL COMPLIANCE WITH THE AMERICANS WITH DISABILITIES ACT STANDARDS. TRANSLATION SERVICES, ASSISTANCE OR ACCOMMODATION REQUESTS FROM PERSONS WITH DISABILITIES ARE TO BE REQUESTED NOT LESS THAN 3 WORKING DAYS BEFORE THE DAY OF THE EVENT. PLEASE CALL (703) 255-6304, OR 711 VIRGINIA RELAY SERVICE FOR THE HEARING IMPAIRED.",Procedural,,https://viennavadata.org/meeting/2026-02-23.html
2026-02-02,37091,"Invocation: Mercury Payton, Town Manager",Procedural,,https://viennavadata.org/meeting/2026-02-02.html
2026-02-02,37092,Pledge of Allegiance to the Flag of the United States of America,Procedural,,https://viennavadata.org/meeting/2026-02-02.html
2026-02-02,37093,Roll Call,Procedural,,https://viennavadata.org/meeting/2026-02-02.html
2026-02-02,37094,Acceptance of the Minutes:,Minutes,,https://viennavadata.org/meeting/2026-02-02.html
2026-02-02,37106,Acceptance of the January 5th Town Council Meeting and the January 12th Work Session Minutes,Minutes,,https://viennavadata.org/meeting/2026-02-02.html
2026-02-02,37095,"Receipt of petitions and communications from the Public that are not on the Agenda.  
          (Limited to 3 minutes per issue and no formal action can be taken this evening)",Procedural,,https://viennavadata.org/meeting/2026-02-02.html
2026-02-02,37097,Reports/Presentations,Procedural,,https://viennavadata.org/meeting/2026-02-02.html
2026-02-02,37098,Report and Inquiries of Council Members,Procedural,,https://viennavadata.org/meeting/2026-02-02.html
2026-02-02,37099,Report of the Town Manager,Procedural,,https://viennavadata.org/meeting/2026-02-02.html
2026-02-02,37107,Fiscal Year 2026 Mid-Year Financial Review,"Budget, Taxes & Finance",,https://viennavadata.org/meeting/2026-02-02.html
2026-02-02,37109,Aquatic and Fitness Center Timeline (5 min. staff presentation),Parks & Recreation,,https://viennavadata.org/meeting/2026-02-02.html
2026-02-02,37100,Report of the Mayor,Procedural,,https://viennavadata.org/meeting/2026-02-02.html
2026-02-02,37101,Proposals for Additional Items to the Agenda,Procedural,,https://viennavadata.org/meeting/2026-02-02.html
2026-02-02,37102,Closed Session Report,Procedural,,https://viennavadata.org/meeting/2026-02-02.html
2026-02-02,37103,Public Hearings,Procedural,,https://viennavadata.org/meeting/2026-02-02.html
2026-02-02,37104,Consent Agenda,Consent Agenda,,https://viennavadata.org/meeting/2026-02-02.html
2026-02-02,37105,Regular Business,Procedural,,https://viennavadata.org/meeting/2026-02-02.html
2026-02-02,37110,Request approval of the Transportation Safety Commission’s motions regarding Micro Mobility vehicles.,"Streets, Sidewalks & Transportation",7 Aye,https://viennavadata.org/meeting/2026-02-02.html
2026-02-02,37108,Town Council Priorities 2026,Governance & Administration,7 Aye,https://viennavadata.org/meeting/2026-02-02.html
2026-02-02,37111,Meeting Adjournment,Procedural,,https://viennavadata.org/meeting/2026-02-02.html
2026-02-02,37112,"THE TOWN OF VIENNA IS COMMITTED TO FULL COMPLIANCE WITH THE AMERICANS WITH DISABILITIES ACT STANDARDS. TRANSLATION SERVICES, ASSISTANCE OR ACCOMMODATION REQUESTS FROM PERSONS WITH DISABILITIES ARE TO BE REQUESTED NOT LESS THAN 3 WORKING DAYS BEFORE THE DAY OF THE EVENT. PLEASE CALL (703) 255-6304, OR 711 VIRGINIA RELAY SERVICE FOR THE HEARING IMPAIRED.",Procedural,,https://viennavadata.org/meeting/2026-02-02.html
2026-01-26,37055,Invocation: Ray Brill,Procedural,,https://viennavadata.org/meeting/2026-01-26.html
2026-01-26,37056,Pledge of Allegiance to the Flag of the United States of America,Procedural,,https://viennavadata.org/meeting/2026-01-26.html
2026-01-26,37057,Roll Call,Procedural,,https://viennavadata.org/meeting/2026-01-26.html
2026-01-26,37058,Acceptance of the Minutes:,Minutes,,https://viennavadata.org/meeting/2026-01-26.html
2026-01-26,37075,Acceptance of the January 5th Town Council Meeting Minutes,Minutes,,https://viennavadata.org/meeting/2026-01-26.html
2026-01-26,37059,"Receipt of petitions and communications from the Public that are not on the Agenda.  
          (Limited to 3 minutes per issue and no formal action can be taken this evening)",Procedural,,https://viennavadata.org/meeting/2026-01-26.html
2026-01-26,37061,Reports/Presentations,Procedural,,https://viennavadata.org/meeting/2026-01-26.html
2026-01-26,37062,Report and Inquiries of Council Members,Procedural,,https://viennavadata.org/meeting/2026-01-26.html
2026-01-26,37063,Report of the Town Manager,Procedural,,https://viennavadata.org/meeting/2026-01-26.html
2026-01-26,37074,Fiscal Year 2026 Mid-Year Financial Review,"Budget, Taxes & Finance",,https://viennavadata.org/meeting/2026-01-26.html
2026-01-26,37072,Aquatic and Fitness Center Timeline (5 min. staff presentation),Parks & Recreation,,https://viennavadata.org/meeting/2026-01-26.html
2026-01-26,37064,Report of the Mayor,Procedural,,https://viennavadata.org/meeting/2026-01-26.html
2026-01-26,37065,Proposals for Additional Items to the Agenda,Procedural,,https://viennavadata.org/meeting/2026-01-26.html
2026-01-26,37066,Closed Session Report,Procedural,,https://viennavadata.org/meeting/2026-01-26.html
2026-01-26,37067,Public Hearings,Procedural,,https://viennavadata.org/meeting/2026-01-26.html
2026-01-26,37071,Public Hearing On Proposed Amendments to Chapter 18 - Zoning and Subdivision,"Land Use, Zoning & Development",,https://viennavadata.org/meeting/2026-01-26.html
2026-01-26,37068,Consent Agenda,Consent Agenda,,https://viennavadata.org/meeting/2026-01-26.html
2026-01-26,37069,Regular Business,Procedural,,https://viennavadata.org/meeting/2026-01-26.html
2026-01-26,37070,Request approval of the Transportation Safety Commission’s motions regarding Micro Mobility vehicles.,"Streets, Sidewalks & Transportation",,https://viennavadata.org/meeting/2026-01-26.html
2026-01-26,37073,Town Council Priorities 2026,Governance & Administration,,https://viennavadata.org/meeting/2026-01-26.html
2026-01-26,37076,Meeting Adjournment,Procedural,,https://viennavadata.org/meeting/2026-01-26.html
2026-01-26,37077,"THE TOWN OF VIENNA IS COMMITTED TO FULL COMPLIANCE WITH THE AMERICANS WITH DISABILITIES ACT STANDARDS. TRANSLATION SERVICES, ASSISTANCE OR ACCOMMODATION REQUESTS FROM PERSONS WITH DISABILITIES ARE TO BE REQUESTED NOT LESS THAN 3 WORKING DAYS BEFORE THE DAY OF THE EVENT. PLEASE CALL (703) 255-6304, OR 711 VIRGINIA RELAY SERVICE FOR THE HEARING IMPAIRED.",Procedural,,https://viennavadata.org/meeting/2026-01-26.html
2026-01-05,36937,"Invocation: Pamela Pitkin, Post Chaplain, Dyer-Gunnell American Legion Post 180",Procedural,,https://viennavadata.org/meeting/2026-01-05.html
2026-01-05,36938,Pledge of Allegiance to the Flag of the United States of America,Procedural,,https://viennavadata.org/meeting/2026-01-05.html
2026-01-05,36939,Roll Call,Procedural,,https://viennavadata.org/meeting/2026-01-05.html
2026-01-05,36940,Acceptance of the Minutes:,Minutes,,https://viennavadata.org/meeting/2026-01-05.html
2026-01-05,36941,Draft Minutes for Approval from the December 2nd and December 8th Town Council Meetings,Minutes,,https://viennavadata.org/meeting/2026-01-05.html
2026-01-05,36942,"Receipt of petitions and communications from the Public that are not on the Agenda.  
          (Limited to 3 minutes per issue and no formal action can be taken this evening)",Procedural,,https://viennavadata.org/meeting/2026-01-05.html
2026-01-05,36944,Reports/Presentations,Procedural,,https://viennavadata.org/meeting/2026-01-05.html
2026-01-05,36958,Public Notice Improvements Update,Governance & Administration,,https://viennavadata.org/meeting/2026-01-05.html
2026-01-05,36945,Report and Inquiries of Council Members,Procedural,,https://viennavadata.org/meeting/2026-01-05.html
2026-01-05,36946,Report of the Town Manager,Procedural,,https://viennavadata.org/meeting/2026-01-05.html
2026-01-05,36947,Report of the Mayor,Procedural,,https://viennavadata.org/meeting/2026-01-05.html
2026-01-05,36948,Proposals for Additional Items to the Agenda,Procedural,,https://viennavadata.org/meeting/2026-01-05.html
2026-01-05,36949,Closed Session Report,Procedural,7 Aye,https://viennavadata.org/meeting/2026-01-05.html
2026-01-05,36951,Consent Agenda,Consent Agenda,,https://viennavadata.org/meeting/2026-01-05.html
2026-01-05,36952,Regular Business,Procedural,,https://viennavadata.org/meeting/2026-01-05.html
2026-01-05,36953,Annual Re-adoption of Town Council Electronic Participation Resolution,Governance & Administration,7 Aye,https://viennavadata.org/meeting/2026-01-05.html
2026-01-05,36954,"Set Jan. 26, 2026 as a Public Hearing on Proposed Updates to Chapter 18 - Zoning and Subdivision","Land Use, Zoning & Development",7 Aye,https://viennavadata.org/meeting/2026-01-05.html
2026-01-05,36957,Second Closed Session Report,Procedural,7 Aye,https://viennavadata.org/meeting/2026-01-05.html
2026-01-05,36955,Meeting Adjournment,Procedural,,https://viennavadata.org/meeting/2026-01-05.html
2026-01-05,36956,"THE TOWN OF VIENNA IS COMMITTED TO FULL COMPLIANCE WITH THE AMERICANS WITH DISABILITIES ACT STANDARDS. TRANSLATION SERVICES, ASSISTANCE OR ACCOMMODATION REQUESTS FROM PERSONS WITH DISABILITIES ARE TO BE REQUESTED NOT LESS THAN 3 WORKING DAYS BEFORE THE DAY OF THE EVENT. PLEASE CALL (703) 255-6304, OR 711 VIRGINIA RELAY SERVICE FOR THE HEARING IMPAIRED.",Procedural,,https://viennavadata.org/meeting/2026-01-05.html
2026-01-02,36931,Regular Business,Procedural,,https://viennavadata.org/meeting/2026-01-02.html
2026-01-02,36936,Swearing In of Newly Elected Council Members,Proclamations & Recognitions,,https://viennavadata.org/meeting/2026-01-02.html
2026-01-02,36932,Meeting Adjournment,Procedural,,https://viennavadata.org/meeting/2026-01-02.html
2026-01-02,36933,"THE TOWN OF VIENNA IS COMMITTED TO FULL COMPLIANCE WITH THE AMERICANS WITH DISABILITIES ACT STANDARDS. TRANSLATION SERVICES, ASSISTANCE OR ACCOMMODATION REQUESTS FROM PERSONS WITH DISABILITIES ARE TO BE REQUESTED NOT LESS THAN 3 WORKING DAYS BEFORE THE DAY OF THE EVENT. PLEASE CALL (703) 255-6304, OR 711 VIRGINIA RELAY SERVICE FOR THE HEARING IMPAIRED.",Procedural,,https://viennavadata.org/meeting/2026-01-02.html
2025-12-08,36825,"Invocation: John Russo, Baha'i Community",Procedural,,https://viennavadata.org/meeting/2025-12-08.html
2025-12-08,36826,Pledge of Allegiance to the Flag of the United States of America,Procedural,,https://viennavadata.org/meeting/2025-12-08.html
2025-12-08,36827,Roll Call,Procedural,,https://viennavadata.org/meeting/2025-12-08.html
2025-12-08,36828,Acceptance of the Minutes:,Minutes,,https://viennavadata.org/meeting/2025-12-08.html
2025-12-08,36852,"Acceptance of Regular Meeting Minutes of October 27, 2025 and  November 10, 2025, and the Work Session Minutes of November 17, 2025.",Minutes,,https://viennavadata.org/meeting/2025-12-08.html
2025-12-08,36829,"Receipt of petitions and communications from the Public that are not on the Agenda.  
          (Limited to 3 minutes per issue and no formal action can be taken this evening)",Procedural,,https://viennavadata.org/meeting/2025-12-08.html
2025-12-08,36850,Board and Commission Appreciation,Proclamations & Recognitions,,https://viennavadata.org/meeting/2025-12-08.html
2025-12-08,36849,Council Member Appreciation,Proclamations & Recognitions,,https://viennavadata.org/meeting/2025-12-08.html
2025-12-08,36832,Report and Inquiries of Council Members,Procedural,,https://viennavadata.org/meeting/2025-12-08.html
2025-12-08,36833,Report of the Town Manager,Procedural,,https://viennavadata.org/meeting/2025-12-08.html
2025-12-08,36834,Report of the Mayor,Procedural,,https://viennavadata.org/meeting/2025-12-08.html
2025-12-08,36831,Reports/Presentations,Procedural,,https://viennavadata.org/meeting/2025-12-08.html
2025-12-08,36846,8-8:30 Economic development quarterly update,Economic Development,,https://viennavadata.org/meeting/2025-12-08.html
2025-12-08,36845,8:30-9:00 Presentation of the 2025 Annual Comprehensive Financial Report (ACFR),"Budget, Taxes & Finance",,https://viennavadata.org/meeting/2025-12-08.html
2025-12-08,36842,"9:00-9:15 Boards and Commissions: Annual Reports and Discussions, Part 3",Procedural,,https://viennavadata.org/meeting/2025-12-08.html
2025-12-08,36835,Proposals for Additional Items to the Agenda,Procedural,,https://viennavadata.org/meeting/2025-12-08.html
2025-12-08,36836,Closed Session Report,Procedural,"1 Abstain, 6 Aye",https://viennavadata.org/meeting/2025-12-08.html
2025-12-08,36837,Public Hearings,Procedural,,https://viennavadata.org/meeting/2025-12-08.html
2025-12-08,36841,"9:15-9:45 Public Hearing on proposed changes to Chapter 10 - Offenses, Miscellaneous, Article 3, Offenses Against Property, Section 10-20.1 Same -Noise of the Code of the Town of Vienna.",Town Code & Ordinances,"6 Nay, 1 Aye",https://viennavadata.org/meeting/2025-12-08.html
2025-12-08,36838,9:45 Consent Agenda,Consent Agenda,"1 Abstain, 6 Aye",https://viennavadata.org/meeting/2025-12-08.html
2025-12-08,36853,Regular Business,Procedural,,https://viennavadata.org/meeting/2025-12-08.html
2025-12-08,36854,PROPOSED - Memorandum of Understanding between and among the Mayor and Town Council Members and the Town Manager,Governance & Administration,"1 Abstain, 5 Aye, 1 Nay",https://viennavadata.org/meeting/2025-12-08.html
2025-12-08,36843,Approve Spending with Davenport & Company as Financial Advisor for 2025 Bond Issuance,"Budget, Taxes & Finance","1 Abstain, 6 Aye",https://viennavadata.org/meeting/2025-12-08.html
2025-12-08,36844,"Approve Spending with McGuire Woods, LLC as Bond Counsel for 2025 Bond Issuance","Budget, Taxes & Finance","1 Abstain, 6 Aye",https://viennavadata.org/meeting/2025-12-08.html
2025-12-08,36851,Second Closed Session,Procedural,"1 Absent, 6 Aye",https://viennavadata.org/meeting/2025-12-08.html
2025-12-08,36847,Meeting Adjournment,Procedural,,https://viennavadata.org/meeting/2025-12-08.html
2025-12-08,36848,"THE TOWN OF VIENNA IS COMMITTED TO FULL COMPLIANCE WITH THE AMERICANS WITH DISABILITIES ACT STANDARDS. TRANSLATION SERVICES, ASSISTANCE OR ACCOMMODATION REQUESTS FROM PERSONS WITH DISABILITIES ARE TO BE REQUESTED NOT LESS THAN 3 WORKING DAYS BEFORE THE DAY OF THE EVENT. PLEASE CALL (703) 255-6304, OR 711 VIRGINIA RELAY SERVICE FOR THE HEARING IMPAIRED.",Procedural,,https://viennavadata.org/meeting/2025-12-08.html
2025-12-02,36809,Roll Call,Procedural,,https://viennavadata.org/meeting/2025-12-02.html
2025-12-02,36821,Regular Business,Procedural,,https://viennavadata.org/meeting/2025-12-02.html
2025-12-02,36822,Special Meeting to Accept Bid for Bond Sale,"Budget, Taxes & Finance",,https://viennavadata.org/meeting/2025-12-02.html
2025-12-02,36823,Meeting Adjournment,Procedural,,https://viennavadata.org/meeting/2025-12-02.html
2025-12-02,36824,"THE TOWN OF VIENNA IS COMMITTED TO FULL COMPLIANCE WITH THE AMERICANS WITH DISABILITIES ACT STANDARDS. TRANSLATION SERVICES, ASSISTANCE OR ACCOMMODATION REQUESTS FROM PERSONS WITH DISABILITIES ARE TO BE REQUESTED NOT LESS THAN 3 WORKING DAYS BEFORE THE DAY OF THE EVENT. PLEASE CALL (703) 255-6304, OR 711 VIRGINIA RELAY SERVICE FOR THE HEARING IMPAIRED.",Procedural,,https://viennavadata.org/meeting/2025-12-02.html
2025-12-02,36873,Rollcall,Procedural,,https://viennavadata.org/meeting/2025-12-02.html
2025-11-10,36667,Invocation: Council Member Ray Brill,Procedural,,https://viennavadata.org/meeting/2025-11-10.html
2025-11-10,36668,Pledge of Allegiance to the Flag of the United States of America,Procedural,,https://viennavadata.org/meeting/2025-11-10.html
2025-11-10,36669,Roll Call,Procedural,,https://viennavadata.org/meeting/2025-11-10.html
2025-11-10,36670,Acceptance of the Minutes:,Minutes,"1 Absent, 6 (no value recorded)",https://viennavadata.org/meeting/2025-11-10.html
2025-11-10,36687,"Acceptance of the Draft Minutes of September 15th Work Session, September 29th Town Council Meeting, and October 6th Town Council Meeting.",Minutes,,https://viennavadata.org/meeting/2025-11-10.html
2025-11-10,36671,"Receipt of petitions and communications from the Public that are not on the Agenda.  
          (Limited to 3 minutes per issue and no formal action can be taken this evening)",Procedural,,https://viennavadata.org/meeting/2025-11-10.html
2025-11-10,36673,Reports/Presentations,Procedural,,https://viennavadata.org/meeting/2025-11-10.html
2025-11-10,36690,2025 Halloween Parade Awards,Proclamations & Recognitions,,https://viennavadata.org/meeting/2025-11-10.html
2025-11-10,36692,Vienna Recipients of the Fairfax County Design and Environmental Achievement Award,"Environment, Trees & Sustainability",,https://viennavadata.org/meeting/2025-11-10.html
2025-11-10,36693,Proclamation: Epilepsy Awareness Month,Proclamations & Recognitions,,https://viennavadata.org/meeting/2025-11-10.html
2025-11-10,36674,Report and Inquiries of Council Members,Procedural,,https://viennavadata.org/meeting/2025-11-10.html
2025-11-10,36675,Report of the Town Manager,Procedural,,https://viennavadata.org/meeting/2025-11-10.html
2025-11-10,36676,Report of the Mayor,Procedural,,https://viennavadata.org/meeting/2025-11-10.html
2025-11-10,36677,Proposals for Additional Items to the Agenda,Procedural,,https://viennavadata.org/meeting/2025-11-10.html
2025-11-10,36678,Closed Session Report,Procedural,"1 Absent, 6 Aye",https://viennavadata.org/meeting/2025-11-10.html
2025-11-10,36679,Public Hearings,Procedural,,https://viennavadata.org/meeting/2025-11-10.html
2025-11-10,36691,8:30 - 9:00 pm Public Hearing on the Town’s 2026 Legislative Agenda,Grants & Intergovernmental,"1 Absent, 6 Aye",https://viennavadata.org/meeting/2025-11-10.html
2025-11-10,36685,9:00 - 9:15 PM Public Hearing on Bond Ordinance,"Budget, Taxes & Finance","1 Absent, 6 Aye",https://viennavadata.org/meeting/2025-11-10.html
2025-11-10,36681,Regular Business,Procedural,,https://viennavadata.org/meeting/2025-11-10.html
2025-11-10,36683,9:15 - 9:45 PM Navy federal Credit Union Proposed Advance Funding Agreement with the Town of Vienna for Design and Engineering for the Aquatics and Fitness Center,Parks & Recreation,"1 Absent, 1 Nay, 5 Aye",https://viennavadata.org/meeting/2025-11-10.html
2025-11-10,36684,9:45 - 10:15 PM Annex Interim Conditional Use Permit (CUP) - Hours of Operation for Proposed Uses,"Land Use, Zoning & Development","1 Absent, 5 Aye, 1 Nay",https://viennavadata.org/meeting/2025-11-10.html
2025-11-10,36686,"10:15 - 10:30 PM Set a public hearing on Dec. 8, 2025, to receive public input on proposed changes to the Town Noise Ordinance.",Town Code & Ordinances,"1 Absent, 6 Aye",https://viennavadata.org/meeting/2025-11-10.html
2025-11-10,36682,"10:30 - 10:45 PM Approval Request for the Sale of Certain Land Rights on Town of Vienna Property, Necessary for the Construction of Fairfax County Project WW‐000034‐004: Gravity Sewer Capacity Improvements-Tysons West.","Water, Sewer & Stormwater","1 Absent, 6 Aye",https://viennavadata.org/meeting/2025-11-10.html
2025-11-10,36688,Meeting Adjournment,Procedural,,https://viennavadata.org/meeting/2025-11-10.html
2025-11-10,36689,"THE TOWN OF VIENNA IS COMMITTED TO FULL COMPLIANCE WITH THE AMERICANS WITH DISABILITIES ACT STANDARDS. TRANSLATION SERVICES, ASSISTANCE OR ACCOMMODATION REQUESTS FROM PERSONS WITH DISABILITIES ARE TO BE REQUESTED NOT LESS THAN 3 WORKING DAYS BEFORE THE DAY OF THE EVENT. PLEASE CALL (703) 255-6304, OR 711 VIRGINIA RELAY SERVICE FOR THE HEARING IMPAIRED.",Procedural,,https://viennavadata.org/meeting/2025-11-10.html
2025-10-27,36612,Invocation: Mercury Payton,Procedural,,https://viennavadata.org/meeting/2025-10-27.html
2025-10-27,36613,Pledge of Allegiance to the Flag of the United States of America,Procedural,,https://viennavadata.org/meeting/2025-10-27.html
2025-10-27,36614,Roll Call,Procedural,,https://viennavadata.org/meeting/2025-10-27.html
2025-10-27,36615,Acceptance of the Minutes:,Minutes,,https://viennavadata.org/meeting/2025-10-27.html
2025-10-27,36630,"Acceptance of the Draft Minutes of September 15th Work Session, September 29th Town Council Meeting, and October 6th Town Council Meeting.",Minutes,,https://viennavadata.org/meeting/2025-10-27.html
2025-10-27,36616,"Receipt of petitions and communications from the Public that are not on the Agenda.  
          (Limited to 3 minutes per issue and no formal action can be taken this evening)",Procedural,,https://viennavadata.org/meeting/2025-10-27.html
2025-10-27,36618,Reports/Presentations,Procedural,,https://viennavadata.org/meeting/2025-10-27.html
2025-10-27,36619,Report and Inquiries of Council Members,Procedural,,https://viennavadata.org/meeting/2025-10-27.html
2025-10-27,36620,Report of the Town Manager,Procedural,,https://viennavadata.org/meeting/2025-10-27.html
2025-10-27,36621,Report of the Mayor,Procedural,,https://viennavadata.org/meeting/2025-10-27.html
2025-10-27,36622,Proposals for Additional Items to the Agenda,Procedural,,https://viennavadata.org/meeting/2025-10-27.html
2025-10-27,36623,Closed Session Report,Procedural,7 Aye,https://viennavadata.org/meeting/2025-10-27.html
2025-10-27,36624,8:00 pm - 9:00 pm Public Hearings,Procedural,,https://viennavadata.org/meeting/2025-10-27.html
2025-10-27,36628,Appeal of Decision by Board of Architectural Review - 264 Cedar LN SE (VIenna ACE Sign),"Land Use, Zoning & Development","1 Nay, 6 Aye",https://viennavadata.org/meeting/2025-10-27.html
2025-10-27,36626,Regular Business,Procedural,,https://viennavadata.org/meeting/2025-10-27.html
2025-10-27,36632,"9:00 pm - 9:30 pm Resolution of the Town of Vienna, Virginia Town Council opposing proposed redistricting of Vienna students from James Madison High School",Grants & Intergovernmental,7 Aye,https://viennavadata.org/meeting/2025-10-27.html
2025-10-27,36627,"9:30 PM - 10:00 PM Request approval to increase FY26 spending with Brightview Landscape Services, Inc., for horticulture services.","Budget, Taxes & Finance",7 Aye,https://viennavadata.org/meeting/2025-10-27.html
2025-10-27,36631,10:00 PM - 10:30 PM Capital Improvement Plan (CIP) Approval 2026 - 2042,"Budget, Taxes & Finance","2 Nay, 5 Aye",https://viennavadata.org/meeting/2025-10-27.html
2025-10-27,36629,10:30 PM - 10:45 PM Town Holiday Ornament,"Community, Arts & Events",7 Aye,https://viennavadata.org/meeting/2025-10-27.html
2025-10-27,36633,Meeting Adjournment,Procedural,,https://viennavadata.org/meeting/2025-10-27.html
2025-10-27,36634,"THE TOWN OF VIENNA IS COMMITTED TO FULL COMPLIANCE WITH THE AMERICANS WITH DISABILITIES ACT STANDARDS. TRANSLATION SERVICES, ASSISTANCE OR ACCOMMODATION REQUESTS FROM PERSONS WITH DISABILITIES ARE TO BE REQUESTED NOT LESS THAN 3 WORKING DAYS BEFORE THE DAY OF THE EVENT. PLEASE CALL (703) 255-6304, OR 711 VIRGINIA RELAY SERVICE FOR THE HEARING IMPAIRED.",Procedural,,https://viennavadata.org/meeting/2025-10-27.html
2025-10-06,36468,"Invocation: Pastor Eddie Sampson, New Union Baptist Church",Procedural,,https://viennavadata.org/meeting/2025-10-06.html
2025-10-06,36469,Pledge of Allegiance to the Flag of the United States of America,Procedural,,https://viennavadata.org/meeting/2025-10-06.html
2025-10-06,36470,Roll Call,Procedural,,https://viennavadata.org/meeting/2025-10-06.html
2025-10-06,36472,"Receipt of petitions and communications from the Public that are not on the Agenda.  
          (Limited to 3 minutes per issue and no formal action can be taken this evening)",Procedural,,https://viennavadata.org/meeting/2025-10-06.html
2025-10-06,36474,Reports/Presentations,Procedural,,https://viennavadata.org/meeting/2025-10-06.html
2025-10-06,36488,Proclamation for Fire Prevention Week 2025,Proclamations & Recognitions,,https://viennavadata.org/meeting/2025-10-06.html
2025-10-06,36475,Report and Inquiries of Council Members,Procedural,,https://viennavadata.org/meeting/2025-10-06.html
2025-10-06,36476,Report of the Town Manager,Procedural,,https://viennavadata.org/meeting/2025-10-06.html
2025-10-06,36477,Report of the Mayor,Procedural,,https://viennavadata.org/meeting/2025-10-06.html
2025-10-06,36478,Proposals for Additional Items to the Agenda,Procedural,,https://viennavadata.org/meeting/2025-10-06.html
2025-10-06,36479,Closed Session Report,Procedural,7 Aye,https://viennavadata.org/meeting/2025-10-06.html
2025-10-06,36503,Closed Session Report,Procedural,7 Aye,https://viennavadata.org/meeting/2025-10-06.html
2025-10-06,36480,Public Hearings,Procedural,,https://viennavadata.org/meeting/2025-10-06.html
2025-10-06,36484,8:00 p.m. - 8:30 p.m. Public Hearing on 2025-26 Budget Supplemental Appropriations,"Budget, Taxes & Finance",7 Aye,https://viennavadata.org/meeting/2025-10-06.html
2025-10-06,36482,Regular Business,Procedural,,https://viennavadata.org/meeting/2025-10-06.html
2025-10-06,36483,"8:30 p.m. - 9:15 p.m. Set a Public Hearing on Bond Ordinance for Nov. 10, 2025","Budget, Taxes & Finance","1 Nay, 6 Aye",https://viennavadata.org/meeting/2025-10-06.html
2025-10-06,36487,Second Closed Session,Procedural,7 Aye,https://viennavadata.org/meeting/2025-10-06.html
2025-10-06,36485,Meeting Adjournment,Procedural,,https://viennavadata.org/meeting/2025-10-06.html
2025-10-06,36486,"THE TOWN OF VIENNA IS COMMITTED TO FULL COMPLIANCE WITH THE AMERICANS WITH DISABILITIES ACT STANDARDS. TRANSLATION SERVICES, ASSISTANCE OR ACCOMMODATION REQUESTS FROM PERSONS WITH DISABILITIES ARE TO BE REQUESTED NOT LESS THAN 3 WORKING DAYS BEFORE THE DAY OF THE EVENT. PLEASE CALL (703) 255-6304, OR 711 VIRGINIA RELAY SERVICE FOR THE HEARING IMPAIRED.",Procedural,,https://viennavadata.org/meeting/2025-10-06.html
2025-09-29,36376,"Invocation: John Russo, Baha'i Community of the Town of Vienna",Procedural,,https://viennavadata.org/meeting/2025-09-29.html
2025-09-29,36377,Pledge of Allegiance to the Flag of the United States of America,Procedural,,https://viennavadata.org/meeting/2025-09-29.html
2025-09-29,36378,Roll Call,Procedural,,https://viennavadata.org/meeting/2025-09-29.html
2025-09-29,36379,Acceptance of the Minutes:,Minutes,,https://viennavadata.org/meeting/2025-09-29.html
2025-09-29,36395,Acceptance of the Draft Minutes of August 25th and September 8th Regular Town Council Meetings,Minutes,,https://viennavadata.org/meeting/2025-09-29.html
2025-09-29,36380,"Receipt of petitions and communications from the Public that are not on the Agenda.  
          (Limited to 3 minutes per issue and no formal action can be taken this evening)",Procedural,,https://viennavadata.org/meeting/2025-09-29.html
2025-09-29,36382,Reports/Presentations,Procedural,,https://viennavadata.org/meeting/2025-09-29.html
2025-09-29,36433,1. Government Finance Officers Association (GFOA) Triple Crown: Budgeting and Financial Reporting,"Budget, Taxes & Finance",,https://viennavadata.org/meeting/2025-09-29.html
2025-09-29,36383,Report and Inquiries of Council Members,Procedural,,https://viennavadata.org/meeting/2025-09-29.html
2025-09-29,36384,Report of the Town Manager,Procedural,,https://viennavadata.org/meeting/2025-09-29.html
2025-09-29,36385,Report of the Mayor,Procedural,,https://viennavadata.org/meeting/2025-09-29.html
2025-09-29,36386,Proposals for Additional Items to the Agenda,Procedural,,https://viennavadata.org/meeting/2025-09-29.html
2025-09-29,36387,Closed Session Report,Procedural,,https://viennavadata.org/meeting/2025-09-29.html
2025-09-29,36390,Regular Business,Procedural,,https://viennavadata.org/meeting/2025-09-29.html
2025-09-29,36391,"8:00 p.m. - 8:15 p.m. Ratify approval to award a town-wide copier services purchase order to Ubeo Midco, LLC for Fiscal Year 2026","Budget, Taxes & Finance",7 Aye,https://viennavadata.org/meeting/2025-09-29.html
2025-09-29,36392,8:15 p.m. - 8:45 p.m. Proposed Updates to Chapter 18 - Zoning and Subdivision: Response to State Code Changes and Other Items,"Land Use, Zoning & Development",7 Aye,https://viennavadata.org/meeting/2025-09-29.html
2025-09-29,36393,8:45 p.m. - 9:15 p.m. Strategic Plan: Potential Adoption,Governance & Administration,7 Aye,https://viennavadata.org/meeting/2025-09-29.html
2025-09-29,36394,"9:15 p.m. - 9:45 p.m. Intent to Adopt - Amendment to Town Code, Chapter 6, Section 6-33 Levy, to Increase the Meals Tax Rate from 3% to 4%","Budget, Taxes & Finance","1 Nay, 6 Aye",https://viennavadata.org/meeting/2025-09-29.html
2025-09-29,36467,Changes to 2025 and 2026 Town Council meeting dates on Town Calendar,Governance & Administration,,https://viennavadata.org/meeting/2025-09-29.html
2025-09-29,36466,Changes to 2025 and 2026 Town Council Meeting Dates on Town Calendar,Governance & Administration,7 Aye,https://viennavadata.org/meeting/2025-09-29.html
2025-09-29,36397,Second Closed Session Report,Procedural,,https://viennavadata.org/meeting/2025-09-29.html
2025-09-29,36396,Meeting Adjournment,Procedural,,https://viennavadata.org/meeting/2025-09-29.html
2025-09-08,36230,"Invocation: Ray Brill, Council Member",Procedural,,https://viennavadata.org/meeting/2025-09-08.html
2025-09-08,36231,Pledge of Allegiance to the Flag of the United States of America,Procedural,,https://viennavadata.org/meeting/2025-09-08.html
2025-09-08,36232,Roll Call,Procedural,,https://viennavadata.org/meeting/2025-09-08.html
2025-09-08,36234,"Receipt of petitions and communications from the Public that are not on the Agenda.  
          (Limited to 3 minutes per issue and no formal action can be taken this evening)",Procedural,,https://viennavadata.org/meeting/2025-09-08.html
2025-09-08,36321,"Receipt of petitions and communications from the Public that are not on the Agenda.  
          (Limited to 3 minutes per issue and no formal action can be taken this evening)",Procedural,,https://viennavadata.org/meeting/2025-09-08.html
2025-09-08,36322,"Receipt of petitions and communications from the Public that are not on the Agenda.  
          (Limited to 3 minutes per issue and no formal action can be taken this evening)",Procedural,,https://viennavadata.org/meeting/2025-09-08.html
2025-09-08,36236,Reports/Presentations,Procedural,,https://viennavadata.org/meeting/2025-09-08.html
2025-09-08,36250,Science Museum of Virginia Board Swearing in of Dr. Nisha Patel,Proclamations & Recognitions,,https://viennavadata.org/meeting/2025-09-08.html
2025-09-08,36251,Proclamation for National Lissencephaly Awareness Day,Proclamations & Recognitions,,https://viennavadata.org/meeting/2025-09-08.html
2025-09-08,36252,Proclamation for Constitution Week,Proclamations & Recognitions,,https://viennavadata.org/meeting/2025-09-08.html
2025-09-08,36237,Report and Inquiries of Council Members,Procedural,,https://viennavadata.org/meeting/2025-09-08.html
2025-09-08,36238,Report of the Town Manager,Procedural,,https://viennavadata.org/meeting/2025-09-08.html
2025-09-08,36239,Report of the Mayor,Procedural,,https://viennavadata.org/meeting/2025-09-08.html
2025-09-08,36240,Proposals for Additional Items to the Agenda,Procedural,,https://viennavadata.org/meeting/2025-09-08.html
2025-09-08,36241,Closed Session Report,Procedural,"1 Abstain, 6 Aye",https://viennavadata.org/meeting/2025-09-08.html
2025-09-08,36327,Appointment / Re-appointment to Town Boards and Commissions,Appointments & Resignations,7 Aye,https://viennavadata.org/meeting/2025-09-08.html
2025-09-08,36242,Public Hearings,Procedural,,https://viennavadata.org/meeting/2025-09-08.html
2025-09-08,36245,"Resolution of the Town of Vienna, Virginia Town Council Approving of the Town’s Participation and Submission of Participation Form in the Proposed Settlement of Opioid-Related Claims",Grants & Intergovernmental,,https://viennavadata.org/meeting/2025-09-08.html
2025-09-08,36243,7:50 p.m. - 8:00 p.m. Consent Agenda,Consent Agenda,,https://viennavadata.org/meeting/2025-09-08.html
2025-09-08,36246,Approval of VDOT Transportation Alternatives (TA) grant applications and resolutions,"Streets, Sidewalks & Transportation",7 Aye,https://viennavadata.org/meeting/2025-09-08.html
2025-09-08,36325,"Resolution of the Town of Vienna, Virginia Town Council Approving of the Town’s Participation and Submission of Participation Form in the Proposed Settlement of Opioid-Related Claims",Grants & Intergovernmental,7 Aye,https://viennavadata.org/meeting/2025-09-08.html
2025-09-08,36248,Development of the Police Dispatch and Record Management System by Tyler Technologies.,Public Safety,"1 Abstain, 6 Aye",https://viennavadata.org/meeting/2025-09-08.html
2025-09-08,36244,Regular Business,Procedural,,https://viennavadata.org/meeting/2025-09-08.html
2025-09-08,36249,"8:00 p.m. – 8:30 p.m. Notice of Intent to Adopt - Amendment to Town Code Chapter 6, Section 6-33 Levy, to Increase the Meals Tax Rate from 3% to 4%","Budget, Taxes & Finance",,https://viennavadata.org/meeting/2025-09-08.html
2025-09-08,36324,"8:00 p.m. – 8:30 p.m. Notice of Intent to Adopt - Amendment to Town Code Chapter 6, Section 6-33 Levy, to Increase the Meals Tax Rate from 3% to 4%","Budget, Taxes & Finance","1 Nay, 6 Aye",https://viennavadata.org/meeting/2025-09-08.html
2025-09-08,36326,Appoint New Town Clerk,Appointments & Resignations,7 Aye,https://viennavadata.org/meeting/2025-09-08.html
2025-09-08,36247,8:30 p.m. – 9:15 p.m. Strategic Plan: Review of Board/Commission Input and Potential Adoption,Governance & Administration,7 Aye,https://viennavadata.org/meeting/2025-09-08.html
2025-09-08,36254,Second Closed Session,Procedural,7 Aye,https://viennavadata.org/meeting/2025-09-08.html
2025-09-08,36253,Meeting Adjournment,Procedural,,https://viennavadata.org/meeting/2025-09-08.html
2025-08-25,36181,"Invocation: Jay Miller, Baha'i Community of the Town of Vienna",Procedural,,https://viennavadata.org/meeting/2025-08-25.html
2025-08-25,36182,Pledge of Allegiance to the Flag of the United States of America,Procedural,,https://viennavadata.org/meeting/2025-08-25.html
2025-08-25,36183,Roll Call,Procedural,,https://viennavadata.org/meeting/2025-08-25.html
2025-08-25,36184,Acceptance of the Minutes:,Minutes,,https://viennavadata.org/meeting/2025-08-25.html
2025-08-25,36200,"Acceptance of the Regular Council Meeting Minutes of July 7, 2025 and the Work Session Minutes of July 7, 2025.",Minutes,,https://viennavadata.org/meeting/2025-08-25.html
2025-08-25,36185,"Receipt of petitions and communications from the Public that are not on the Agenda.  
          (Limited to 3 minutes per issue and no formal action can be taken this evening)",Procedural,,https://viennavadata.org/meeting/2025-08-25.html
2025-08-25,36187,Reports/Presentations,Procedural,,https://viennavadata.org/meeting/2025-08-25.html
2025-08-25,36188,Report and Inquiries of Council Members,Procedural,,https://viennavadata.org/meeting/2025-08-25.html
2025-08-25,36189,Report of the Town Manager,Procedural,,https://viennavadata.org/meeting/2025-08-25.html
2025-08-25,36190,Report of the Mayor,Procedural,,https://viennavadata.org/meeting/2025-08-25.html
2025-08-25,36191,Proposals for Additional Items to the Agenda,Procedural,,https://viennavadata.org/meeting/2025-08-25.html
2025-08-25,36192,Closed Session Report,Procedural,7 Aye,https://viennavadata.org/meeting/2025-08-25.html
2025-08-25,36194,Consent Agenda,Consent Agenda,7 Aye,https://viennavadata.org/meeting/2025-08-25.html
2025-08-25,36197,"Approval to Publish a List of Delinquent Real Estate Tax Payments as of August 25, 2025","Budget, Taxes & Finance",,https://viennavadata.org/meeting/2025-08-25.html
2025-08-25,36202,Changing the November 10 Meeting to a Town Council Meeting and the November 17 Meeting to a Work Session,Governance & Administration,,https://viennavadata.org/meeting/2025-08-25.html
2025-08-25,36195,Regular Business,Procedural,,https://viennavadata.org/meeting/2025-08-25.html
2025-08-25,36198,Set a Public Hearing on 2025-26 Supplemental Appropriations (Fiscal Year 2024-2025 End of Year Update),"Budget, Taxes & Finance",7 Aye,https://viennavadata.org/meeting/2025-08-25.html
2025-08-25,36199,"Amendment to Town Code Chapter 6, Section 6-33 Levy, to Increase the Meals Tax Rate from 3% to 4%","Budget, Taxes & Finance","1 Nay, 6 Aye",https://viennavadata.org/meeting/2025-08-25.html
2025-08-25,36196,"Town Council decision to proceed into the full design stage of the Church Street and East Street, NE, roundabout project","Streets, Sidewalks & Transportation","6 Aye, 1 Nay",https://viennavadata.org/meeting/2025-08-25.html
2025-08-25,36201,Strategic Plan: Review of Board/Commission Input and Potential Adoption,Governance & Administration,7 Aye,https://viennavadata.org/meeting/2025-08-25.html
2025-08-25,36203,Meeting Adjournment,Procedural,,https://viennavadata.org/meeting/2025-08-25.html
2025-08-25,36204,"THE TOWN OF VIENNA IS COMMITTED TO FULL COMPLIANCE WITH THE AMERICANS WITH DISABILITIES ACT STANDARDS. TRANSLATION SERVICES, ASSISTANCE OR ACCOMMODATION REQUESTS FROM PERSONS WITH DISABILITIES ARE TO BE REQUESTED NOT LESS THAN 3 WORKING DAYS BEFORE THE DAY OF THE EVENT. PLEASE CALL (703) 255-6304, OR 711 VIRGINIA RELAY SERVICE FOR THE HEARING IMPAIRED.",Procedural,,https://viennavadata.org/meeting/2025-08-25.html
2025-07-07,36011,"Invocation: Pastor Tony Prinsen, Emmanuel Lutheran Church",Procedural,,https://viennavadata.org/meeting/2025-07-07.html
2025-07-07,36012,Pledge of Allegiance to the Flag of the United States of America,Procedural,,https://viennavadata.org/meeting/2025-07-07.html
2025-07-07,36013,Roll Call,Procedural,,https://viennavadata.org/meeting/2025-07-07.html
2025-07-07,36014,Acceptance of the Minutes:,Minutes,,https://viennavadata.org/meeting/2025-07-07.html
2025-07-07,36030,"Acceptance of the Regular Council Meeting Minutes of June 2, 2025 and the Work Session Minutes of June 9, 2025.",Minutes,,https://viennavadata.org/meeting/2025-07-07.html
2025-07-07,36015,"Receipt of petitions and communications from the Public that are not on the Agenda.  
          (Limited to 3 minutes per issue and no formal action can be taken this evening)",Procedural,,https://viennavadata.org/meeting/2025-07-07.html
2025-07-07,36017,Reports/Presentations,Procedural,,https://viennavadata.org/meeting/2025-07-07.html
2025-07-07,36028,National Parks & Recreation Month,Parks & Recreation,,https://viennavadata.org/meeting/2025-07-07.html
2025-07-07,36035,Proclamation VA250 - American Revolution Commemoration,Proclamations & Recognitions,,https://viennavadata.org/meeting/2025-07-07.html
2025-07-07,36018,Report and Inquiries of Council Members,Procedural,,https://viennavadata.org/meeting/2025-07-07.html
2025-07-07,36019,Report of the Town Manager,Procedural,,https://viennavadata.org/meeting/2025-07-07.html
2025-07-07,36020,Report of the Mayor,Procedural,,https://viennavadata.org/meeting/2025-07-07.html
2025-07-07,36021,Proposals for Additional Items to the Agenda,Procedural,,https://viennavadata.org/meeting/2025-07-07.html
2025-07-07,36022,Closed Session Report,Procedural,"6 Aye, 1 Absent",https://viennavadata.org/meeting/2025-07-07.html
2025-07-07,36024,Consent Agenda,Consent Agenda,,https://viennavadata.org/meeting/2025-07-07.html
2025-07-07,36026,"Intent to adopt a proposed ordinance to amend the Code of the Town of Vienna, Chapter 9, Motor Vehicles and Traffic, Article 1, In General, Section 9-3, Adoption of State Code.","Streets, Sidewalks & Transportation","6 Aye, 1 Absent",https://viennavadata.org/meeting/2025-07-07.html
2025-07-07,36033,Renewal of Maintenance Agreement with Tyler Technologies,Contracts & Purchasing,"6 Aye, 1 Absent",https://viennavadata.org/meeting/2025-07-07.html
2025-07-07,36034,Appropriate Spending for the Town Attorney for FY 2025-26,"Budget, Taxes & Finance","6 Aye, 1 Absent",https://viennavadata.org/meeting/2025-07-07.html
2025-07-07,36025,Regular Business,Procedural,,https://viennavadata.org/meeting/2025-07-07.html
2025-07-07,36027,8:20 p.m. - Request approval to award the Transportation Alternatives Program (TA)-funded Capital Bikeshare Station Installation Contract.,"Streets, Sidewalks & Transportation","6 Aye, 1 Absent",https://viennavadata.org/meeting/2025-07-07.html
2025-07-07,36029,8:30 p.m.- Approval of the Parks & Recreation Master Plan: Our Plan to Play,Parks & Recreation,"5 Aye, 1 Nay, 1 Absent",https://viennavadata.org/meeting/2025-07-07.html
2025-07-07,36031,"Request for Approval of Proposed Update to Approved Master Sign Plan for 111 Church St., NW","Land Use, Zoning & Development","6 Aye, 1 Absent",https://viennavadata.org/meeting/2025-07-07.html
2025-07-07,36032,"Request for approval of proposed site plan for drive-through ATMs at 1007 Electric Ave., SE, for Navy Federal Credit Union.","Land Use, Zoning & Development","6 Aye, 1 Absent",https://viennavadata.org/meeting/2025-07-07.html
2025-07-07,36036,Meeting Adjournment,Procedural,"6 Aye, 1 Absent",https://viennavadata.org/meeting/2025-07-07.html
2025-07-07,36037,"THE TOWN OF VIENNA IS COMMITTED TO FULL COMPLIANCE WITH THE AMERICANS WITH DISABILITIES ACT STANDARDS. TRANSLATION SERVICES, ASSISTANCE OR ACCOMMODATION REQUESTS FROM PERSONS WITH DISABILITIES ARE TO BE REQUESTED NOT LESS THAN 3 WORKING DAYS BEFORE THE DAY OF THE EVENT. PLEASE CALL (703) 255-6304, OR 711 VIRGINIA RELAY SERVICE FOR THE HEARING IMPAIRED.",Procedural,,https://viennavadata.org/meeting/2025-07-07.html
2025-06-02,35768,"Invocation: Rev. Dr. Hope Lee, Vienna Presbyterian Church",Procedural,,https://viennavadata.org/meeting/2025-06-02.html
2025-06-02,35769,Pledge of Allegiance to the Flag of the United States of America,Procedural,,https://viennavadata.org/meeting/2025-06-02.html
2025-06-02,35770,Roll Call,Procedural,,https://viennavadata.org/meeting/2025-06-02.html
2025-06-02,35771,Acceptance of the Minutes:,Minutes,,https://viennavadata.org/meeting/2025-06-02.html
2025-06-02,35787,"Acceptance of the Work Session Minutes of May 12, 2025 and the Town Council Meeting Minutes of May 19, 2025",Minutes,,https://viennavadata.org/meeting/2025-06-02.html
2025-06-02,35772,"Receipt of petitions and communications from the Public that are not on the Agenda.  
          (Limited to 3 minutes per issue and no formal action can be taken this evening)",Procedural,,https://viennavadata.org/meeting/2025-06-02.html
2025-06-02,35774,Reports/Presentations,Procedural,,https://viennavadata.org/meeting/2025-06-02.html
2025-06-02,35785,7:40 p.m. - 8:10 p.m. New Website Update,Contracts & Purchasing,,https://viennavadata.org/meeting/2025-06-02.html
2025-06-02,35775,Report and Inquiries of Council Members,Procedural,,https://viennavadata.org/meeting/2025-06-02.html
2025-06-02,35776,Report of the Town Manager,Procedural,,https://viennavadata.org/meeting/2025-06-02.html
2025-06-02,35777,Report of the Mayor,Procedural,,https://viennavadata.org/meeting/2025-06-02.html
2025-06-02,35778,Proposals for Additional Items to the Agenda,Procedural,,https://viennavadata.org/meeting/2025-06-02.html
2025-06-02,35779,Closed Session Report,Procedural,,https://viennavadata.org/meeting/2025-06-02.html
2025-06-02,35780,Public Hearings,Procedural,,https://viennavadata.org/meeting/2025-06-02.html
2025-06-02,35781,8:30 p.m. - 8:45 p.m. Consent Agenda,Consent Agenda,,https://viennavadata.org/meeting/2025-06-02.html
2025-06-02,35783,FY 2026 funding of contracts issued by other jurisdictions under the Virginia Public Procurement Act cooperative procurement provisions.,Contracts & Purchasing,,https://viennavadata.org/meeting/2025-06-02.html
2025-06-02,35784,FY 2026 funding and renewal of Town contracts,Contracts & Purchasing,,https://viennavadata.org/meeting/2025-06-02.html
2025-06-02,35817,FY 2026 funding of contracts issued by other jurisdictions under the Virginia Public Procurement Act cooperative procurement provisions.,Contracts & Purchasing,"6 Aye, 1 Absent",https://viennavadata.org/meeting/2025-06-02.html
2025-06-02,35818,FY 2026 funding and renewal of Town contracts,Contracts & Purchasing,"6 Aye, 1 Absent",https://viennavadata.org/meeting/2025-06-02.html
2025-06-02,35786,Request to adopt 2026 Town Council meeting schedule for inclusion in the 2026 Town calendar.,Governance & Administration,"5 Aye, 2 Absent",https://viennavadata.org/meeting/2025-06-02.html
2025-06-02,35782,Regular Business,Procedural,,https://viennavadata.org/meeting/2025-06-02.html
2025-06-02,35788,8:45 p.m. - 9:00 p.m. Appointment of Town Officials for Fiscal Year 2025-26,Appointments & Resignations,"6 Aye, 1 Absent",https://viennavadata.org/meeting/2025-06-02.html
2025-06-02,35789,Meeting Adjournment,Procedural,,https://viennavadata.org/meeting/2025-06-02.html
2025-06-02,35790,"THE TOWN OF VIENNA IS COMMITTED TO FULL COMPLIANCE WITH THE AMERICANS WITH DISABILITIES ACT STANDARDS. TRANSLATION SERVICES, ASSISTANCE OR ACCOMMODATION REQUESTS FROM PERSONS WITH DISABILITIES ARE TO BE REQUESTED NOT LESS THAN 3 WORKING DAYS BEFORE THE DAY OF THE EVENT. PLEASE CALL (703) 255-6304, OR 711 VIRGINIA RELAY SERVICE FOR THE HEARING IMPAIRED.",Procedural,,https://viennavadata.org/meeting/2025-06-02.html
2025-05-19,35658,"Invocation: Rev. Johnny Kurcina, Christ Church Vienna",Procedural,,https://viennavadata.org/meeting/2025-05-19.html
2025-05-19,35659,Pledge of Allegiance to the Flag of the United States of America,Procedural,,https://viennavadata.org/meeting/2025-05-19.html
2025-05-19,35660,Roll Call,Procedural,,https://viennavadata.org/meeting/2025-05-19.html
2025-05-19,35661,Acceptance of the Minutes:,Minutes,,https://viennavadata.org/meeting/2025-05-19.html
2025-05-19,35677,"Acceptance of the Regular Council Meeting Minutes of April 28, 2025 and May 5, 2025.",Minutes,7 Aye,https://viennavadata.org/meeting/2025-05-19.html
2025-05-19,35662,"Receipt of petitions and communications from the Public that are not on the Agenda.  
          (Limited to 3 minutes per issue and no formal action can be taken this evening)",Procedural,,https://viennavadata.org/meeting/2025-05-19.html
2025-05-19,35664,Reports/Presentations,Procedural,,https://viennavadata.org/meeting/2025-05-19.html
2025-05-19,35690,2024 Special Gratitude Award for Maud Robinson,Contracts & Purchasing,,https://viennavadata.org/meeting/2025-05-19.html
2025-05-19,35665,Report and Inquiries of Council Members,Procedural,,https://viennavadata.org/meeting/2025-05-19.html
2025-05-19,35666,Report of the Town Manager,Procedural,,https://viennavadata.org/meeting/2025-05-19.html
2025-05-19,35667,Report of the Mayor,Procedural,,https://viennavadata.org/meeting/2025-05-19.html
2025-05-19,35668,Proposals for Additional Items to the Agenda,Procedural,,https://viennavadata.org/meeting/2025-05-19.html
2025-05-19,35669,Closed Session Report,Procedural,7 Aye,https://viennavadata.org/meeting/2025-05-19.html
2025-05-19,35672,Regular Business,Procedural,,https://viennavadata.org/meeting/2025-05-19.html
2025-05-19,35674,Intent to Adopt Real Estate Tax Rate for FY2025-26,"Budget, Taxes & Finance","1 Nay, 6 Aye",https://viennavadata.org/meeting/2025-05-19.html
2025-05-19,35675,Intent to Adopt FY2025-26 Operating Budget,"Budget, Taxes & Finance","1 Nay, 6 Aye",https://viennavadata.org/meeting/2025-05-19.html
2025-05-19,35676,Intent to Adopt FY 2025-26 Water and Sewer Rates,"Water, Sewer & Stormwater","1 Nay, 6 Aye",https://viennavadata.org/meeting/2025-05-19.html
2025-05-19,35673,"Request approval for spending $149,832 with Musco Lighting to replace the Meadow Lane Park tennis and basketball court lights.",Parks & Recreation,7 Aye,https://viennavadata.org/meeting/2025-05-19.html
2025-05-19,35678,Meeting Adjournment,Procedural,,https://viennavadata.org/meeting/2025-05-19.html
2025-05-19,35679,"THE TOWN OF VIENNA IS COMMITTED TO FULL COMPLIANCE WITH THE AMERICANS WITH DISABILITIES ACT STANDARDS. TRANSLATION SERVICES, ASSISTANCE OR ACCOMMODATION REQUESTS FROM PERSONS WITH DISABILITIES ARE TO BE REQUESTED NOT LESS THAN 3 WORKING DAYS BEFORE THE DAY OF THE EVENT. PLEASE CALL (703) 255-6304, OR 711 VIRGINIA RELAY SERVICE FOR THE HEARING IMPAIRED.",Procedural,,https://viennavadata.org/meeting/2025-05-19.html
2025-05-05,35514,"Invocation:  Mercury Payton, Town Manager",Procedural,,https://viennavadata.org/meeting/2025-05-05.html
2025-05-05,35515,Pledge of Allegiance to the Flag of the United States of America,Procedural,,https://viennavadata.org/meeting/2025-05-05.html
2025-05-05,35516,Roll Call,Procedural,,https://viennavadata.org/meeting/2025-05-05.html
2025-05-05,35517,Acceptance of the Minutes:,Minutes,,https://viennavadata.org/meeting/2025-05-05.html
2025-05-05,35533,"Acceptance of the Council Meeting Minutes of April 7, 2025 and the Work Session Minutes of April 21, 2025",Minutes,,https://viennavadata.org/meeting/2025-05-05.html
2025-05-05,35518,"Receipt of petitions and communications from the Public that are not on the Agenda.  
          (Limited to 3 minutes per issue and no formal action can be taken this evening)",Procedural,,https://viennavadata.org/meeting/2025-05-05.html
2025-05-05,35520,Reports/Presentations,Procedural,,https://viennavadata.org/meeting/2025-05-05.html
2025-05-05,35552,Proclamation for Congressman Gerald E. Connolly,Proclamations & Recognitions,,https://viennavadata.org/meeting/2025-05-05.html
2025-05-05,35529,Proclamation for Economic Development Week 2025,Proclamations & Recognitions,,https://viennavadata.org/meeting/2025-05-05.html
2025-05-05,35521,Report and Inquiries of Council Members,Procedural,,https://viennavadata.org/meeting/2025-05-05.html
2025-05-05,35522,Report of the Town Manager,Procedural,,https://viennavadata.org/meeting/2025-05-05.html
2025-05-05,35523,Report of the Mayor,Procedural,,https://viennavadata.org/meeting/2025-05-05.html
2025-05-05,35524,Proposals for Additional Items to the Agenda,Procedural,,https://viennavadata.org/meeting/2025-05-05.html
2025-05-05,35525,Closed Session Report,Procedural,,https://viennavadata.org/meeting/2025-05-05.html
2025-05-05,35528,Regular Business,Procedural,,https://viennavadata.org/meeting/2025-05-05.html
2025-05-05,35530,"Town Council Authorization for the Town Manager to execute a Standard Project Agreement (SPA) for Funding and Administration between the Town of Vienna and the Northern Virginia Transportation Authority (NVTA) for the Vienna-Carter Library Parking Garage, to provide commuter parking availability.","Streets, Sidewalks & Transportation",7 Aye,https://viennavadata.org/meeting/2025-05-05.html
2025-05-05,35531,Meeting Adjournment,Procedural,7 Aye,https://viennavadata.org/meeting/2025-05-05.html
2025-05-05,35532,"THE TOWN OF VIENNA IS COMMITTED TO FULL COMPLIANCE WITH THE AMERICANS WITH DISABILITIES ACT STANDARDS. TRANSLATION SERVICES, ASSISTANCE OR ACCOMMODATION REQUESTS FROM PERSONS WITH DISABILITIES ARE TO BE REQUESTED NOT LESS THAN 3 WORKING DAYS BEFORE THE DAY OF THE EVENT. PLEASE CALL (703) 255-6304, OR 711 VIRGINIA RELAY SERVICE FOR THE HEARING IMPAIRED.",Procedural,,https://viennavadata.org/meeting/2025-05-05.html
2025-04-28,35455,"Invocation:Mr. John Russo, Baha'i Community of the Town of Vienna",Procedural,,https://viennavadata.org/meeting/2025-04-28.html
2025-04-28,35456,Pledge of Allegiance to the Flag of the United States of America,Procedural,,https://viennavadata.org/meeting/2025-04-28.html
2025-04-28,35457,Roll Call,Procedural,,https://viennavadata.org/meeting/2025-04-28.html
2025-04-28,35458,Acceptance of the Minutes:,Minutes,,https://viennavadata.org/meeting/2025-04-28.html
2025-04-28,35474,"Acceptance of the Council Meeting Minutes of April 7, 2025",Minutes,,https://viennavadata.org/meeting/2025-04-28.html
2025-04-28,35459,"Receipt of petitions and communications from the Public that are not on the Agenda.  
          (Limited to 3 minutes per issue and no formal action can be taken this evening)",Procedural,,https://viennavadata.org/meeting/2025-04-28.html
2025-04-28,35461,Reports/Presentations,Procedural,,https://viennavadata.org/meeting/2025-04-28.html
2025-04-28,35462,Report and Inquiries of Council Members,Procedural,,https://viennavadata.org/meeting/2025-04-28.html
2025-04-28,35463,Report of the Town Manager,Procedural,,https://viennavadata.org/meeting/2025-04-28.html
2025-04-28,35464,Report of the Mayor,Procedural,,https://viennavadata.org/meeting/2025-04-28.html
2025-04-28,35465,Proposals for Additional Items to the Agenda,Procedural,,https://viennavadata.org/meeting/2025-04-28.html
2025-04-28,35466,Closed Session Report,Procedural,7 Aye,https://viennavadata.org/meeting/2025-04-28.html
2025-04-28,35467,Public Hearings,Procedural,,https://viennavadata.org/meeting/2025-04-28.html
2025-04-28,35470,7:45 p.m. -8:00 p.m. Public Hearing for Fiscal Year 2025-26 Proposed Tax Rate,"Budget, Taxes & Finance","1 Nay, 6 Aye",https://viennavadata.org/meeting/2025-04-28.html
2025-04-28,35469,Regular Business,Procedural,,https://viennavadata.org/meeting/2025-04-28.html
2025-04-28,35478,8:00 p.m. - 8:15 p.m. Consent Agenda,Consent Agenda,7 Aye,https://viennavadata.org/meeting/2025-04-28.html
2025-04-28,35477,"Request approval for spending $198,970 with Hydro-Tech Irrigation Company for Installation of Irrigation Systems in the Church Street Planters","Streets, Sidewalks & Transportation",,https://viennavadata.org/meeting/2025-04-28.html
2025-04-28,35512,"Request approval for spending $198,970 with Hydro-Tech Irrigation Company for Installation of Irrigation Systems in the Church Street Planters","Streets, Sidewalks & Transportation","3 Nay, 4 Aye",https://viennavadata.org/meeting/2025-04-28.html
2025-04-28,35471,"Intent to Adopt Amendments to Chapter 3, Article 4 of the Town Code.",Town Code & Ordinances,"1 Nay, 6 Aye",https://viennavadata.org/meeting/2025-04-28.html
2025-04-28,35472,"8:15 p.m. - 8:45 p.m. Request approval to award Invitation for Bid (IFB) 25-13 to Ball Rock Inc. in the amount of $329,846.96 for replacement of the Meadow Lane bathroom facility.",Contracts & Purchasing,7 Aye,https://viennavadata.org/meeting/2025-04-28.html
2025-04-28,35473,"8:45 p.m. - 9:15 p.m. Request for approval of proposed site plan and modifications of requirements for 800-900 Follin Lane, SE, Navy Federal Credit Union, for the installation of emergency generators and construction of related infrastructure.","Land Use, Zoning & Development",7 Aye,https://viennavadata.org/meeting/2025-04-28.html
2025-04-28,35475,Meeting Adjournment,Procedural,,https://viennavadata.org/meeting/2025-04-28.html
2025-04-28,35476,"THE TOWN OF VIENNA IS COMMITTED TO FULL COMPLIANCE WITH THE AMERICANS WITH DISABILITIES ACT STANDARDS. TRANSLATION SERVICES, ASSISTANCE OR ACCOMMODATION REQUESTS FROM PERSONS WITH DISABILITIES ARE TO BE REQUESTED NOT LESS THAN 3 WORKING DAYS BEFORE THE DAY OF THE EVENT. PLEASE CALL (703) 255-6304, OR 711 VIRGINIA RELAY SERVICE FOR THE HEARING IMPAIRED.",Procedural,,https://viennavadata.org/meeting/2025-04-28.html
2025-04-07,35260,Invocation: Councilmember Ray Brill,Procedural,,https://viennavadata.org/meeting/2025-04-07.html
2025-04-07,35261,Pledge of Allegiance to the Flag of the United States of America,Procedural,,https://viennavadata.org/meeting/2025-04-07.html
2025-04-07,35262,Roll Call,Procedural,,https://viennavadata.org/meeting/2025-04-07.html
2025-04-07,35263,Acceptance of the Minutes:,Minutes,,https://viennavadata.org/meeting/2025-04-07.html
2025-04-07,35281,"Acceptance of the Regular Council Meeting Minutes of February 24, 2025, March 24, 2025, the Work Session Minutes of March 3, 2025, March 15, 2025 and March 17, 2025.",Minutes,7 Aye,https://viennavadata.org/meeting/2025-04-07.html
2025-04-07,35264,"Receipt of petitions and communications from the Public that are not on the Agenda.  
          (Limited to 3 minutes per issue and no formal action can be taken this evening)",Procedural,,https://viennavadata.org/meeting/2025-04-07.html
2025-04-07,35266,Reports/Presentations,Procedural,,https://viennavadata.org/meeting/2025-04-07.html
2025-04-07,35276,Proclamation for International Dark Sky Week,Proclamations & Recognitions,,https://viennavadata.org/meeting/2025-04-07.html
2025-04-07,35324,Proclamation for Volunteer Recognition Day,Proclamations & Recognitions,,https://viennavadata.org/meeting/2025-04-07.html
2025-04-07,35267,Report and Inquiries of Council Members,Procedural,,https://viennavadata.org/meeting/2025-04-07.html
2025-04-07,35268,Report of the Town Manager,Procedural,,https://viennavadata.org/meeting/2025-04-07.html
2025-04-07,35269,Report of the Mayor,Procedural,,https://viennavadata.org/meeting/2025-04-07.html
2025-04-07,35270,Proposals for Additional Items to the Agenda,Procedural,,https://viennavadata.org/meeting/2025-04-07.html
2025-04-07,35271,Closed Session Report,Procedural,7 Aye,https://viennavadata.org/meeting/2025-04-07.html
2025-04-07,35272,Public Hearings,Procedural,,https://viennavadata.org/meeting/2025-04-07.html
2025-04-07,35278,Public Hearing for Fiscal Year 2025-26 Operating Budget,"Budget, Taxes & Finance","1 Nay, 6 Aye",https://viennavadata.org/meeting/2025-04-07.html
2025-04-07,35277,Public Hearing for Fiscal Year 2025-26 Water and Sewer Rates,"Water, Sewer & Stormwater","1 Nay, 6 Aye",https://viennavadata.org/meeting/2025-04-07.html
2025-04-07,35273,Consent Agenda,Consent Agenda,,https://viennavadata.org/meeting/2025-04-07.html
2025-04-07,35279,Approval Request to Award Water System Valuation and Condition Assessment,"Water, Sewer & Stormwater",7 Aye,https://viennavadata.org/meeting/2025-04-07.html
2025-04-07,35275,Intent to Adopt Amendments to Section. 18-407. - Swimming Pools and Outdoor Hot Tubs,Town Code & Ordinances,7 Aye,https://viennavadata.org/meeting/2025-04-07.html
2025-04-07,35274,Regular Business,Procedural,,https://viennavadata.org/meeting/2025-04-07.html
2025-04-07,35280,"Request for approval of a lot line adjustment, followed by two lot consolidations, resulting in the conversion of six small lots at 130 Wilmar Place NW into two equally sized buildable lots.","Land Use, Zoning & Development",7 Aye,https://viennavadata.org/meeting/2025-04-07.html
2025-04-07,35323,Second Closed Session,Procedural,7 Aye,https://viennavadata.org/meeting/2025-04-07.html
2025-04-07,35282,Meeting Adjournment,Procedural,7 Aye,https://viennavadata.org/meeting/2025-04-07.html
2025-04-07,35283,"THE TOWN OF VIENNA IS COMMITTED TO FULL COMPLIANCE WITH THE AMERICANS WITH DISABILITIES ACT STANDARDS. TRANSLATION SERVICES, ASSISTANCE OR ACCOMMODATION REQUESTS FROM PERSONS WITH DISABILITIES ARE TO BE REQUESTED NOT LESS THAN 3 WORKING DAYS BEFORE THE DAY OF THE EVENT. PLEASE CALL (703) 255-6304, OR 711 VIRGINIA RELAY SERVICE FOR THE HEARING IMPAIRED.",Procedural,,https://viennavadata.org/meeting/2025-04-07.html
2025-03-24,35181,Invocation: Councilmember Ray Brill,Procedural,,https://viennavadata.org/meeting/2025-03-24.html
2025-03-24,35182,Pledge of Allegiance to the Flag of the United States of America,Procedural,,https://viennavadata.org/meeting/2025-03-24.html
2025-03-24,35183,Roll Call,Procedural,,https://viennavadata.org/meeting/2025-03-24.html
2025-03-24,35184,Acceptance of the Minutes:,Minutes,,https://viennavadata.org/meeting/2025-03-24.html
2025-03-24,35185,"Receipt of petitions and communications from the Public that are not on the Agenda.  
          (Limited to 3 minutes per issue and no formal action can be taken this evening)",Procedural,,https://viennavadata.org/meeting/2025-03-24.html
2025-03-24,35187,Reports/Presentations,Procedural,,https://viennavadata.org/meeting/2025-03-24.html
2025-03-24,35202,Arbor Day Proclamation,Proclamations & Recognitions,,https://viennavadata.org/meeting/2025-03-24.html
2025-03-24,35188,Report and Inquiries of Council Members,Procedural,,https://viennavadata.org/meeting/2025-03-24.html
2025-03-24,35189,Report of the Town Manager,Procedural,,https://viennavadata.org/meeting/2025-03-24.html
2025-03-24,35190,Report of the Mayor,Procedural,,https://viennavadata.org/meeting/2025-03-24.html
2025-03-24,35191,Proposals for Additional Items to the Agenda,Procedural,,https://viennavadata.org/meeting/2025-03-24.html
2025-03-24,35192,Closed Session Report,Procedural,7 Aye,https://viennavadata.org/meeting/2025-03-24.html
2025-03-24,35194,Consent Agenda,Consent Agenda,7 Aye,https://viennavadata.org/meeting/2025-03-24.html
2025-03-24,35203,"Request to Set a Public Hearing for April 7, 2025, regarding the FY2025-26 Operating Budget","Budget, Taxes & Finance",,https://viennavadata.org/meeting/2025-03-24.html
2025-03-24,35204,"Request to Set a Public Hearing for April 7, 2025 regarding the FY2025-26 Water and Sewer Rates","Water, Sewer & Stormwater",,https://viennavadata.org/meeting/2025-03-24.html
2025-03-24,35205,"Request to Set a Public Hearing for April 28, 2025 regarding the FY2025-26 Real Estate Tax Rate","Budget, Taxes & Finance",,https://viennavadata.org/meeting/2025-03-24.html
2025-03-24,35195,Regular Business,Procedural,,https://viennavadata.org/meeting/2025-03-24.html
2025-03-24,35196,Request approval of a Memorandum of Understanding (MOU) between the Town of Vienna and Vienna Business Association for 2025 Oktoberfest.,"Community, Arts & Events",7 Aye,https://viennavadata.org/meeting/2025-03-24.html
2025-03-24,35197,Request approval of Memorandum of Understanding (MOU) between Town of Vienna and Rotary Club of Vienna for 2025 Viva! Vienna! Festival and Brewfest,"Community, Arts & Events",7 Aye,https://viennavadata.org/meeting/2025-03-24.html
2025-03-24,35198,"Approval Request for the Sale of Certain Land Rights on Town of Vienna Property, Necessary for the Construction of Fairfax County Project WW-000032-007, Accotink Gravity Sewer Improvements.","Water, Sewer & Stormwater",7 Aye,https://viennavadata.org/meeting/2025-03-24.html
2025-03-24,35199,Approval Request to Award Design Contract for the Locust Street Trail Improvements (Shared-Use Path) Project.,Parks & Recreation,7 Aye,https://viennavadata.org/meeting/2025-03-24.html
2025-03-24,35200,"Request approval of the Transportation Safety Commission’s motion to create a Sidewalk Shoveling Awareness Campaign, focusing on the positive aspects of sidewalk shoveling.","Streets, Sidewalks & Transportation",7 Aye,https://viennavadata.org/meeting/2025-03-24.html
2025-03-24,35201,"Request for Approval of a Site Plan for Meadow Lane Park, on Lot 0384 08C, Located At 400 Courthouse Road, SW, In The PR Parks and Recreation Zoning District.","Land Use, Zoning & Development",7 Aye,https://viennavadata.org/meeting/2025-03-24.html
2025-03-24,35206,"Approve Changes and Direct The Town Clerk Advertise a Notice of Intent to Adopt Zoning Changes, Location of Swimming Pools & Hot Tubs","Land Use, Zoning & Development",7 Aye,https://viennavadata.org/meeting/2025-03-24.html
2025-03-24,35209,"Resolution of the Town of Vienna, Virginia Town Council Approving Support Of Protecting The Natural Environment Along The W&OD Trail",Parks & Recreation,7 Aye,https://viennavadata.org/meeting/2025-03-24.html
2025-03-24,35207,Meeting Adjournment,Procedural,7 Aye,https://viennavadata.org/meeting/2025-03-24.html
2025-03-24,35208,"THE TOWN OF VIENNA IS COMMITTED TO FULL COMPLIANCE WITH THE AMERICANS WITH DISABILITIES ACT STANDARDS. TRANSLATION SERVICES, ASSISTANCE OR ACCOMMODATION REQUESTS FROM PERSONS WITH DISABILITIES ARE TO BE REQUESTED NOT LESS THAN 3 WORKING DAYS BEFORE THE DAY OF THE EVENT. PLEASE CALL (703) 255-6304, OR 711 VIRGINIA RELAY SERVICE FOR THE HEARING IMPAIRED.",Procedural,,https://viennavadata.org/meeting/2025-03-24.html
2025-02-24,34916,"Invocation: Mercury Payton, Town Manager",Procedural,,https://viennavadata.org/meeting/2025-02-24.html
2025-02-24,34917,Pledge of Allegiance to the Flag of the United States of America,Procedural,,https://viennavadata.org/meeting/2025-02-24.html
2025-02-24,34918,Roll Call,Procedural,,https://viennavadata.org/meeting/2025-02-24.html
2025-02-24,34919,Acceptance of the Minutes:,Minutes,,https://viennavadata.org/meeting/2025-02-24.html
2025-02-24,34939,"Acceptance of the Regular Council Meeting Minutes of January 27, 2025, February 3, 2025 and the Work Session Minutes of February 10, 2025",Minutes,7 Aye,https://viennavadata.org/meeting/2025-02-24.html
2025-02-24,34920,"Receipt of petitions and communications from the Public that are not on the Agenda.  
          (Limited to 3 minutes per issue and no formal action can be taken this evening)",Procedural,,https://viennavadata.org/meeting/2025-02-24.html
2025-02-24,34922,Reports/Presentations,Procedural,,https://viennavadata.org/meeting/2025-02-24.html
2025-02-24,34923,Report and Inquiries of Council Members,Procedural,,https://viennavadata.org/meeting/2025-02-24.html
2025-02-24,34924,Report of the Town Manager,Procedural,,https://viennavadata.org/meeting/2025-02-24.html
2025-02-24,34925,Report of the Mayor,Procedural,,https://viennavadata.org/meeting/2025-02-24.html
2025-02-24,34926,Proposals for Additional Items to the Agenda,Procedural,,https://viennavadata.org/meeting/2025-02-24.html
2025-02-24,34927,Closed Session Report,Procedural,7 Aye,https://viennavadata.org/meeting/2025-02-24.html
2025-02-24,34928,Public Hearings,Procedural,,https://viennavadata.org/meeting/2025-02-24.html
2025-02-24,34938,Public Hearing for Authorization of Vehicle Financing,Contracts & Purchasing,7 Aye,https://viennavadata.org/meeting/2025-02-24.html
2025-02-24,34929,Consent Agenda,Consent Agenda,7 Aye,https://viennavadata.org/meeting/2025-02-24.html
2025-02-24,34932,Request approval of Memorandum of Understanding (MOU) between Vienna Little League and Town of Vienna for use of Yeonas Park during the Independence Day Celebration and Fireworks Show.,Parks & Recreation,,https://viennavadata.org/meeting/2025-02-24.html
2025-02-24,34935,Request approval of Memorandum of Understanding (MOU) between the Town of Vienna and Vienna Business Association for 2025 Halloween Parade,"Community, Arts & Events",,https://viennavadata.org/meeting/2025-02-24.html
2025-02-24,34936,Request approval of memorandum of understanding (MOU) between the Optimist Club of Greater Vienna and Town of Vienna for use of the Vienna Community Center parking lot for the 2025 Vienna Farmers Market,Parks & Recreation,,https://viennavadata.org/meeting/2025-02-24.html
2025-02-24,34930,Regular Business,Procedural,,https://viennavadata.org/meeting/2025-02-24.html
2025-02-24,34937,Intent to Adopt Amendments to Chapter 18 of the Town Code,Town Code & Ordinances,7 Aye,https://viennavadata.org/meeting/2025-02-24.html
2025-02-24,34953,Town Council Top Priorities For 2025,Governance & Administration,7 Aye,https://viennavadata.org/meeting/2025-02-24.html
2025-02-24,34940,Meeting Adjournment,Procedural,7 Aye,https://viennavadata.org/meeting/2025-02-24.html
2025-02-24,34941,"THE TOWN OF VIENNA IS COMMITTED TO FULL COMPLIANCE WITH THE AMERICANS WITH DISABILITIES ACT STANDARDS. TRANSLATION SERVICES, ASSISTANCE OR ACCOMMODATION REQUESTS FROM PERSONS WITH DISABILITIES ARE TO BE REQUESTED NOT LESS THAN 3 WORKING DAYS BEFORE THE DAY OF THE EVENT. PLEASE CALL (703) 255-6304, OR 711 VIRGINIA RELAY SERVICE FOR THE HEARING IMPAIRED.",Procedural,,https://viennavadata.org/meeting/2025-02-24.html
2025-02-03,34786,Invocation:,Procedural,,https://viennavadata.org/meeting/2025-02-03.html
2025-02-03,34787,Pledge of Allegiance to the Flag of the United States of America,Procedural,,https://viennavadata.org/meeting/2025-02-03.html
2025-02-03,34788,Roll Call,Procedural,,https://viennavadata.org/meeting/2025-02-03.html
2025-02-03,34789,Acceptance of the Minutes: None,Minutes,,https://viennavadata.org/meeting/2025-02-03.html
2025-02-03,34790,"Receipt of petitions and communications from the Public that are not on the Agenda.  
          (Limited to 3 minutes per issue and no formal action can be taken this evening)",Procedural,,https://viennavadata.org/meeting/2025-02-03.html
2025-02-03,34792,Reports/Presentations,Procedural,,https://viennavadata.org/meeting/2025-02-03.html
2025-02-03,34793,Report and Inquiries of Council Members,Procedural,,https://viennavadata.org/meeting/2025-02-03.html
2025-02-03,34794,Report of the Town Manager,Procedural,,https://viennavadata.org/meeting/2025-02-03.html
2025-02-03,34795,Report of the Mayor,Procedural,,https://viennavadata.org/meeting/2025-02-03.html
2025-02-03,34796,Proposals for Additional Items to the Agenda,Procedural,,https://viennavadata.org/meeting/2025-02-03.html
2025-02-03,34805,Closed Session Report,Procedural,,https://viennavadata.org/meeting/2025-02-03.html
2025-02-03,34808,Closed Session Certification Motion,Procedural,"6 Aye, 1 Absent",https://viennavadata.org/meeting/2025-02-03.html
2025-02-03,34798,Public Hearings,Procedural,,https://viennavadata.org/meeting/2025-02-03.html
2025-02-03,34800,Regular Business,Procedural,,https://viennavadata.org/meeting/2025-02-03.html
2025-02-03,34801,7:45 p.m. - 8:15 p.m. - Set Public Hearing to Issue Vehicle Replacement Program Debt and Notice of Intent to Adopt an Ordinance,Town Code & Ordinances,"6 Aye, 1 Absent",https://viennavadata.org/meeting/2025-02-03.html
2025-02-03,34802,"8:15 p.m.- 8:45 p.m. - Request for approval of a final plat for the lot consolidation of parcels 0391 12 0049A and 0391 12 0050 at 244 Old Courthouse Road, NE, into a single lot in the Residential - Single-Unit, 16,000 sq. ft. (RS-16) zoning district.","Land Use, Zoning & Development","6 Aye, 1 Absent",https://viennavadata.org/meeting/2025-02-03.html
2025-02-03,34806,Second Closed Session Report,Procedural,,https://viennavadata.org/meeting/2025-02-03.html
2025-02-03,34809,Second Closed Session Certification Motion,Procedural,"6 Aye, 1 Absent",https://viennavadata.org/meeting/2025-02-03.html
2025-02-03,34803,Meeting Adjournment,Procedural,"6 Aye, 1 Absent",https://viennavadata.org/meeting/2025-02-03.html
2025-02-03,34804,"THE TOWN OF VIENNA IS COMMITTED TO FULL COMPLIANCE WITH THE AMERICANS WITH DISABILITIES ACT STANDARDS. TRANSLATION SERVICES, ASSISTANCE OR ACCOMMODATION REQUESTS FROM PERSONS WITH DISABILITIES ARE TO BE REQUESTED NOT LESS THAN 3 WORKING DAYS BEFORE THE DAY OF THE EVENT. PLEASE CALL (703) 255-6304, OR 711 VIRGINIA RELAY SERVICE FOR THE HEARING IMPAIRED.",Procedural,,https://viennavadata.org/meeting/2025-02-03.html
2025-01-27,34749,"Invocation: Reverend Johnny Kurcina, Christ Church Vienna",Procedural,,https://viennavadata.org/meeting/2025-01-27.html
2025-01-27,34750,Pledge of Allegiance to the Flag of the United States of America,Procedural,,https://viennavadata.org/meeting/2025-01-27.html
2025-01-27,34751,Roll Call,Procedural,,https://viennavadata.org/meeting/2025-01-27.html
2025-01-27,34752,Acceptance of the Minutes:,Minutes,,https://viennavadata.org/meeting/2025-01-27.html
2025-01-27,34766,"Acceptance of the Regular Council Meeting Minutes of December 9, 2024, the Work Session Minutes of December 9, 2024, December 16, 2024, and the Regular Council Meeting Minutes and Work Session minutes of January 13, 2025",Minutes,"1 Absent, 6 Aye",https://viennavadata.org/meeting/2025-01-27.html
2025-01-27,34753,"Receipt of petitions and communications from the Public that are not on the Agenda.  
          (Limited to 3 minutes per issue and no formal action can be taken this evening)",Procedural,,https://viennavadata.org/meeting/2025-01-27.html
2025-01-27,34755,Reports/Presentations,Procedural,,https://viennavadata.org/meeting/2025-01-27.html
2025-01-27,34769,Proclamation for Vienna Youth Soccer Day,Proclamations & Recognitions,,https://viennavadata.org/meeting/2025-01-27.html
2025-01-27,34756,Report and Inquiries of Council Members,Procedural,,https://viennavadata.org/meeting/2025-01-27.html
2025-01-27,34757,Report of the Town Manager,Procedural,,https://viennavadata.org/meeting/2025-01-27.html
2025-01-27,34758,Report of the Mayor,Procedural,,https://viennavadata.org/meeting/2025-01-27.html
2025-01-27,34759,Proposals for Additional Items to the Agenda,Procedural,,https://viennavadata.org/meeting/2025-01-27.html
2025-01-27,34760,Closed Session Report,Procedural,,https://viennavadata.org/meeting/2025-01-27.html
2025-01-27,34761,Public Hearings,Procedural,,https://viennavadata.org/meeting/2025-01-27.html
2025-01-27,34767,Public Hearing on the Necessity of Public Improvements within the Windover Heights Historic District adjacent to and/or on the property located at 348 Windover Avenue NW.,"Land Use, Zoning & Development","1 Absent, 6 Aye",https://viennavadata.org/meeting/2025-01-27.html
2025-01-27,34764,Public Hearing on Proposed Amendments to Chapter 18 - Zoning and Subdivision,"Land Use, Zoning & Development","1 Absent, 6 Aye",https://viennavadata.org/meeting/2025-01-27.html
2025-01-27,34763,Regular Business,Procedural,,https://viennavadata.org/meeting/2025-01-27.html
2025-01-27,34765,"Amendment to Town Code Chapter 6, Section 6-33 Levy, to Increase the Meals Tax Rate from 3% to 4% for a Period of 10 Years","Budget, Taxes & Finance","1 Absent, 6 Aye",https://viennavadata.org/meeting/2025-01-27.html
2025-01-27,34768,Request approval of a Memorandum of Understanding (MOU) between the Town of Vienna and First Baptist Church for the 2025 Juneteenth and Liberty Amendments Month (LAM) Kickoff Parade.,"Community, Arts & Events","1 Absent, 6 Aye",https://viennavadata.org/meeting/2025-01-27.html
2025-01-27,34773,Town Council Top Priorities for 2025,Governance & Administration,"1 Absent, 6 Aye",https://viennavadata.org/meeting/2025-01-27.html
2025-01-27,34770,Meeting Adjournment,Procedural,"1 Absent, 6 Aye",https://viennavadata.org/meeting/2025-01-27.html
2025-01-27,34771,"THE TOWN OF VIENNA IS COMMITTED TO FULL COMPLIANCE WITH THE AMERICANS WITH DISABILITIES ACT STANDARDS. TRANSLATION SERVICES, ASSISTANCE OR ACCOMMODATION REQUESTS FROM PERSONS WITH DISABILITIES ARE TO BE REQUESTED NOT LESS THAN 3 WORKING DAYS BEFORE THE DAY OF THE EVENT. PLEASE CALL (703) 255-6304, OR 711 VIRGINIA RELAY SERVICE FOR THE HEARING IMPAIRED.",Procedural,,https://viennavadata.org/meeting/2025-01-27.html
2025-01-13,34695,Rollcall,Procedural,,https://viennavadata.org/meeting/2025-01-13.html
2025-01-13,34664,Closed Session Report,Procedural,,https://viennavadata.org/meeting/2025-01-13.html
2025-01-13,34663,Closed Session Report,Procedural,7 Aye,https://viennavadata.org/meeting/2025-01-13.html
2025-01-13,34622,Regular Business,Procedural,,https://viennavadata.org/meeting/2025-01-13.html
2025-01-13,34623,"Request to Approve Final Plats for Two Lot Consolidations at 130 Wilmar Place NW - 1) Lots 61  and 62, and 2) Lots 63, 64, 65, and Part of 66, in the RS-10, Residential - Single-Unit, 10,000 sq. ft. Zone.","Land Use, Zoning & Development",7 Aye,https://viennavadata.org/meeting/2025-01-13.html
2025-01-13,34624,Meeting Adjournment,Procedural,,https://viennavadata.org/meeting/2025-01-13.html
2025-01-06,34557,"Invocation: Corky Eddins, Assistant Pastor, Christ Church Vienna",Procedural,,https://viennavadata.org/meeting/2025-01-06.html
2025-01-06,34558,Pledge of Allegiance to the Flag of the United States of America,Procedural,,https://viennavadata.org/meeting/2025-01-06.html
2025-01-06,34559,Roll Call,Procedural,,https://viennavadata.org/meeting/2025-01-06.html
2025-01-06,34560,Acceptance of the Minutes:,Minutes,,https://viennavadata.org/meeting/2025-01-06.html
2025-01-06,34577,"Acceptance of the Regular Council Meeting Minutes of December 9, 2024 and the Work Session Minutes of December 16, 2024.",Minutes,,https://viennavadata.org/meeting/2025-01-06.html
2025-01-06,34561,"Receipt of petitions and communications from the Public that are not on the Agenda.  
          (Limited to 3 minutes per issue and no formal action can be taken this evening)",Procedural,,https://viennavadata.org/meeting/2025-01-06.html
2025-01-06,34563,Reports/Presentations,Procedural,,https://viennavadata.org/meeting/2025-01-06.html
2025-01-06,34579,Proclamation for Vienna Youth Soccer Day,Proclamations & Recognitions,,https://viennavadata.org/meeting/2025-01-06.html
2025-01-06,34564,Report and Inquiries of Council Members,Procedural,,https://viennavadata.org/meeting/2025-01-06.html
2025-01-06,34565,Report of the Town Manager,Procedural,,https://viennavadata.org/meeting/2025-01-06.html
2025-01-06,34566,Report of the Mayor,Procedural,,https://viennavadata.org/meeting/2025-01-06.html
2025-01-06,34567,Proposals for Additional Items to the Agenda,Procedural,,https://viennavadata.org/meeting/2025-01-06.html
2025-01-06,34568,Closed Session Report,Procedural,,https://viennavadata.org/meeting/2025-01-06.html
2025-01-06,34580,Closed Session Report,Procedural,,https://viennavadata.org/meeting/2025-01-06.html
2025-01-06,34569,Public Hearings,Procedural,,https://viennavadata.org/meeting/2025-01-06.html
2025-01-06,34573,Public Hearing on the Necessity of Public Improvements within the Windover Heights Historic District adjacent to and/or on the property located at 348 Windover Avenue NW.,"Land Use, Zoning & Development",,https://viennavadata.org/meeting/2025-01-06.html
2025-01-06,34571,Regular Business,Procedural,,https://viennavadata.org/meeting/2025-01-06.html
2025-01-06,34572,"Request to Approve Final Plats for Two Lot Consolidations at 130 Wilmar Place NW - 1) Lots 61  and 62, and 2) Lots 63, 64, 65, and Part of 66, in the RS-10, Residential - Single-Unit, 10,000 sq. ft. Zone.","Land Use, Zoning & Development",,https://viennavadata.org/meeting/2025-01-06.html
2025-01-06,34574,Meeting Adjournment,Procedural,,https://viennavadata.org/meeting/2025-01-06.html
2025-01-06,34575,"THE TOWN OF VIENNA IS COMMITTED TO FULL COMPLIANCE WITH THE AMERICANS WITH DISABILITIES ACT STANDARDS. TRANSLATION SERVICES, ASSISTANCE OR ACCOMMODATION REQUESTS FROM PERSONS WITH DISABILITIES ARE TO BE REQUESTED NOT LESS THAN 3 WORKING DAYS BEFORE THE DAY OF THE EVENT. PLEASE CALL (703) 255-6304, OR 711 VIRGINIA RELAY SERVICE FOR THE HEARING IMPAIRED.",Procedural,,https://viennavadata.org/meeting/2025-01-06.html
2024-12-09,34407,"Invocation: Mercury Payton, Town Manager",Procedural,,https://viennavadata.org/meeting/2024-12-09.html
2024-12-09,34408,Pledge of Allegiance to the Flag of the United States of America,Procedural,,https://viennavadata.org/meeting/2024-12-09.html
2024-12-09,34409,Roll Call,Procedural,,https://viennavadata.org/meeting/2024-12-09.html
2024-12-09,34410,Acceptance of the Minutes:,Minutes,,https://viennavadata.org/meeting/2024-12-09.html
2024-12-09,34428,"Acceptance of the Regular Council Meeting Minutes of November 18, 2024",Minutes,"6 Aye, 1 Absent",https://viennavadata.org/meeting/2024-12-09.html
2024-12-09,34411,"Receipt of petitions and communications from the Public that are not on the Agenda.  
          (Limited to 3 minutes per issue and no formal action can be taken this evening)",Procedural,,https://viennavadata.org/meeting/2024-12-09.html
2024-12-09,34413,7:45 p.m. - 8:00 p.m. - Reports/Presentations,Procedural,,https://viennavadata.org/meeting/2024-12-09.html
2024-12-09,34423,7:45 p.m. - 8:00 p.m. - Presentation of the 2024 Annual Comprehensive Financial Report (ACFR),"Budget, Taxes & Finance",,https://viennavadata.org/meeting/2024-12-09.html
2024-12-09,34414,Report and Inquiries of Council Members,Procedural,,https://viennavadata.org/meeting/2024-12-09.html
2024-12-09,34415,Report of the Town Manager,Procedural,,https://viennavadata.org/meeting/2024-12-09.html
2024-12-09,34416,Report of the Mayor,Procedural,,https://viennavadata.org/meeting/2024-12-09.html
2024-12-09,34417,Proposals for Additional Items to the Agenda,Procedural,,https://viennavadata.org/meeting/2024-12-09.html
2024-12-09,34418,Closed Session Report,Procedural,"6 Aye, 1 Absent",https://viennavadata.org/meeting/2024-12-09.html
2024-12-09,34420,8:00 p.m. - 8:10 p.m. - Consent Agenda,Consent Agenda,"6 Aye, 1 Absent",https://viennavadata.org/meeting/2024-12-09.html
2024-12-09,34422,Request for approval to award construction of ARPA funded brick pattern asphalt stamped crosswalk at two intersections located on Maple Ave at East Street and Lawyers/Courthouse Roads.,"Streets, Sidewalks & Transportation",,https://viennavadata.org/meeting/2024-12-09.html
2024-12-09,34427,Appointment of Treasurer,Appointments & Resignations,,https://viennavadata.org/meeting/2024-12-09.html
2024-12-09,34421,8:10 p.m. - 9:10 p.m. - Regular Business,Procedural,,https://viennavadata.org/meeting/2024-12-09.html
2024-12-09,34424,8:10 p.m. - 8:40 p.m. - Intent to Adopt Change to Meals Tax Collection Method for Certain Town-Sponsored Events.,"Budget, Taxes & Finance","1 Nay, 5 Aye, 1 Absent",https://viennavadata.org/meeting/2024-12-09.html
2024-12-09,34425,"8:40 p.m. - 8:55 p.m. - Intent to Adopt - Zoning Amendments to Allow Accessory Living Units, With Regulations","Land Use, Zoning & Development","6 Aye, 1 Absent",https://viennavadata.org/meeting/2024-12-09.html
2024-12-09,34426,"8:55 p.m. - 9:10 p.m. - Amendment to Town Code Chapter 6, Section 6-33 Levy, to Increase the Meals Tax Rate from 3% to 4% For a Period of 10 Years","Budget, Taxes & Finance","6 Aye, 1 Absent",https://viennavadata.org/meeting/2024-12-09.html
2024-12-09,34429,Meeting Adjournment,Procedural,"6 Aye, 1 Absent",https://viennavadata.org/meeting/2024-12-09.html
2024-12-09,34430,"THE TOWN OF VIENNA IS COMMITTED TO FULL COMPLIANCE WITH THE AMERICANS WITH DISABILITIES ACT STANDARDS. TRANSLATION SERVICES, ASSISTANCE OR ACCOMMODATION REQUESTS FROM PERSONS WITH DISABILITIES ARE TO BE REQUESTED NOT LESS THAN 3 WORKING DAYS BEFORE THE DAY OF THE EVENT. PLEASE CALL (703) 255-6304, OR 711 VIRGINIA RELAY SERVICE FOR THE HEARING IMPAIRED.",Procedural,,https://viennavadata.org/meeting/2024-12-09.html
2024-12-09,34464,8:00 p.m. - 8:10 p.m. - Consent Agenda,Consent Agenda,"6 Aye, 1 Absent",https://viennavadata.org/meeting/2024-12-09.html
2024-11-18,34300,"Invocation: John Russo, Chairperson  of the Baha'i Community of the Town of Vienna",Procedural,,https://viennavadata.org/meeting/2024-11-18.html
2024-11-18,34301,Pledge of Allegiance to the Flag of the United States of America,Procedural,,https://viennavadata.org/meeting/2024-11-18.html
2024-11-18,34302,Roll Call,Procedural,,https://viennavadata.org/meeting/2024-11-18.html
2024-11-18,34303,Acceptance of the Minutes:,Minutes,,https://viennavadata.org/meeting/2024-11-18.html
2024-11-18,34323,"Acceptance of the Regular Meeting Minutes of October 28, 2024, and the Work Session Minutes of October 21, 2024",Minutes,7 Aye,https://viennavadata.org/meeting/2024-11-18.html
2024-11-18,34304,"Receipt of petitions and communications from the Public that are not on the Agenda.  
          (Limited to 3 minutes per issue and no formal action can be taken this evening)",Procedural,,https://viennavadata.org/meeting/2024-11-18.html
2024-11-18,34306,Reports/Presentations,Procedural,,https://viennavadata.org/meeting/2024-11-18.html
2024-11-18,34318,2024 Halloween Parade Awards,Proclamations & Recognitions,,https://viennavadata.org/meeting/2024-11-18.html
2024-11-18,34307,Report and Inquiries of Council Members,Procedural,,https://viennavadata.org/meeting/2024-11-18.html
2024-11-18,34308,Report of the Town Manager,Procedural,,https://viennavadata.org/meeting/2024-11-18.html
2024-11-18,34309,Report of the Mayor,Procedural,,https://viennavadata.org/meeting/2024-11-18.html
2024-11-18,34310,Proposals for Additional Items to the Agenda,Procedural,,https://viennavadata.org/meeting/2024-11-18.html
2024-11-18,34311,Closed Session Report,Procedural,,https://viennavadata.org/meeting/2024-11-18.html
2024-11-18,34327,Closed Session Report,Procedural,,https://viennavadata.org/meeting/2024-11-18.html
2024-11-18,34312,Public Hearings,Procedural,,https://viennavadata.org/meeting/2024-11-18.html
2024-11-18,34320,Public Hearing to Change Meals Tax Collection for Town-Sponsored Special Events,"Budget, Taxes & Finance","1 Nay, 6 Aye",https://viennavadata.org/meeting/2024-11-18.html
2024-11-18,34319,Public Hearing to Approve a 10-Year Temporary Increase to Meals Taxes to Fund Aquatics Center,Parks & Recreation,7 Aye,https://viennavadata.org/meeting/2024-11-18.html
2024-11-18,34322,"Public Hearing - Zoning Amendments to Allow Accessory Living Units, With Regulations","Land Use, Zoning & Development",7 Aye,https://viennavadata.org/meeting/2024-11-18.html
2024-11-18,34321,Public hearing on the Town’s 2025 Legislative Agenda,Grants & Intergovernmental,"1 Nay, 6 Aye",https://viennavadata.org/meeting/2024-11-18.html
2024-11-18,34314,Regular Business,Procedural,,https://viennavadata.org/meeting/2024-11-18.html
2024-11-18,34315,"Request approval to award construction of the ARPA funded Glyndon Street, NE, Drainage Project from Ayr Hill to Jean Place.","Water, Sewer & Stormwater",7 Aye,https://viennavadata.org/meeting/2024-11-18.html
2024-11-18,34316,"Request Approval to Award Construction of the ARPA Funded Glen Avenue, SW, Sidewalk.","Streets, Sidewalks & Transportation",7 Aye,https://viennavadata.org/meeting/2024-11-18.html
2024-11-18,34317,"Request approval to award the construction of Drainage Improvements on Manvell Road, SE, from Park Street to Glyndon Street, SE","Water, Sewer & Stormwater",7 Aye,https://viennavadata.org/meeting/2024-11-18.html
2024-11-18,34324,Meeting Adjournment,Procedural,7 Aye,https://viennavadata.org/meeting/2024-11-18.html
2024-11-18,34325,"THE TOWN OF VIENNA IS COMMITTED TO FULL COMPLIANCE WITH THE AMERICANS WITH DISABILITIES ACT STANDARDS. TRANSLATION SERVICES, ASSISTANCE OR ACCOMMODATION REQUESTS FROM PERSONS WITH DISABILITIES ARE TO BE REQUESTED NOT LESS THAN 3 WORKING DAYS BEFORE THE DAY OF THE EVENT. PLEASE CALL (703) 255-6304, OR 711 VIRGINIA RELAY SERVICE FOR THE HEARING IMPAIRED.",Procedural,,https://viennavadata.org/meeting/2024-11-18.html
2024-10-28,34204,"Invocation: Pastor Brenda Burns, Vienna Assembly of God",Procedural,,https://viennavadata.org/meeting/2024-10-28.html
2024-10-28,34205,Pledge of Allegiance to the Flag of the United States of America,Procedural,,https://viennavadata.org/meeting/2024-10-28.html
2024-10-28,34206,Roll Call,Procedural,,https://viennavadata.org/meeting/2024-10-28.html
2024-10-28,34207,Acceptance of the Minutes:,Minutes,,https://viennavadata.org/meeting/2024-10-28.html
2024-10-28,34229,"Acceptance of the Work Session Minutes of September 9, 2024, September 30, 2024 and the Regular Meeting Minutes of October 7, 2024",Minutes,7 Aye,https://viennavadata.org/meeting/2024-10-28.html
2024-10-28,34208,"Receipt of petitions and communications from the Public that are not on the Agenda.  
          (Limited to 3 minutes per issue and no formal action can be taken this evening)",Procedural,,https://viennavadata.org/meeting/2024-10-28.html
2024-10-28,34210,Reports/Presentations,Procedural,,https://viennavadata.org/meeting/2024-10-28.html
2024-10-28,34211,Report and Inquiries of Council Members,Procedural,,https://viennavadata.org/meeting/2024-10-28.html
2024-10-28,34212,Report of the Town Manager,Procedural,,https://viennavadata.org/meeting/2024-10-28.html
2024-10-28,34213,Report of the Mayor,Procedural,,https://viennavadata.org/meeting/2024-10-28.html
2024-10-28,34214,Proposals for Additional Items to the Agenda,Procedural,,https://viennavadata.org/meeting/2024-10-28.html
2024-10-28,34215,Closed Session Report,Procedural,7 Aye,https://viennavadata.org/meeting/2024-10-28.html
2024-10-28,34217,Consent Agenda,Consent Agenda,,https://viennavadata.org/meeting/2024-10-28.html
2024-10-28,34226,"Approval request for spending $106,073 with Fairfield Enterprises, LLC, for building improvements to the Nutley Property Yard",Town Facilities & Property,7 Aye,https://viennavadata.org/meeting/2024-10-28.html
2024-10-28,34222,"Request to Award Invitation For Bid (IFB) 25-02 to FLB Contractors, Inc. for Construction of the Culvert Replacement at the Intersection of Nutley St SW and Marshall Rd SW","Streets, Sidewalks & Transportation",,https://viennavadata.org/meeting/2024-10-28.html
2024-10-28,34219,Request Approval to Amend Town Business Liaison Committee Resolution & Bylaws,Economic Development,,https://viennavadata.org/meeting/2024-10-28.html
2024-10-28,34221,Set Public Hearing to Raise Meals Taxes,"Budget, Taxes & Finance",,https://viennavadata.org/meeting/2024-10-28.html
2024-10-28,34218,Regular Business,Procedural,,https://viennavadata.org/meeting/2024-10-28.html
2024-10-28,34224,"Request for approval of site plan modifications of requirements and landscape plan for proposed Vienna-Carter Library and parking garage located at 101 Maple Ave., E.","Land Use, Zoning & Development",,https://viennavadata.org/meeting/2024-10-28.html
2024-10-28,34270,"Request approval of a sign that does not comply with the master sign plan for 144 Church St., NW, in the CS-O Church Street Vision Incentive Overlay zone.","Land Use, Zoning & Development",7 Aye,https://viennavadata.org/meeting/2024-10-28.html
2024-10-28,34220,"Request approval to award construction of the ARPA funded Park Street, SE, sidewalk project from the W&OD Trail to Fardale Street, SE.",Parks & Recreation,7 Aye,https://viennavadata.org/meeting/2024-10-28.html
2024-10-28,34225,"Request approval of a sign that does not comply with the master sign plan for 144 Church St., NW, in the CS-O Church Street Vision Incentive Overlay zone.","Land Use, Zoning & Development",,https://viennavadata.org/meeting/2024-10-28.html
2024-10-28,34223,"Waive Town of Vienna Development Fees - New Library and Parking Garage, and Temporary Library Location In Vienna","Streets, Sidewalks & Transportation",7 Aye,https://viennavadata.org/meeting/2024-10-28.html
2024-10-28,34227,Meeting Adjournment,Procedural,7 Aye,https://viennavadata.org/meeting/2024-10-28.html
2024-10-28,34228,"THE TOWN OF VIENNA IS COMMITTED TO FULL COMPLIANCE WITH THE AMERICANS WITH DISABILITIES ACT STANDARDS. TRANSLATION SERVICES, ASSISTANCE OR ACCOMMODATION REQUESTS FROM PERSONS WITH DISABILITIES ARE TO BE REQUESTED NOT LESS THAN 3 WORKING DAYS BEFORE THE DAY OF THE EVENT. PLEASE CALL (703) 255-6304, OR 711 VIRGINIA RELAY SERVICE FOR THE HEARING IMPAIRED.",Procedural,,https://viennavadata.org/meeting/2024-10-28.html
2024-10-07,34063,"Invocation: Mercury Payton, Town Manager",Procedural,,https://viennavadata.org/meeting/2024-10-07.html
2024-10-07,34064,Pledge of Allegiance to the Flag of the United States of America,Procedural,,https://viennavadata.org/meeting/2024-10-07.html
2024-10-07,34065,Roll Call,Procedural,,https://viennavadata.org/meeting/2024-10-07.html
2024-10-07,34066,Acceptance of the Minutes:,Minutes,,https://viennavadata.org/meeting/2024-10-07.html
2024-10-07,34082,"Acceptance of the Regular Council Meeting Minutes of September 23, 2024, and the Work session minutes of September 16, 2024",Minutes,7 Aye,https://viennavadata.org/meeting/2024-10-07.html
2024-10-07,34067,"Receipt of petitions and communications from the Public that are not on the Agenda.  
          (Limited to 3 minutes per issue and no formal action can be taken this evening)",Procedural,,https://viennavadata.org/meeting/2024-10-07.html
2024-10-07,34069,Reports/Presentations,Procedural,,https://viennavadata.org/meeting/2024-10-07.html
2024-10-07,34080,7:45 p.m. - 8:00 p.m. Proclamation for National Community Planning Month,Proclamations & Recognitions,,https://viennavadata.org/meeting/2024-10-07.html
2024-10-07,34070,Report and Inquiries of Council Members,Procedural,,https://viennavadata.org/meeting/2024-10-07.html
2024-10-07,34071,Report of the Town Manager,Procedural,,https://viennavadata.org/meeting/2024-10-07.html
2024-10-07,34072,Report of the Mayor,Procedural,,https://viennavadata.org/meeting/2024-10-07.html
2024-10-07,34073,Proposals for Additional Items to the Agenda,Procedural,,https://viennavadata.org/meeting/2024-10-07.html
2024-10-07,34074,Closed Session Report,Procedural,7 Aye,https://viennavadata.org/meeting/2024-10-07.html
2024-10-07,34075,Public Hearings,Procedural,,https://viennavadata.org/meeting/2024-10-07.html
2024-10-07,34078,8:00 p.m. - 8:30 p.m. Public Hearing on 2024-25 Budget Supplemental Appropriations (Purchase Orders Rolled Forward and 2024 Surplus Carried Forward),"Budget, Taxes & Finance",7 Aye,https://viennavadata.org/meeting/2024-10-07.html
2024-10-07,34077,Regular Business,Procedural,,https://viennavadata.org/meeting/2024-10-07.html
2024-10-07,34079,8:30 p.m. - 9:00 p.m. Request to set a Public Hearing Regarding Zoning Amendments and Refer to the Planning Commission for Consideration.,"Land Use, Zoning & Development",7 Aye,https://viennavadata.org/meeting/2024-10-07.html
2024-10-07,34081,"9:00 p.m. - 9:30 p.m. Review Draft Accessory Living Unit Zoning Amendments, Make Edits, Refer Draft to Planning Commission, and Set a Public Hearing.","Land Use, Zoning & Development","1 Nay, 6 Aye",https://viennavadata.org/meeting/2024-10-07.html
2024-10-07,34083,Meeting Adjournment,Procedural,,https://viennavadata.org/meeting/2024-10-07.html
2024-10-07,34133,Meeting Adjournment,Procedural,7 Aye,https://viennavadata.org/meeting/2024-10-07.html
2024-10-07,34086,Adjourn to Work Session,Procedural,,https://viennavadata.org/meeting/2024-10-07.html
2024-10-07,34084,"THE TOWN OF VIENNA IS COMMITTED TO FULL COMPLIANCE WITH THE AMERICANS WITH DISABILITIES ACT STANDARDS. TRANSLATION SERVICES, ASSISTANCE OR ACCOMMODATION REQUESTS FROM PERSONS WITH DISABILITIES ARE TO BE REQUESTED NOT LESS THAN 3 WORKING DAYS BEFORE THE DAY OF THE EVENT. PLEASE CALL (703) 255-6304, OR 711 VIRGINIA RELAY SERVICE FOR THE HEARING IMPAIRED.",Procedural,,https://viennavadata.org/meeting/2024-10-07.html
2024-09-23,33928,"Invocation: Mr. John Russo, Baha'I Community of the Town of Vienna",Procedural,,https://viennavadata.org/meeting/2024-09-23.html
2024-09-23,33929,Pledge of Allegiance to the Flag of the United States of America,Procedural,,https://viennavadata.org/meeting/2024-09-23.html
2024-09-23,33930,Roll Call,Procedural,,https://viennavadata.org/meeting/2024-09-23.html
2024-09-23,33931,Acceptance of the Minutes:,Minutes,,https://viennavadata.org/meeting/2024-09-23.html
2024-09-23,33953,"Acceptance of the Regular Council Meeting Minutes of September 9, 2024.",Minutes,7 Aye,https://viennavadata.org/meeting/2024-09-23.html
2024-09-23,33932,"Receipt of petitions and communications from the Public that are not on the Agenda.  
          (Limited to 3 minutes per issue and no formal action can be taken this evening)",Procedural,,https://viennavadata.org/meeting/2024-09-23.html
2024-09-23,33934,Reports/Presentations,Procedural,,https://viennavadata.org/meeting/2024-09-23.html
2024-09-23,33952,7:45 p.m. - 7:55 p.m. - Conservation and Sustainability Commission Presentation of the Eco-Efficient Homes Award to Select Recipients by the Conservation and Sustainability Commission,"Environment, Trees & Sustainability",,https://viennavadata.org/meeting/2024-09-23.html
2024-09-23,34018,Proclamation for Fire Prevention Week,Proclamations & Recognitions,,https://viennavadata.org/meeting/2024-09-23.html
2024-09-23,33935,Report and Inquiries of Council Members,Procedural,,https://viennavadata.org/meeting/2024-09-23.html
2024-09-23,33936,Report of the Town Manager,Procedural,,https://viennavadata.org/meeting/2024-09-23.html
2024-09-23,33937,Report of the Mayor,Procedural,,https://viennavadata.org/meeting/2024-09-23.html
2024-09-23,33938,Proposals for Additional Items to the Agenda,Procedural,,https://viennavadata.org/meeting/2024-09-23.html
2024-09-23,33939,Closed Session Report,Procedural,,https://viennavadata.org/meeting/2024-09-23.html
2024-09-23,33950,Closed Session Report,Procedural,7 Aye,https://viennavadata.org/meeting/2024-09-23.html
2024-09-23,33941,8:00 p.m. - 8:05 p.m. Consent Agenda,Consent Agenda,,https://viennavadata.org/meeting/2024-09-23.html
2024-09-23,33943,Request to award a contract for the renovation of the vehicle wash facility at Northside Property Yard,Town Facilities & Property,7 Aye,https://viennavadata.org/meeting/2024-09-23.html
2024-09-23,33946,Renewal of Maintenance Agreement with Tyler Technologies,Contracts & Purchasing,7 Aye,https://viennavadata.org/meeting/2024-09-23.html
2024-09-23,33942,Regular Business,Procedural,,https://viennavadata.org/meeting/2024-09-23.html
2024-09-23,33944,"8:05 p.m. - 8:35 p.m. - Request For Approval of a Lot Line Adjustment for Lot 0382 02 0046, Located At 300 Glyndon Street, NE, In the PR Parks And Recreation Zoning District.","Land Use, Zoning & Development",7 Aye,https://viennavadata.org/meeting/2024-09-23.html
2024-09-23,33945,"8:35 p.m. - 9:05 p.m. - Recommendation to the Town Council on a Final Plat for a Proposed Lot Consolidation of Two Lots into one at 841 Ninovan Road, SE, In The RS-10 Residential Single-Unit, 10,000 Sq. Ft. Zone.","Land Use, Zoning & Development","1 Nay, 6 Aye",https://viennavadata.org/meeting/2024-09-23.html
2024-09-23,33951,Closed Session Report,Procedural,,https://viennavadata.org/meeting/2024-09-23.html
2024-09-23,33949,9:05 p.m. - 9:35 p.m. - Second Closed Session Report,Procedural,7 Aye,https://viennavadata.org/meeting/2024-09-23.html
2024-09-23,33947,Meeting Adjournment,Procedural,,https://viennavadata.org/meeting/2024-09-23.html
2024-09-23,33985,Adjourn into Work Session,Procedural,,https://viennavadata.org/meeting/2024-09-23.html
2024-09-23,33948,"THE TOWN OF VIENNA IS COMMITTED TO FULL COMPLIANCE WITH THE AMERICANS WITH DISABILITIES ACT STANDARDS. TRANSLATION SERVICES, ASSISTANCE OR ACCOMMODATION REQUESTS FROM PERSONS WITH DISABILITIES ARE TO BE REQUESTED NOT LESS THAN 3 WORKING DAYS BEFORE THE DAY OF THE EVENT. PLEASE CALL (703) 255-6304, OR 711 VIRGINIA RELAY SERVICE FOR THE HEARING IMPAIRED.",Procedural,,https://viennavadata.org/meeting/2024-09-23.html
2024-09-09,33732,Invocation: Councilmember Ray Brill,Procedural,,https://viennavadata.org/meeting/2024-09-09.html
2024-09-09,33733,Pledge of Allegiance to the Flag of the United States of America,Procedural,,https://viennavadata.org/meeting/2024-09-09.html
2024-09-09,33734,Roll Call,Procedural,,https://viennavadata.org/meeting/2024-09-09.html
2024-09-09,33735,Acceptance of the Minutes:,Minutes,"6 Aye, 1 Absent",https://viennavadata.org/meeting/2024-09-09.html
2024-09-09,33752,"Acceptance of the Work Session Minutes of July 8, 2024 and the Regular Council Meeting Minutes of August 26, 2024",Minutes,,https://viennavadata.org/meeting/2024-09-09.html
2024-09-09,33736,"Receipt of petitions and communications from the Public that are not on the Agenda.  
          (Limited to 3 minutes per issue and no formal action can be taken this evening)",Procedural,,https://viennavadata.org/meeting/2024-09-09.html
2024-09-09,33738,Reports/Presentations,Procedural,,https://viennavadata.org/meeting/2024-09-09.html
2024-09-09,33753,7:45 p.m. - 7:50 p.m. - Proclamation for Suicide Prevention Week,Proclamations & Recognitions,,https://viennavadata.org/meeting/2024-09-09.html
2024-09-09,33779,7:50 p.m. - 7:55 p.m -Proclamation for 9/11,Proclamations & Recognitions,,https://viennavadata.org/meeting/2024-09-09.html
2024-09-09,33739,Report and Inquiries of Council Members,Procedural,,https://viennavadata.org/meeting/2024-09-09.html
2024-09-09,33740,Report of the Town Manager,Procedural,,https://viennavadata.org/meeting/2024-09-09.html
2024-09-09,33741,Report of the Mayor,Procedural,,https://viennavadata.org/meeting/2024-09-09.html
2024-09-09,33742,Proposals for Additional Items to the Agenda,Procedural,,https://viennavadata.org/meeting/2024-09-09.html
2024-09-09,33810,Closed Session Report,Procedural,,https://viennavadata.org/meeting/2024-09-09.html
2024-09-09,33759,8:10 p.m. - 8:15 p.m. Consent Agenda,Consent Agenda,"6 Aye, 1 Absent",https://viennavadata.org/meeting/2024-09-09.html
2024-09-09,33747,"Approval request for spending $209,000.00 with A&M Concrete Corporation for construction of a Robinson Trust Sidewalk Project on Frederick Street, SW, from Tapawingo to Kingsley roads.","Streets, Sidewalks & Transportation",,https://viennavadata.org/meeting/2024-09-09.html
2024-09-09,33748,"Approval request for spending $363,500.00 with Sagres Construction Corporation for construction of a Robinson Trust Sidewalk Project at Kingsley Road, SE from De Sale Street to Park Street.",Parks & Recreation,,https://viennavadata.org/meeting/2024-09-09.html
2024-09-09,33751,Request to approve Freeman Store & Museum and Little Library Museum Lease Renewal Agreement,"Community, Arts & Events",,https://viennavadata.org/meeting/2024-09-09.html
2024-09-09,33746,Regular Business,Procedural,"6 Aye, 1 Absent",https://viennavadata.org/meeting/2024-09-09.html
2024-09-09,33760,None,Procedural,,https://viennavadata.org/meeting/2024-09-09.html
2024-09-09,33811,Second Closed Session Report,Procedural,,https://viennavadata.org/meeting/2024-09-09.html
2024-09-09,33754,Meeting Adjournment,Procedural,"6 Aye, 1 Absent",https://viennavadata.org/meeting/2024-09-09.html
2024-09-09,33764,Adjourn into Work Session,Procedural,,https://viennavadata.org/meeting/2024-09-09.html
2024-09-09,33755,"THE TOWN OF VIENNA IS COMMITTED TO FULL COMPLIANCE WITH THE AMERICANS WITH DISABILITIES ACT STANDARDS. TRANSLATION SERVICES, ASSISTANCE OR ACCOMMODATION REQUESTS FROM PERSONS WITH DISABILITIES ARE TO BE REQUESTED NOT LESS THAN 3 WORKING DAYS BEFORE THE DAY OF THE EVENT. PLEASE CALL (703) 255-6304, OR 711 VIRGINIA RELAY SERVICE FOR THE HEARING IMPAIRED.",Procedural,,https://viennavadata.org/meeting/2024-09-09.html
2024-08-26,33643,Invocation:,Procedural,,https://viennavadata.org/meeting/2024-08-26.html
2024-08-26,33644,Pledge of Allegiance to the Flag of the United States of America,Procedural,,https://viennavadata.org/meeting/2024-08-26.html
2024-08-26,33645,Roll Call,Procedural,,https://viennavadata.org/meeting/2024-08-26.html
2024-08-26,33646,Acceptance of the Minutes:,Minutes,,https://viennavadata.org/meeting/2024-08-26.html
2024-08-26,33661,"Acceptance of the Regular Council Meeting Minutes of July 8, 2024",Minutes,,https://viennavadata.org/meeting/2024-08-26.html
2024-08-26,33647,"Receipt of petitions and communications from the Public that are not on the Agenda.  
          (Limited to 3 minutes per issue and no formal action can be taken this evening)",Procedural,,https://viennavadata.org/meeting/2024-08-26.html
2024-08-26,33649,Reports/Presentations,Procedural,,https://viennavadata.org/meeting/2024-08-26.html
2024-08-26,33660,7:45 p.m. - 7:50 p.m. - Proclamation For Constitution Week,Proclamations & Recognitions,,https://viennavadata.org/meeting/2024-08-26.html
2024-08-26,33668,7:50 p.m. - 8:20 p.m. -Economic Development Department Quarterly Update,Economic Development,,https://viennavadata.org/meeting/2024-08-26.html
2024-08-26,33650,Report and Inquiries of Council Members,Procedural,,https://viennavadata.org/meeting/2024-08-26.html
2024-08-26,33651,Report of the Town Manager,Procedural,,https://viennavadata.org/meeting/2024-08-26.html
2024-08-26,33652,Report of the Mayor,Procedural,,https://viennavadata.org/meeting/2024-08-26.html
2024-08-26,33653,Proposals for Additional Items to the Agenda,Procedural,,https://viennavadata.org/meeting/2024-08-26.html
2024-08-26,33654,Closed Session Report,Procedural,7 Aye,https://viennavadata.org/meeting/2024-08-26.html
2024-08-26,33656,Consent Agenda 8:20 p.m. - 8:30 p.m.,Consent Agenda,,https://viennavadata.org/meeting/2024-08-26.html
2024-08-26,33659,"Award of IFB 24-30 for On Call Asphalt Milling, Overlay & Traffic Marking to Arthur Construction (Primary) and Brothers Paving & Concrete (Secondary) and request for FY25 spending","Streets, Sidewalks & Transportation",,https://viennavadata.org/meeting/2024-08-26.html
2024-08-26,33666,Set a Public Hearing on 2024-25 Supplemental Appropriations (Carryforwards),"Budget, Taxes & Finance",,https://viennavadata.org/meeting/2024-08-26.html
2024-08-26,33670,"Set a Public Hearing to Amend Town Code Definition and Application Of Meals Taxes at Special Events for the Nov. 16, 2024 Council Meeting.","Budget, Taxes & Finance",,https://viennavadata.org/meeting/2024-08-26.html
2024-08-26,33671,"Request approval with SHI for the continued use of Microsoft Office 365 product, application suite, and annual support services.",Contracts & Purchasing,,https://viennavadata.org/meeting/2024-08-26.html
2024-08-26,33657,Regular Business,Procedural,,https://viennavadata.org/meeting/2024-08-26.html
2024-08-26,33658,"8:30 p.m. - 8:45 p.m. - Request to Award a Purchase Order to Accu-Steel, Inc. for the fabrication and installation of Canopy Covered Stockpile Bins at the Northside Property Yard","Environment, Trees & Sustainability",7 Aye,https://viennavadata.org/meeting/2024-08-26.html
2024-08-26,33664,"8:45 p.m. 9:15 p.m. - Request award of IFB 24-01 to KBS Earthworks, Inc. for the Bear Branch - Southside Park Stream Restoration construction project","Environment, Trees & Sustainability",7 Aye,https://viennavadata.org/meeting/2024-08-26.html
2024-08-26,33665,"9:15 p.m.- 9:45 p.m. - Award of RFP 24-19, 1st Floor Town Hall Renovation - Architectural Drawings for Construction",Town Facilities & Property,7 Aye,https://viennavadata.org/meeting/2024-08-26.html
2024-08-26,33669,Request Approval to Amend Town Business Liaison Committee Resolution & Bylaws,Economic Development,7 Aye,https://viennavadata.org/meeting/2024-08-26.html
2024-08-26,33662,"Approve Spending Increase for Final Progress Billing with Franco’s Liberty Bridge, Inc.  for Construction of the Freeman Store Pedestrian Bridge Replacement","Streets, Sidewalks & Transportation","1 Nay, 6 Aye",https://viennavadata.org/meeting/2024-08-26.html
2024-08-26,33663,Request approval to purchase FY25 Vehicle Replacement Program (VRP) vehicles/equipment.,Contracts & Purchasing,"1 Nay, 6 Aye",https://viennavadata.org/meeting/2024-08-26.html
2024-08-26,33667,"Approval To Publish a List of Delinquent Real Estate Tax Payments as of Aug. 26, 2024","Budget, Taxes & Finance","1 Nay, 6 Aye",https://viennavadata.org/meeting/2024-08-26.html
2024-08-26,33688,Second Closed Session,Procedural,"6 Aye, 1 Absent",https://viennavadata.org/meeting/2024-08-26.html
2024-08-26,33672,Meeting Adjournment,Procedural,7 Aye,https://viennavadata.org/meeting/2024-08-26.html
2024-08-26,33673,"THE TOWN OF VIENNA IS COMMITTED TO FULL COMPLIANCE WITH THE AMERICANS WITH DISABILITIES ACT STANDARDS. TRANSLATION SERVICES, ASSISTANCE OR ACCOMMODATION REQUESTS FROM PERSONS WITH DISABILITIES ARE TO BE REQUESTED NOT LESS THAN 3 WORKING DAYS BEFORE THE DAY OF THE EVENT. PLEASE CALL (703) 255-6304, OR 711 VIRGINIA RELAY SERVICE FOR THE HEARING IMPAIRED.",Procedural,,https://viennavadata.org/meeting/2024-08-26.html
2024-07-08,33482,"Invocation: Reverend Brenda Burns, Vienna Assembly of God",Procedural,,https://viennavadata.org/meeting/2024-07-08.html
2024-07-08,33483,Pledge of Allegiance to the Flag of the United States of America,Procedural,,https://viennavadata.org/meeting/2024-07-08.html
2024-07-08,33484,Roll Call,Procedural,,https://viennavadata.org/meeting/2024-07-08.html
2024-07-08,33485,Acceptance of the Minutes:,Minutes,,https://viennavadata.org/meeting/2024-07-08.html
2024-07-08,33513,"Acceptance of the Regular Council Meeting Minutes of June 3, 2024",Minutes,"2 Absent, 5 Aye",https://viennavadata.org/meeting/2024-07-08.html
2024-07-08,33486,"Receipt of petitions and communications from the Public that are not on the Agenda.  
          (Limited to 3 minutes per issue and no formal action can be taken this evening)",Procedural,,https://viennavadata.org/meeting/2024-07-08.html
2024-07-08,33488,Reports/Presentations,Procedural,,https://viennavadata.org/meeting/2024-07-08.html
2024-07-08,33497,7:45 p.m. - 8:00 p.m.  Proclamation for National Parks & Recreation Month,Proclamations & Recognitions,,https://viennavadata.org/meeting/2024-07-08.html
2024-07-08,33501,8:00 p.m. - 8:15 p.m.  Presentation from Fire Chief John Morrisson regarding Emergency Vehicle Preemption (EVP) system that has been installed.,Public Safety,,https://viennavadata.org/meeting/2024-07-08.html
2024-07-08,33489,Report and Inquiries of Council Members,Procedural,,https://viennavadata.org/meeting/2024-07-08.html
2024-07-08,33490,Report of the Town Manager,Procedural,,https://viennavadata.org/meeting/2024-07-08.html
2024-07-08,33491,Report of the Mayor,Procedural,,https://viennavadata.org/meeting/2024-07-08.html
2024-07-08,33492,Proposals for Additional Items to the Agenda,Procedural,,https://viennavadata.org/meeting/2024-07-08.html
2024-07-08,33493,Closed Session Report,Procedural,"2 Absent, 5 Aye",https://viennavadata.org/meeting/2024-07-08.html
2024-07-08,33495,8:15 p.m.- 8:30 p.m. Consent Agenda,Consent Agenda,"2 Absent, 5 Aye",https://viennavadata.org/meeting/2024-07-08.html
2024-07-08,33498,Approve Two Agreements to Execute Culinary Careers Collaborative Workforce Program (MOA & MOU),Contracts & Purchasing,,https://viennavadata.org/meeting/2024-07-08.html
2024-07-08,33499,Approve Town Manager Contract,Governance & Administration,,https://viennavadata.org/meeting/2024-07-08.html
2024-07-08,33500,Approval of the payment to Tyler Technologies for the standard software maintenance agreement (SSMA) for the Vienna Police Department.,Public Safety,,https://viennavadata.org/meeting/2024-07-08.html
2024-07-08,33502,FY 2025 funding of additional contracts issued by other jurisdictions.,Contracts & Purchasing,,https://viennavadata.org/meeting/2024-07-08.html
2024-07-08,33503,Request to Award IFB 24-12 to Sagres Construction Corporation (Primary) and A&M Concrete Corporation (Secondary) for On-Call Roadway Maintenance and request for FY25 spending,"Budget, Taxes & Finance",,https://viennavadata.org/meeting/2024-07-08.html
2024-07-08,33510,Request to adopt 2025 Vienna Town Council meeting schedule for inclusion in the 2025 Town calendar.,Governance & Administration,,https://viennavadata.org/meeting/2024-07-08.html
2024-07-08,33504,Request award of IFB 24-28 for Pavement Marking as needed to Resurface Inc. and request FY25 spending,"Budget, Taxes & Finance",,https://viennavadata.org/meeting/2024-07-08.html
2024-07-08,33505,"Request to Award RFP 24-16 for On-Call Environmental Professional Services to WSP USA Environment & Infrastructure, Inc., and Request for FY25 Spending","Environment, Trees & Sustainability",,https://viennavadata.org/meeting/2024-07-08.html
2024-07-08,33496,Regular Business,Procedural,,https://viennavadata.org/meeting/2024-07-08.html
2024-07-08,33506,"8:30 p.m. - 8:45 p.m. Approval request to award Construction of Robinson Trust Sidewalk Projects on the south side of Lullaby Lane, SE, from Tapawingo Road to Harmony Drive, SW, on the west side of Harmony Drive, SW, from Lullaby Lane, SE to the end of the street, and on the west side of Johnson Street, SW, from Glen Avenue to the end of the street.","Streets, Sidewalks & Transportation","2 Absent, 5 Aye",https://viennavadata.org/meeting/2024-07-08.html
2024-07-08,33512,"8:45 p.m. - 9:00 p.m. Approval request to award Construction of Robinson Trust Sidewalk Projects on the west side of Saint Andrews Drive, NE, from Westbriar Drive to Maple Avenue and on the west side of Saint Bernard Drive, NE, from Westbriar Drive to Maple Avenue.","Streets, Sidewalks & Transportation","2 Absent, 5 Aye",https://viennavadata.org/meeting/2024-07-08.html
2024-07-08,33507,"9:00 p.m. - 9:15 p.m. Request approval to Award IFB 24-26 to Stonebridge Civil, LLC for $591,962.50 for construction of Robinson Trust Sidewalk Projects on Courthouse Road, SW, from Maple Avenue to Locust Street, and on Pleasant Street, NW, from Maple Avenue extending 200 feet north.","Streets, Sidewalks & Transportation","2 Absent, 5 Aye",https://viennavadata.org/meeting/2024-07-08.html
2024-07-08,33508,"9:15 p.m. - 9:30 p.m. Request to Approve a Final Plat for Consolidation of Two Lots, 39 and 39A into one at 103 Saint Andrews Dr., NE, in the RS-12.5 Single-Family Detached Residential Zone.","Land Use, Zoning & Development","2 Absent, 4 Aye, 1 Nay",https://viennavadata.org/meeting/2024-07-08.html
2024-07-08,33511,9:30 p.m. - 9:45 p.m. Appropriate Spending for the Town Attorney for FY 2024-25,"Budget, Taxes & Finance","2 Absent, 5 Aye",https://viennavadata.org/meeting/2024-07-08.html
2024-07-08,33509,"9:45 p.m. - 10:00 p.m.  Resolution of the Town of Vienna, Virginia Town Council Approving of the Town’s Participation and Submission of Participation Form in the Proposed Settlement of Opioid-Related Claims",Grants & Intergovernmental,"2 Absent, 5 Aye",https://viennavadata.org/meeting/2024-07-08.html
2024-07-08,33514,Meeting Adjournment,Procedural,,https://viennavadata.org/meeting/2024-07-08.html
2024-07-08,33515,"THE TOWN OF VIENNA IS COMMITTED TO FULL COMPLIANCE WITH THE AMERICANS WITH DISABILITIES ACT STANDARDS. TRANSLATION SERVICES, ASSISTANCE OR ACCOMMODATION REQUESTS FROM PERSONS WITH DISABILITIES ARE TO BE REQUESTED NOT LESS THAN 3 WORKING DAYS BEFORE THE DAY OF THE EVENT. PLEASE CALL (703) 255-6304, OR 711 VIRGINIA RELAY SERVICE FOR THE HEARING IMPAIRED.",Procedural,,https://viennavadata.org/meeting/2024-07-08.html
2024-06-03,33246,"Invocation: John Russo, Baha'i Community of the Town of Vienna",Procedural,,https://viennavadata.org/meeting/2024-06-03.html
2024-06-03,33247,Pledge of Allegiance to the Flag of the United States of America,Procedural,,https://viennavadata.org/meeting/2024-06-03.html
2024-06-03,33248,Roll Call,Procedural,,https://viennavadata.org/meeting/2024-06-03.html
2024-06-03,33249,Acceptance of the Minutes:,Minutes,,https://viennavadata.org/meeting/2024-06-03.html
2024-06-03,33268,"Acceptance of the Conference Session Minutes of May 13, 2024 and the Regular Meeting Minutes of May 20, 2024.",Minutes,,https://viennavadata.org/meeting/2024-06-03.html
2024-06-03,33250,"Receipt of petitions and communications from the Public that are not on the Agenda.  
          (Limited to 3 minutes per issue and no formal action can be taken this evening)",Procedural,,https://viennavadata.org/meeting/2024-06-03.html
2024-06-03,33252,Reports/Presentations,Procedural,,https://viennavadata.org/meeting/2024-06-03.html
2024-06-03,33269,7:45 p.m. - 8:15 p.m. - Overview of Dominion Energy's Clark-Idylwood Electric Transmission Reconductor Project along the W&OD Trail.,Parks & Recreation,,https://viennavadata.org/meeting/2024-06-03.html
2024-06-03,33253,Report and Inquiries of Council Members,Procedural,,https://viennavadata.org/meeting/2024-06-03.html
2024-06-03,33254,Report of the Town Manager,Procedural,,https://viennavadata.org/meeting/2024-06-03.html
2024-06-03,33255,Report of the Mayor,Procedural,,https://viennavadata.org/meeting/2024-06-03.html
2024-06-03,33256,Proposals for Additional Items to the Agenda,Procedural,,https://viennavadata.org/meeting/2024-06-03.html
2024-06-03,33257,Closed Session Report,Procedural,,https://viennavadata.org/meeting/2024-06-03.html
2024-06-03,33274,Closed Session Report,Procedural,"1 Nay, 6 Aye",https://viennavadata.org/meeting/2024-06-03.html
2024-06-03,33259,8:30 p.m. - 8:45 p.m.- Consent Agenda,Consent Agenda,"1 Nay, 6 Aye",https://viennavadata.org/meeting/2024-06-03.html
2024-06-03,33261,FY 2025 funding of contracts issued by other jurisdictions.,Contracts & Purchasing,"1 Nay, 6 Aye",https://viennavadata.org/meeting/2024-06-03.html
2024-06-03,33266,FY 2025 funding and renewal of Town contracts,Contracts & Purchasing,"1 Nay, 6 Aye",https://viennavadata.org/meeting/2024-06-03.html
2024-06-03,33262,"Request award of IFB 24-22 for Crushed Stone, Gravel, Sand and Other Aggregates and Request for FY25 Spending","Budget, Taxes & Finance","1 Nay, 6 Aye",https://viennavadata.org/meeting/2024-06-03.html
2024-06-03,33260,Regular Business,Procedural,,https://viennavadata.org/meeting/2024-06-03.html
2024-06-03,33264,8:45 p.m. - 9:00 p.m. - Appointment of Town Officials for Fiscal Year 2024-25,Appointments & Resignations,7 Aye,https://viennavadata.org/meeting/2024-06-03.html
2024-06-03,33263,"9:00 p.m. - 9:30 p.m. - Request to Update the Town Code - Chapter 23: Environmental Controls with the Updated Revised Consolidated Virginia Erosion and Stormwater Management 
(VESM) Model Ordinance","Environment, Trees & Sustainability","1 Nay, 6 Aye",https://viennavadata.org/meeting/2024-06-03.html
2024-06-03,33265,9:30p.m. - 10:00 p.m. - Review of Conditional Use Permit Application - Annex Property 301 Center St S,"Land Use, Zoning & Development","2 Nay, 5 Aye",https://viennavadata.org/meeting/2024-06-03.html
2024-06-03,33267,"10:00 p.m. - 10:30 p.m. - Request approval for spending $237,029.95 with US Concrete and Paving, Inc. for construction of a Robinson Trust Sidewalk Project at Frederick Street, SW, from Meadow Lane to Tapawingo Road.","Streets, Sidewalks & Transportation",7 Aye,https://viennavadata.org/meeting/2024-06-03.html
2024-06-03,33276,Second Closed Session Report,Procedural,,https://viennavadata.org/meeting/2024-06-03.html
2024-06-03,33275,10:30 p.m. - 11:30 p.m. - Second Closed Session Report,Procedural,7 Aye,https://viennavadata.org/meeting/2024-06-03.html
2024-06-03,33270,Meeting Adjournment,Procedural,,https://viennavadata.org/meeting/2024-06-03.html
2024-06-03,33271,"THE TOWN OF VIENNA IS COMMITTED TO FULL COMPLIANCE WITH THE AMERICANS WITH DISABILITIES ACT STANDARDS. TRANSLATION SERVICES, ASSISTANCE OR ACCOMMODATION REQUESTS FROM PERSONS WITH DISABILITIES ARE TO BE REQUESTED NOT LESS THAN 3 WORKING DAYS BEFORE THE DAY OF THE EVENT. PLEASE CALL (703) 255-6304, OR 711 VIRGINIA RELAY SERVICE FOR THE HEARING IMPAIRED.",Procedural,,https://viennavadata.org/meeting/2024-06-03.html
2024-05-20,33162,Invocation:,Procedural,,https://viennavadata.org/meeting/2024-05-20.html
2024-05-20,33163,Pledge of Allegiance to the Flag of the United States of America,Procedural,,https://viennavadata.org/meeting/2024-05-20.html
2024-05-20,33164,Roll Call,Procedural,,https://viennavadata.org/meeting/2024-05-20.html
2024-05-20,33165,Acceptance of the Minutes:,Minutes,,https://viennavadata.org/meeting/2024-05-20.html
2024-05-20,33184,"Acceptance of the Regular Meeting Minutes of April 29, 2024 and May 6, 2024 and the Work Session Minutes of May 6, 2024.",Minutes,7 Aye,https://viennavadata.org/meeting/2024-05-20.html
2024-05-20,33166,"Receipt of petitions and communications from the Public that are not on the Agenda.  
          (Limited to 3 minutes per issue and no formal action can be taken this evening)",Procedural,,https://viennavadata.org/meeting/2024-05-20.html
2024-05-20,33168,Reports/Presentations,Procedural,,https://viennavadata.org/meeting/2024-05-20.html
2024-05-20,33183,Proclamation for the 40th Anniversary of Viva Vienna,Proclamations & Recognitions,,https://viennavadata.org/meeting/2024-05-20.html
2024-05-20,33169,Report and Inquiries of Council Members,Procedural,,https://viennavadata.org/meeting/2024-05-20.html
2024-05-20,33170,Report of the Town Manager,Procedural,,https://viennavadata.org/meeting/2024-05-20.html
2024-05-20,33171,Report of the Mayor,Procedural,,https://viennavadata.org/meeting/2024-05-20.html
2024-05-20,33172,Proposals for Additional Items to the Agenda,Procedural,,https://viennavadata.org/meeting/2024-05-20.html
2024-05-20,33173,Closed Session Report,Procedural,7 Aye,https://viennavadata.org/meeting/2024-05-20.html
2024-05-20,33175,Consent Agenda,Consent Agenda,7 Aye,https://viennavadata.org/meeting/2024-05-20.html
2024-05-20,33177,"Award of IFB 24-20 for Asphalt Repair - As Needed to Espina Paving (Primary) and Resurface, Inc. (Secondary)","Streets, Sidewalks & Transportation",,https://viennavadata.org/meeting/2024-05-20.html
2024-05-20,33178,Request award of IFB 24-24 for Construction and Demolition Debris Disposal and Request for FY25 Spending,"Budget, Taxes & Finance",,https://viennavadata.org/meeting/2024-05-20.html
2024-05-20,33176,Regular Business,Procedural,,https://viennavadata.org/meeting/2024-05-20.html
2024-05-20,33179,Intent to Adopt Real Estate Tax Rate for FY2024-25,"Budget, Taxes & Finance",7 Aye,https://viennavadata.org/meeting/2024-05-20.html
2024-05-20,33180,Intent to Adopt FY 2024-25 Operating Budget,"Budget, Taxes & Finance",7 Aye,https://viennavadata.org/meeting/2024-05-20.html
2024-05-20,33181,Intent to Adopt FY2024-25 Water and Sewer Rates,"Water, Sewer & Stormwater","1 Nay, 6 Aye",https://viennavadata.org/meeting/2024-05-20.html
2024-05-20,33182,"Continued Discussion (Part 5) of Potential Zoning Amendments, as Follow-Up to Code Create","Land Use, Zoning & Development",,https://viennavadata.org/meeting/2024-05-20.html
2024-05-20,33185,Meeting Adjournment,Procedural,,https://viennavadata.org/meeting/2024-05-20.html
2024-05-20,33186,"THE TOWN OF VIENNA IS COMMITTED TO FULL COMPLIANCE WITH THE AMERICANS WITH DISABILITIES ACT STANDARDS. TRANSLATION SERVICES, ASSISTANCE OR ACCOMMODATION REQUESTS FROM PERSONS WITH DISABILITIES ARE TO BE REQUESTED NOT LESS THAN 3 WORKING DAYS BEFORE THE DAY OF THE EVENT. PLEASE CALL (703) 255-6304, OR 711 VIRGINIA RELAY SERVICE FOR THE HEARING IMPAIRED.",Procedural,,https://viennavadata.org/meeting/2024-05-20.html
2024-05-06,33029,Invocation: Councilmember Ray Brill,Procedural,,https://viennavadata.org/meeting/2024-05-06.html
2024-05-06,33030,Pledge of Allegiance to the Flag of the United States of America,Procedural,,https://viennavadata.org/meeting/2024-05-06.html
2024-05-06,33031,Roll Call,Procedural,,https://viennavadata.org/meeting/2024-05-06.html
2024-05-06,33032,Acceptance of the Minutes:,Minutes,,https://viennavadata.org/meeting/2024-05-06.html
2024-05-06,33048,"Acceptance of the Draft Meeting Minutes of April 8, 2024 and the Draft Conference Session Minutes of April 15, 2024",Minutes,7 Aye,https://viennavadata.org/meeting/2024-05-06.html
2024-05-06,33033,"Receipt of petitions and communications from the Public that are not on the Agenda.  
          (Limited to 3 minutes per issue and no formal action can be taken this evening)",Procedural,,https://viennavadata.org/meeting/2024-05-06.html
2024-05-06,33035,Reports/Presentations,Procedural,,https://viennavadata.org/meeting/2024-05-06.html
2024-05-06,33045,7:45 p.m. - 7:55 p.m.  Presentation for Robert Dowler,Proclamations & Recognitions,,https://viennavadata.org/meeting/2024-05-06.html
2024-05-06,33046,7:55 p.m. - 8:05 p.m - Economic Development Week 2024 Proclamation & Presentation,Proclamations & Recognitions,,https://viennavadata.org/meeting/2024-05-06.html
2024-05-06,33052,8:05 p.m. - 8:15 p.m. - Police Briefing,Public Safety,,https://viennavadata.org/meeting/2024-05-06.html
2024-05-06,33036,Report and Inquiries of Council Members,Procedural,,https://viennavadata.org/meeting/2024-05-06.html
2024-05-06,33037,Report of the Town Manager,Procedural,,https://viennavadata.org/meeting/2024-05-06.html
2024-05-06,33038,Report of the Mayor,Procedural,,https://viennavadata.org/meeting/2024-05-06.html
2024-05-06,33039,Proposals for Additional Items to the Agenda,Procedural,,https://viennavadata.org/meeting/2024-05-06.html
2024-05-06,33040,Closed Session Report,Procedural,7 Aye,https://viennavadata.org/meeting/2024-05-06.html
2024-05-06,33043,Regular Business,Procedural,,https://viennavadata.org/meeting/2024-05-06.html
2024-05-06,33044,8:15 p.m. - 9:15 p.m. - Approval Request to Award Design Contract for the Church St and East St Roundabout Project,"Streets, Sidewalks & Transportation","2 Nay, 5 Aye",https://viennavadata.org/meeting/2024-05-06.html
2024-05-06,33047,"9:15 p.m. - 10:00 p.m.Continued Discussion (Part 4) of Potential Zoning Amendments, as Follow-Up to Code Create","Land Use, Zoning & Development",,https://viennavadata.org/meeting/2024-05-06.html
2024-05-06,33049,Meeting Adjournment,Procedural,,https://viennavadata.org/meeting/2024-05-06.html
2024-05-06,33050,"THE TOWN OF VIENNA IS COMMITTED TO FULL COMPLIANCE WITH THE AMERICANS WITH DISABILITIES ACT STANDARDS. TRANSLATION SERVICES, ASSISTANCE OR ACCOMMODATION REQUESTS FROM PERSONS WITH DISABILITIES ARE TO BE REQUESTED NOT LESS THAN 3 WORKING DAYS BEFORE THE DAY OF THE EVENT. PLEASE CALL (703) 255-6304, OR 711 VIRGINIA RELAY SERVICE FOR THE HEARING IMPAIRED.",Procedural,,https://viennavadata.org/meeting/2024-05-06.html
2024-04-29,33005,"Invocation: Mercury Payton, Town Manager",Procedural,,https://viennavadata.org/meeting/2024-04-29.html
2024-04-29,33006,Pledge of Allegiance to the Flag of the United States of America,Procedural,,https://viennavadata.org/meeting/2024-04-29.html
2024-04-29,33007,Roll Call,Procedural,,https://viennavadata.org/meeting/2024-04-29.html
2024-04-29,33009,"Receipt of petitions and communications from the Public that are not on the Agenda.  
          (Limited to 3 minutes per issue and no formal action can be taken this evening)",Procedural,,https://viennavadata.org/meeting/2024-04-29.html
2024-04-29,33011,Reports/Presentations,Procedural,,https://viennavadata.org/meeting/2024-04-29.html
2024-04-29,33022,7:45 p.m. - 7:55 p.m.  Presentation for Robert Dowler,Proclamations & Recognitions,,https://viennavadata.org/meeting/2024-04-29.html
2024-04-29,33012,Report and Inquiries of Council Members,Procedural,,https://viennavadata.org/meeting/2024-04-29.html
2024-04-29,33013,Report of the Town Manager,Procedural,,https://viennavadata.org/meeting/2024-04-29.html
2024-04-29,33014,Report of the Mayor,Procedural,,https://viennavadata.org/meeting/2024-04-29.html
2024-04-29,33015,Proposals for Additional Items to the Agenda,Procedural,,https://viennavadata.org/meeting/2024-04-29.html
2024-04-29,33016,Closed Session Report,Procedural,"6 Aye, 1 Absent",https://viennavadata.org/meeting/2024-04-29.html
2024-04-29,33017,Public Hearings,Procedural,,https://viennavadata.org/meeting/2024-04-29.html
2024-04-29,33021,7:55 p.m. - 8:25 p.m.  Public Hearing on FY2024-25 Proposed Tax Rate,"Budget, Taxes & Finance","6 Aye, 1 Absent",https://viennavadata.org/meeting/2024-04-29.html
2024-04-29,33027,8:25 p.m. - 9:30 p.m. Closed Session,Procedural,,https://viennavadata.org/meeting/2024-04-29.html
2024-04-29,33028,Closed Session Report,Procedural,"6 Aye, 1 Absent",https://viennavadata.org/meeting/2024-04-29.html
2024-04-29,33019,Regular Business,Procedural,,https://viennavadata.org/meeting/2024-04-29.html
2024-04-29,33023,"9:30 p.m. - 10:00 p.m. Adopt Text Amendments Related to Preserving and Enhancing Tree Canopy in Chapters 18 and 27, and Adopt a new Chapter 17 - Tree Preservation and Canopy Requirements During Development","Environment, Trees & Sustainability",,https://viennavadata.org/meeting/2024-04-29.html
2024-04-29,33071,"9:30 p.m. - 10:00 p.m. Adopt Text Amendments Related to Preserving and Enhancing Tree Canopy in Chapters 18 and 27, and Adopt a new Chapter 17 - Tree Preservation and Canopy Requirements During Development","Environment, Trees & Sustainability","6 Aye, 1 Absent",https://viennavadata.org/meeting/2024-04-29.html
2024-04-29,33020,"10:00 p.m. - 10:30 p.m. Continued Discussion (Part 3) of Potential Zoning Amendments, as Follow-Up to Code Create","Land Use, Zoning & Development",,https://viennavadata.org/meeting/2024-04-29.html
2024-04-29,33072,"10:00 p.m. - 10:30 p.m. Continued Discussion (Part 3) of Potential Zoning Amendments, as Follow-Up to Code Create","Land Use, Zoning & Development",,https://viennavadata.org/meeting/2024-04-29.html
2024-04-29,33024,Meeting Adjournment,Procedural,,https://viennavadata.org/meeting/2024-04-29.html
2024-04-29,33025,"THE TOWN OF VIENNA IS COMMITTED TO FULL COMPLIANCE WITH THE AMERICANS WITH DISABILITIES ACT STANDARDS. TRANSLATION SERVICES, ASSISTANCE OR ACCOMMODATION REQUESTS FROM PERSONS WITH DISABILITIES ARE TO BE REQUESTED NOT LESS THAN 3 WORKING DAYS BEFORE THE DAY OF THE EVENT. PLEASE CALL (703) 255-6304, OR 711 VIRGINIA RELAY SERVICE FOR THE HEARING IMPAIRED.",Procedural,,https://viennavadata.org/meeting/2024-04-29.html
2024-04-08,32857,"Invocation: Reverend Brenda Burns, Vienna Assembly of God",Procedural,,https://viennavadata.org/meeting/2024-04-08.html
2024-04-08,32858,Pledge of Allegiance to the Flag of the United States of America,Procedural,,https://viennavadata.org/meeting/2024-04-08.html
2024-04-08,32859,Roll Call,Procedural,,https://viennavadata.org/meeting/2024-04-08.html
2024-04-08,32860,Acceptance of the Minutes:,Minutes,,https://viennavadata.org/meeting/2024-04-08.html
2024-04-08,32882,"Acceptance of the Draft Conference Session Minutes of March 7, 2024, March 11, 2024 and the Draft Meeting Minutes of March 18, 2024",Minutes,7 Aye,https://viennavadata.org/meeting/2024-04-08.html
2024-04-08,32861,"Receipt of petitions and communications from the Public that are not on the Agenda.  
          (Limited to 3 minutes per issue and no formal action can be taken this evening)",Procedural,,https://viennavadata.org/meeting/2024-04-08.html
2024-04-08,32863,7:50 p.m. - 8:00 p.m. Reports/Presentations,Procedural,,https://viennavadata.org/meeting/2024-04-08.html
2024-04-08,32872,"Proclamation for Steve, the Referee, Salyer",Proclamations & Recognitions,,https://viennavadata.org/meeting/2024-04-08.html
2024-04-08,32880,Proclamation for International Dark Sky Week,Proclamations & Recognitions,,https://viennavadata.org/meeting/2024-04-08.html
2024-04-08,32878,2024 Arbor Day Proclamation,Proclamations & Recognitions,,https://viennavadata.org/meeting/2024-04-08.html
2024-04-08,32881,Proclamation for Volunteer Recognition Day,Proclamations & Recognitions,,https://viennavadata.org/meeting/2024-04-08.html
2024-04-08,32864,Report and Inquiries of Council Members,Procedural,,https://viennavadata.org/meeting/2024-04-08.html
2024-04-08,32865,Report of the Town Manager,Procedural,,https://viennavadata.org/meeting/2024-04-08.html
2024-04-08,32866,Report of the Mayor,Procedural,,https://viennavadata.org/meeting/2024-04-08.html
2024-04-08,32867,Proposals for Additional Items to the Agenda,Procedural,,https://viennavadata.org/meeting/2024-04-08.html
2024-04-08,32868,Closed Session Report,Procedural,7 Aye,https://viennavadata.org/meeting/2024-04-08.html
2024-04-08,32869,Public Hearings,Procedural,,https://viennavadata.org/meeting/2024-04-08.html
2024-04-08,32879,8:00 p.m. - 8:15 p.m. Public Hearing for 2024-25 Operating Budget,"Budget, Taxes & Finance",7 Aye,https://viennavadata.org/meeting/2024-04-08.html
2024-04-08,32875,8:15 p.m. - 8:30 p.m. Public Hearing on FY2024-25 Water and Sewer Rates,"Water, Sewer & Stormwater",7 Aye,https://viennavadata.org/meeting/2024-04-08.html
2024-04-08,32871,Regular Business,Procedural,,https://viennavadata.org/meeting/2024-04-08.html
2024-04-08,32877,"8:30 p.m. - 9:00 p.m. Request to Direct the Town Clerk to advertise a Notice of Intent to Adopt Text Amendments Related to Preserving and Enhancing Tree Canopy in Chapters 17, 18 and 27 and creating a new Tree Advocacy Committee to replace the Tree Board.","Environment, Trees & Sustainability",7 Aye,https://viennavadata.org/meeting/2024-04-08.html
2024-04-08,32874,"9:00 p.m. - 9:30 p.m. Request to Award a Design Contract to Whitman, Requardt & Associates, LLP, for Nutley Street Culvert Replacement.","Streets, Sidewalks & Transportation",7 Aye,https://viennavadata.org/meeting/2024-04-08.html
2024-04-08,32873,"9:30 p.m. - 10:00 p.m. Request to Approve Design Contract for Ayr Hill Avenue, NW, Traffic Calming Improvements at the Lawyers Road Intersection","Streets, Sidewalks & Transportation","1 Nay, 6 Aye",https://viennavadata.org/meeting/2024-04-08.html
2024-04-08,32876,"10:00 p.m. - 11:00 p.m.  Continued Discussion (Part 2) of Potential Zoning Amendments, as Follow-Up to Code Create","Land Use, Zoning & Development",,https://viennavadata.org/meeting/2024-04-08.html
2024-04-08,32883,Meeting Adjournment,Procedural,7 Aye,https://viennavadata.org/meeting/2024-04-08.html
2024-04-08,32884,"THE TOWN OF VIENNA IS COMMITTED TO FULL COMPLIANCE WITH THE AMERICANS WITH DISABILITIES ACT STANDARDS. TRANSLATION SERVICES, ASSISTANCE OR ACCOMMODATION REQUESTS FROM PERSONS WITH DISABILITIES ARE TO BE REQUESTED NOT LESS THAN 3 WORKING DAYS BEFORE THE DAY OF THE EVENT. PLEASE CALL (703) 255-6304, OR 711 VIRGINIA RELAY SERVICE FOR THE HEARING IMPAIRED.",Procedural,,https://viennavadata.org/meeting/2024-04-08.html
2024-03-18,32758,Invocation: Councilmember Ray Brill,Procedural,,https://viennavadata.org/meeting/2024-03-18.html
2024-03-18,32759,Pledge of Allegiance to the Flag of the United States of America,Procedural,,https://viennavadata.org/meeting/2024-03-18.html
2024-03-18,32760,Roll Call,Procedural,,https://viennavadata.org/meeting/2024-03-18.html
2024-03-18,32761,Acceptance of the Minutes:,Minutes,,https://viennavadata.org/meeting/2024-03-18.html
2024-03-18,32781,"Acceptance of the Regular Council Meeting Minutes of February 26, 2024 And March 4, 2024.",Minutes,,https://viennavadata.org/meeting/2024-03-18.html
2024-03-18,32762,"Receipt of petitions and communications from the Public that are not on the Agenda.  
          (Limited to 3 minutes per issue and no formal action can be taken this evening)",Procedural,,https://viennavadata.org/meeting/2024-03-18.html
2024-03-18,32764,Reports/Presentations,Procedural,,https://viennavadata.org/meeting/2024-03-18.html
2024-03-18,32779,7:45 p.m. - 8:15 p.m. - Presentation on Water and Sewer Rate Study Results,"Water, Sewer & Stormwater",,https://viennavadata.org/meeting/2024-03-18.html
2024-03-18,32765,Report and Inquiries of Council Members,Procedural,,https://viennavadata.org/meeting/2024-03-18.html
2024-03-18,32766,Report of the Town Manager,Procedural,,https://viennavadata.org/meeting/2024-03-18.html
2024-03-18,32767,Report of the Mayor,Procedural,,https://viennavadata.org/meeting/2024-03-18.html
2024-03-18,32768,Proposals for Additional Items to the Agenda,Procedural,,https://viennavadata.org/meeting/2024-03-18.html
2024-03-18,32769,Closed Session Report,Procedural,,https://viennavadata.org/meeting/2024-03-18.html
2024-03-18,32784,Closed Session Report,Procedural,"6 Aye, 1 Absent",https://viennavadata.org/meeting/2024-03-18.html
2024-03-18,32770,Public Hearings,Procedural,,https://viennavadata.org/meeting/2024-03-18.html
2024-03-18,32778,8:30 p.m. - 10:30 p.m. - Public Hearing on the Necessity for Public Improvements Within the Windover Heights Historic District Adjacent to and/or on the property 288 Windover Avenue NW,"Land Use, Zoning & Development","6 Aye, 1 Absent",https://viennavadata.org/meeting/2024-03-18.html
2024-03-18,32771,10:30 p.m. - 10:35 p.m. - Consent Agenda,Consent Agenda,"6 Aye, 1 Absent",https://viennavadata.org/meeting/2024-03-18.html
2024-03-18,32775,"Request to Set a Public Hearing for April 8, 2024 regarding the FY2024-25 Operating Budget","Budget, Taxes & Finance",,https://viennavadata.org/meeting/2024-03-18.html
2024-03-18,32776,"Request to Set a Public Hearing for April 8, 2024 regarding the FY2024-25 Water and Sewer Rates","Water, Sewer & Stormwater",,https://viennavadata.org/meeting/2024-03-18.html
2024-03-18,32777,"Request to Set a Public Hearing for April 29, 2024 regarding the FY2024-25 Real Estate Tax Rate","Budget, Taxes & Finance",,https://viennavadata.org/meeting/2024-03-18.html
2024-03-18,32780,"Request to Set a Public Hearing for Special Events Meals Taxes Ordinance Change on May 20, 2024","Budget, Taxes & Finance",,https://viennavadata.org/meeting/2024-03-18.html
2024-03-18,32773,"Request to Direct the Town Clerk to advertise a Notice of Intent to Adopt Text Amendments Related to Preserving and Enhancing Tree Canopy in Chapters 17, 18 and 27 and creating a new Tree Advocacy Committee to replace the Tree Board.","Environment, Trees & Sustainability",,https://viennavadata.org/meeting/2024-03-18.html
2024-03-18,32772,Regular Business,Procedural,,https://viennavadata.org/meeting/2024-03-18.html
2024-03-18,32774,10:45 p.m. - 11:00 p.m. - Reallocate AARPA and CIP,"Budget, Taxes & Finance","6 Aye, 1 Absent",https://viennavadata.org/meeting/2024-03-18.html
2024-03-18,32782,Meeting Adjournment,Procedural,,https://viennavadata.org/meeting/2024-03-18.html
2024-03-18,32783,"THE TOWN OF VIENNA IS COMMITTED TO FULL COMPLIANCE WITH THE AMERICANS WITH DISABILITIES ACT STANDARDS. TRANSLATION SERVICES, ASSISTANCE OR ACCOMMODATION REQUESTS FROM PERSONS WITH DISABILITIES ARE TO BE REQUESTED NOT LESS THAN 3 WORKING DAYS BEFORE THE DAY OF THE EVENT. PLEASE CALL (703) 255-6304, OR 711 VIRGINIA RELAY SERVICE FOR THE HEARING IMPAIRED.",Procedural,,https://viennavadata.org/meeting/2024-03-18.html
2024-03-18,32851,10:30 p.m. - 10:35 p.m. - Consent Agenda,Consent Agenda,"6 Aye, 1 Absent",https://viennavadata.org/meeting/2024-03-18.html
2024-03-04,32555,"Invocation: Ms. Sharon Miller, Baha'i Community of Vienna",Procedural,,https://viennavadata.org/meeting/2024-03-04.html
2024-03-04,32556,Pledge of Allegiance to the Flag of the United States of America,Procedural,,https://viennavadata.org/meeting/2024-03-04.html
2024-03-04,32557,Roll Call,Procedural,,https://viennavadata.org/meeting/2024-03-04.html
2024-03-04,32558,Acceptance of the Minutes: None,Minutes,,https://viennavadata.org/meeting/2024-03-04.html
2024-03-04,32559,"Receipt of petitions and communications from the Public that are not on the Agenda.  
          (Limited to 3 minutes per issue and no formal action can be taken this evening)",Procedural,,https://viennavadata.org/meeting/2024-03-04.html
2024-03-04,32561,Reports/Presentations,Procedural,,https://viennavadata.org/meeting/2024-03-04.html
2024-03-04,32562,Report and Inquiries of Council Members,Procedural,,https://viennavadata.org/meeting/2024-03-04.html
2024-03-04,32563,Report of the Town Manager,Procedural,,https://viennavadata.org/meeting/2024-03-04.html
2024-03-04,32564,Report of the Mayor,Procedural,,https://viennavadata.org/meeting/2024-03-04.html
2024-03-04,32565,Proposals for Additional Items to the Agenda,Procedural,,https://viennavadata.org/meeting/2024-03-04.html
2024-03-04,32566,Closed Session Report,Procedural,7 Aye,https://viennavadata.org/meeting/2024-03-04.html
2024-03-04,32568,Consent Agenda 7:45 p.m. - 7:50 p.m.,Consent Agenda,"1 Nay, 6 Aye",https://viennavadata.org/meeting/2024-03-04.html
2024-03-04,32574,Request approval of Memorandum of Understanding (MOU) between Vienna Little League and Town of Vienna for use of Yeonas Park during the Independence Day Celebration and Fireworks Show.,Parks & Recreation,,https://viennavadata.org/meeting/2024-03-04.html
2024-03-04,32572,Request approval of a Memorandum of Understanding (MOU) between the Town of Vienna and Vienna Business Association for 2024 Oktoberfest.,"Community, Arts & Events",,https://viennavadata.org/meeting/2024-03-04.html
2024-03-04,32573,Request approval of Memorandum of Understanding (MOU) between the Town of Vienna and Vienna Business Association for 2024 Halloween Parade,"Community, Arts & Events",,https://viennavadata.org/meeting/2024-03-04.html
2024-03-04,32569,Regular Business,Procedural,,https://viennavadata.org/meeting/2024-03-04.html
2024-03-04,32570,"7:50 p.m. - 8:00 p.m. Request approval of Transportation Safety Commission (TSC) motion for Glyndon Street, SE, and Tapawingo Road, SE, Safety Improvements.","Streets, Sidewalks & Transportation","2 Nay, 5 Aye",https://viennavadata.org/meeting/2024-03-04.html
2024-03-04,32571,"8:00 p.m. - 8:20 p.m. Request approval of Transportation Safety Commission (TSC) motion for Ayr Hill Avenue, NW, traffic calming.","Streets, Sidewalks & Transportation","1 Nay, 6 Aye",https://viennavadata.org/meeting/2024-03-04.html
2024-03-04,32576,"8:20 p.m. - 8:40 p.m. Request $50,000 of funding from the Maud Robinson Trust to be used for the planting of new trees.","Environment, Trees & Sustainability",7 Aye,https://viennavadata.org/meeting/2024-03-04.html
2024-03-04,32575,8:40 p.m. - 9:10 p.m. Request approval of Memorandum of Understanding (MOU) between Town of Vienna and Rotary Club of Vienna for 2024 Viva! Vienna! Festival and Brewfest,"Community, Arts & Events","1 Nay, 6 Aye",https://viennavadata.org/meeting/2024-03-04.html
2024-03-04,32577,Meeting Adjournment,Procedural,7 Aye,https://viennavadata.org/meeting/2024-03-04.html
2024-03-04,32578,"THE TOWN OF VIENNA IS COMMITTED TO FULL COMPLIANCE WITH THE AMERICANS WITH DISABILITIES ACT STANDARDS. TRANSLATION SERVICES, ASSISTANCE OR ACCOMMODATION REQUESTS FROM PERSONS WITH DISABILITIES ARE TO BE REQUESTED NOT LESS THAN 3 WORKING DAYS BEFORE THE DAY OF THE EVENT. PLEASE CALL (703) 255-6304, OR 711 VIRGINIA RELAY SERVICE FOR THE HEARING IMPAIRED.",Procedural,,https://viennavadata.org/meeting/2024-03-04.html
2024-02-26,32484,"Invocation: Rabbi Jeff Saxe, Temple Rodef Shalom",Procedural,,https://viennavadata.org/meeting/2024-02-26.html
2024-02-26,32485,Pledge of Allegiance to the Flag of the United States of America,Procedural,,https://viennavadata.org/meeting/2024-02-26.html
2024-02-26,32486,Roll Call,Procedural,,https://viennavadata.org/meeting/2024-02-26.html
2024-02-26,32487,Acceptance of the Minutes:,Minutes,,https://viennavadata.org/meeting/2024-02-26.html
2024-02-26,32505,"Acceptance of the Regular Council Meeting Minutes of January 29, 2024, February 5, 2024 and the Conference Session Minutes of February 5, 2024 and February 12, 2024",Minutes,7 Aye,https://viennavadata.org/meeting/2024-02-26.html
2024-02-26,32488,"Receipt of petitions and communications from the Public that are not on the Agenda.  
          (Limited to 3 minutes per issue and no formal action can be taken this evening)",Procedural,,https://viennavadata.org/meeting/2024-02-26.html
2024-02-26,32490,Reports/Presentations,Procedural,,https://viennavadata.org/meeting/2024-02-26.html
2024-02-26,32491,Report and Inquiries of Council Members,Procedural,,https://viennavadata.org/meeting/2024-02-26.html
2024-02-26,32492,Report of the Town Manager,Procedural,,https://viennavadata.org/meeting/2024-02-26.html
2024-02-26,32493,Report of the Mayor,Procedural,,https://viennavadata.org/meeting/2024-02-26.html
2024-02-26,32494,Proposals for Additional Items to the Agenda,Procedural,,https://viennavadata.org/meeting/2024-02-26.html
2024-02-26,32495,Closed Session Report,Procedural,7 Aye,https://viennavadata.org/meeting/2024-02-26.html
2024-02-26,32497,Consent Agenda - 7:45 p.m. - 7:55 p.m.,Consent Agenda,7 Aye,https://viennavadata.org/meeting/2024-02-26.html
2024-02-26,32499,Request approval of memorandum of understanding (MOU) between the Optimist Club of Greater Vienna and Town of Vienna for use of the Vienna Community Center parking lot for the 2024 Vienna Farmers Market,Parks & Recreation,,https://viennavadata.org/meeting/2024-02-26.html
2024-02-26,32503,"Intent to Adopt proposed changes to Town Code §2-19 to reflect a change of the name “Conference Session"" to “Work Session.”",Town Code & Ordinances,,https://viennavadata.org/meeting/2024-02-26.html
2024-02-26,32504,Intent to Adopt the Minor Amendments to the Town Code (Change Time of Council Meetings to 7:30 p.m.) and approve a resolution to set the start time for all regular Town Council Meetings to 7:30 p.m.,Town Code & Ordinances,,https://viennavadata.org/meeting/2024-02-26.html
2024-02-26,32498,Regular Business,Procedural,,https://viennavadata.org/meeting/2024-02-26.html
2024-02-26,32500,"7:55 p.m. - 8:10 p.m. Consideration to Initiate Final Design of Robinson Trust Sidewalk Projects at Johnson Street, SW, Saint Andrews Drive, NE, Saint Bernard Drive, NE, Ridge Road, SW, and Frederick Street, SW.","Streets, Sidewalks & Transportation",,https://viennavadata.org/meeting/2024-02-26.html
2024-02-26,32646,"7:55 p.m. - 8:10 p.m. Consideration to Initiate Final Design of Robinson Trust Sidewalk Projects at Johnson Street, SW, Saint Andrews Drive, NE, Saint Bernard Drive, NE, Ridge Road, SW, and Frederick Street, SW.","Streets, Sidewalks & Transportation",7 Aye,https://viennavadata.org/meeting/2024-02-26.html
2024-02-26,32501,8:10 p.m. - 8:25 p.m. Request approval of additional spending with Kimmel Bogrette Architecture as part of the Annex Long Term Use Study,Town Facilities & Property,7 Aye,https://viennavadata.org/meeting/2024-02-26.html
2024-02-26,32502,"8:25 p.m. - 8:40 p.m. Request to Direct the Town Clerk to advertise a Notice of Intent to Adopt Text Amendments Related to Preserving and Enhancing Tree Canopy in Chapters 17, 18 and 27","Environment, Trees & Sustainability",7 Aye,https://viennavadata.org/meeting/2024-02-26.html
2024-02-26,32506,Meeting Adjournment,Procedural,7 Aye,https://viennavadata.org/meeting/2024-02-26.html
2024-02-26,32507,"THE TOWN OF VIENNA IS COMMITTED TO FULL COMPLIANCE WITH THE AMERICANS WITH DISABILITIES ACT STANDARDS. TRANSLATION SERVICES, ASSISTANCE OR ACCOMMODATION REQUESTS FROM PERSONS WITH DISABILITIES ARE TO BE REQUESTED NOT LESS THAN 3 WORKING DAYS BEFORE THE DAY OF THE EVENT. PLEASE CALL (703) 255-6304, OR 711 VIRGINIA RELAY SERVICE FOR THE HEARING IMPAIRED.",Procedural,,https://viennavadata.org/meeting/2024-02-26.html
2024-02-05,32347,"Invocation: Reverend Brenda Burns, Vienna Assembly of God Church, Vienna",Procedural,,https://viennavadata.org/meeting/2024-02-05.html
2024-02-05,32348,Pledge of Allegiance to the Flag of the United States of America,Procedural,,https://viennavadata.org/meeting/2024-02-05.html
2024-02-05,32349,Roll Call,Procedural,,https://viennavadata.org/meeting/2024-02-05.html
2024-02-05,32350,Acceptance of the Minutes:,Minutes,,https://viennavadata.org/meeting/2024-02-05.html
2024-02-05,32351,"Receipt of petitions and communications from the Public that are not on the Agenda.  
          (Limited to 3 minutes per issue and no formal action can be taken this evening)",Procedural,,https://viennavadata.org/meeting/2024-02-05.html
2024-02-05,32353,Reports/Presentations,Procedural,,https://viennavadata.org/meeting/2024-02-05.html
2024-02-05,32362,Recommendations to Improve the Business Permitting & Licensing Process,Economic Development,,https://viennavadata.org/meeting/2024-02-05.html
2024-02-05,32363,Introduction to Government Procurement,Contracts & Purchasing,,https://viennavadata.org/meeting/2024-02-05.html
2024-02-05,32354,Report and Inquiries of Council Members,Procedural,,https://viennavadata.org/meeting/2024-02-05.html
2024-02-05,32355,Report of the Town Manager,Procedural,,https://viennavadata.org/meeting/2024-02-05.html
2024-02-05,32356,Report of the Mayor,Procedural,,https://viennavadata.org/meeting/2024-02-05.html
2024-02-05,32357,Proposals for Additional Items to the Agenda,Procedural,,https://viennavadata.org/meeting/2024-02-05.html
2024-02-05,32358,Closed Session Report,Procedural,7 Aye,https://viennavadata.org/meeting/2024-02-05.html
2024-02-05,32361,Regular Business,Procedural,,https://viennavadata.org/meeting/2024-02-05.html
2024-02-05,32365,"Request to Direct the Town Clerk to advertise a Notice of Intent to Adopt Text Amendments Related to Preserving and Enhancing Tree Canopy in Chapters 17, 18 and 27","Environment, Trees & Sustainability",7 Aye,https://viennavadata.org/meeting/2024-02-05.html
2024-02-05,32366,"Request for approval of final plat for subdivision of two lots into three lots at 445 and 447 Courthouse Rd SW in the RS-16, Single-Family Detached Residential zone. Deferred from January 29, 2024.","Land Use, Zoning & Development","2 Nay, 5 Aye",https://viennavadata.org/meeting/2024-02-05.html
2024-02-05,32367,Meeting Adjournment,Procedural,,https://viennavadata.org/meeting/2024-02-05.html
2024-02-05,32368,"THE TOWN OF VIENNA IS COMMITTED TO FULL COMPLIANCE WITH THE AMERICANS WITH DISABILITIES ACT STANDARDS. TRANSLATION SERVICES, ASSISTANCE OR ACCOMMODATION REQUESTS FROM PERSONS WITH DISABILITIES ARE TO BE REQUESTED NOT LESS THAN 3 WORKING DAYS BEFORE THE DAY OF THE EVENT. PLEASE CALL (703) 255-6304, OR 711 VIRGINIA RELAY SERVICE FOR THE HEARING IMPAIRED.",Procedural,,https://viennavadata.org/meeting/2024-02-05.html
2024-01-29,32288,"Invocation: Mercury Payton, Town Manager",Procedural,,https://viennavadata.org/meeting/2024-01-29.html
2024-01-29,32289,Pledge of Allegiance to the Flag of the United States of America,Procedural,,https://viennavadata.org/meeting/2024-01-29.html
2024-01-29,32290,Roll Call,Procedural,,https://viennavadata.org/meeting/2024-01-29.html
2024-01-29,32291,Acceptance of the Minutes:,Minutes,,https://viennavadata.org/meeting/2024-01-29.html
2024-01-29,32312,"Acceptance of the Regular Meeting Minutes and Conference Session Minutes of January 2, 2024 and January 8, 2024",Minutes,,https://viennavadata.org/meeting/2024-01-29.html
2024-01-29,32292,"Receipt of petitions and communications from the Public that are not on the Agenda.  
          (Limited to 3 minutes per issue and no formal action can be taken this evening)",Procedural,,https://viennavadata.org/meeting/2024-01-29.html
2024-01-29,32294,Reports/Presentations,Procedural,,https://viennavadata.org/meeting/2024-01-29.html
2024-01-29,32308,7:40 p.m. to 7:50 p.m. - Green Hedges Dragons Middle School Co-Ed League Soccer Championship recognition,Proclamations & Recognitions,,https://viennavadata.org/meeting/2024-01-29.html
2024-01-29,32303,7:50 p.m. - 8:20 p.m. - Town Wide Survey Results,Governance & Administration,,https://viennavadata.org/meeting/2024-01-29.html
2024-01-29,32295,Report and Inquiries of Council Members,Procedural,,https://viennavadata.org/meeting/2024-01-29.html
2024-01-29,32296,Report of the Town Manager,Procedural,,https://viennavadata.org/meeting/2024-01-29.html
2024-01-29,32297,Report of the Mayor,Procedural,,https://viennavadata.org/meeting/2024-01-29.html
2024-01-29,32298,Proposals for Additional Items to the Agenda,Procedural,,https://viennavadata.org/meeting/2024-01-29.html
2024-01-29,32299,Closed Session Report,Procedural,,https://viennavadata.org/meeting/2024-01-29.html
2024-01-29,32315,Closed Session Report,Procedural,7 Aye,https://viennavadata.org/meeting/2024-01-29.html
2024-01-29,32301,Consent Agenda,Consent Agenda,,https://viennavadata.org/meeting/2024-01-29.html
2024-01-29,32309,8:20 p.m. - 8:25 p.m. - Request to Direct the Town Clerk to advertise a Notice of Intent to Adopt the Minor Amendments to the Town Code (Change Time of Council Meetings to 7:30 p.m.) and approve a resolution to set the start time for all regular Town Council meetings for all Town Council 2024 Regular and work session meetings to start at 7:30 p.m.”,Town Code & Ordinances,7 Aye,https://viennavadata.org/meeting/2024-01-29.html
2024-01-29,32310,"Request to direct the Town Clerk to advertise a Notice of Intent to Adopt proposed changes to Town Code §2-19 to reflect a change of the name “Conference Session"" to “Work Session .”",Town Code & Ordinances,7 Aye,https://viennavadata.org/meeting/2024-01-29.html
2024-01-29,32304,Approve Spending with McGuire Woods as Bond Counsel for 2023 and 2024 Debt Issuances,"Budget, Taxes & Finance","6 Aye, 1 Absent",https://viennavadata.org/meeting/2024-01-29.html
2024-01-29,32302,Regular Business,Procedural,,https://viennavadata.org/meeting/2024-01-29.html
2024-01-29,32311,8:25 p.m. - 8:55 p.m. - Town Council Priorities,Governance & Administration,7 Aye,https://viennavadata.org/meeting/2024-01-29.html
2024-01-29,32306,"8:55 p.m. - 9:40 p.m. - Request for approval of final plat for subdivision of two lots into three lots at 445 and 447 Courthouse Rd SW in the RS-16, Single-Family Detached Residential zone.","Land Use, Zoning & Development",7 Aye,https://viennavadata.org/meeting/2024-01-29.html
2024-01-29,32305,9:40 p.m. to 9:55 p.m. - Increase Appropriation to Tyler Technologies to Move Software to the Cloud,"Budget, Taxes & Finance",7 Aye,https://viennavadata.org/meeting/2024-01-29.html
2024-01-29,32307,9:55 p.m. to 10:35 p.m. - Approve ARPA and CIP Reallocation,"Budget, Taxes & Finance",7 Aye,https://viennavadata.org/meeting/2024-01-29.html
2024-01-29,32318,Second Closed Session,Procedural,,https://viennavadata.org/meeting/2024-01-29.html
2024-01-29,32316,10:35 p.m. - 10:55 p.m. - Second Closed Session Report,Procedural,,https://viennavadata.org/meeting/2024-01-29.html
2024-01-29,32322,10:35 p.m. - 10:55 p.m. - Second Closed Session Report,Procedural,7 Aye,https://viennavadata.org/meeting/2024-01-29.html
2024-01-29,32313,Meeting Adjournment,Procedural,,https://viennavadata.org/meeting/2024-01-29.html
2024-01-29,32314,"THE TOWN OF VIENNA IS COMMITTED TO FULL COMPLIANCE WITH THE AMERICANS WITH DISABILITIES ACT STANDARDS. TRANSLATION SERVICES, ASSISTANCE OR ACCOMMODATION REQUESTS FROM PERSONS WITH DISABILITIES ARE TO BE REQUESTED NOT LESS THAN 3 WORKING DAYS BEFORE THE DAY OF THE EVENT. PLEASE CALL (703) 255-6304, OR 711 VIRGINIA RELAY SERVICE FOR THE HEARING IMPAIRED.",Procedural,,https://viennavadata.org/meeting/2024-01-29.html
2024-01-08,32089,"Invocation: Mercury Payton, Town Manager",Procedural,,https://viennavadata.org/meeting/2024-01-08.html
2024-01-08,32090,Pledge of Allegiance to the Flag of the United States of America,Procedural,,https://viennavadata.org/meeting/2024-01-08.html
2024-01-08,32091,Roll Call,Procedural,,https://viennavadata.org/meeting/2024-01-08.html
2024-01-08,32092,Acceptance of the Minutes:,Minutes,,https://viennavadata.org/meeting/2024-01-08.html
2024-01-08,32108,"Acceptance of the Council Meeting Minutes of December 4, 2023 and the Conference Session Minutes of December 4, 2023.",Minutes,7 Aye,https://viennavadata.org/meeting/2024-01-08.html
2024-01-08,32093,"Receipt of petitions and communications from the Public that are not on the Agenda.  
          (Limited to 3 minutes per issue and no formal action can be taken this evening)",Procedural,,https://viennavadata.org/meeting/2024-01-08.html
2024-01-08,32095,Reports/Presentations,Procedural,,https://viennavadata.org/meeting/2024-01-08.html
2024-01-08,32104,"7:45p.m. - 8:15 p.m.   Mid-year Financial Review, FY 2023-24","Budget, Taxes & Finance",,https://viennavadata.org/meeting/2024-01-08.html
2024-01-08,32096,Report and Inquiries of Council Members,Procedural,,https://viennavadata.org/meeting/2024-01-08.html
2024-01-08,32097,Report of the Town Manager,Procedural,,https://viennavadata.org/meeting/2024-01-08.html
2024-01-08,32098,Report of the Mayor,Procedural,,https://viennavadata.org/meeting/2024-01-08.html
2024-01-08,32099,Proposals for Additional Items to the Agenda,Procedural,,https://viennavadata.org/meeting/2024-01-08.html
2024-01-08,32100,Closed Session Report,Procedural,,https://viennavadata.org/meeting/2024-01-08.html
2024-01-08,32109,Closed Session,Procedural,,https://viennavadata.org/meeting/2024-01-08.html
2024-01-08,32102,Consent Agenda,Consent Agenda,,https://viennavadata.org/meeting/2024-01-08.html
2024-01-08,32105,8:20 p.m. - Minor Amendments to the Town Code (Change Time of Council Meetings to 7:30 p.m.) Agenda,Town Code & Ordinances,,https://viennavadata.org/meeting/2024-01-08.html
2024-01-08,32106,"Minor Amendments to the Town Code (Change the Title and references to “conference session” in Town Code Section 2-19, to “work session”)",Town Code & Ordinances,,https://viennavadata.org/meeting/2024-01-08.html
2024-01-08,32103,Regular Business,Procedural,,https://viennavadata.org/meeting/2024-01-08.html
2024-01-08,32107,8:15 p.m. - 8:20 p.m. -Town Council Memorandum on Swearing in Date for Incoming Town Council,Proclamations & Recognitions,"1 Nay, 6 Aye",https://viennavadata.org/meeting/2024-01-08.html
2024-01-08,32115,8:20 p.m. - 8:25 p.m. - Set Meeting Dates for Strategic Plan Update and Town Council Priorities,Governance & Administration,7 Aye,https://viennavadata.org/meeting/2024-01-08.html
2024-01-08,32138,Closed Session,Procedural,,https://viennavadata.org/meeting/2024-01-08.html
2024-01-08,32110,8:25 p.m. - 8:45 p.m.- Second Closed Session Report,Procedural,7 Aye,https://viennavadata.org/meeting/2024-01-08.html
2024-01-08,32111,Meeting Adjournment,Procedural,,https://viennavadata.org/meeting/2024-01-08.html
2024-01-08,32112,"THE TOWN OF VIENNA IS COMMITTED TO FULL COMPLIANCE WITH THE AMERICANS WITH DISABILITIES ACT STANDARDS. TRANSLATION SERVICES, ASSISTANCE OR ACCOMMODATION REQUESTS FROM PERSONS WITH DISABILITIES ARE TO BE REQUESTED NOT LESS THAN 3 WORKING DAYS BEFORE THE DAY OF THE EVENT. PLEASE CALL (703) 255-6304, OR 711 VIRGINIA RELAY SERVICE FOR THE HEARING IMPAIRED.",Procedural,,https://viennavadata.org/meeting/2024-01-08.html
2024-01-02,32041,Regular Business,Procedural,,https://viennavadata.org/meeting/2024-01-02.html
2024-01-02,32042,Swearing in ceremony for newly elected and re-elected Mayor and Council,Proclamations & Recognitions,,https://viennavadata.org/meeting/2024-01-02.html
2024-01-02,32043,Meeting Adjournment,Procedural,,https://viennavadata.org/meeting/2024-01-02.html
2024-01-02,32044,"THE TOWN OF VIENNA IS COMMITTED TO FULL COMPLIANCE WITH THE AMERICANS WITH DISABILITIES ACT STANDARDS. TRANSLATION SERVICES, ASSISTANCE OR ACCOMMODATION REQUESTS FROM PERSONS WITH DISABILITIES ARE TO BE REQUESTED NOT LESS THAN 3 WORKING DAYS BEFORE THE DAY OF THE EVENT. PLEASE CALL (703) 255-6304, OR 711 VIRGINIA RELAY SERVICE FOR THE HEARING IMPAIRED.",Procedural,,https://viennavadata.org/meeting/2024-01-02.html
2023-12-04,31916,"Invocation: Reverend Dr. Anthony Prinsen, Emmanuel Lutheran Church",Procedural,,https://viennavadata.org/meeting/2023-12-04.html
2023-12-04,31917,Pledge of Allegiance to the Flag of the United States of America,Procedural,,https://viennavadata.org/meeting/2023-12-04.html
2023-12-04,31918,Roll Call,Procedural,,https://viennavadata.org/meeting/2023-12-04.html
2023-12-04,31919,Acceptance of the Minutes:,Minutes,,https://viennavadata.org/meeting/2023-12-04.html
2023-12-04,31942,"Acceptance of the Council Meeting Minutes of November 13, 2023",Minutes,,https://viennavadata.org/meeting/2023-12-04.html
2023-12-04,31920,"Receipt of petitions and communications from the Public that are not on the Agenda.  
          (Limited to 3 minutes per issue and no formal action can be taken this evening)",Procedural,,https://viennavadata.org/meeting/2023-12-04.html
2023-12-04,31922,Reports/Presentations,Procedural,,https://viennavadata.org/meeting/2023-12-04.html
2023-12-04,31932,8:15 p.m. - 8:25 p.m. -  Boston Tea Party Proclamation,Proclamations & Recognitions,,https://viennavadata.org/meeting/2023-12-04.html
2023-12-04,31937,8:25 p.m. - 8:35 p.m. -  STARS Award for Alsinia Ervin and Robert Froh,Contracts & Purchasing,,https://viennavadata.org/meeting/2023-12-04.html
2023-12-04,31938,8:35 p.m. - 9:05 p.m. -   Presentation of the 2023 Annual Comprehensive Financial Report (ACFR),"Budget, Taxes & Finance",,https://viennavadata.org/meeting/2023-12-04.html
2023-12-04,31923,Report and Inquiries of Council Members,Procedural,,https://viennavadata.org/meeting/2023-12-04.html
2023-12-04,31924,Report of the Town Manager,Procedural,,https://viennavadata.org/meeting/2023-12-04.html
2023-12-04,31925,Report of the Mayor,Procedural,,https://viennavadata.org/meeting/2023-12-04.html
2023-12-04,31926,Proposals for Additional Items to the Agenda,Procedural,,https://viennavadata.org/meeting/2023-12-04.html
2023-12-04,31927,Closed Session Report,Procedural,,https://viennavadata.org/meeting/2023-12-04.html
2023-12-04,31928,Public Hearings,Procedural,,https://viennavadata.org/meeting/2023-12-04.html
2023-12-04,31935,9:15 p.m. - 9:30 p.m. -  Public Hearing for Issuance of Water and Sewer Debt and Vehicle Line of Credit,"Water, Sewer & Stormwater",7 Aye,https://viennavadata.org/meeting/2023-12-04.html
2023-12-04,31930,Regular Business,Procedural,,https://viennavadata.org/meeting/2023-12-04.html
2023-12-04,31931,9:30 p.m. - 10:00 p.m. -  Consider Continuing Agreement with Fairfax County to Renovate Patrick Henry Library and Build a Parking Garage and Amending Financial Participation in Project,"Streets, Sidewalks & Transportation",7 Aye,https://viennavadata.org/meeting/2023-12-04.html
2023-12-04,31939,10:00 p.m. - 10:15 p.m.  -  Adoption of Town’s 2024 Legislative Agenda,Grants & Intergovernmental,7 Aye,https://viennavadata.org/meeting/2023-12-04.html
2023-12-04,31933,10:15 p.m. - 10:30 p.m.  -  Intent to adopt proposed amendments and reformatting of Code Sections 10-20.1 and 10-44.,Town Code & Ordinances,"6 Aye, 1 Nay",https://viennavadata.org/meeting/2023-12-04.html
2023-12-04,31936,"10:30 p.m. - 11:00 p.m. - Consideration of the temporary Right of Entry and Compensation Agreement for Dominion Energy Virginia at 125 Center St., S",Governance & Administration,7 Aye,https://viennavadata.org/meeting/2023-12-04.html
2023-12-04,31934,"11:00 p.m. - 11:15 p.m. -  Consideration to Initiate Construction Management Services with Whitman, Requardt and Associates, LLP (WR&A) for Robinson Trust Construction Projects at Beulah Road, NE (Church Street to Ayr Hill Avenue), Lawyers Road, NW (Windover Avenue to West Street), and Tapawingo Road (Park Street, SE, to Plum Street, SW).","Land Use, Zoning & Development",7 Aye,https://viennavadata.org/meeting/2023-12-04.html
2023-12-04,31944,Second Closed Session Report,Procedural,7 Aye,https://viennavadata.org/meeting/2023-12-04.html
2023-12-04,31940,Meeting Adjournment,Procedural,,https://viennavadata.org/meeting/2023-12-04.html
2023-12-04,31941,"THE TOWN OF VIENNA IS COMMITTED TO FULL COMPLIANCE WITH THE AMERICANS WITH DISABILITIES ACT STANDARDS. TRANSLATION SERVICES, ASSISTANCE OR ACCOMMODATION REQUESTS FROM PERSONS WITH DISABILITIES ARE TO BE REQUESTED NOT LESS THAN 3 WORKING DAYS BEFORE THE DAY OF THE EVENT. PLEASE CALL (703) 255-6304, OR 711 VIRGINIA RELAY SERVICE FOR THE HEARING IMPAIRED.",Procedural,,https://viennavadata.org/meeting/2023-12-04.html
2023-11-13,31739,Invocation: Councilmember Ray Brill,Procedural,,https://viennavadata.org/meeting/2023-11-13.html
2023-11-13,31740,Pledge of Allegiance to the Flag of the United States of America,Procedural,,https://viennavadata.org/meeting/2023-11-13.html
2023-11-13,31741,Roll Call,Procedural,,https://viennavadata.org/meeting/2023-11-13.html
2023-11-13,31742,Acceptance of the Minutes:,Minutes,,https://viennavadata.org/meeting/2023-11-13.html
2023-11-13,31762,Acceptance of the Regular Council Meeting Minutes of October 23 2023,Minutes,"6 Aye, 1 Absent",https://viennavadata.org/meeting/2023-11-13.html
2023-11-13,31743,"Receipt of petitions and communications from the Public that are not on the Agenda.  
          (Limited to 3 minutes per issue and no formal action can be taken this evening)",Procedural,,https://viennavadata.org/meeting/2023-11-13.html
2023-11-13,31745,Reports/Presentations,Procedural,,https://viennavadata.org/meeting/2023-11-13.html
2023-11-13,31757,2023 Halloween Parade Awards,Proclamations & Recognitions,,https://viennavadata.org/meeting/2023-11-13.html
2023-11-13,31754,Patrick Henry Library Garage Design Review,"Community, Arts & Events",,https://viennavadata.org/meeting/2023-11-13.html
2023-11-13,31761,Presentation of PFAS Overview and Current Activities,"Environment, Trees & Sustainability",,https://viennavadata.org/meeting/2023-11-13.html
2023-11-13,31756,Proclamation for Small Business Saturday,Proclamations & Recognitions,,https://viennavadata.org/meeting/2023-11-13.html
2023-11-13,31746,Report and Inquiries of Council Members,Procedural,,https://viennavadata.org/meeting/2023-11-13.html
2023-11-13,31747,Report of the Town Manager,Procedural,,https://viennavadata.org/meeting/2023-11-13.html
2023-11-13,31748,Report of the Mayor,Procedural,,https://viennavadata.org/meeting/2023-11-13.html
2023-11-13,31749,Proposals for Additional Items to the Agenda,Procedural,,https://viennavadata.org/meeting/2023-11-13.html
2023-11-13,31750,Closed Session Report,Procedural,7 Aye,https://viennavadata.org/meeting/2023-11-13.html
2023-11-13,31751,Public Hearings,Procedural,,https://viennavadata.org/meeting/2023-11-13.html
2023-11-13,31758,"Public Hearing on Town Noise Ordinance Sections. 10-20.1.,10-44, and 3-11.",Town Code & Ordinances,7 Aye,https://viennavadata.org/meeting/2023-11-13.html
2023-11-13,31755,Public hearing on the Town’s 2024 Legislative Agenda,Grants & Intergovernmental,7 Aye,https://viennavadata.org/meeting/2023-11-13.html
2023-11-13,31753,Regular Business,Procedural,,https://viennavadata.org/meeting/2023-11-13.html
2023-11-13,31760,"Set Public Hearing to Issue Water and Sewer Debt for Dec. 4, 2023 and Notice of Intent to Adopt an Ordinance","Water, Sewer & Stormwater",7 Aye,https://viennavadata.org/meeting/2023-11-13.html
2023-11-13,31767,"Preserving and Enhancing Tree Canopy - Consideration of Intent to Adopt new Town code amendments to Chapters 17, 18 and 27","Environment, Trees & Sustainability",,https://viennavadata.org/meeting/2023-11-13.html
2023-11-13,31763,Meeting Adjournment,Procedural,,https://viennavadata.org/meeting/2023-11-13.html
2023-11-13,31764,"THE TOWN OF VIENNA IS COMMITTED TO FULL COMPLIANCE WITH THE AMERICANS WITH DISABILITIES ACT STANDARDS. TRANSLATION SERVICES, ASSISTANCE OR ACCOMMODATION REQUESTS FROM PERSONS WITH DISABILITIES ARE TO BE REQUESTED NOT LESS THAN 3 WORKING DAYS BEFORE THE DAY OF THE EVENT. PLEASE CALL (703) 255-6304, OR 711 VIRGINIA RELAY SERVICE FOR THE HEARING IMPAIRED.",Procedural,,https://viennavadata.org/meeting/2023-11-13.html
2023-10-23,31623,"Invocation: John Russo, Baha'i Community of the Holy Comforter",Procedural,,https://viennavadata.org/meeting/2023-10-23.html
2023-10-23,31624,Pledge of Allegiance to the Flag of the United States of America,Procedural,,https://viennavadata.org/meeting/2023-10-23.html
2023-10-23,31625,Roll Call,Procedural,,https://viennavadata.org/meeting/2023-10-23.html
2023-10-23,31626,Acceptance of the Minutes:,Minutes,,https://viennavadata.org/meeting/2023-10-23.html
2023-10-23,31649,"Acceptance of the Council Meeting Minutes of September 25, 2023 and October 2, 2023",Minutes,7 Aye,https://viennavadata.org/meeting/2023-10-23.html
2023-10-23,31627,"Receipt of petitions and communications from the Public that are not on the Agenda.  
          (Limited to 3 minutes per issue and no formal action can be taken this evening)",Procedural,,https://viennavadata.org/meeting/2023-10-23.html
2023-10-23,31629,Reports/Presentations,Procedural,,https://viennavadata.org/meeting/2023-10-23.html
2023-10-23,31639,Presentation of GFOA's Distinguished Budget Award,"Budget, Taxes & Finance",,https://viennavadata.org/meeting/2023-10-23.html
2023-10-23,31648,2023 International Economic Development Council (IEDC) Awards,Proclamations & Recognitions,,https://viennavadata.org/meeting/2023-10-23.html
2023-10-23,31630,Report and Inquiries of Council Members,Procedural,,https://viennavadata.org/meeting/2023-10-23.html
2023-10-23,31631,Report of the Town Manager,Procedural,,https://viennavadata.org/meeting/2023-10-23.html
2023-10-23,31632,Report of the Mayor,Procedural,,https://viennavadata.org/meeting/2023-10-23.html
2023-10-23,31633,Proposals for Additional Items to the Agenda,Procedural,,https://viennavadata.org/meeting/2023-10-23.html
2023-10-23,31634,Closed Session Report,Procedural,,https://viennavadata.org/meeting/2023-10-23.html
2023-10-23,31665,Closed Session Report,Procedural,,https://viennavadata.org/meeting/2023-10-23.html
2023-10-23,31635,Public Hearings,Procedural,,https://viennavadata.org/meeting/2023-10-23.html
2023-10-23,31643,"Public Hearing on Proposed Amendments to Town Code Chapters 17, 18 and 27, related to Enhancing Vienna's Tree Canopy","Environment, Trees & Sustainability",,https://viennavadata.org/meeting/2023-10-23.html
2023-10-23,31637,Regular Business,Procedural,,https://viennavadata.org/meeting/2023-10-23.html
2023-10-23,31644,Approve 2024 CIP Plan and CIP and ARPA Reallocation,"Budget, Taxes & Finance",7 Aye,https://viennavadata.org/meeting/2023-10-23.html
2023-10-23,31638,"Request to Approve On-Call Civil Engineering Services Contracts - VA RFP 23-37 (Bowman Consulting Group, Ltd., Urban, Ltd., and Whitman, Requardt & Associates, LLP)",Contracts & Purchasing,,https://viennavadata.org/meeting/2023-10-23.html
2023-10-23,31661,"Request to Approve On-Call Civil Engineering Services Contracts - VA RFP 23-37 (Bowman Consulting Group, Ltd., Urban, Ltd., and Whitman, Requardt & Associates, LLP)",Contracts & Purchasing,7 Aye,https://viennavadata.org/meeting/2023-10-23.html
2023-10-23,31642,"Adopt new chapter 18 (Zoning and Subdivision) of Town Code, and repeal current chapters 17 (Subdivisions) and 18 (Zoning) of the Town Code.","Land Use, Zoning & Development",7 Aye,https://viennavadata.org/meeting/2023-10-23.html
2023-10-23,31641,Request to Approve Cox Franchise Extension Agreement,Contracts & Purchasing,7 Aye,https://viennavadata.org/meeting/2023-10-23.html
2023-10-23,31645,"Set a public hearing for Nov. 13, 2023, for public comment on changes to the Town’s Noise Ordinance Sections 10-20.1., 10-44, and 3-11.",Town Code & Ordinances,7 Aye,https://viennavadata.org/meeting/2023-10-23.html
2023-10-23,31646,"Request approval for spending $236,230 with Kimley-Horn for Park System Master Plan",Parks & Recreation,,https://viennavadata.org/meeting/2023-10-23.html
2023-10-23,31663,"Request approval for spending $236,230 with Kimley-Horn for Park System Master Plan",Parks & Recreation,"6 Aye, 1 Recused",https://viennavadata.org/meeting/2023-10-23.html
2023-10-23,31647,Vienna 2024 Independence Day Celebration and Fireworks Display - Date Selection,"Community, Arts & Events",7 Aye,https://viennavadata.org/meeting/2023-10-23.html
2023-10-23,31654,Request to Set a Public Hearing for the Proposed 2024 Legislative Agenda,Grants & Intergovernmental,7 Aye,https://viennavadata.org/meeting/2023-10-23.html
2023-10-23,31650,Meeting Adjournment,Procedural,7 Aye,https://viennavadata.org/meeting/2023-10-23.html
2023-10-23,31651,"THE TOWN OF VIENNA IS COMMITTED TO FULL COMPLIANCE WITH THE AMERICANS WITH DISABILITIES ACT STANDARDS. TRANSLATION SERVICES, ASSISTANCE OR ACCOMMODATION REQUESTS FROM PERSONS WITH DISABILITIES ARE TO BE REQUESTED NOT LESS THAN 3 WORKING DAYS BEFORE THE DAY OF THE EVENT. PLEASE CALL (703) 255-6304, OR 711 VIRGINIA RELAY SERVICE FOR THE HEARING IMPAIRED.",Procedural,,https://viennavadata.org/meeting/2023-10-23.html
2023-10-02,31490,"Invocation: Reverend Jon Strand, Episcopal Church of the Holy Comforter",Procedural,,https://viennavadata.org/meeting/2023-10-02.html
2023-10-02,31491,Pledge of Allegiance to the Flag of the United States of America,Procedural,,https://viennavadata.org/meeting/2023-10-02.html
2023-10-02,31492,Roll Call,Procedural,,https://viennavadata.org/meeting/2023-10-02.html
2023-10-02,31493,Acceptance of the Minutes:,Minutes,,https://viennavadata.org/meeting/2023-10-02.html
2023-10-02,31511,"Acceptance of the Conference Session Minutes of September 18, 2023",Minutes,,https://viennavadata.org/meeting/2023-10-02.html
2023-10-02,31494,"Receipt of petitions and communications from the Public that are not on the Agenda.  
          (Limited to 3 minutes per issue and no formal action can be taken this evening)",Procedural,,https://viennavadata.org/meeting/2023-10-02.html
2023-10-02,31496,Reports/Presentations,Procedural,,https://viennavadata.org/meeting/2023-10-02.html
2023-10-02,31497,Report and Inquiries of Council Members,Procedural,,https://viennavadata.org/meeting/2023-10-02.html
2023-10-02,31498,Report of the Town Manager,Procedural,,https://viennavadata.org/meeting/2023-10-02.html
2023-10-02,31499,Report of the Mayor,Procedural,,https://viennavadata.org/meeting/2023-10-02.html
2023-10-02,31500,Proposals for Additional Items to the Agenda,Procedural,,https://viennavadata.org/meeting/2023-10-02.html
2023-10-02,31501,Closed Session Report,Procedural,,https://viennavadata.org/meeting/2023-10-02.html
2023-10-02,31502,Public Hearings,Procedural,,https://viennavadata.org/meeting/2023-10-02.html
2023-10-02,31533,Closed Session Report,Procedural,,https://viennavadata.org/meeting/2023-10-02.html
2023-10-02,31507,Public Hearing on 2023-24 Budget Supplemental Appropriations (Purchase Order Roll Forwards and Carry Forwards),"Budget, Taxes & Finance",7 Aye,https://viennavadata.org/meeting/2023-10-02.html
2023-10-02,31504,Regular Business,Procedural,,https://viennavadata.org/meeting/2023-10-02.html
2023-10-02,31506,"Request approval to utilize VDOT Transportation Alternative funds for design and construction of Locust Street Trail Improvements and Mashie Drive, SE, Sidewalk.",Parks & Recreation,7 Aye,https://viennavadata.org/meeting/2023-10-02.html
2023-10-02,31505,"Request approval for spending of up to $327,608.60 with the Berg Corporation to remove asbestos containing material and demolish the Annex building located at 301 Center Street South.","Land Use, Zoning & Development",7 Aye,https://viennavadata.org/meeting/2023-10-02.html
2023-10-02,31509,"Request approval to award IFB #24-04 to Bright Construction Group for $1,250,315.00 for the construction of Robinson Trust Sidewalk projects at Beulah Road, NE, Lawyers Road, NW, and Tapawingo Road.","Streets, Sidewalks & Transportation","5 Aye, 2 Nay",https://viennavadata.org/meeting/2023-10-02.html
2023-10-02,31510,"Request approval for spending $236,230 with Kimley-Horn for Park System Master Plan",Parks & Recreation,"6 Aye, 1 Recused",https://viennavadata.org/meeting/2023-10-02.html
2023-10-02,31508,"Code Create - Consideration of Intent to Adopt new Chapter 18 of Town Code, to replace the current Chapters 17 (Subdivisions) and 18 (Zoning) of the Town Code.","Land Use, Zoning & Development",7 Aye,https://viennavadata.org/meeting/2023-10-02.html
2023-10-02,31517,"Renew the motion to set a Public Hearing on Proposed Amendments to Town Code Chapters 17, 18 and 27, related to Enhancing Vienna’s Tree Canopy","Environment, Trees & Sustainability","4 Aye, 3 Nay",https://viennavadata.org/meeting/2023-10-02.html
2023-10-02,31512,Meeting Adjournment,Procedural,,https://viennavadata.org/meeting/2023-10-02.html
2023-10-02,31513,"THE TOWN OF VIENNA IS COMMITTED TO FULL COMPLIANCE WITH THE AMERICANS WITH DISABILITIES ACT STANDARDS. TRANSLATION SERVICES, ASSISTANCE OR ACCOMMODATION REQUESTS FROM PERSONS WITH DISABILITIES ARE TO BE REQUESTED NOT LESS THAN 3 WORKING DAYS BEFORE THE DAY OF THE EVENT. PLEASE CALL (703) 255-6304, OR 711 VIRGINIA RELAY SERVICE FOR THE HEARING IMPAIRED.",Procedural,,https://viennavadata.org/meeting/2023-10-02.html
2023-09-25,31445,"Invocation: Reverend Kim, Wesley United Methodist Church",Procedural,,https://viennavadata.org/meeting/2023-09-25.html
2023-09-25,31446,Pledge of Allegiance to the Flag of the United States of America,Procedural,,https://viennavadata.org/meeting/2023-09-25.html
2023-09-25,31447,Roll Call,Procedural,,https://viennavadata.org/meeting/2023-09-25.html
2023-09-25,31448,Acceptance of the Minutes:,Minutes,,https://viennavadata.org/meeting/2023-09-25.html
2023-09-25,31462,"Acceptance of the Regular Council Meeting Minutes of August 28, 2023, September 11, 2023 and the Conference Session Minutes of September 11, 2023.",Minutes,"6 Aye, 1 Absent",https://viennavadata.org/meeting/2023-09-25.html
2023-09-25,31449,"Receipt of petitions and communications from the Public that are not on the Agenda.  
          (Limited to 3 minutes per issue and no formal action can be taken this evening)",Procedural,,https://viennavadata.org/meeting/2023-09-25.html
2023-09-25,31451,Reports/Presentations,Procedural,,https://viennavadata.org/meeting/2023-09-25.html
2023-09-25,31461,"Pickleball Schedule Policy Review, June 1 - August 31, 2023",Parks & Recreation,,https://viennavadata.org/meeting/2023-09-25.html
2023-09-25,31452,Report and Inquiries of Council Members,Procedural,,https://viennavadata.org/meeting/2023-09-25.html
2023-09-25,31453,Report of the Town Manager,Procedural,,https://viennavadata.org/meeting/2023-09-25.html
2023-09-25,31454,Report of the Mayor,Procedural,,https://viennavadata.org/meeting/2023-09-25.html
2023-09-25,31455,Proposals for Additional Items to the Agenda,Procedural,,https://viennavadata.org/meeting/2023-09-25.html
2023-09-25,31456,Closed Session Report,Procedural,,https://viennavadata.org/meeting/2023-09-25.html
2023-09-25,31463,Closed Session Report,Procedural,"6 Aye, 1 Absent",https://viennavadata.org/meeting/2023-09-25.html
2023-09-25,31459,Regular Business,Procedural,,https://viennavadata.org/meeting/2023-09-25.html
2023-09-25,31460,"Request approval for spending $227,475.14 with Arthur Construction Co., Inc. for construction of a Robinson Trust Sidewalk Project at Desale Street, SW, from Moore Avenue to Melody Lane.","Streets, Sidewalks & Transportation","6 Aye, 1 Absent",https://viennavadata.org/meeting/2023-09-25.html
2023-09-25,31467,"Set a Public Hearing on Proposed Amendments to Town Code Chapters 17, 28 and 27, related to Enhancing Vienna’s Tree Canopy","Environment, Trees & Sustainability","3 Aye, 3 Nay, 1 Absent",https://viennavadata.org/meeting/2023-09-25.html
2023-09-25,31465,Meeting Adjournment,Procedural,,https://viennavadata.org/meeting/2023-09-25.html
2023-09-25,31466,"THE TOWN OF VIENNA IS COMMITTED TO FULL COMPLIANCE WITH THE AMERICANS WITH DISABILITIES ACT STANDARDS. TRANSLATION SERVICES, ASSISTANCE OR ACCOMMODATION REQUESTS FROM PERSONS WITH DISABILITIES ARE TO BE REQUESTED NOT LESS THAN 3 WORKING DAYS BEFORE THE DAY OF THE EVENT. PLEASE CALL (703) 255-6304, OR 711 VIRGINIA RELAY SERVICE FOR THE HEARING IMPAIRED.",Procedural,,https://viennavadata.org/meeting/2023-09-25.html
2023-09-11,31316,"Invocation: Dr. Vernon Walton, First Baptist Church",Procedural,,https://viennavadata.org/meeting/2023-09-11.html
2023-09-11,31317,Pledge of Allegiance to the Flag of the United States of America,Procedural,,https://viennavadata.org/meeting/2023-09-11.html
2023-09-11,31318,Roll Call,Procedural,,https://viennavadata.org/meeting/2023-09-11.html
2023-09-11,31319,Acceptance of the Minutes: None,Minutes,,https://viennavadata.org/meeting/2023-09-11.html
2023-09-11,31320,"Receipt of petitions and communications from the Public that are not on the Agenda.  
          (Limited to 3 minutes per issue and no formal action can be taken this evening)",Procedural,,https://viennavadata.org/meeting/2023-09-11.html
2023-09-11,31322,Reports/Presentations,Procedural,,https://viennavadata.org/meeting/2023-09-11.html
2023-09-11,31323,Report and Inquiries of Council Members,Procedural,,https://viennavadata.org/meeting/2023-09-11.html
2023-09-11,31324,Report of the Town Manager,Procedural,,https://viennavadata.org/meeting/2023-09-11.html
2023-09-11,31325,Report of the Mayor,Procedural,,https://viennavadata.org/meeting/2023-09-11.html
2023-09-11,31326,Proposals for Additional Items to the Agenda,Procedural,,https://viennavadata.org/meeting/2023-09-11.html
2023-09-11,31327,Closed Session Report,Procedural,"6 Aye, 1 Absent",https://viennavadata.org/meeting/2023-09-11.html
2023-09-11,31338,Closed Session Report,Procedural,"6 Aye, 1 Absent",https://viennavadata.org/meeting/2023-09-11.html
2023-09-11,31330,Regular Business,Procedural,,https://viennavadata.org/meeting/2023-09-11.html
2023-09-11,31335,Set a Public Hearing on 2023-24 Supplemental Appropriations (Carryforwards),"Budget, Taxes & Finance",7 Aye,https://viennavadata.org/meeting/2023-09-11.html
2023-09-11,31333,"Request approval to spend $614,814 with LSG Landscape Architecture, Inc. for Maple Avenue & Church Street Streetscape landscape construction/installation (Phase II).","Streets, Sidewalks & Transportation",7 Aye,https://viennavadata.org/meeting/2023-09-11.html
2023-09-11,31331,Request approval for the continuation of repairs to trunk sanitary sewer as outlined in a 2020 Greeley and Hansen Report for the out of Town Sewers refined by a recent Dewberry Technical Memorandum dated June 2023 to the County.,"Water, Sewer & Stormwater",7 Aye,https://viennavadata.org/meeting/2023-09-11.html
2023-09-11,31332,"Request approval for spending $693,861.17 with Arthur Construction Co., Inc. for construction of Robinson Trust Sidewalk Projects at Hillcrest Drive, SW, from Meadow Lane to Kingsley Road, and on Beulah Road, NE, from Edwin Lane to Sideling Court.","Streets, Sidewalks & Transportation",7 Aye,https://viennavadata.org/meeting/2023-09-11.html
2023-09-11,31334,Code Create Vienna - Direction to Staff on Draft Chapter 18 Zoning and Subdivision Ordinance; second meeting.,"Land Use, Zoning & Development",,https://viennavadata.org/meeting/2023-09-11.html
2023-09-11,31396,Code Create Vienna - Direction to Staff on Draft Chapter 18 Zoning and Subdivision Ordinance; second meeting.,"Land Use, Zoning & Development",7 Aye,https://viennavadata.org/meeting/2023-09-11.html
2023-09-11,31336,Meeting Adjournment,Procedural,,https://viennavadata.org/meeting/2023-09-11.html
2023-09-11,31337,"THE TOWN OF VIENNA IS COMMITTED TO FULL COMPLIANCE WITH THE AMERICANS WITH DISABILITIES ACT STANDARDS. TRANSLATION SERVICES, ASSISTANCE OR ACCOMMODATION REQUESTS FROM PERSONS WITH DISABILITIES ARE TO BE REQUESTED NOT LESS THAN 3 WORKING DAYS BEFORE THE DAY OF THE EVENT. PLEASE CALL (703) 255-6304, OR 711 VIRGINIA RELAY SERVICE FOR THE HEARING IMPAIRED.",Procedural,,https://viennavadata.org/meeting/2023-09-11.html
2023-08-28,31246,"Invocation: Reverend Johnny Kurcina, Christ Church Vienna",Procedural,,https://viennavadata.org/meeting/2023-08-28.html
2023-08-28,31247,Pledge of Allegiance to the Flag of the United States of America,Procedural,,https://viennavadata.org/meeting/2023-08-28.html
2023-08-28,31248,Roll Call,Procedural,,https://viennavadata.org/meeting/2023-08-28.html
2023-08-28,31249,Acceptance of the Minutes:,Minutes,,https://viennavadata.org/meeting/2023-08-28.html
2023-08-28,31270,"Acceptance of the Regular Council Meeting Minutes of July 10, 2023 and the Joint Public Hearing Minutes of July 12, 2023.",Minutes,,https://viennavadata.org/meeting/2023-08-28.html
2023-08-28,31250,"Receipt of petitions and communications from the Public that are not on the Agenda.  
          (Limited to 3 minutes per issue and no formal action can be taken this evening)",Procedural,,https://viennavadata.org/meeting/2023-08-28.html
2023-08-28,31252,Reports/Presentations,Procedural,,https://viennavadata.org/meeting/2023-08-28.html
2023-08-28,31266,"Recognition of the Vienna Little League 10, 11 and 12 year old district title winners",Proclamations & Recognitions,,https://viennavadata.org/meeting/2023-08-28.html
2023-08-28,31261,Proclamation for Constitution Week,Proclamations & Recognitions,,https://viennavadata.org/meeting/2023-08-28.html
2023-08-28,31271,Certificate of Achievement for Excellence in Financial Reporting,"Budget, Taxes & Finance",,https://viennavadata.org/meeting/2023-08-28.html
2023-08-28,31253,Report and Inquiries of Council Members,Procedural,,https://viennavadata.org/meeting/2023-08-28.html
2023-08-28,31254,Report of the Town Manager,Procedural,,https://viennavadata.org/meeting/2023-08-28.html
2023-08-28,31255,Report of the Mayor,Procedural,,https://viennavadata.org/meeting/2023-08-28.html
2023-08-28,31256,Proposals for Additional Items to the Agenda,Procedural,,https://viennavadata.org/meeting/2023-08-28.html
2023-08-28,31257,Closed Session Report,Procedural,,https://viennavadata.org/meeting/2023-08-28.html
2023-08-28,31274,Closed Session Report First Motion,Procedural,"6 Aye, 1 Absent",https://viennavadata.org/meeting/2023-08-28.html
2023-08-28,31275,Closed Session Report Second Motion,Procedural,"6 Aye, 1 Absent",https://viennavadata.org/meeting/2023-08-28.html
2023-08-28,31259,Consent Agenda,Consent Agenda,,https://viennavadata.org/meeting/2023-08-28.html
2023-08-28,31263,"Approval To Publish a List of Delinquent Real Estate Tax Payments as of Aug. 3, 2023","Budget, Taxes & Finance","6 Aye, 1 Absent",https://viennavadata.org/meeting/2023-08-28.html
2023-08-28,31262,Approval of payment to Tyler Technologies for the standard software maintenance agreement (SSMA) for the Vienna Police Department.,Public Safety,"6 Aye, 1 Absent",https://viennavadata.org/meeting/2023-08-28.html
2023-08-28,31292,Approval of payment to Tyler Technologies for the standard software maintenance agreement (SSMA) for the Vienna Police Department.,Public Safety,,https://viennavadata.org/meeting/2023-08-28.html
2023-08-28,31260,Regular Business,Procedural,,https://viennavadata.org/meeting/2023-08-28.html
2023-08-28,31264,"Request to Approve On-Call Engineering Services Contracts for Local/State/Federal Projects - RFP 23-17 (RDA, RKK, and WRA)",Contracts & Purchasing,,https://viennavadata.org/meeting/2023-08-28.html
2023-08-28,31294,"Request to Approve On-Call Engineering Services Contracts for Local/State/Federal Projects - RFP 23-17 (RDA, RKK, and WRA)",Contracts & Purchasing,"6 Aye, 1 Absent",https://viennavadata.org/meeting/2023-08-28.html
2023-08-28,31267,"Request to Approve Construction Services and Management Contract to Whitman, Requardt & Associates, LLP for the Route 123 (Maple Avenue) and Route 243 (Nutley Street ) Signal Upgrades Project.","Streets, Sidewalks & Transportation",,https://viennavadata.org/meeting/2023-08-28.html
2023-08-28,31295,"Request to Approve Construction Services and Management Contract to Whitman, Requardt & Associates, LLP for the Route 123 (Maple Avenue) and Route 243 (Nutley Street ) Signal Upgrades Project.","Streets, Sidewalks & Transportation",7 Aye,https://viennavadata.org/meeting/2023-08-28.html
2023-08-28,31265,"Consideration to Initiate Engineering Design Reports of Robinson Sidewalk Projects at Johnson Street, SW; Saint Andrews Drive, NE; Saint Bernard Drive, NE; Ridge Road, SW; and Frederick Street, SW, (Tapawingo Rd to Kingsley Rd); and to Initiate Final Design of a Robinson Sidewalk Project on the east side (odd numbered addresses) of Frederick Street, SW, from Meadow Lane to Tapawingo Road",Procedural,7 Aye,https://viennavadata.org/meeting/2023-08-28.html
2023-08-28,31269,Code Create Vienna - Direction to Staff on Draft Chapter 18 Zoning and Subdivision Ordinance,"Land Use, Zoning & Development",,https://viennavadata.org/meeting/2023-08-28.html
2023-08-28,31296,Code Create Vienna - Direction to Staff on Draft Chapter 18 Zoning and Subdivision Ordinance,"Land Use, Zoning & Development",,https://viennavadata.org/meeting/2023-08-28.html
2023-08-28,31268,"Discussion of Proposed Code Amendments to Enhance Tree Canopy, Tree Preservation and Amendments to Tree Board and/or Creation of an Independent Tree Commission","Environment, Trees & Sustainability","5 Aye, 2 Nay",https://viennavadata.org/meeting/2023-08-28.html
2023-08-28,31272,Meeting Adjournment,Procedural,7 Aye,https://viennavadata.org/meeting/2023-08-28.html
2023-08-28,31273,"THE TOWN OF VIENNA IS COMMITTED TO FULL COMPLIANCE WITH THE AMERICANS WITH DISABILITIES ACT STANDARDS. TRANSLATION SERVICES, ASSISTANCE OR ACCOMMODATION REQUESTS FROM PERSONS WITH DISABILITIES ARE TO BE REQUESTED NOT LESS THAN 3 WORKING DAYS BEFORE THE DAY OF THE EVENT. PLEASE CALL (703) 255-6304, OR 711 VIRGINIA RELAY SERVICE FOR THE HEARING IMPAIRED.",Procedural,,https://viennavadata.org/meeting/2023-08-28.html
2023-07-12,31050,"Invocation: Mercury Payton, Town Manager",Procedural,,https://viennavadata.org/meeting/2023-07-12.html
2023-07-12,31051,Pledge of Allegiance to the Flag of the United States of America,Procedural,,https://viennavadata.org/meeting/2023-07-12.html
2023-07-12,31052,Roll Call,Procedural,,https://viennavadata.org/meeting/2023-07-12.html
2023-07-12,31062,Public Hearings,Procedural,,https://viennavadata.org/meeting/2023-07-12.html
2023-07-12,31065,Code Create Vienna: Joint Public Hearing (day 2) on Draft Chapter 18 - Zoning and Subdivision Ordinance.,"Land Use, Zoning & Development","6 Aye, 1 Absent",https://viennavadata.org/meeting/2023-07-12.html
2023-07-12,31066,Meeting Adjournment,Procedural,"6 Aye, 1 Absent",https://viennavadata.org/meeting/2023-07-12.html
2023-07-12,31067,"THE TOWN OF VIENNA IS COMMITTED TO FULL COMPLIANCE WITH THE AMERICANS WITH DISABILITIES ACT STANDARDS. TRANSLATION SERVICES, ASSISTANCE OR ACCOMMODATION REQUESTS FROM PERSONS WITH DISABILITIES ARE TO BE REQUESTED NOT LESS THAN 3 WORKING DAYS BEFORE THE DAY OF THE EVENT. PLEASE CALL (703) 255-6304, OR 711 VIRGINIA RELAY SERVICE FOR THE HEARING IMPAIRED.",Procedural,,https://viennavadata.org/meeting/2023-07-12.html
2023-07-10,31020,"Invocation: Pastor Vince MacIsaac, Vienna Seventh-day Adventist Church",Procedural,,https://viennavadata.org/meeting/2023-07-10.html
2023-07-10,31021,Pledge of Allegiance to the Flag of the United States of America,Procedural,,https://viennavadata.org/meeting/2023-07-10.html
2023-07-10,31022,Roll Call,Procedural,,https://viennavadata.org/meeting/2023-07-10.html
2023-07-10,31023,Acceptance of the Minutes:,Minutes,,https://viennavadata.org/meeting/2023-07-10.html
2023-07-10,31041,"Acceptance of the Regular Council Meeting Minutes of June 12, 2023 and June 20, 2023 and the Conference Session Minutes of June 12, 2023 and June 20 2023.",Minutes,"6 Aye, 1 Abstain",https://viennavadata.org/meeting/2023-07-10.html
2023-07-10,31024,"Receipt of petitions and communications from the Public that are not on the Agenda.  
          (Limited to 3 minutes per issue and no formal action can be taken this evening)",Procedural,,https://viennavadata.org/meeting/2023-07-10.html
2023-07-10,31026,Reports/Presentations,Procedural,,https://viennavadata.org/meeting/2023-07-10.html
2023-07-10,31036,Check presentation to the Vienna Public Art Commission,Proclamations & Recognitions,,https://viennavadata.org/meeting/2023-07-10.html
2023-07-10,31027,Report and Inquiries of Council Members,Procedural,,https://viennavadata.org/meeting/2023-07-10.html
2023-07-10,31028,Report of the Town Manager,Procedural,,https://viennavadata.org/meeting/2023-07-10.html
2023-07-10,31029,Report of the Mayor,Procedural,,https://viennavadata.org/meeting/2023-07-10.html
2023-07-10,31030,Proposals for Additional Items to the Agenda,Procedural,,https://viennavadata.org/meeting/2023-07-10.html
2023-07-10,31031,Closed Session Report,Procedural,,https://viennavadata.org/meeting/2023-07-10.html
2023-07-10,31049,Closed Session Report,Procedural,7 Aye,https://viennavadata.org/meeting/2023-07-10.html
2023-07-10,31032,Public Hearings,Procedural,,https://viennavadata.org/meeting/2023-07-10.html
2023-07-10,31042,Code Create Vienna: Joint Public Hearing (day 1) on Draft Chapter 18 - Zoning and Subdivision Ordinance.,"Land Use, Zoning & Development",7 Aye,https://viennavadata.org/meeting/2023-07-10.html
2023-07-10,31038,"Public Hearing for permit parking on Millwood Court, SW.","Streets, Sidewalks & Transportation",7 Aye,https://viennavadata.org/meeting/2023-07-10.html
2023-07-10,31033,Consent Agenda,Consent Agenda,,https://viennavadata.org/meeting/2023-07-10.html
2023-07-10,31039,FY 2024 funding and renewals of additional Town contracts,Contracts & Purchasing,,https://viennavadata.org/meeting/2023-07-10.html
2023-07-10,31043,Renewal of Maintenance Agreement with Tyler Technologies,Contracts & Purchasing,,https://viennavadata.org/meeting/2023-07-10.html
2023-07-10,31034,Regular Business,Procedural,,https://viennavadata.org/meeting/2023-07-10.html
2023-07-10,31040,"Request approval to award IFB 23-41: Construction Contract to Richardson-Wayland Electric Company, LLC for the Route 123 (Maple Avenue) and Route 243 (Nutley Street) Signal Upgrades.","Streets, Sidewalks & Transportation",7 Aye,https://viennavadata.org/meeting/2023-07-10.html
2023-07-10,31037,Request approval for the purchase of vehicles as outlined in the FY 23 and FY 24 Vehicle Replacement Plan (VRP),Contracts & Purchasing,7 Aye,https://viennavadata.org/meeting/2023-07-10.html
2023-07-10,31035,"Intent to adopt a proposed ordinance to amend the Code of the Town of Vienna, Chapter 9, Motor Vehicles and Traffic, Article 1, In General, Section 9-3, Adoption of State Code.","Streets, Sidewalks & Transportation",7 Aye,https://viennavadata.org/meeting/2023-07-10.html
2023-07-10,31044,Appropriate Spending for the Town Attorney for FY 2023-24,"Budget, Taxes & Finance",7 Aye,https://viennavadata.org/meeting/2023-07-10.html
2023-07-10,31045,"Request approval for spending $212,465.56 with Arthur Construction Co., Inc. for construction of a Robinson Trust Sidewalk Project at Elmar Drive from Desale Street, SW, to Park Street, SE.",Parks & Recreation,7 Aye,https://viennavadata.org/meeting/2023-07-10.html
2023-07-10,31046,Meeting Adjournment,Procedural,,https://viennavadata.org/meeting/2023-07-10.html
2023-07-10,31047,"THE TOWN OF VIENNA IS COMMITTED TO FULL COMPLIANCE WITH THE AMERICANS WITH DISABILITIES ACT STANDARDS. TRANSLATION SERVICES, ASSISTANCE OR ACCOMMODATION REQUESTS FROM PERSONS WITH DISABILITIES ARE TO BE REQUESTED NOT LESS THAN 3 WORKING DAYS BEFORE THE DAY OF THE EVENT. PLEASE CALL (703) 255-6304, OR 711 VIRGINIA RELAY SERVICE FOR THE HEARING IMPAIRED.",Procedural,,https://viennavadata.org/meeting/2023-07-10.html
2023-06-20,30944,Invocation: Councilmember Ray Brill,Procedural,,https://viennavadata.org/meeting/2023-06-20.html
2023-06-20,30945,Pledge of Allegiance to the Flag of the United States of America,Procedural,,https://viennavadata.org/meeting/2023-06-20.html
2023-06-20,30946,Roll Call,Procedural,,https://viennavadata.org/meeting/2023-06-20.html
2023-06-20,30947,Acceptance of the Minutes:,Minutes,,https://viennavadata.org/meeting/2023-06-20.html
2023-06-20,30964,"Acceptance of the Regular Council Meeting Minutes of June 5, 2023.",Minutes,"6 Aye, 1 Absent",https://viennavadata.org/meeting/2023-06-20.html
2023-06-20,30948,"Receipt of petitions and communications from the Public that are not on the Agenda.  
          (Limited to 3 minutes per issue and no formal action can be taken this evening)",Procedural,,https://viennavadata.org/meeting/2023-06-20.html
2023-06-20,30950,Reports/Presentations,Procedural,,https://viennavadata.org/meeting/2023-06-20.html
2023-06-20,30962,Tree Inventory Report,"Environment, Trees & Sustainability",,https://viennavadata.org/meeting/2023-06-20.html
2023-06-20,30951,Report and Inquiries of Council Members,Procedural,,https://viennavadata.org/meeting/2023-06-20.html
2023-06-20,30952,Report of the Town Manager,Procedural,,https://viennavadata.org/meeting/2023-06-20.html
2023-06-20,30953,Report of the Mayor,Procedural,,https://viennavadata.org/meeting/2023-06-20.html
2023-06-20,30954,Proposals for Additional Items to the Agenda,Procedural,,https://viennavadata.org/meeting/2023-06-20.html
2023-06-20,30955,Closed Session Report,Procedural,,https://viennavadata.org/meeting/2023-06-20.html
2023-06-20,30957,Consent Agenda,Consent Agenda,,https://viennavadata.org/meeting/2023-06-20.html
2023-06-20,30959,Request approval of three (3) vehicle purchases within the Vehicle Replacement Program (VRP) for FY24.,Contracts & Purchasing,"6 Aye, 1 Absent",https://viennavadata.org/meeting/2023-06-20.html
2023-06-20,30958,Regular Business,Procedural,,https://viennavadata.org/meeting/2023-06-20.html
2023-06-20,30963,831 Follin Lane SE - Proposed Use: Storage of Vintage Automobiles in Warehouse in CMP Industrial Park,Parks & Recreation,"6 Aye, 1 Absent",https://viennavadata.org/meeting/2023-06-20.html
2023-06-20,30961,Request approval for 2022 Holiday Ornament allocation and Donation to the Vienna Public Art Foundation.,"Budget, Taxes & Finance","6 Aye, 1 Absent",https://viennavadata.org/meeting/2023-06-20.html
2023-06-20,30965,Letter to Fairfax County Board of Supervisors Regarding Pickleball,Parks & Recreation,"6 Aye, 1 Absent",https://viennavadata.org/meeting/2023-06-20.html
2023-06-20,30960,"Request approval for spending $240,193.72 with Arthur Construction Co., Inc. for construction of Robinson Trust Sidewalk Projects on Melody Lane SW and Tazewell Road NW.","Streets, Sidewalks & Transportation","5 Aye, 1 Nay, 1 Absent",https://viennavadata.org/meeting/2023-06-20.html
2023-06-20,30966,Meeting Adjournment,Procedural,"6 Aye, 1 Absent",https://viennavadata.org/meeting/2023-06-20.html
2023-06-20,30967,"THE TOWN OF VIENNA IS COMMITTED TO FULL COMPLIANCE WITH THE AMERICANS WITH DISABILITIES ACT STANDARDS. TRANSLATION SERVICES, ASSISTANCE OR ACCOMMODATION REQUESTS FROM PERSONS WITH DISABILITIES ARE TO BE REQUESTED NOT LESS THAN 3 WORKING DAYS BEFORE THE DAY OF THE EVENT. PLEASE CALL (703) 255-6304, OR 711 VIRGINIA RELAY SERVICE FOR THE HEARING IMPAIRED.",Procedural,,https://viennavadata.org/meeting/2023-06-20.html
2023-06-12,30879,Roll Call,Procedural,,https://viennavadata.org/meeting/2023-06-12.html
2023-06-12,30883,Reports/Presentations,Procedural,,https://viennavadata.org/meeting/2023-06-12.html
2023-06-12,30884,Report and Inquiries of Council Members,Procedural,,https://viennavadata.org/meeting/2023-06-12.html
2023-06-12,30888,Closed Session Report,Procedural,"6 Aye, 1 Absent",https://viennavadata.org/meeting/2023-06-12.html
2023-06-12,30891,Regular Business,Procedural,,https://viennavadata.org/meeting/2023-06-12.html
2023-06-12,30892,Code Create Vienna: Review of Draft Chapter 18 - Zoning and Subdivision Ordinance for Referral to Planning Commission and Joint Public Hearing,Procedural,7 Aye,https://viennavadata.org/meeting/2023-06-12.html
2023-06-12,30893,Meeting Adjournment,Procedural,7 Aye,https://viennavadata.org/meeting/2023-06-12.html
2023-06-12,30894,"THE TOWN OF VIENNA IS COMMITTED TO FULL COMPLIANCE WITH THE AMERICANS WITH DISABILITIES ACT STANDARDS. TRANSLATION SERVICES, ASSISTANCE OR ACCOMMODATION REQUESTS FROM PERSONS WITH DISABILITIES ARE TO BE REQUESTED NOT LESS THAN 3 WORKING DAYS BEFORE THE DAY OF THE EVENT. PLEASE CALL (703) 255-6304, OR 711 VIRGINIA RELAY SERVICE FOR THE HEARING IMPAIRED.",Procedural,,https://viennavadata.org/meeting/2023-06-12.html
2023-06-05,30813,"Invocation:Sharon Gower Miller, Town of Vienna Baha'i Community",Procedural,,https://viennavadata.org/meeting/2023-06-05.html
2023-06-05,30814,Pledge of Allegiance to the Flag of the United States of America,Procedural,,https://viennavadata.org/meeting/2023-06-05.html
2023-06-05,30815,Roll Call,Procedural,,https://viennavadata.org/meeting/2023-06-05.html
2023-06-05,30816,Acceptance of the Minutes:,Minutes,,https://viennavadata.org/meeting/2023-06-05.html
2023-06-05,30846,"Acceptance of the Regular Council Meeting Minutes of May 15, 2023 and the Conference Session Minutes of April 17, 2023 and May 8, 2023.",Minutes,7 Aye,https://viennavadata.org/meeting/2023-06-05.html
2023-06-05,30817,"Receipt of petitions and communications from the Public that are not on the Agenda.  
          (Limited to 3 minutes per issue and no formal action can be taken this evening)",Procedural,,https://viennavadata.org/meeting/2023-06-05.html
2023-06-05,30819,Reports/Presentations,Procedural,,https://viennavadata.org/meeting/2023-06-05.html
2023-06-05,30837,Stormwater Management Presentation,"Water, Sewer & Stormwater",,https://viennavadata.org/meeting/2023-06-05.html
2023-06-05,30844,Pickleball Schedule Policy Review,Parks & Recreation,,https://viennavadata.org/meeting/2023-06-05.html
2023-06-05,30820,Report and Inquiries of Council Members,Procedural,,https://viennavadata.org/meeting/2023-06-05.html
2023-06-05,30821,Report of the Town Manager,Procedural,,https://viennavadata.org/meeting/2023-06-05.html
2023-06-05,30822,Report of the Mayor,Procedural,,https://viennavadata.org/meeting/2023-06-05.html
2023-06-05,30823,Proposals for Additional Items to the Agenda,Procedural,,https://viennavadata.org/meeting/2023-06-05.html
2023-06-05,30824,Closed Session Report,Procedural,,https://viennavadata.org/meeting/2023-06-05.html
2023-06-05,30832,Closed Session Report,Procedural,7 Aye,https://viennavadata.org/meeting/2023-06-05.html
2023-06-05,30826,Consent Agenda,Consent Agenda,,https://viennavadata.org/meeting/2023-06-05.html
2023-06-05,30834,FY2024 funding of contracts issued by other jurisdictions.,Contracts & Purchasing,,https://viennavadata.org/meeting/2023-06-05.html
2023-06-05,30835,FY 2024 funding and renewal of Town contracts.,Contracts & Purchasing,,https://viennavadata.org/meeting/2023-06-05.html
2023-06-05,30833,Request formal approval to increase FY2023 spending with PlanIT Geo for tree inventory,"Environment, Trees & Sustainability",,https://viennavadata.org/meeting/2023-06-05.html
2023-06-05,30839,"Award a design contract to Urban, Ltd. for Park Street South Pedestrian Improvements as approved in 2023 ARPA Reallocation Plan.",Parks & Recreation,,https://viennavadata.org/meeting/2023-06-05.html
2023-06-05,30836,Request to adopt 2024 Town Council meeting schedule for inclusion in the 2024 Town Calendar,Governance & Administration,,https://viennavadata.org/meeting/2023-06-05.html
2023-06-05,30843,Request additional FY23 spending with Arthur Construction for roadway paving.,"Streets, Sidewalks & Transportation",,https://viennavadata.org/meeting/2023-06-05.html
2023-06-05,30840,"Request approval for spending $106,500 with Arthur Construction Co., Inc. for pedestrian improvements at the intersection of Church Street, NE, and Mill Street, NE, as approved in the 2022 CIP.","Streets, Sidewalks & Transportation",,https://viennavadata.org/meeting/2023-06-05.html
2023-06-05,30827,Regular Business,Procedural,,https://viennavadata.org/meeting/2023-06-05.html
2023-06-05,30831,Appointment of Town Officials for Fiscal Year 2023-24,Appointments & Resignations,7 Aye,https://viennavadata.org/meeting/2023-06-05.html
2023-06-05,30828,Intent to Adopt Amendment to Polling Location Section 2-68 to reflect change in State Code requirement for Town Elections to occur at the polling places for the November General Elections.,Town Code & Ordinances,7 Aye,https://viennavadata.org/meeting/2023-06-05.html
2023-06-05,30829,"Request formal approval to increase FY2023 spending with Ross Tree Expert Company, dba RTEC Treecare, for tree maintenance and removal","Environment, Trees & Sustainability",,https://viennavadata.org/meeting/2023-06-05.html
2023-06-05,30838,Vienna Annex Long-Term Use Study: Future of Existing Annex Building.,Town Facilities & Property,7 Aye,https://viennavadata.org/meeting/2023-06-05.html
2023-06-05,30845,Request approval of additional spending with Kimmel Bogrette Architecture for a Business Planning & Operational Costs Study as part of the Annex Long Term Use Study,Town Facilities & Property,"5 Aye, 2 Nay",https://viennavadata.org/meeting/2023-06-05.html
2023-06-05,30841,Request approval of placement of public art on Town-owned property.,"Community, Arts & Events",7 Aye,https://viennavadata.org/meeting/2023-06-05.html
2023-06-05,30842,"Request approval for spending $329,715.98 with Arthur Construction Co., Inc. for construction of Robinson Trust Sidewalk Projects on Delano Drive, SE, and Orrin Street, SE.","Streets, Sidewalks & Transportation",,https://viennavadata.org/meeting/2023-06-05.html
2023-06-05,30847,Meeting Adjournment,Procedural,7 Aye,https://viennavadata.org/meeting/2023-06-05.html
2023-06-05,30848,"THE TOWN OF VIENNA IS COMMITTED TO FULL COMPLIANCE WITH THE AMERICANS WITH DISABILITIES ACT STANDARDS. TRANSLATION SERVICES, ASSISTANCE OR ACCOMMODATION REQUESTS FROM PERSONS WITH DISABILITIES ARE TO BE REQUESTED NOT LESS THAN 3 WORKING DAYS BEFORE THE DAY OF THE EVENT. PLEASE CALL (703) 255-6304, OR 711 VIRGINIA RELAY SERVICE FOR THE HEARING IMPAIRED.",Procedural,,https://viennavadata.org/meeting/2023-06-05.html
2023-05-15,30692,"Invocation: Noah Yazdani, Baha'i Community of Vienna",Procedural,,https://viennavadata.org/meeting/2023-05-15.html
2023-05-15,30693,Pledge of Allegiance to the Flag of the United States of America,Procedural,,https://viennavadata.org/meeting/2023-05-15.html
2023-05-15,30694,Roll Call,Procedural,,https://viennavadata.org/meeting/2023-05-15.html
2023-05-15,30695,Acceptance of the Minutes:,Minutes,,https://viennavadata.org/meeting/2023-05-15.html
2023-05-15,30713,"Acceptance of the Regular Council meeting minutes of April 24, 2023, Regular Council meeting minutes of May 1, 2023 and Conference Session minutes of May 1, 2023.",Minutes,"6 Aye, 1 Absent",https://viennavadata.org/meeting/2023-05-15.html
2023-05-15,30696,"Receipt of petitions and communications from the Public that are not on the Agenda.  
          (Limited to 3 minutes per issue and no formal action can be taken this evening)",Procedural,,https://viennavadata.org/meeting/2023-05-15.html
2023-05-15,30698,Reports/Presentations,Procedural,,https://viennavadata.org/meeting/2023-05-15.html
2023-05-15,30699,National Gun Violence Awareness Day,Proclamations & Recognitions,,https://viennavadata.org/meeting/2023-05-15.html
2023-05-15,30700,Report and Inquiries of Council Members,Procedural,,https://viennavadata.org/meeting/2023-05-15.html
2023-05-15,30701,Report of the Town Manager,Procedural,,https://viennavadata.org/meeting/2023-05-15.html
2023-05-15,30702,Report of the Mayor,Procedural,,https://viennavadata.org/meeting/2023-05-15.html
2023-05-15,30703,Proposals for Additional Items to the Agenda,Procedural,,https://viennavadata.org/meeting/2023-05-15.html
2023-05-15,30707,Regular Business,Procedural,,https://viennavadata.org/meeting/2023-05-15.html
2023-05-15,30708,"Request to set a public hearing to consider permit parking on Millwood Court, SW.","Streets, Sidewalks & Transportation","6 Aye, 1 Absent",https://viennavadata.org/meeting/2023-05-15.html
2023-05-15,30710,"Request approval for spending $192,753.94 with Arthur Construction Co., Inc. for construction of Robinson Trust Sidewalk Projects on Oak Street, SW, and Moore Avenue, SW.","Streets, Sidewalks & Transportation","6 Aye, 1 Absent",https://viennavadata.org/meeting/2023-05-15.html
2023-05-15,30709,Intent to Adopt Real Estate Tax Rate for FY2023-24,"Budget, Taxes & Finance","6 Aye, 1 Absent",https://viennavadata.org/meeting/2023-05-15.html
2023-05-15,30711,Intent to Adopt FY2023-24 Water and Sewer Rates,"Water, Sewer & Stormwater","6 Aye, 1 Absent",https://viennavadata.org/meeting/2023-05-15.html
2023-05-15,30712,Intent to Adopt FY2023-24 Budget,"Budget, Taxes & Finance","6 Aye, 1 Absent",https://viennavadata.org/meeting/2023-05-15.html
2023-05-15,30714,Meeting Adjournment,Procedural,,https://viennavadata.org/meeting/2023-05-15.html
2023-05-15,30715,"THE TOWN OF VIENNA IS COMMITTED TO FULL COMPLIANCE WITH THE AMERICANS WITH DISABILITIES ACT STANDARDS. TRANSLATION SERVICES, ASSISTANCE OR ACCOMMODATION REQUESTS FROM PERSONS WITH DISABILITIES ARE TO BE REQUESTED NOT LESS THAN 3 WORKING DAYS BEFORE THE DAY OF THE EVENT. PLEASE CALL (703) 255-6304, OR 711 VIRGINIA RELAY SERVICE FOR THE HEARING IMPAIRED.",Procedural,,https://viennavadata.org/meeting/2023-05-15.html
2023-05-01,30563,"Invocation: Pastor Daniel Dixon, Redeemer Fellowship, Vienna",Procedural,,https://viennavadata.org/meeting/2023-05-01.html
2023-05-01,30564,Pledge of Allegiance to the Flag of the United States of America,Procedural,,https://viennavadata.org/meeting/2023-05-01.html
2023-05-01,30565,Roll Call,Procedural,,https://viennavadata.org/meeting/2023-05-01.html
2023-05-01,30566,Acceptance of the Minutes:,Minutes,,https://viennavadata.org/meeting/2023-05-01.html
2023-05-01,30586,"Acceptance of the Conference Session minutes of April 17, 2023",Minutes,7 Aye,https://viennavadata.org/meeting/2023-05-01.html
2023-05-01,30567,"Receipt of petitions and communications from the Public that are not on the Agenda.  
          (Limited to 3 minutes per issue and no formal action can be taken this evening)",Procedural,,https://viennavadata.org/meeting/2023-05-01.html
2023-05-01,30569,Reports/Presentations,Procedural,,https://viennavadata.org/meeting/2023-05-01.html
2023-05-01,30578,Proclamation for the Vienna Wireless Society’s 60th Anniversary,Proclamations & Recognitions,,https://viennavadata.org/meeting/2023-05-01.html
2023-05-01,30585,Proclamation for Professional Municipal Clerks Week,Proclamations & Recognitions,,https://viennavadata.org/meeting/2023-05-01.html
2023-05-01,30584,Presentation of the CSC Sustainability Challenge Awards,Proclamations & Recognitions,,https://viennavadata.org/meeting/2023-05-01.html
2023-05-01,30583,Recognizing Businesses During Business Appreciation Month (May 2023),Proclamations & Recognitions,,https://viennavadata.org/meeting/2023-05-01.html
2023-05-01,30570,Report and Inquiries of Council Members,Procedural,,https://viennavadata.org/meeting/2023-05-01.html
2023-05-01,30571,Report of the Town Manager,Procedural,,https://viennavadata.org/meeting/2023-05-01.html
2023-05-01,30572,Report of the Mayor,Procedural,,https://viennavadata.org/meeting/2023-05-01.html
2023-05-01,30573,Proposals for Additional Items to the Agenda,Procedural,,https://viennavadata.org/meeting/2023-05-01.html
2023-05-01,30574,Closed Session Report,Procedural,7 Aye,https://viennavadata.org/meeting/2023-05-01.html
2023-05-01,30577,Regular Business,Procedural,,https://viennavadata.org/meeting/2023-05-01.html
2023-05-01,30580,Approve 2023 Capital Improvement Plan (CIP),"Budget, Taxes & Finance",7 Aye,https://viennavadata.org/meeting/2023-05-01.html
2023-05-01,30581,Approve 2023 ARPA Reallocation Plan,"Budget, Taxes & Finance",7 Aye,https://viennavadata.org/meeting/2023-05-01.html
2023-05-01,30582,"Request approval for spending $83,445 with LSG Landscape for Maple Avenue & Church Street Streetscape landscape design","Streets, Sidewalks & Transportation",7 Aye,https://viennavadata.org/meeting/2023-05-01.html
2023-05-01,30587,Meeting Adjournment,Procedural,7 Aye,https://viennavadata.org/meeting/2023-05-01.html
2023-05-01,30588,"THE TOWN OF VIENNA IS COMMITTED TO FULL COMPLIANCE WITH THE AMERICANS WITH DISABILITIES ACT STANDARDS. TRANSLATION SERVICES, ASSISTANCE OR ACCOMMODATION REQUESTS FROM PERSONS WITH DISABILITIES ARE TO BE REQUESTED NOT LESS THAN 3 WORKING DAYS BEFORE THE DAY OF THE EVENT. PLEASE CALL (703) 255-6304, OR 711 VIRGINIA RELAY SERVICE FOR THE HEARING IMPAIRED.",Procedural,,https://viennavadata.org/meeting/2023-05-01.html
2023-04-24,30500,"Invocation: Sr. Rabbi Amy Schwartzman, Temple Rodef Shalom",Procedural,,https://viennavadata.org/meeting/2023-04-24.html
2023-04-24,30501,Pledge of Allegiance to the Flag of the United States of America,Procedural,,https://viennavadata.org/meeting/2023-04-24.html
2023-04-24,30502,Roll Call,Procedural,,https://viennavadata.org/meeting/2023-04-24.html
2023-04-24,30503,Acceptance of the Minutes:,Minutes,,https://viennavadata.org/meeting/2023-04-24.html
2023-04-24,30524,"Acceptance of the Regular Council Meeting Minutes of April 10, 2023 and the Conference Session Minutes of March 24, 2023, March 27, 2023, March 31, 2023 and April 10, 2023.",Minutes,7 Aye,https://viennavadata.org/meeting/2023-04-24.html
2023-04-24,30504,"Receipt of petitions and communications from the Public that are not on the Agenda.  
          (Limited to 3 minutes per issue and no formal action can be taken this evening)",Procedural,,https://viennavadata.org/meeting/2023-04-24.html
2023-04-24,30619,"Receipt of petitions and communications from the Public that are not on the Agenda.  
          (Limited to 3 minutes per issue and no formal action can be taken this evening)",Procedural,,https://viennavadata.org/meeting/2023-04-24.html
2023-04-24,30506,Reports/Presentations,Procedural,,https://viennavadata.org/meeting/2023-04-24.html
2023-04-24,30515,2023 Arbor Day Proclamation,Proclamations & Recognitions,,https://viennavadata.org/meeting/2023-04-24.html
2023-04-24,30507,Report and Inquiries of Council Members,Procedural,,https://viennavadata.org/meeting/2023-04-24.html
2023-04-24,30508,Report of the Town Manager,Procedural,,https://viennavadata.org/meeting/2023-04-24.html
2023-04-24,30509,Report of the Mayor,Procedural,,https://viennavadata.org/meeting/2023-04-24.html
2023-04-24,30510,Proposals for Additional Items to the Agenda,Procedural,,https://viennavadata.org/meeting/2023-04-24.html
2023-04-24,30511,Closed Session Report,Procedural,,https://viennavadata.org/meeting/2023-04-24.html
2023-04-24,30528,Closed Session Report,Procedural,7 Aye,https://viennavadata.org/meeting/2023-04-24.html
2023-04-24,30512,Public Hearings,Procedural,,https://viennavadata.org/meeting/2023-04-24.html
2023-04-24,30522,Public Hearing on FY2023-24 Proposed Tax Rate,"Budget, Taxes & Finance",,https://viennavadata.org/meeting/2023-04-24.html
2023-04-24,30513,Consent Agenda,Consent Agenda,7 Aye,https://viennavadata.org/meeting/2023-04-24.html
2023-04-24,30518,Request approval of a Memorandum of Understanding (MOU) between the Town of Vienna and Vienna Business Association for 2023 Oktoberfest.,"Community, Arts & Events",,https://viennavadata.org/meeting/2023-04-24.html
2023-04-24,30517,Request approval of MOU between the Town of Vienna and Vienna Business Association for 2023 Halloween Parade,"Community, Arts & Events",,https://viennavadata.org/meeting/2023-04-24.html
2023-04-24,30519,Request approval of Memorandum of Understanding (MOU)between Vienna Little League and Town of Vienna for use of Yeonas Park during the Independence Day Celebration festival and fireworks show.,Parks & Recreation,,https://viennavadata.org/meeting/2023-04-24.html
2023-04-24,30516,"Request approval for spending with Bright Construction Group and approval of the amended funding agreement for Tapawingo Road, SW, and Kingsley Road, SW, Traffic Calming Bioretention Project","Streets, Sidewalks & Transportation",,https://viennavadata.org/meeting/2023-04-24.html
2023-04-24,30520,"Ayito Subdivision (311 Ayito Road, SE) performance bond reduction request. Subdivision approved Nov. 2, 2020 - No associated funding.","Land Use, Zoning & Development",,https://viennavadata.org/meeting/2023-04-24.html
2023-04-24,30514,Regular Business,Procedural,,https://viennavadata.org/meeting/2023-04-24.html
2023-04-24,30521,"Request approval for spending $105,953.35 with Arthur Construction Co., Inc. for construction of Robinson Trust Sidewalk Project on Birch Street, SW","Streets, Sidewalks & Transportation",7 Aye,https://viennavadata.org/meeting/2023-04-24.html
2023-04-24,30523,"Transportation Safety Commission (TSC) motion for Echols Street, SE traffic calming","Streets, Sidewalks & Transportation",7 Aye,https://viennavadata.org/meeting/2023-04-24.html
2023-04-24,30525,Meeting Adjournment,Procedural,7 Aye,https://viennavadata.org/meeting/2023-04-24.html
2023-04-24,30526,"THE TOWN OF VIENNA IS COMMITTED TO FULL COMPLIANCE WITH THE AMERICANS WITH DISABILITIES ACT STANDARDS. TRANSLATION SERVICES, ASSISTANCE OR ACCOMMODATION REQUESTS FROM PERSONS WITH DISABILITIES ARE TO BE REQUESTED NOT LESS THAN 3 WORKING DAYS BEFORE THE DAY OF THE EVENT. PLEASE CALL (703) 255-6304, OR 711 VIRGINIA RELAY SERVICE FOR THE HEARING IMPAIRED.",Procedural,,https://viennavadata.org/meeting/2023-04-24.html
2023-04-10,30389,"Invocation: Violette Yazdani, Town of Vienna Bahai' Community",Procedural,,https://viennavadata.org/meeting/2023-04-10.html
2023-04-10,30390,Pledge of Allegiance to the Flag of the United States of America,Procedural,,https://viennavadata.org/meeting/2023-04-10.html
2023-04-10,30391,Roll Call,Procedural,,https://viennavadata.org/meeting/2023-04-10.html
2023-04-10,30392,Acceptance of the Minutes:,Minutes,,https://viennavadata.org/meeting/2023-04-10.html
2023-04-10,30411,"Acceptance of the Regular Council Meeting Minutes of March 6, 2023, March 20, 2023 and the Conference Session Minutes of March 6, 2023, March 11, 2023, March 12, 2023 and March 20, 2023.",Minutes,,https://viennavadata.org/meeting/2023-04-10.html
2023-04-10,30420,"Acceptance of the Regular Council Meeting Minutes of March 6, 2023, March 20, 2023 and the Conference Session Minutes of March 6, 2023, March 11, 2023, March 12, 2023 and March 20, 2023.",Minutes,7 Aye,https://viennavadata.org/meeting/2023-04-10.html
2023-04-10,30393,"Receipt of petitions and communications from the Public that are not on the Agenda.  
          (Limited to 3 minutes per issue and no formal action can be taken this evening)",Procedural,,https://viennavadata.org/meeting/2023-04-10.html
2023-04-10,30395,Reports/Presentations,Procedural,,https://viennavadata.org/meeting/2023-04-10.html
2023-04-10,30417,Proclamation For International Dark Sky Week,Proclamations & Recognitions,,https://viennavadata.org/meeting/2023-04-10.html
2023-04-10,30396,Report and Inquiries of Council Members,Procedural,,https://viennavadata.org/meeting/2023-04-10.html
2023-04-10,30397,Report of the Town Manager,Procedural,,https://viennavadata.org/meeting/2023-04-10.html
2023-04-10,30398,Report of the Mayor,Procedural,,https://viennavadata.org/meeting/2023-04-10.html
2023-04-10,30399,Proposals for Additional Items to the Agenda,Procedural,,https://viennavadata.org/meeting/2023-04-10.html
2023-04-10,30400,Closed Session Report,Procedural,7 (no value recorded),https://viennavadata.org/meeting/2023-04-10.html
2023-04-10,30401,Public Hearings,Procedural,,https://viennavadata.org/meeting/2023-04-10.html
2023-04-10,30409,Public Hearing for 2023-24 Budget,"Budget, Taxes & Finance",7 Aye,https://viennavadata.org/meeting/2023-04-10.html
2023-04-10,30410,Public Hearing on FY2023-24 Water and Sewer Rates,"Water, Sewer & Stormwater",7 Aye,https://viennavadata.org/meeting/2023-04-10.html
2023-04-10,30402,Consent Agenda,Consent Agenda,7 Aye,https://viennavadata.org/meeting/2023-04-10.html
2023-04-10,30404,Adoption of Multi-Jurisdictional Hazardous Mitigation Plan Update,"Environment, Trees & Sustainability",,https://viennavadata.org/meeting/2023-04-10.html
2023-04-10,30405,Request approval for security system with key card access control at Northside Property Yard,Town Facilities & Property,,https://viennavadata.org/meeting/2023-04-10.html
2023-04-10,30408,"Request approval for spending $373,825.83 with Arthur Construction Co., Inc. for construction of Robinson Trust Sidewalk Projects.","Streets, Sidewalks & Transportation",,https://viennavadata.org/meeting/2023-04-10.html
2023-04-10,30403,Regular Business,Procedural,,https://viennavadata.org/meeting/2023-04-10.html
2023-04-10,30407,"Consideration to Initiate Final Design of Robinson Trust Sidewalk Project with Urban, Ltd.","Streets, Sidewalks & Transportation","6 Aye, 1 Nay",https://viennavadata.org/meeting/2023-04-10.html
2023-04-10,30406,"Request to approve 1) boundary line adjustment between two subdivisions, and 2) consolidation of parcel 0393 25 0024, also known as 405 Onondio Circle, SE, and parcel 0393 03110009b (no address), both of which are zoned RS-12.5 Single-Family Detached Residential.","Land Use, Zoning & Development",7 Aye,https://viennavadata.org/meeting/2023-04-10.html
2023-04-10,30412,Meeting Adjournment,Procedural,,https://viennavadata.org/meeting/2023-04-10.html
2023-04-10,30413,"THE TOWN OF VIENNA IS COMMITTED TO FULL COMPLIANCE WITH THE AMERICANS WITH DISABILITIES ACT STANDARDS. TRANSLATION SERVICES, ASSISTANCE OR ACCOMMODATION REQUESTS FROM PERSONS WITH DISABILITIES ARE TO BE REQUESTED NOT LESS THAN 3 WORKING DAYS BEFORE THE DAY OF THE EVENT. PLEASE CALL (703) 255-6304, OR 711 VIRGINIA RELAY SERVICE FOR THE HEARING IMPAIRED.",Procedural,,https://viennavadata.org/meeting/2023-04-10.html
2023-03-20,30201,"Invocation: Reverend Brenda Burns, Vienna Assembly of God",Procedural,,https://viennavadata.org/meeting/2023-03-20.html
2023-03-20,30202,Pledge of Allegiance to the Flag of the United States of America,Procedural,,https://viennavadata.org/meeting/2023-03-20.html
2023-03-20,30203,Roll Call,Procedural,,https://viennavadata.org/meeting/2023-03-20.html
2023-03-20,30204,Acceptance of the Minutes:,Minutes,,https://viennavadata.org/meeting/2023-03-20.html
2023-03-20,30229,"Acceptance of the Regular Council Meeting Minutes of February 27, 2023 and March 6, 2023 and the Conference Session Minutes of February 13, 2023,  February 27, 2023 and March 6, 2023.",Minutes,"5 Aye, 1 Absent, 1 Abstain",https://viennavadata.org/meeting/2023-03-20.html
2023-03-20,30205,"Receipt of petitions and communications from the Public that are not on the Agenda.  
          (Limited to 3 minutes per issue and no formal action can be taken this evening)",Procedural,,https://viennavadata.org/meeting/2023-03-20.html
2023-03-20,30207,Reports/Presentations,Procedural,,https://viennavadata.org/meeting/2023-03-20.html
2023-03-20,30219,Geographic Information System Mapping (ArcGIS) Presentation,Contracts & Purchasing,,https://viennavadata.org/meeting/2023-03-20.html
2023-03-20,30208,Report and Inquiries of Council Members,Procedural,,https://viennavadata.org/meeting/2023-03-20.html
2023-03-20,30209,Report of the Town Manager,Procedural,,https://viennavadata.org/meeting/2023-03-20.html
2023-03-20,30210,Report of the Mayor,Procedural,,https://viennavadata.org/meeting/2023-03-20.html
2023-03-20,30211,Proposals for Additional Items to the Agenda,Procedural,,https://viennavadata.org/meeting/2023-03-20.html
2023-03-20,30212,Closed Session Report,Procedural,"6 Aye, 1 Absent",https://viennavadata.org/meeting/2023-03-20.html
2023-03-20,30213,Public Hearings,Procedural,,https://viennavadata.org/meeting/2023-03-20.html
2023-03-20,30227,"Public Hearing to consider alley vacation of 235 Lawyers Rd., NW","Land Use, Zoning & Development",,https://viennavadata.org/meeting/2023-03-20.html
2023-03-20,30277,"Public Hearing to consider alley vacation of 235 Lawyers Rd., NW","Land Use, Zoning & Development","6 Aye, 1 Absent",https://viennavadata.org/meeting/2023-03-20.html
2023-03-20,30214,Consent Agenda,Consent Agenda,,https://viennavadata.org/meeting/2023-03-20.html
2023-03-20,30223,"Request to Set a Public Hearing for April 10, 2023 regarding the FY2023-24 Operating Budget","Budget, Taxes & Finance",,https://viennavadata.org/meeting/2023-03-20.html
2023-03-20,30224,"Request to set a public hearing for April 10, 2023 regarding FY2023-24 water and sewer rates","Water, Sewer & Stormwater",,https://viennavadata.org/meeting/2023-03-20.html
2023-03-20,30225,"Request to set a public hearing for April 24, 2023 regarding the FY2023-24 real estate tax rate","Budget, Taxes & Finance",,https://viennavadata.org/meeting/2023-03-20.html
2023-03-20,30226,Approve Spending Increase for Final Settlement with Hoar Construction for Police Station Construction,Public Safety,,https://viennavadata.org/meeting/2023-03-20.html
2023-03-20,30220,"Recommend approval to add 307 Windover Ave., NW to the Town of Vienna Historic Property Register.","Land Use, Zoning & Development",,https://viennavadata.org/meeting/2023-03-20.html
2023-03-20,30216,Resolution Affirming Commitment to Fund the Locality Share of Projects under Agreement with the Virginia Department of Transportation and Provide Signature Authority,"Streets, Sidewalks & Transportation",,https://viennavadata.org/meeting/2023-03-20.html
2023-03-20,30215,Regular Business,Procedural,,https://viennavadata.org/meeting/2023-03-20.html
2023-03-20,30222,Approval of the Vienna Public Art Commission Master Plan,"Community, Arts & Events","5 Aye, 2 Absent",https://viennavadata.org/meeting/2023-03-20.html
2023-03-20,30221,"Request approval for spending $600,000 with LSG Landscape for Maple Avenue & Church Street Streetscape Project improvements","Streets, Sidewalks & Transportation",,https://viennavadata.org/meeting/2023-03-20.html
2023-03-20,30218,"Transportation Safety Commission (TSC) motion for Echols Street, SE traffic calming","Streets, Sidewalks & Transportation","6 Aye, 1 Absent",https://viennavadata.org/meeting/2023-03-20.html
2023-03-20,30217,"Award a Design Contract to Urban, LTD for Glen Avenue, SW sidewalk project as approved in 2022 CIP.","Streets, Sidewalks & Transportation","6 Aye, 1 Absent",https://viennavadata.org/meeting/2023-03-20.html
2023-03-20,30228,"A Resolution of the Town of Vienna, Virginia Town Council Approving of the Town’s Participation in the Proposed Settlement of Opioid-Related Claims",Grants & Intergovernmental,"6 Aye, 1 Absent",https://viennavadata.org/meeting/2023-03-20.html
2023-03-20,30230,Meeting Adjournment,Procedural,,https://viennavadata.org/meeting/2023-03-20.html
2023-03-20,30231,"THE TOWN OF VIENNA IS COMMITTED TO FULL COMPLIANCE WITH THE AMERICANS WITH DISABILITIES ACT STANDARDS. TRANSLATION SERVICES, ASSISTANCE OR ACCOMMODATION REQUESTS FROM PERSONS WITH DISABILITIES ARE TO BE REQUESTED NOT LESS THAN 3 WORKING DAYS BEFORE THE DAY OF THE EVENT. PLEASE CALL (703) 255-6304, OR 711 VIRGINIA RELAY SERVICE FOR THE HEARING IMPAIRED.",Procedural,,https://viennavadata.org/meeting/2023-03-20.html
2023-03-06,30045,"Invocation: Reverend Dean Miller, Christ Church Vienna",Procedural,,https://viennavadata.org/meeting/2023-03-06.html
2023-03-06,30046,Pledge of Allegiance to the Flag of the United States of America,Procedural,,https://viennavadata.org/meeting/2023-03-06.html
2023-03-06,30047,Roll Call,Procedural,,https://viennavadata.org/meeting/2023-03-06.html
2023-03-06,30048,Acceptance of the Minutes: No minutes for approval,Minutes,,https://viennavadata.org/meeting/2023-03-06.html
2023-03-06,30049,"Receipt of petitions and communications from the Public that are not on the Agenda.  
          (Limited to 3 minutes per issue and no formal action can be taken this evening)",Procedural,,https://viennavadata.org/meeting/2023-03-06.html
2023-03-06,30051,Reports/Presentations,Procedural,,https://viennavadata.org/meeting/2023-03-06.html
2023-03-06,30064,Presentation of Trees in Vienna: A Review of Programs to Help Vienna Preserve and Manage its Tree Canopy.,"Environment, Trees & Sustainability",,https://viennavadata.org/meeting/2023-03-06.html
2023-03-06,30052,Report and Inquiries of Council Members,Procedural,,https://viennavadata.org/meeting/2023-03-06.html
2023-03-06,30053,Report of the Town Manager,Procedural,,https://viennavadata.org/meeting/2023-03-06.html
2023-03-06,30054,Report of the Mayor,Procedural,,https://viennavadata.org/meeting/2023-03-06.html
2023-03-06,30055,Proposals for Additional Items to the Agenda,Procedural,,https://viennavadata.org/meeting/2023-03-06.html
2023-03-06,30056,Closed Session Report,Procedural,"6 Aye, 1 Absent",https://viennavadata.org/meeting/2023-03-06.html
2023-03-06,30058,Consent Agenda,Consent Agenda,,https://viennavadata.org/meeting/2023-03-06.html
2023-03-06,30060,Computer Aided Dispatch Upgrade,Public Safety,,https://viennavadata.org/meeting/2023-03-06.html
2023-03-06,30061,"Set a Public Hearing to consider alley vacation of 235 Lawyers Rd., NW","Land Use, Zoning & Development",,https://viennavadata.org/meeting/2023-03-06.html
2023-03-06,30062,"Award a construction contract to U.S. Concrete & Paving, Inc., for 600 Block Valley Drive, SE drainage improvements","Water, Sewer & Stormwater",,https://viennavadata.org/meeting/2023-03-06.html
2023-03-06,30066,Request approval of memorandum of understanding (MOU) between the Optimist Club of Greater Vienna and Town of Vienna for use of the Vienna Community Center parking lot for the 2023 Vienna Farmers Market,Parks & Recreation,,https://viennavadata.org/meeting/2023-03-06.html
2023-03-06,30069,Approval of the Liberty Amendments Month Organizational Structure,"Community, Arts & Events",,https://viennavadata.org/meeting/2023-03-06.html
2023-03-06,30117,Regular Business,Procedural,,https://viennavadata.org/meeting/2023-03-06.html
2023-03-06,30063,Request additional FY23 spending with Arthur Construction for roadway paving within the Town of Vienna,"Streets, Sidewalks & Transportation","6 Aye, 1 Absent",https://viennavadata.org/meeting/2023-03-06.html
2023-03-06,30065,Request approval of MOU between Town of Vienna and Rotary Club of Vienna for 2023 Viva! Vienna! Festival and Backstage Brewfest,"Community, Arts & Events","6 Aye, 1 Absent",https://viennavadata.org/meeting/2023-03-06.html
2023-03-06,30067,Meeting Adjournment,Procedural,,https://viennavadata.org/meeting/2023-03-06.html
2023-03-06,30068,"THE TOWN OF VIENNA IS COMMITTED TO FULL COMPLIANCE WITH THE AMERICANS WITH DISABILITIES ACT STANDARDS. TRANSLATION SERVICES, ASSISTANCE OR ACCOMMODATION REQUESTS FROM PERSONS WITH DISABILITIES ARE TO BE REQUESTED NOT LESS THAN 3 WORKING DAYS BEFORE THE DAY OF THE EVENT. PLEASE CALL (703) 255-6304, OR 711 VIRGINIA RELAY SERVICE FOR THE HEARING IMPAIRED.",Procedural,,https://viennavadata.org/meeting/2023-03-06.html
2023-02-27,30006,"Invocation: Pastor Hope Lee, Vienna Presbyterian Church",Procedural,,https://viennavadata.org/meeting/2023-02-27.html
2023-02-27,30007,Pledge of Allegiance to the Flag of the United States of America,Procedural,,https://viennavadata.org/meeting/2023-02-27.html
2023-02-27,30008,Roll Call,Procedural,,https://viennavadata.org/meeting/2023-02-27.html
2023-02-27,30009,Acceptance of the Minutes:,Minutes,,https://viennavadata.org/meeting/2023-02-27.html
2023-02-27,30023,"Acceptance of the Regular Council Meeting Minutes of January 30, 2023 and February 6, 2023 and the Conference Session Minutes of January 23, 2023, January 30, 2023 and February 6, 2023.",Minutes,7 Aye,https://viennavadata.org/meeting/2023-02-27.html
2023-02-27,30010,"Receipt of petitions and communications from the Public that are not on the Agenda.  
          (Limited to 3 minutes per issue and no formal action can be taken this evening)",Procedural,,https://viennavadata.org/meeting/2023-02-27.html
2023-02-27,30012,Reports/Presentations,Procedural,,https://viennavadata.org/meeting/2023-02-27.html
2023-02-27,30013,Report and Inquiries of Council Members,Procedural,,https://viennavadata.org/meeting/2023-02-27.html
2023-02-27,30014,Report of the Town Manager,Procedural,,https://viennavadata.org/meeting/2023-02-27.html
2023-02-27,30015,Report of the Mayor,Procedural,,https://viennavadata.org/meeting/2023-02-27.html
2023-02-27,30016,Proposals for Additional Items to the Agenda,Procedural,,https://viennavadata.org/meeting/2023-02-27.html
2023-02-27,30017,Closed Session Report,Procedural,,https://viennavadata.org/meeting/2023-02-27.html
2023-02-27,30020,Regular Business,Procedural,,https://viennavadata.org/meeting/2023-02-27.html
2023-02-27,30021,Update Investment Policy,"Budget, Taxes & Finance",7 Aye,https://viennavadata.org/meeting/2023-02-27.html
2023-02-27,30022,"Approve Second Year of Changes to Tax Relief for the Elderly and Disabled
Code of Vienna Chapter 6, Section 6-4.2","Budget, Taxes & Finance",7 Aye,https://viennavadata.org/meeting/2023-02-27.html
2023-02-27,30024,"Stop further engineering studies for final design of the sidewalk project on the even side of Melody Lane, SW.","Streets, Sidewalks & Transportation","6 Nay, 1 Aye",https://viennavadata.org/meeting/2023-02-27.html
2023-02-27,30025,Meeting Adjournment,Procedural,7 Aye,https://viennavadata.org/meeting/2023-02-27.html
2023-02-27,30026,"THE TOWN OF VIENNA IS COMMITTED TO FULL COMPLIANCE WITH THE AMERICANS WITH DISABILITIES ACT STANDARDS. TRANSLATION SERVICES, ASSISTANCE OR ACCOMMODATION REQUESTS FROM PERSONS WITH DISABILITIES ARE TO BE REQUESTED NOT LESS THAN 3 WORKING DAYS BEFORE THE DAY OF THE EVENT. PLEASE CALL (703) 255-6304, OR 711 VIRGINIA RELAY SERVICE FOR THE HEARING IMPAIRED.",Procedural,,https://viennavadata.org/meeting/2023-02-27.html
2023-02-06,29835,Roll Call,Procedural,,https://viennavadata.org/meeting/2023-02-06.html
2023-02-06,29844,Closed Session Report,Procedural,,https://viennavadata.org/meeting/2023-02-06.html
2023-02-06,29850,Closed Session Report,Procedural,,https://viennavadata.org/meeting/2023-02-06.html
2023-02-06,29849,"THE TOWN OF VIENNA IS COMMITTED TO FULL COMPLIANCE WITH THE AMERICANS WITH DISABILITIES ACT STANDARDS. TRANSLATION SERVICES, ASSISTANCE OR ACCOMMODATION REQUESTS FROM PERSONS WITH DISABILITIES ARE TO BE REQUESTED NOT LESS THAN 3 WORKING DAYS BEFORE THE DAY OF THE EVENT. PLEASE CALL (703) 255-6304, OR 711 VIRGINIA RELAY SERVICE FOR THE HEARING IMPAIRED.",Procedural,,https://viennavadata.org/meeting/2023-02-06.html
2023-01-30,29800,"Invocation: Jay Miller, Baha'i Community of Vienna",Procedural,,https://viennavadata.org/meeting/2023-01-30.html
2023-01-30,29801,Pledge of Allegiance to the Flag of the United States of America,Procedural,,https://viennavadata.org/meeting/2023-01-30.html
2023-01-30,29802,Roll Call,Procedural,,https://viennavadata.org/meeting/2023-01-30.html
2023-01-30,29803,Acceptance of the Minutes:,Minutes,,https://viennavadata.org/meeting/2023-01-30.html
2023-01-30,29817,"Acceptance of the Regular Council Meeting and the Conference Session Minutes of January 9, 2023 and the Joint Conference Session Minutes of December 7, 2022",Minutes,7 Aye,https://viennavadata.org/meeting/2023-01-30.html
2023-01-30,29804,"Receipt of petitions and communications from the Public that are not on the Agenda.  
          (Limited to 3 minutes per issue and no formal action can be taken this evening)",Procedural,,https://viennavadata.org/meeting/2023-01-30.html
2023-01-30,29806,Reports/Presentations,Procedural,,https://viennavadata.org/meeting/2023-01-30.html
2023-01-30,29807,Report and Inquiries of Council Members,Procedural,,https://viennavadata.org/meeting/2023-01-30.html
2023-01-30,29808,Report of the Town Manager,Procedural,,https://viennavadata.org/meeting/2023-01-30.html
2023-01-30,29809,Report of the Mayor,Procedural,,https://viennavadata.org/meeting/2023-01-30.html
2023-01-30,29810,Proposals for Additional Items to the Agenda,Procedural,,https://viennavadata.org/meeting/2023-01-30.html
2023-01-30,29811,Closed Session Report,Procedural,,https://viennavadata.org/meeting/2023-01-30.html
2023-01-30,29813,Consent Agenda,Consent Agenda,,https://viennavadata.org/meeting/2023-01-30.html
2023-01-30,29815,"Request approval for spending $1,350,000 with Crown Construction Service, Inc. for 
continued water main improvements within the Town’s water service area using Phase II ARPA funding.","Water, Sewer & Stormwater",,https://viennavadata.org/meeting/2023-01-30.html
2023-01-30,29816,Request approval of vehicle purchases within the Vehicle Replacement Program for FY23.,Contracts & Purchasing,,https://viennavadata.org/meeting/2023-01-30.html
2023-01-30,29814,Regular Business,Procedural,,https://viennavadata.org/meeting/2023-01-30.html
2023-01-30,29818,Glyndon Park Pickleball Schedule,Parks & Recreation,,https://viennavadata.org/meeting/2023-01-30.html
2023-01-30,29819,Meeting Adjournment,Procedural,,https://viennavadata.org/meeting/2023-01-30.html
2023-01-30,29820,"THE TOWN OF VIENNA IS COMMITTED TO FULL COMPLIANCE WITH THE AMERICANS WITH DISABILITIES ACT STANDARDS. TRANSLATION SERVICES, ASSISTANCE OR ACCOMMODATION REQUESTS FROM PERSONS WITH DISABILITIES ARE TO BE REQUESTED NOT LESS THAN 3 WORKING DAYS BEFORE THE DAY OF THE EVENT. PLEASE CALL (703) 255-6304, OR 711 VIRGINIA RELAY SERVICE FOR THE HEARING IMPAIRED.",Procedural,,https://viennavadata.org/meeting/2023-01-30.html
2023-01-09,29640,"Invocation: Reverend Johnny Kurcina, Christ Church Vienna",Procedural,,https://viennavadata.org/meeting/2023-01-09.html
2023-01-09,29641,Pledge of Allegiance to the Flag of the United States of America,Procedural,,https://viennavadata.org/meeting/2023-01-09.html
2023-01-09,29642,Roll Call,Procedural,,https://viennavadata.org/meeting/2023-01-09.html
2023-01-09,29643,Acceptance of the Minutes:,Minutes,,https://viennavadata.org/meeting/2023-01-09.html
2023-01-09,29658,"Acceptance of the Joint Conference Session Minutes of November 29, 2022, the Regular Council Meeting of December 5, 2022 and the Conference Session Minutes of December 12, 2022",Minutes,7 Aye,https://viennavadata.org/meeting/2023-01-09.html
2023-01-09,29644,"Receipt of petitions and communications from the Public that are not on the Agenda.  
          (Limited to 3 minutes per issue and no formal action can be taken this evening)",Procedural,,https://viennavadata.org/meeting/2023-01-09.html
2023-01-09,29646,Reports/Presentations,Procedural,,https://viennavadata.org/meeting/2023-01-09.html
2023-01-09,29647,Report and Inquiries of Council Members,Procedural,,https://viennavadata.org/meeting/2023-01-09.html
2023-01-09,29648,Report of the Town Manager,Procedural,,https://viennavadata.org/meeting/2023-01-09.html
2023-01-09,29649,Report of the Mayor,Procedural,,https://viennavadata.org/meeting/2023-01-09.html
2023-01-09,29650,Proposals for Additional Items to the Agenda,Procedural,,https://viennavadata.org/meeting/2023-01-09.html
2023-01-09,29651,Closed Session Report,Procedural,7 Aye,https://viennavadata.org/meeting/2023-01-09.html
2023-01-09,29654,Regular Business,Procedural,,https://viennavadata.org/meeting/2023-01-09.html
2023-01-09,29657,Request approval to award IFB 23-11 construction contract to Stonebridge Civil LLC for the Park Street NE sidewalk construction,Parks & Recreation,7 Aye,https://viennavadata.org/meeting/2023-01-09.html
2023-01-09,29656,Award Town Hall Space Study to PMA Architecture,Town Facilities & Property,7 Aye,https://viennavadata.org/meeting/2023-01-09.html
2023-01-09,29655,"Proposal to Increase Mayor and Council Salaries Effective Jan. 1, 2024",Governance & Administration,"4 Aye, 3 Nay",https://viennavadata.org/meeting/2023-01-09.html
2023-01-09,29661,Motion to Adopt Top Four Council Priorities,Governance & Administration,,https://viennavadata.org/meeting/2023-01-09.html
2023-01-09,29695,Motion to Adopt Top Four Council Priorities,Governance & Administration,"4 Aye, 3 Nay",https://viennavadata.org/meeting/2023-01-09.html
2023-01-09,29659,Meeting Adjournment,Procedural,7 Aye,https://viennavadata.org/meeting/2023-01-09.html
2023-01-09,29660,"THE TOWN OF VIENNA IS COMMITTED TO FULL COMPLIANCE WITH THE AMERICANS WITH DISABILITIES ACT STANDARDS. TRANSLATION SERVICES, ASSISTANCE OR ACCOMMODATION REQUESTS FROM PERSONS WITH DISABILITIES ARE TO BE REQUESTED NOT LESS THAN 3 WORKING DAYS BEFORE THE DAY OF THE EVENT. PLEASE CALL (703) 255-6304, OR 711 VIRGINIA RELAY SERVICE FOR THE HEARING IMPAIRED.",Procedural,,https://viennavadata.org/meeting/2023-01-09.html
2022-12-05,29462,"Invocation: Fariba Ferdowsi, Baha'i Community of Vienna",Procedural,,https://viennavadata.org/meeting/2022-12-05.html
2022-12-05,29463,Pledge of Allegiance to the Flag of the United States of America,Procedural,,https://viennavadata.org/meeting/2022-12-05.html
2022-12-05,29464,Roll Call,Procedural,,https://viennavadata.org/meeting/2022-12-05.html
2022-12-05,29465,Acceptance of the Minutes:,Minutes,,https://viennavadata.org/meeting/2022-12-05.html
2022-12-05,29482,"Acceptance of the Regular Council Meeting Minutes of November 14, 2022.",Minutes,,https://viennavadata.org/meeting/2022-12-05.html
2022-12-05,29466,"Receipt of petitions and communications from the Public that are not on the Agenda.  
          (Limited to 3 minutes per issue and no formal action can be taken this evening)",Procedural,,https://viennavadata.org/meeting/2022-12-05.html
2022-12-05,29468,Reports/Presentations,Procedural,,https://viennavadata.org/meeting/2022-12-05.html
2022-12-05,29478,Presentation of 2022 Annual Comprehensive Financial Report (ACFR),"Budget, Taxes & Finance",,https://viennavadata.org/meeting/2022-12-05.html
2022-12-05,29469,Report and Inquiries of Council Members,Procedural,,https://viennavadata.org/meeting/2022-12-05.html
2022-12-05,29470,Report of the Town Manager,Procedural,,https://viennavadata.org/meeting/2022-12-05.html
2022-12-05,29471,Report of the Mayor,Procedural,,https://viennavadata.org/meeting/2022-12-05.html
2022-12-05,29472,Proposals for Additional Items to the Agenda,Procedural,,https://viennavadata.org/meeting/2022-12-05.html
2022-12-05,29473,Closed Session Report,Procedural,,https://viennavadata.org/meeting/2022-12-05.html
2022-12-05,29483,Closed Session Report,Procedural,7 Aye,https://viennavadata.org/meeting/2022-12-05.html
2022-12-05,29476,Regular Business,Procedural,,https://viennavadata.org/meeting/2022-12-05.html
2022-12-05,29479,"Town Council consideration of a requested change to the zoning map for a single parcel with 12 existing condominium units; and a related request for modifications of site plan requirements for lot coverage, front yard setback, rear yard setback, and minimum lot area.  The parcel is 127-133 Park St., NE (Tax ID #s 0382-52-0001, 0002, 0003, 0004,005,006, 0007, 0008, 0009, 0010, 0011, and 0012) in the T Transitional zoning district.  Requested zoning is RM-2 Multifamily, Low Density.","Land Use, Zoning & Development","6 Aye, 1 Recused",https://viennavadata.org/meeting/2022-12-05.html
2022-12-05,29477,"Request approval for a construction services contract to Whitman, Requardt & Associates, LLP for the Park Street, NE sidewalk",Parks & Recreation,7 Aye,https://viennavadata.org/meeting/2022-12-05.html
2022-12-05,29548,Request to reconsider approval of final plat for subdivision of 204 Courthouse Rd. SW,"Land Use, Zoning & Development","6 Aye, 1 Nay",https://viennavadata.org/meeting/2022-12-05.html
2022-12-05,29480,Meeting Adjournment,Procedural,,https://viennavadata.org/meeting/2022-12-05.html
2022-12-05,29481,"THE TOWN OF VIENNA IS COMMITTED TO FULL COMPLIANCE WITH THE AMERICANS WITH DISABILITIES ACT STANDARDS. TRANSLATION SERVICES, ASSISTANCE OR ACCOMMODATION REQUESTS FROM PERSONS WITH DISABILITIES ARE TO BE REQUESTED NOT LESS THAN 3 WORKING DAYS BEFORE THE DAY OF THE EVENT. PLEASE CALL (703) 255-6304, OR 711 VIRGINIA RELAY SERVICE FOR THE HEARING IMPAIRED.",Procedural,,https://viennavadata.org/meeting/2022-12-05.html
2022-11-14,29335,"Invocation: Jay Miller, Baha'i Community of Vienna",Procedural,,https://viennavadata.org/meeting/2022-11-14.html
2022-11-14,29336,Pledge of Allegiance to the Flag of the United States of America,Procedural,,https://viennavadata.org/meeting/2022-11-14.html
2022-11-14,29337,Roll Call,Procedural,,https://viennavadata.org/meeting/2022-11-14.html
2022-11-14,29338,Acceptance of the Minutes:,Minutes,,https://viennavadata.org/meeting/2022-11-14.html
2022-11-14,29357,"Acceptance of the Regular Council meeting minutes of October 24, 2022, the Conference Session minutes of October 17, 2022 and the Special Conference Session Minutes of November 2, 2022.",Minutes,"4 Aye, 2 Absent",https://viennavadata.org/meeting/2022-11-14.html
2022-11-14,29339,"Receipt of petitions and communications from the Public that are not on the Agenda.  
          (Limited to 3 minutes per issue and no formal action can be taken this evening)",Procedural,,https://viennavadata.org/meeting/2022-11-14.html
2022-11-14,29341,Reports/Presentations,Procedural,,https://viennavadata.org/meeting/2022-11-14.html
2022-11-14,29355,2022 Halloween Parade Awards,Proclamations & Recognitions,,https://viennavadata.org/meeting/2022-11-14.html
2022-11-14,29358,Proclamation for Small Business Saturday,Proclamations & Recognitions,,https://viennavadata.org/meeting/2022-11-14.html
2022-11-14,29342,Report and Inquiries of Council Members,Procedural,,https://viennavadata.org/meeting/2022-11-14.html
2022-11-14,29343,Report of the Town Manager,Procedural,,https://viennavadata.org/meeting/2022-11-14.html
2022-11-14,29344,Report of the Mayor,Procedural,,https://viennavadata.org/meeting/2022-11-14.html
2022-11-14,29345,Proposals for Additional Items to the Agenda,Procedural,,https://viennavadata.org/meeting/2022-11-14.html
2022-11-14,29346,Closed Session Report,Procedural,,https://viennavadata.org/meeting/2022-11-14.html
2022-11-14,29347,Public Hearings,Procedural,,https://viennavadata.org/meeting/2022-11-14.html
2022-11-14,29350,Public hearing on the Town’s 2023 Legislative Agenda,Grants & Intergovernmental,7 Aye,https://viennavadata.org/meeting/2022-11-14.html
2022-11-14,29356,"Continuation of the Public hearing on, and Town Council consideration of, a requested change to the zoning map for a single parcel with 12 existing condominium units; and a related request for modifications of site plan requirements for lot coverage, front yard setback, rear yard setback, and minimum lot area.  The parcel is 127-133 Park St., NE (Tax ID #s 0382-52-0001, 0002, 0003, 0004,005,006, 0007, 0008, 0009, 0010, 0011, and 0012) in the T Transitional zoning district.  Requested zoning is RM-2 Multifamily, Low Density.","Land Use, Zoning & Development","6 Aye, 1 Recused",https://viennavadata.org/meeting/2022-11-14.html
2022-11-14,29411,"Continuation of the Public hearing on, and Town Council consideration of, a requested change to the zoning map for a single parcel with 12 existing condominium units; and a related request for modifications of site plan requirements for lot coverage, front yard setback, rear yard setback, and minimum lot area.  The parcel is 127-133 Park St., NE (Tax ID #s 0382-52-0001, 0002, 0003, 0004,005,006, 0007, 0008, 0009, 0010, 0011, and 0012) in the T Transitional zoning district.  Requested zoning is RM-2 Multifamily, Low Density.","Land Use, Zoning & Development","6 Aye, 1 Recused",https://viennavadata.org/meeting/2022-11-14.html
2022-11-14,29349,Regular Business,Procedural,,https://viennavadata.org/meeting/2022-11-14.html
2022-11-14,29352,"Consideration to Initiate Final Design of Robinson Trust Sidewalk Projects with Urban, Ltd.","Streets, Sidewalks & Transportation","6 Aye, 1 Nay",https://viennavadata.org/meeting/2022-11-14.html
2022-11-14,29351,"Request approval of final plat for subdivision of 204 Courthouse Road SW, into two lots, on property located in the RS-10, Single-Family Detached Residential zone.","Land Use, Zoning & Development","5 Nay, 2 Aye",https://viennavadata.org/meeting/2022-11-14.html
2022-11-14,29353,"Request approval for spending $102,315.30 with Arthur Construction Co., Inc. for construction of Robinson Trust Sidewalk Projects.","Streets, Sidewalks & Transportation",7 Aye,https://viennavadata.org/meeting/2022-11-14.html
2022-11-14,29354,Request approval to conduct an Annex Long-Term Use Study with Kimmel Bogrette Architecture + Site,Town Facilities & Property,7 Aye,https://viennavadata.org/meeting/2022-11-14.html
2022-11-14,29484,"Amend the 2023 Town Calendar by Moving the October 9, 2023 Council Meeting to October 2, 2023.",Governance & Administration,7 Aye,https://viennavadata.org/meeting/2022-11-14.html
2022-11-14,29359,Meeting Adjournment,Procedural,7 Aye,https://viennavadata.org/meeting/2022-11-14.html
2022-11-14,29360,"THE TOWN OF VIENNA IS COMMITTED TO FULL COMPLIANCE WITH THE AMERICANS WITH DISABILITIES ACT STANDARDS. TRANSLATION SERVICES, ASSISTANCE OR ACCOMMODATION REQUESTS FROM PERSONS WITH DISABILITIES ARE TO BE REQUESTED NOT LESS THAN 3 WORKING DAYS BEFORE THE DAY OF THE EVENT. PLEASE CALL (703) 255-6304, OR 711 VIRGINIA RELAY SERVICE FOR THE HEARING IMPAIRED.",Procedural,,https://viennavadata.org/meeting/2022-11-14.html
2022-10-24,29248,"Invocation: Reverend Dan Clifford, Grace Presbyterian Church, Vienna",Procedural,,https://viennavadata.org/meeting/2022-10-24.html
2022-10-24,29249,Pledge of Allegiance to the Flag of the United States of America,Procedural,,https://viennavadata.org/meeting/2022-10-24.html
2022-10-24,29250,Roll Call,Procedural,,https://viennavadata.org/meeting/2022-10-24.html
2022-10-24,29251,Acceptance of the Minutes:,Minutes,,https://viennavadata.org/meeting/2022-10-24.html
2022-10-24,29270,"Acceptance of the Regular Council Meeting Minutes and the Conference Session Minutes Of October 10, 2022",Minutes,"6 Aye, 1 Absent",https://viennavadata.org/meeting/2022-10-24.html
2022-10-24,29252,"Receipt of petitions and communications from the Public that are not on the Agenda.  
          (Limited to 3 minutes per issue and no formal action can be taken this evening)",Procedural,,https://viennavadata.org/meeting/2022-10-24.html
2022-10-24,29254,Reports/Presentations,Procedural,,https://viennavadata.org/meeting/2022-10-24.html
2022-10-24,29275,Resolution for World Polio Awareness Day,Proclamations & Recognitions,,https://viennavadata.org/meeting/2022-10-24.html
2022-10-24,29273,Presentation From VDOT To Provide an Update on the Opening of the Remaining 13-Mile Section of the I66 Express Lanes.,Grants & Intergovernmental,,https://viennavadata.org/meeting/2022-10-24.html
2022-10-24,29255,Report and Inquiries of Council Members,Procedural,,https://viennavadata.org/meeting/2022-10-24.html
2022-10-24,29256,Report of the Town Manager,Procedural,,https://viennavadata.org/meeting/2022-10-24.html
2022-10-24,29257,Report of the Mayor,Procedural,,https://viennavadata.org/meeting/2022-10-24.html
2022-10-24,29258,Proposals for Additional Items to the Agenda,Procedural,,https://viennavadata.org/meeting/2022-10-24.html
2022-10-24,29259,Closed Session Report,Procedural,,https://viennavadata.org/meeting/2022-10-24.html
2022-10-24,29260,Public Hearings,Procedural,,https://viennavadata.org/meeting/2022-10-24.html
2022-10-24,29263,"Public hearing on, and Town Council consideration of, a requested change to the zoning map for twelve parcels, located at 127-133 Park Street, NE (Parcel #s 0382-52-0001, 0002, 0003, 0004,005,006, 0007, 0008, 0009, 0010, 0011, and 0012) in the T Transitional zoning district. Requested zoning is RM-2 Multifamily, Low Density.","Land Use, Zoning & Development",,https://viennavadata.org/meeting/2022-10-24.html
2022-10-24,29261,Consent Agenda,Consent Agenda,"6 Aye, 1 Absent",https://viennavadata.org/meeting/2022-10-24.html
2022-10-24,29268,Approval of Historic Vienna Lease Agreement Addendum to incorporate an Archeological Proposal for the grounds of the Freeman Store and Museum.,"Community, Arts & Events","6 Aye, 1 Absent",https://viennavadata.org/meeting/2022-10-24.html
2022-10-24,29265,Request to Approve the Purchase and Installation of Emergency Vehicle Preemption (EVP) equipment for the Town’s Traffic Signals.,"Streets, Sidewalks & Transportation","6 Aye, 1 Absent",https://viennavadata.org/meeting/2022-10-24.html
2022-10-24,29262,Regular Business,Procedural,,https://viennavadata.org/meeting/2022-10-24.html
2022-10-24,29267,"Request for modifications of site plan requirement related to the proposed rezoning of twelve parcels located at 127-133 Park Street NE for lot coverage, front yard setback, rear yard setback, and minimum lot area requirements.","Land Use, Zoning & Development","5 Aye, 1 Absent, 1 Recused",https://viennavadata.org/meeting/2022-10-24.html
2022-10-24,29264,"Request to Approve Design Contract Supplement for Kingsley Road, SW Sidewalk","Streets, Sidewalks & Transportation","6 Aye, 1 Absent",https://viennavadata.org/meeting/2022-10-24.html
2022-10-24,29311,"Request to Approve Design Contract Supplement for Kingsley Road, SW Sidewalk","Streets, Sidewalks & Transportation","6 Aye, 1 Absent",https://viennavadata.org/meeting/2022-10-24.html
2022-10-24,29269,"Intent to Adopt the indefinite repeal of the effective date, of the amendments/modifications to Chapter 22 - Massage Salons, Health Clubs, etc., Adopted Aug. 29, 2022, Pending further discussion",Town Code & Ordinances,,https://viennavadata.org/meeting/2022-10-24.html
2022-10-24,29312,"Intent to Adopt the indefinite repeal of the effective date, of the amendments/modifications to Chapter 22 - Massage Salons, Health Clubs, etc., Adopted Aug. 29, 2022, Pending further discussion",Town Code & Ordinances,"2 Nay, 1 Absent, 4 Aye",https://viennavadata.org/meeting/2022-10-24.html
2022-10-24,29271,Meeting Adjournment,Procedural,"6 Aye, 1 Absent",https://viennavadata.org/meeting/2022-10-24.html
2022-10-24,29272,"THE TOWN OF VIENNA IS COMMITTED TO FULL COMPLIANCE WITH THE AMERICANS WITH DISABILITIES ACT STANDARDS. TRANSLATION SERVICES, ASSISTANCE OR ACCOMMODATION REQUESTS FROM PERSONS WITH DISABILITIES ARE TO BE REQUESTED NOT LESS THAN 3 WORKING DAYS BEFORE THE DAY OF THE EVENT. PLEASE CALL (703) 255-6304, OR 711 VIRGINIA RELAY SERVICE FOR THE HEARING IMPAIRED.",Procedural,,https://viennavadata.org/meeting/2022-10-24.html
2022-10-10,29142,Invocation: Tyra Tavakoli of the Baha'i Community of the Town of Vienna,Procedural,,https://viennavadata.org/meeting/2022-10-10.html
2022-10-10,29143,Pledge of Allegiance to the Flag of the United States of America,Procedural,,https://viennavadata.org/meeting/2022-10-10.html
2022-10-10,29144,Roll Call,Procedural,,https://viennavadata.org/meeting/2022-10-10.html
2022-10-10,29145,Acceptance of the Minutes:,Minutes,,https://viennavadata.org/meeting/2022-10-10.html
2022-10-10,29159,"Acceptance of the Conference Session Minutes of September 19, 2022 and the Regular Meeting Minutes of September 26, 2022.",Minutes,7 Aye,https://viennavadata.org/meeting/2022-10-10.html
2022-10-10,29146,"Receipt of petitions and communications from the Public that are not on the Agenda.  
          (Limited to 3 minutes per issue and no formal action can be taken this evening)",Procedural,,https://viennavadata.org/meeting/2022-10-10.html
2022-10-10,29148,Reports/Presentations,Procedural,,https://viennavadata.org/meeting/2022-10-10.html
2022-10-10,29149,Report and Inquiries of Council Members,Procedural,,https://viennavadata.org/meeting/2022-10-10.html
2022-10-10,29150,Report of the Town Manager,Procedural,,https://viennavadata.org/meeting/2022-10-10.html
2022-10-10,29151,Report of the Mayor,Procedural,,https://viennavadata.org/meeting/2022-10-10.html
2022-10-10,29152,Proposals for Additional Items to the Agenda,Procedural,,https://viennavadata.org/meeting/2022-10-10.html
2022-10-10,29153,Closed Session,Procedural,,https://viennavadata.org/meeting/2022-10-10.html
2022-10-10,29156,Regular Business,Procedural,,https://viennavadata.org/meeting/2022-10-10.html
2022-10-10,29157,"Increase Limits to Small Purchases, Town Code Chapter 6, Article 8 - Procurement",Town Code & Ordinances,7 Aye,https://viennavadata.org/meeting/2022-10-10.html
2022-10-10,29158,"Consideration to Initiate Final Design of Robinson Trust Sidewalk Projects with Urban, Ltd.","Streets, Sidewalks & Transportation",7 Aye,https://viennavadata.org/meeting/2022-10-10.html
2022-10-10,29173,Repeal recent amendments to Chapter 22,Town Code & Ordinances,7 Aye,https://viennavadata.org/meeting/2022-10-10.html
2022-10-10,29160,Meeting Adjournment,Procedural,,https://viennavadata.org/meeting/2022-10-10.html
2022-10-10,29161,"THE TOWN OF VIENNA IS COMMITTED TO FULL COMPLIANCE WITH THE AMERICANS WITH DISABILITIES ACT STANDARDS. TRANSLATION SERVICES, ASSISTANCE OR ACCOMMODATION REQUESTS FROM PERSONS WITH DISABILITIES ARE TO BE REQUESTED NOT LESS THAN 3 WORKING DAYS BEFORE THE DAY OF THE EVENT. PLEASE CALL (703) 255-6304, OR 711 VIRGINIA RELAY SERVICE FOR THE HEARING IMPAIRED.",Procedural,,https://viennavadata.org/meeting/2022-10-10.html
2022-09-26,28991,"Invocation: Reverend Connie Jordan-Haas, Vienna Presbyterian Church",Procedural,,https://viennavadata.org/meeting/2022-09-26.html
2022-09-26,28992,Pledge of Allegiance to the Flag of the United States of America,Procedural,,https://viennavadata.org/meeting/2022-09-26.html
2022-09-26,28993,Roll Call,Procedural,,https://viennavadata.org/meeting/2022-09-26.html
2022-09-26,28994,Acceptance of the Minutes:,Minutes,,https://viennavadata.org/meeting/2022-09-26.html
2022-09-26,29016,"Acceptance of the Regular Meeting Minutes and Conference Session Minutes of September 12, 2022",Minutes,,https://viennavadata.org/meeting/2022-09-26.html
2022-09-26,28995,"Receipt of petitions and communications from the Public that are not on the Agenda.  
          (Limited to 3 minutes per issue and no formal action can be taken this evening)",Procedural,,https://viennavadata.org/meeting/2022-09-26.html
2022-09-26,28997,Reports/Presentations,Procedural,,https://viennavadata.org/meeting/2022-09-26.html
2022-09-26,29006,Honoring and Recognizing Business Employees,Proclamations & Recognitions,,https://viennavadata.org/meeting/2022-09-26.html
2022-09-26,29013,Presentation of GFOA’s Distinguished Budget Award,"Budget, Taxes & Finance",,https://viennavadata.org/meeting/2022-09-26.html
2022-09-26,28998,Report and Inquiries of Council Members,Procedural,,https://viennavadata.org/meeting/2022-09-26.html
2022-09-26,28999,Report of the Town Manager,Procedural,,https://viennavadata.org/meeting/2022-09-26.html
2022-09-26,29000,Report of the Mayor,Procedural,,https://viennavadata.org/meeting/2022-09-26.html
2022-09-26,29001,Proposals for Additional Items to the Agenda,Procedural,,https://viennavadata.org/meeting/2022-09-26.html
2022-09-26,29002,Closed Session,Procedural,7 Aye,https://viennavadata.org/meeting/2022-09-26.html
2022-09-26,29003,Public Hearings,Procedural,,https://viennavadata.org/meeting/2022-09-26.html
2022-09-26,29014,Public Hearing for Supplemental Adjustment to the 2022-23 General Fund Budget,"Budget, Taxes & Finance",7 Aye,https://viennavadata.org/meeting/2022-09-26.html
2022-09-26,29004,Consent Agenda,Consent Agenda,7 Aye,https://viennavadata.org/meeting/2022-09-26.html
2022-09-26,29007,"Request approval with Presidio for the procurement of additional speakers and hardware to support extended use of the intercom system with the Town of Vienna VOIP system. Approved by Council January 24, 2022 Phase 1 ARPA funding.","Budget, Taxes & Finance",,https://viennavadata.org/meeting/2022-09-26.html
2022-09-26,29012,"Request approval for spending $1,250,000 with Crown Construction Service, Inc. for water main improvements within the Town's water service area. Approved by Council January 24, 2022 Phase 1 ARPA funding.","Water, Sewer & Stormwater",,https://viennavadata.org/meeting/2022-09-26.html
2022-09-26,29005,Regular Business,Procedural,,https://viennavadata.org/meeting/2022-09-26.html
2022-09-26,29009,"Consideration of request to modify conditions of approved site plan for White Oak Tower, located at 301 Maple Ave. W, so as to remove the existing limitation on the amount of medical office, related to parking.","Land Use, Zoning & Development",7 Aye,https://viennavadata.org/meeting/2022-09-26.html
2022-09-26,29008,"Request Approval for Spending with Capital Building Services, Inc. for cleaning services at Town-owned buildings. General Fund Budget Item","Budget, Taxes & Finance",7 Aye,https://viennavadata.org/meeting/2022-09-26.html
2022-09-26,29010,"Award a Design Contract to Whitman, Requardt & Associates, LLP, for Moore Avenue SE Drainage Improvements. Approved in 2022 CIP","Water, Sewer & Stormwater",7 Aye,https://viennavadata.org/meeting/2022-09-26.html
2022-09-26,29011,"Award a Design Contract to Whitman, Requardt & Associates, LLP, for Manvell Road SE Drainage Improvements. Approved in 2022 CIP","Water, Sewer & Stormwater",7 Aye,https://viennavadata.org/meeting/2022-09-26.html
2022-09-26,29015,"Parkwood Oaks Performance Bond reduction request. Subdivision approved December 7, 2020 - no associated funding","Land Use, Zoning & Development",7 Aye,https://viennavadata.org/meeting/2022-09-26.html
2022-09-26,29017,Meeting Adjournment,Procedural,7 Aye,https://viennavadata.org/meeting/2022-09-26.html
2022-09-26,29018,"THE TOWN OF VIENNA IS COMMITTED TO FULL COMPLIANCE WITH THE AMERICANS WITH DISABILITIES ACT STANDARDS. TRANSLATION SERVICES, ASSISTANCE OR ACCOMMODATION REQUESTS FROM PERSONS WITH DISABILITIES ARE TO BE REQUESTED NOT LESS THAN 3 WORKING DAYS BEFORE THE DAY OF THE EVENT. PLEASE CALL (703) 255-6304, OR 711 VIRGINIA RELAY SERVICE FOR THE HEARING IMPAIRED.",Procedural,,https://viennavadata.org/meeting/2022-09-26.html
2022-09-12,28892,"Invocation: Reverend Jon Strand, Episcopal Church of the Holy Comforter",Procedural,,https://viennavadata.org/meeting/2022-09-12.html
2022-09-12,28893,Pledge of Allegiance to the Flag of the United States of America,Procedural,,https://viennavadata.org/meeting/2022-09-12.html
2022-09-12,28894,Roll Call,Procedural,,https://viennavadata.org/meeting/2022-09-12.html
2022-09-12,28895,Acceptance of the Minutes:,Minutes,,https://viennavadata.org/meeting/2022-09-12.html
2022-09-12,28911,"Acceptance of the Regular Council Meeting Minutes and Conference Session Minutes of July 11, 2022, and the Regular Council Meeting minutes of August 29, 2022",Minutes,,https://viennavadata.org/meeting/2022-09-12.html
2022-09-12,28896,"Receipt of petitions and communications from the Public that are not on the Agenda.  
          (Limited to 3 minutes per issue and no formal action can be taken this evening)",Procedural,,https://viennavadata.org/meeting/2022-09-12.html
2022-09-12,28898,Reports/Presentations,Procedural,,https://viennavadata.org/meeting/2022-09-12.html
2022-09-12,28907,Proclamation for the Vienna chapter of the Daughters of the American Revolution (DAR),Proclamations & Recognitions,,https://viennavadata.org/meeting/2022-09-12.html
2022-09-12,28899,Report and Inquiries of Council Members,Procedural,,https://viennavadata.org/meeting/2022-09-12.html
2022-09-12,28900,Report of the Town Manager,Procedural,,https://viennavadata.org/meeting/2022-09-12.html
2022-09-12,28901,Report of the Mayor,Procedural,,https://viennavadata.org/meeting/2022-09-12.html
2022-09-12,28902,Proposals for Additional Items to the Agenda,Procedural,,https://viennavadata.org/meeting/2022-09-12.html
2022-09-12,28903,Closed Session,Procedural,7 Aye,https://viennavadata.org/meeting/2022-09-12.html
2022-09-12,28905,Consent Agenda,Consent Agenda,,https://viennavadata.org/meeting/2022-09-12.html
2022-09-12,28909,"Request approval with SHI for the continued use of Microsoft Office 365 product, application suite, and annual support services.",Contracts & Purchasing,"1 Absent, 6 Aye",https://viennavadata.org/meeting/2022-09-12.html
2022-09-12,28910,Approve Increase in Spending with McGuire Woods for 2022 Bond Counsel Services,"Budget, Taxes & Finance","1 Absent, 6 Aye",https://viennavadata.org/meeting/2022-09-12.html
2022-09-12,28906,Regular Business,Procedural,,https://viennavadata.org/meeting/2022-09-12.html
2022-09-12,28908,Town Council Consideration of Continuing with or Terminating Parking Agreement with Fairfax County on Patrick Henry Library and Parking Garage,"Streets, Sidewalks & Transportation","1 Absent, 6 Aye",https://viennavadata.org/meeting/2022-09-12.html
2022-09-12,28912,Meeting Adjournment,Procedural,"1 Absent, 6 Aye",https://viennavadata.org/meeting/2022-09-12.html
2022-09-12,28913,"THE TOWN OF VIENNA IS COMMITTED TO FULL COMPLIANCE WITH THE AMERICANS WITH DISABILITIES ACT STANDARDS. TRANSLATION SERVICES, ASSISTANCE OR ACCOMMODATION REQUESTS FROM PERSONS WITH DISABILITIES ARE TO BE REQUESTED NOT LESS THAN 3 WORKING DAYS BEFORE THE DAY OF THE EVENT. PLEASE CALL (703) 255-6304, OR 711 VIRGINIA RELAY SERVICE FOR THE HEARING IMPAIRED.",Procedural,,https://viennavadata.org/meeting/2022-09-12.html
2022-08-29,28816,"Invocation: Cantor Allen Leider, Temple Rodef Shalom",Procedural,,https://viennavadata.org/meeting/2022-08-29.html
2022-08-29,28817,Pledge of Allegiance to the Flag of the United States of America,Procedural,,https://viennavadata.org/meeting/2022-08-29.html
2022-08-29,28818,Roll Call,Procedural,,https://viennavadata.org/meeting/2022-08-29.html
2022-08-29,28819,Acceptance of the Minutes:,Minutes,,https://viennavadata.org/meeting/2022-08-29.html
2022-08-29,28836,"Acceptance of the Regular Council Meeting Minutes and Conference Session Minutes of July 11, 2022",Minutes,,https://viennavadata.org/meeting/2022-08-29.html
2022-08-29,28820,"Receipt of petitions and communications from the Public that are not on the Agenda.  
          (Limited to 3 minutes per issue and no formal action can be taken this evening)",Procedural,,https://viennavadata.org/meeting/2022-08-29.html
2022-08-29,28822,Reports/Presentations,Procedural,,https://viennavadata.org/meeting/2022-08-29.html
2022-08-29,28831,Resolution of Appreciation - Leigh Kitcher - Liberty Amendments Month,Proclamations & Recognitions,,https://viennavadata.org/meeting/2022-08-29.html
2022-08-29,28840,Proclamation for Robert Leggett,Proclamations & Recognitions,,https://viennavadata.org/meeting/2022-08-29.html
2022-08-29,28841,Recognition of Vienna Little League (The Big Red Machine) All Star Team,Proclamations & Recognitions,,https://viennavadata.org/meeting/2022-08-29.html
2022-08-29,28823,Report and Inquiries of Council Members,Procedural,,https://viennavadata.org/meeting/2022-08-29.html
2022-08-29,28824,Report of the Town Manager,Procedural,,https://viennavadata.org/meeting/2022-08-29.html
2022-08-29,28825,Report of the Mayor,Procedural,,https://viennavadata.org/meeting/2022-08-29.html
2022-08-29,28826,Proposals for Additional Items to the Agenda,Procedural,,https://viennavadata.org/meeting/2022-08-29.html
2022-08-29,28827,Closed Session,Procedural,7 Aye,https://viennavadata.org/meeting/2022-08-29.html
2022-08-29,28829,Consent Agenda,Consent Agenda,,https://viennavadata.org/meeting/2022-08-29.html
2022-08-29,28832,Request approval of a Memorandum of Understanding (MOU) between the Town of Vienna and Vienna Business Association for 2022 Oktoberfest.,"Community, Arts & Events",,https://viennavadata.org/meeting/2022-08-29.html
2022-08-29,28837,"Approval to Publish a list of Delinquent Real Estate Tax Payments as of June 30, 2022","Budget, Taxes & Finance",,https://viennavadata.org/meeting/2022-08-29.html
2022-08-29,28839,"Request approval for spending $158,087.58 with U.S. Concrete and Paving, Inc. for construction of Robinson Trust Sidewalk Projects.","Streets, Sidewalks & Transportation",,https://viennavadata.org/meeting/2022-08-29.html
2022-08-29,28843,"Request approval for spending an additional $10,672.09 in funds for Cherry Street SE - Robinson Trust Sidewalk Project utilizing Arthur Construction Co., Inc.","Streets, Sidewalks & Transportation",,https://viennavadata.org/meeting/2022-08-29.html
2022-08-29,28844,Request approval for replacement of two in-ground heavy truck lifts,Contracts & Purchasing,,https://viennavadata.org/meeting/2022-08-29.html
2022-08-29,28846,Request approval of sanitation trucks purchase within the Vehicle Replacement Program.,Contracts & Purchasing,,https://viennavadata.org/meeting/2022-08-29.html
2022-08-29,28830,Regular Business,Procedural,,https://viennavadata.org/meeting/2022-08-29.html
2022-08-29,28848,Request FY23 spending with Commonwealth Paving utilizing IFB 20-01 for asphalt repairs as needed.,"Streets, Sidewalks & Transportation",7 Aye,https://viennavadata.org/meeting/2022-08-29.html
2022-08-29,28845,"Award a Design Contract to A. Morton Thomas and Associates, Inc. for Bear Branch Phase II - Southside Park Stream Restoration Project","Environment, Trees & Sustainability",7 Aye,https://viennavadata.org/meeting/2022-08-29.html
2022-08-29,28833,"Intent to adopt the proposed amendments/modifications to Chapter 22 - Massage Salons, Health Clubs, etc.",Town Code & Ordinances,"6 Aye, 1 Nay",https://viennavadata.org/meeting/2022-08-29.html
2022-08-29,28835,"Intent to Adopt Text Amendments Related to Historic Structures, Sites and Places in Sections 25-8","Land Use, Zoning & Development",7 Aye,https://viennavadata.org/meeting/2022-08-29.html
2022-08-29,28834,Steeple and Roof Project on the Annex property located at 301 Center Street South,"Streets, Sidewalks & Transportation",7 Aye,https://viennavadata.org/meeting/2022-08-29.html
2022-08-29,28842,Request to adopt 2023 Town Council meeting schedule for inclusion in the 2023 Town calendar.,Governance & Administration,"6 Aye, 1 Nay",https://viennavadata.org/meeting/2022-08-29.html
2022-08-29,28838,Adding Economic Development Director and Public Information Director to Town Code and updating the holidays in Town Code.,Economic Development,7 Aye,https://viennavadata.org/meeting/2022-08-29.html
2022-08-29,28847,"Setting of a Public Hearing on September 12, 2022 for the Town of Vienna Vision for 2023",Governance & Administration,,https://viennavadata.org/meeting/2022-08-29.html
2022-08-29,28849,Meeting Adjournment,Procedural,,https://viennavadata.org/meeting/2022-08-29.html
2022-08-29,28850,"THE TOWN OF VIENNA IS COMMITTED TO FULL COMPLIANCE WITH THE AMERICANS WITH DISABILITIES ACT STANDARDS. TRANSLATION SERVICES, ASSISTANCE OR ACCOMMODATION REQUESTS FROM PERSONS WITH DISABILITIES ARE TO BE REQUESTED NOT LESS THAN 3 WORKING DAYS BEFORE THE DAY OF THE EVENT. PLEASE CALL (703) 255-6304, OR 711 VIRGINIA RELAY SERVICE FOR THE HEARING IMPAIRED.",Procedural,,https://viennavadata.org/meeting/2022-08-29.html
2022-06-13,28403,Roll Call,Procedural,,https://viennavadata.org/meeting/2022-06-13.html
2022-06-13,28415,Regular Business,Procedural,,https://viennavadata.org/meeting/2022-06-13.html
2022-06-13,28416,"Consideration of Approval and Intent to Adopt Zoning Ordinance Text Amendments for Section 18-15 and Section 18-169, Related to Lot Coverage","Land Use, Zoning & Development",7 Aye,https://viennavadata.org/meeting/2022-06-13.html
2022-06-13,28417,Meeting Adjournment,Procedural,,https://viennavadata.org/meeting/2022-06-13.html
2022-06-13,28418,"THE TOWN OF VIENNA IS COMMITTED TO FULL COMPLIANCE WITH THE AMERICANS WITH DISABILITIES ACT STANDARDS. TRANSLATION SERVICES, ASSISTANCE OR ACCOMMODATION REQUESTS FROM PERSONS WITH DISABILITIES ARE TO BE REQUESTED NOT LESS THAN 3 WORKING DAYS BEFORE THE DAY OF THE EVENT. PLEASE CALL (703) 255-6304, OR 711 VIRGINIA RELAY SERVICE FOR THE HEARING IMPAIRED.",Procedural,,https://viennavadata.org/meeting/2022-06-13.html
2022-06-06,28345,"Invocation: Kelly Yazdani,  Baha'I Community of the Town of Vienna",Procedural,,https://viennavadata.org/meeting/2022-06-06.html
2022-06-06,28346,Pledge of Allegiance to the Flag of the United States of America,Procedural,,https://viennavadata.org/meeting/2022-06-06.html
2022-06-06,28347,Roll Call,Procedural,,https://viennavadata.org/meeting/2022-06-06.html
2022-06-06,28348,Acceptance of the Minutes:,Minutes,"5 Aye, 2 Absent",https://viennavadata.org/meeting/2022-06-06.html
2022-06-06,28368,"Acceptance of the Regular Council Meeting Minutes of May 11, 2022, May 16, 2022 and the Conference Session Minutes of May 9, 2022",Minutes,,https://viennavadata.org/meeting/2022-06-06.html
2022-06-06,28349,"Receipt of petitions and communications from the Public that are not on the Agenda.  
          (Limited to 3 minutes per issue and no formal action can be taken this evening)",Procedural,,https://viennavadata.org/meeting/2022-06-06.html
2022-06-06,28351,Reports/Presentations,Procedural,,https://viennavadata.org/meeting/2022-06-06.html
2022-06-06,28363,Proclamation for Men’s Health Month and Men’s Health Week,Proclamations & Recognitions,,https://viennavadata.org/meeting/2022-06-06.html
2022-06-06,28352,Report and Inquiries of Council Members,Procedural,,https://viennavadata.org/meeting/2022-06-06.html
2022-06-06,28353,Report of the Town Manager,Procedural,,https://viennavadata.org/meeting/2022-06-06.html
2022-06-06,28354,Report of the Mayor,Procedural,,https://viennavadata.org/meeting/2022-06-06.html
2022-06-06,28355,Proposals for Additional Items to the Agenda,Procedural,,https://viennavadata.org/meeting/2022-06-06.html
2022-06-06,28356,Closed Session Report - No Closed Session was held,Procedural,,https://viennavadata.org/meeting/2022-06-06.html
2022-06-06,28358,Consent Agenda,Consent Agenda,"5 Aye, 2 Absent",https://viennavadata.org/meeting/2022-06-06.html
2022-06-06,28371,Appointment of Town Officials for Fiscal Year 2022-23,Appointments & Resignations,,https://viennavadata.org/meeting/2022-06-06.html
2022-06-06,28366,FY 2023 funding of contracts issued by other jurisdictions.,Contracts & Purchasing,,https://viennavadata.org/meeting/2022-06-06.html
2022-06-06,28367,FY 2023 funding and renewals of Town contracts,Contracts & Purchasing,,https://viennavadata.org/meeting/2022-06-06.html
2022-06-06,28361,Approval of payment to Tyler Technology for standard software maintenance agreement (SSMA) for Vienna Police Department.,Public Safety,,https://viennavadata.org/meeting/2022-06-06.html
2022-06-06,28364,"Set public hearing for Updating Chapter 25 - Historic Structures, Sites and Places - of the Town Code, specifically Sec. 25-8 - Presumptive qualification for registration",Town Code & Ordinances,,https://viennavadata.org/meeting/2022-06-06.html
2022-06-06,28360,In car video system replacement /upgrade.,Public Safety,,https://viennavadata.org/meeting/2022-06-06.html
2022-06-06,28359,Regular Business,Procedural,,https://viennavadata.org/meeting/2022-06-06.html
2022-06-06,28362,Request to Approve Study Contract for Parking Supply-and-Demand Study,"Streets, Sidewalks & Transportation","5 Aye, 2 Absent",https://viennavadata.org/meeting/2022-06-06.html
2022-06-06,28365,"Intent to Adopt Text Amendments Related to Outdoor Dining in Sections 18-72, 18-74, and 18-210","Land Use, Zoning & Development","5 Aye, 2 Absent",https://viennavadata.org/meeting/2022-06-06.html
2022-06-06,28369,Meeting Adjournment,Procedural,,https://viennavadata.org/meeting/2022-06-06.html
2022-06-06,28370,"THE TOWN OF VIENNA IS COMMITTED TO FULL COMPLIANCE WITH THE AMERICANS WITH DISABILITIES ACT STANDARDS. TRANSLATION SERVICES, ASSISTANCE OR ACCOMMODATION REQUESTS FROM PERSONS WITH DISABILITIES ARE TO BE REQUESTED NOT LESS THAN 3 WORKING DAYS BEFORE THE DAY OF THE EVENT. PLEASE CALL (703) 255-6304, OR 711 VIRGINIA RELAY SERVICE FOR THE HEARING IMPAIRED.",Procedural,,https://viennavadata.org/meeting/2022-06-06.html
2022-05-16,28201,"Invocation: Mercury Payton, Town Manager",Procedural,,https://viennavadata.org/meeting/2022-05-16.html
2022-05-16,28202,Pledge of Allegiance to the Flag of the United States of America,Procedural,,https://viennavadata.org/meeting/2022-05-16.html
2022-05-16,28203,Roll Call,Procedural,,https://viennavadata.org/meeting/2022-05-16.html
2022-05-16,28204,Approval of the Minutes:,Minutes,,https://viennavadata.org/meeting/2022-05-16.html
2022-05-16,28220,"Acceptance of the Regular Council Meeting Minutes of April 25, 2022, May 2, 2022 and the Conference Session Minutes of April 18, 2022",Minutes,7 Aye,https://viennavadata.org/meeting/2022-05-16.html
2022-05-16,28205,"Receipt of petitions and communications from the Public that are not on the Agenda.  
          (Limited to 3 minutes per issue and no formal action can be taken this evening)",Procedural,,https://viennavadata.org/meeting/2022-05-16.html
2022-05-16,28207,Reports/Presentations,Procedural,,https://viennavadata.org/meeting/2022-05-16.html
2022-05-16,28221,Proclamation to recognize International Dark Sky Week in Vienna,Proclamations & Recognitions,,https://viennavadata.org/meeting/2022-05-16.html
2022-05-16,28222,Recognizing Businesses During Business Appreciation Month,Proclamations & Recognitions,,https://viennavadata.org/meeting/2022-05-16.html
2022-05-16,28208,Report and Inquiries of Council Members,Procedural,,https://viennavadata.org/meeting/2022-05-16.html
2022-05-16,28209,Report of the Town Manager,Procedural,,https://viennavadata.org/meeting/2022-05-16.html
2022-05-16,28227,Introduction of new Planning & Zoning Director,"Land Use, Zoning & Development",,https://viennavadata.org/meeting/2022-05-16.html
2022-05-16,28228,Introduction of new Police Officers,Public Safety,,https://viennavadata.org/meeting/2022-05-16.html
2022-05-16,28210,Report of the Mayor,Procedural,,https://viennavadata.org/meeting/2022-05-16.html
2022-05-16,28211,Proposals for Additional Items to the Agenda,Procedural,,https://viennavadata.org/meeting/2022-05-16.html
2022-05-16,28212,Closed Session,Procedural,7 Aye,https://viennavadata.org/meeting/2022-05-16.html
2022-05-16,28215,Regular Business,Procedural,,https://viennavadata.org/meeting/2022-05-16.html
2022-05-16,28217,Intent to Adopt Real Estate Tax Rate for FY 2022-23,"Budget, Taxes & Finance",7 Aye,https://viennavadata.org/meeting/2022-05-16.html
2022-05-16,28218,Intent to Adopt FY 2022-23 Water and Sewer Rates,"Water, Sewer & Stormwater",7 Aye,https://viennavadata.org/meeting/2022-05-16.html
2022-05-16,28219,Adopt FY 2022-23 Operating Budget,"Budget, Taxes & Finance",7 Aye,https://viennavadata.org/meeting/2022-05-16.html
2022-05-16,28216,"Request approval for spending $89,925.40 with Arthur Construction Co., Inc. for construction of Robinson Trust Sidewalk Project on Charles Street SE.","Streets, Sidewalks & Transportation",7 Aye,https://viennavadata.org/meeting/2022-05-16.html
2022-05-16,28317,Leaf mulch survey,"Environment, Trees & Sustainability","4 Aye, 3 Nay",https://viennavadata.org/meeting/2022-05-16.html
2022-05-16,28223,Meeting Adjournment,Procedural,,https://viennavadata.org/meeting/2022-05-16.html
2022-05-16,28224,"THE TOWN OF VIENNA IS COMMITTED TO FULL COMPLIANCE WITH THE AMERICANS WITH DISABILITIES ACT STANDARDS. TRANSLATION SERVICES, ASSISTANCE OR ACCOMMODATION REQUESTS FROM PERSONS WITH DISABILITIES ARE TO BE REQUESTED NOT LESS THAN 3 WORKING DAYS BEFORE THE DAY OF THE EVENT. PLEASE CALL (703) 255-6304, OR 711 VIRGINIA RELAY SERVICE FOR THE HEARING IMPAIRED.",Procedural,,https://viennavadata.org/meeting/2022-05-16.html
2022-05-11,28143,Roll Call,Procedural,,https://viennavadata.org/meeting/2022-05-11.html
2022-05-11,28153,Public Hearings,Procedural,,https://viennavadata.org/meeting/2022-05-11.html
2022-05-11,28156,"Joint Public Hearing with the Planning Commission on May 11, 2022 for Text Amendments Related to Outdoor Dining in Sections 18-72, 18-74, and 18-210.","Land Use, Zoning & Development",,https://viennavadata.org/meeting/2022-05-11.html
2022-05-11,28157,Meeting Adjournment,Procedural,,https://viennavadata.org/meeting/2022-05-11.html
2022-05-11,28158,"THE TOWN OF VIENNA IS COMMITTED TO FULL COMPLIANCE WITH THE AMERICANS WITH DISABILITIES ACT STANDARDS. TRANSLATION SERVICES, ASSISTANCE OR ACCOMMODATION REQUESTS FROM PERSONS WITH DISABILITIES ARE TO BE REQUESTED NOT LESS THAN 3 WORKING DAYS BEFORE THE DAY OF THE EVENT. PLEASE CALL (703) 255-6304, OR 711 VIRGINIA RELAY SERVICE FOR THE HEARING IMPAIRED.",Procedural,,https://viennavadata.org/meeting/2022-05-11.html
2022-05-02,28080,"Invocation:Kelly Yazdani, Baha'i Community",Procedural,,https://viennavadata.org/meeting/2022-05-02.html
2022-05-02,28081,Pledge of Allegiance to the Flag of the United States of America,Procedural,,https://viennavadata.org/meeting/2022-05-02.html
2022-05-02,28082,Roll Call,Procedural,,https://viennavadata.org/meeting/2022-05-02.html
2022-05-02,28083,Acceptance of the Minutes: None,Minutes,,https://viennavadata.org/meeting/2022-05-02.html
2022-05-02,28084,"Receipt of petitions and communications from the Public that are not on the Agenda.  
          (Limited to 3 minutes per issue and no formal action can be taken this evening)",Procedural,,https://viennavadata.org/meeting/2022-05-02.html
2022-05-02,28086,Reports/Presentations,Procedural,,https://viennavadata.org/meeting/2022-05-02.html
2022-05-02,28102,Proclamation for National Stroke Month,Proclamations & Recognitions,,https://viennavadata.org/meeting/2022-05-02.html
2022-05-02,28095,Robinson Sidewalks Update,"Streets, Sidewalks & Transportation",,https://viennavadata.org/meeting/2022-05-02.html
2022-05-02,28087,Report and Inquiries of Council Members,Procedural,,https://viennavadata.org/meeting/2022-05-02.html
2022-05-02,28088,Report of the Town Manager,Procedural,,https://viennavadata.org/meeting/2022-05-02.html
2022-05-02,28089,Report of the Mayor,Procedural,,https://viennavadata.org/meeting/2022-05-02.html
2022-05-02,28090,Proposals for Additional Items to the Agenda,Procedural,,https://viennavadata.org/meeting/2022-05-02.html
2022-05-02,28091,Closed Session - No report,Procedural,,https://viennavadata.org/meeting/2022-05-02.html
2022-05-02,28092,Public Hearings,Procedural,,https://viennavadata.org/meeting/2022-05-02.html
2022-05-02,28097,,Procedural,"5 Aye, 2 Nay",https://viennavadata.org/meeting/2022-05-02.html
2022-05-02,28094,Regular Business,Procedural,,https://viennavadata.org/meeting/2022-05-02.html
2022-05-02,28098,Approve Spending Increase to Hoar Construction for Police Station Construction,Public Safety,7 Aye,https://viennavadata.org/meeting/2022-05-02.html
2022-05-02,28099,"Increase Spending for Downey and Scott, Project Management For The Police Station",Public Safety,7 Aye,https://viennavadata.org/meeting/2022-05-02.html
2022-05-02,28100,Meeting Adjournment,Procedural,7 Aye,https://viennavadata.org/meeting/2022-05-02.html
2022-05-02,28101,"THE TOWN OF VIENNA IS COMMITTED TO FULL COMPLIANCE WITH THE AMERICANS WITH DISABILITIES ACT STANDARDS. TRANSLATION SERVICES, ASSISTANCE OR ACCOMMODATION REQUESTS FROM PERSONS WITH DISABILITIES ARE TO BE REQUESTED NOT LESS THAN 3 WORKING DAYS BEFORE THE DAY OF THE EVENT. PLEASE CALL (703) 255-6304, OR 711 VIRGINIA RELAY SERVICE FOR THE HEARING IMPAIRED.",Procedural,,https://viennavadata.org/meeting/2022-05-02.html
2022-04-25,28027,"Invocation: Reverend Brenda Burns, Vienna Assembly of God",Procedural,,https://viennavadata.org/meeting/2022-04-25.html
2022-04-25,28028,Pledge of Allegiance to the Flag of the United States of America,Procedural,,https://viennavadata.org/meeting/2022-04-25.html
2022-04-25,28029,Roll Call,Procedural,,https://viennavadata.org/meeting/2022-04-25.html
2022-04-25,28030,Acceptance of the Minutes:,Minutes,,https://viennavadata.org/meeting/2022-04-25.html
2022-04-25,28050,"Acceptance of the Regular Council Meeting Minutes of April 11, 2022 and the Conference Session Minutes of March 24, 2022, March 28, 2022 and March 31, 2022.",Minutes,7 Aye,https://viennavadata.org/meeting/2022-04-25.html
2022-04-25,28031,"Receipt of petitions and communications from the Public that are not on the Agenda.  
          (Limited to 3 minutes per issue and no formal action can be taken this evening)",Procedural,,https://viennavadata.org/meeting/2022-04-25.html
2022-04-25,28033,Reports/Presentations,Procedural,,https://viennavadata.org/meeting/2022-04-25.html
2022-04-25,28049,2022 Arbor Day Proclamation,Proclamations & Recognitions,,https://viennavadata.org/meeting/2022-04-25.html
2022-04-25,28034,Report and Inquiries of Council Members,Procedural,,https://viennavadata.org/meeting/2022-04-25.html
2022-04-25,28035,Report of the Town Manager,Procedural,,https://viennavadata.org/meeting/2022-04-25.html
2022-04-25,28036,Report of the Mayor,Procedural,,https://viennavadata.org/meeting/2022-04-25.html
2022-04-25,28037,Proposals for Additional Items to the Agenda,Procedural,,https://viennavadata.org/meeting/2022-04-25.html
2022-04-25,28038,Closed Session,Procedural,7 Aye,https://viennavadata.org/meeting/2022-04-25.html
2022-04-25,28039,Public Hearings,Procedural,,https://viennavadata.org/meeting/2022-04-25.html
2022-04-25,28047,Public Hearing on the FY 2022-23 Proposed Tax Rate,"Budget, Taxes & Finance",7 Aye,https://viennavadata.org/meeting/2022-04-25.html
2022-04-25,28048,Public Hearing to consider alley vacation of 115 Wilmar Place NW,"Land Use, Zoning & Development",7 Aye,https://viennavadata.org/meeting/2022-04-25.html
2022-04-25,28041,Regular Business,Procedural,,https://viennavadata.org/meeting/2022-04-25.html
2022-04-25,28042,Request approval for purchase of Bobcat (Toolcat) UW56,Contracts & Purchasing,"6 Aye, 1 Nay",https://viennavadata.org/meeting/2022-04-25.html
2022-04-25,28043,Request Approval of Final Plat for Re-Subdivision of 841 Ninovan Road SE (Existing Lots 213 and 215 of Onondio Part of Block 4).,"Land Use, Zoning & Development",7 Aye,https://viennavadata.org/meeting/2022-04-25.html
2022-04-25,28044,"Request to Approve Boundary Line Adjustment of Two Lots Not Within the Same Subdivision, Located at 200 and 204 Courthouse Road SW, Located in the RS-10 Single-Family Detached Residential Zoning District","Land Use, Zoning & Development",7 Aye,https://viennavadata.org/meeting/2022-04-25.html
2022-04-25,28045,"Refer Zoning Text Amendments to and Set a Joint Public Hearing with the Planning Commission on May 11, 2022 for Text Amendments Related to Outdoor Dining in Sections 18-72, 18-74, and 18-210.","Land Use, Zoning & Development",7 Aye,https://viennavadata.org/meeting/2022-04-25.html
2022-04-25,28046,Request to Approve the Town of Vienna Guide to Improving Street Safety,"Streets, Sidewalks & Transportation",7 Aye,https://viennavadata.org/meeting/2022-04-25.html
2022-04-25,28051,Meeting Adjournment,Procedural,,https://viennavadata.org/meeting/2022-04-25.html
2022-04-25,28052,"THE TOWN OF VIENNA IS COMMITTED TO FULL COMPLIANCE WITH THE AMERICANS WITH DISABILITIES ACT STANDARDS. TRANSLATION SERVICES, ASSISTANCE OR ACCOMMODATION REQUESTS FROM PERSONS WITH DISABILITIES ARE TO BE REQUESTED NOT LESS THAN 3 WORKING DAYS BEFORE THE DAY OF THE EVENT. PLEASE CALL (703) 255-6304, OR 711 VIRGINIA RELAY SERVICE FOR THE HEARING IMPAIRED.",Procedural,,https://viennavadata.org/meeting/2022-04-25.html
2022-04-11,27897,"Invocation: Mercury Payton, Town Manager",Procedural,,https://viennavadata.org/meeting/2022-04-11.html
2022-04-11,27898,Pledge of Allegiance to the Flag of the United States of America,Procedural,,https://viennavadata.org/meeting/2022-04-11.html
2022-04-11,27899,Roll Call,Procedural,,https://viennavadata.org/meeting/2022-04-11.html
2022-04-11,27900,Acceptance of the Minutes:,Minutes,,https://viennavadata.org/meeting/2022-04-11.html
2022-04-11,27923,"Acceptance of the Regular Council Meeting Minutes of March 21, 2022 and the Conference Session Minutes of March 12, 2022 and March 14, 2022.",Minutes,7 Aye,https://viennavadata.org/meeting/2022-04-11.html
2022-04-11,27901,"Receipt of petitions and communications from the Public that are not on the Agenda.  
          (Limited to 3 minutes per issue and no formal action can be taken this evening)",Procedural,,https://viennavadata.org/meeting/2022-04-11.html
2022-04-11,27903,Reports/Presentations,Procedural,,https://viennavadata.org/meeting/2022-04-11.html
2022-04-11,27904,Report and Inquiries of Council Members,Procedural,,https://viennavadata.org/meeting/2022-04-11.html
2022-04-11,27905,Report of the Town Manager,Procedural,,https://viennavadata.org/meeting/2022-04-11.html
2022-04-11,27906,Report of the Mayor,Procedural,,https://viennavadata.org/meeting/2022-04-11.html
2022-04-11,27907,Proposals for Additional Items to the Agenda,Procedural,,https://viennavadata.org/meeting/2022-04-11.html
2022-04-11,27908,Closed Session,Procedural,7 Aye,https://viennavadata.org/meeting/2022-04-11.html
2022-04-11,27909,Public Hearings,Procedural,,https://viennavadata.org/meeting/2022-04-11.html
2022-04-11,27920,Public Hearing for 2022-23 Budget,"Budget, Taxes & Finance",7 Aye,https://viennavadata.org/meeting/2022-04-11.html
2022-04-11,27918,Public Hearing on FY 2022-23 Water and Sewer Rates,"Water, Sewer & Stormwater",7 Aye,https://viennavadata.org/meeting/2022-04-11.html
2022-04-11,27910,Consent Agenda,Consent Agenda,,https://viennavadata.org/meeting/2022-04-11.html
2022-04-11,27914,Increase Appropriation with Davenport & Company LLC for 2022 Bond Issue Financial Advisory Services,"Budget, Taxes & Finance",,https://viennavadata.org/meeting/2022-04-11.html
2022-04-11,27921,Request approval of Memorandum of Understanding between Vienna Little League and Town of Vienna for use of Yeonas Park during the Fourth of July 2022 entertainment and fireworks show.,Parks & Recreation,,https://viennavadata.org/meeting/2022-04-11.html
2022-04-11,27911,Regular Business,Procedural,,https://viennavadata.org/meeting/2022-04-11.html
2022-04-11,27922,Request to Approve a Design Contract for Kingsley Road SW Sidewalk,"Streets, Sidewalks & Transportation",,https://viennavadata.org/meeting/2022-04-11.html
2022-04-11,27965,Request to Approve a Design Contract for Kingsley Road SW Sidewalk,"Streets, Sidewalks & Transportation",7 Aye,https://viennavadata.org/meeting/2022-04-11.html
2022-04-11,27915,"Consideration to Initiate Design of Robinson Trust Sidewalk Projects with Urban, Ltd.","Streets, Sidewalks & Transportation",7 Aye,https://viennavadata.org/meeting/2022-04-11.html
2022-04-11,27916,"Consideration to Initiate Final Design of a Curb, Gutter, and Sidewalk Project for Church Street NE with Urban, Ltd.","Streets, Sidewalks & Transportation",7 Aye,https://viennavadata.org/meeting/2022-04-11.html
2022-04-11,27917,"Consideration to Initiate Final Design of Robinson Trust Sidewalk Projects with Whitman, Requardt, & Associates, Ltd.","Streets, Sidewalks & Transportation",7 Aye,https://viennavadata.org/meeting/2022-04-11.html
2022-04-11,27912,Approve Debt Management Policy,"Budget, Taxes & Finance",7 Aye,https://viennavadata.org/meeting/2022-04-11.html
2022-04-11,27913,"Amend Town Code Chapter 6, Section 6-4.2, Eligibility for (Real Estate Tax) Exemption or Deferral","Budget, Taxes & Finance",7 Aye,https://viennavadata.org/meeting/2022-04-11.html
2022-04-11,27919,Set a public hearing to consider alley vacation of 115 Wilmar Place NW,"Land Use, Zoning & Development",,https://viennavadata.org/meeting/2022-04-11.html
2022-04-11,27924,Meeting Adjournment,Procedural,7 Aye,https://viennavadata.org/meeting/2022-04-11.html
2022-04-11,27925,"THE TOWN OF VIENNA IS COMMITTED TO FULL COMPLIANCE WITH THE AMERICANS WITH DISABILITIES ACT STANDARDS. TRANSLATION SERVICES, ASSISTANCE OR ACCOMMODATION REQUESTS FROM PERSONS WITH DISABILITIES ARE TO BE REQUESTED NOT LESS THAN 3 WORKING DAYS BEFORE THE DAY OF THE EVENT. PLEASE CALL (703) 255-6304, OR 711 VIRGINIA RELAY SERVICE FOR THE HEARING IMPAIRED.",Procedural,,https://viennavadata.org/meeting/2022-04-11.html
2022-03-21,27727,"Invocation: Pastor Emmanuel Nkrumah, Wesley Ghana UMC",Procedural,,https://viennavadata.org/meeting/2022-03-21.html
2022-03-21,27728,Pledge of Allegiance to the Flag of the United States of America,Procedural,,https://viennavadata.org/meeting/2022-03-21.html
2022-03-21,27729,Roll Call,Procedural,,https://viennavadata.org/meeting/2022-03-21.html
2022-03-21,27730,Acceptance of the Minutes:,Minutes,,https://viennavadata.org/meeting/2022-03-21.html
2022-03-21,27755,"Acceptance of the Regular Council Meeting Minutes of February 28, 2022 and March 7, 2022 and the Special Council Meeting on The Bond Sale February 22, 2022.",Minutes,7 Aye,https://viennavadata.org/meeting/2022-03-21.html
2022-03-21,27731,"Receipt of petitions and communications from the Public that are not on the Agenda.  
          (Limited to 3 minutes per issue and no formal action can be taken this evening)",Procedural,,https://viennavadata.org/meeting/2022-03-21.html
2022-03-21,27733,Reports/Presentations,Procedural,,https://viennavadata.org/meeting/2022-03-21.html
2022-03-21,27734,Report and Inquiries of Council Members,Procedural,,https://viennavadata.org/meeting/2022-03-21.html
2022-03-21,27735,Report of the Town Manager,Procedural,,https://viennavadata.org/meeting/2022-03-21.html
2022-03-21,27736,Report of the Mayor,Procedural,,https://viennavadata.org/meeting/2022-03-21.html
2022-03-21,27737,Proposals for Additional Items to the Agenda,Procedural,,https://viennavadata.org/meeting/2022-03-21.html
2022-03-21,27738,Closed Session,Procedural,7 Aye,https://viennavadata.org/meeting/2022-03-21.html
2022-03-21,27739,Public Hearings,Procedural,,https://viennavadata.org/meeting/2022-03-21.html
2022-03-21,27748,Public Hearing for Leaf Mulch Program Alternatives,"Environment, Trees & Sustainability",,https://viennavadata.org/meeting/2022-03-21.html
2022-03-21,27740,Consent Agenda,Consent Agenda,7 Aye,https://viennavadata.org/meeting/2022-03-21.html
2022-03-21,27751,"Request to Set a Public Hearing for April 11, 2022 regarding the FY 2022-23 Operating Budget","Budget, Taxes & Finance",,https://viennavadata.org/meeting/2022-03-21.html
2022-03-21,27753,"Request to set a public hearing for April 11, 2022 regarding FY 2022-23 water and sewer rates","Water, Sewer & Stormwater",,https://viennavadata.org/meeting/2022-03-21.html
2022-03-21,27754,"Request to set a public hearing for April 25, 2022 regarding the FY 2022-23 real estate tax rate","Budget, Taxes & Finance",,https://viennavadata.org/meeting/2022-03-21.html
2022-03-21,27743,ARPA Funded Marketing Support for Economic Development Division,"Budget, Taxes & Finance","6 Aye, 1 Nay",https://viennavadata.org/meeting/2022-03-21.html
2022-03-21,27746,Request to upgrade Town’s existing Voice Over Internet Protocol (VOIP) Phone system and install Informacast interoffice paging and alert system.,Contracts & Purchasing,,https://viennavadata.org/meeting/2022-03-21.html
2022-03-21,27752,Request approval of MOU between Town of Vienna and Rotary Club of Vienna for 2022 Viva! Vienna! Festival and Backstage Brewfest,"Community, Arts & Events",,https://viennavadata.org/meeting/2022-03-21.html
2022-03-21,27749,"Request approval for spending $261,448.48 with Arthur Construction Co., Inc. for construction of Robinson Trust Sidewalk Projects.","Streets, Sidewalks & Transportation",,https://viennavadata.org/meeting/2022-03-21.html
2022-03-21,27745,Intent to Adopt Temporary Medical Testing Zoning Text Amendment,"Land Use, Zoning & Development",,https://viennavadata.org/meeting/2022-03-21.html
2022-03-21,27741,Regular Business,Procedural,,https://viennavadata.org/meeting/2022-03-21.html
2022-03-21,27809,"Consideration of Request for Site Plan Modifications for Louise Archer Elementary School, Located At 324 Nutley St., NW, Related to School Renovation and Expansion","Land Use, Zoning & Development",7 Aye,https://viennavadata.org/meeting/2022-03-21.html
2022-03-21,27742,"Consideration of Request for Site Plan Modifications for Louise Archer Elementary School, Located At 324 Nutley St., NW, Related to School Renovation and Expansion","Land Use, Zoning & Development",,https://viennavadata.org/meeting/2022-03-21.html
2022-03-21,27750,"Consideration of request for site plan modifications for White Oak Tower, located at 301 Maple Avenue W, related to medical office use limitation related to parking.","Land Use, Zoning & Development","4 Nay, 3 Aye",https://viennavadata.org/meeting/2022-03-21.html
2022-03-21,27744,"Intent to Adopt Text Amendment to 18-168, Related to Porch Projections into the Front Yard","Land Use, Zoning & Development","3 Nay, 4 Aye",https://viennavadata.org/meeting/2022-03-21.html
2022-03-21,27747,Request approval to award IFB 22-07 construction contract to Richardson Wayland Electric Company for the Maple Avenue and Park Street Signal Reconstruction,Parks & Recreation,7 Aye,https://viennavadata.org/meeting/2022-03-21.html
2022-03-21,27812,ARPA Funded Marketing Support for Economic Development Division,"Budget, Taxes & Finance","6 Aye, 1 Nay",https://viennavadata.org/meeting/2022-03-21.html
2022-03-21,27756,Meeting Adjournment,Procedural,,https://viennavadata.org/meeting/2022-03-21.html
2022-03-21,27757,"THE TOWN OF VIENNA IS COMMITTED TO FULL COMPLIANCE WITH THE AMERICANS WITH DISABILITIES ACT STANDARDS. TRANSLATION SERVICES, ASSISTANCE OR ACCOMMODATION REQUESTS FROM PERSONS WITH DISABILITIES ARE TO BE REQUESTED NOT LESS THAN 3 WORKING DAYS BEFORE THE DAY OF THE EVENT. PLEASE CALL (703) 255-6304, OR 711 VIRGINIA RELAY SERVICE FOR THE HEARING IMPAIRED.",Procedural,,https://viennavadata.org/meeting/2022-03-21.html
2022-03-07,27587,"Invocation: Reverend Kyungsuk Cho, Wesley UNited Methodist Church",Procedural,,https://viennavadata.org/meeting/2022-03-07.html
2022-03-07,27588,Pledge of Allegiance to the Flag of the United States of America,Procedural,,https://viennavadata.org/meeting/2022-03-07.html
2022-03-07,27589,Roll Call,Procedural,,https://viennavadata.org/meeting/2022-03-07.html
2022-03-07,27590,Acceptance of the Minutes:,Minutes,,https://viennavadata.org/meeting/2022-03-07.html
2022-03-07,27607,"Acceptance of the Conference Session Minutes of November 30, 2021 and February 2, 2022.",Minutes,7 Aye,https://viennavadata.org/meeting/2022-03-07.html
2022-03-07,27591,"Receipt of petitions and communications from the Public that are not on the Agenda.  
          (Limited to 3 minutes per issue and no formal action can be taken this evening)",Procedural,,https://viennavadata.org/meeting/2022-03-07.html
2022-03-07,27593,Reports/Presentations,Procedural,,https://viennavadata.org/meeting/2022-03-07.html
2022-03-07,27606,Delegate Mark Keam- Legislative Update,Grants & Intergovernmental,,https://viennavadata.org/meeting/2022-03-07.html
2022-03-07,27594,Report and Inquiries of Council Members,Procedural,,https://viennavadata.org/meeting/2022-03-07.html
2022-03-07,27595,Report of the Town Manager,Procedural,,https://viennavadata.org/meeting/2022-03-07.html
2022-03-07,27596,Report of the Mayor,Procedural,,https://viennavadata.org/meeting/2022-03-07.html
2022-03-07,27597,Proposals for Additional Items to the Agenda,Procedural,,https://viennavadata.org/meeting/2022-03-07.html
2022-03-07,27598,Closed Session Report,Procedural,7 Aye,https://viennavadata.org/meeting/2022-03-07.html
2022-03-07,27611,Consent Agenda,Consent Agenda,,https://viennavadata.org/meeting/2022-03-07.html
2022-03-07,27602,"Request approval for spending $200,000 with Tri-State Utilities, Inc. for rehabilitation of sanitary sewer pipes throughout the service area.","Water, Sewer & Stormwater",7 Aye,https://viennavadata.org/meeting/2022-03-07.html
2022-03-07,27603,Request to Procure Network Switches and Wireless Access Points to Support the New Police Station Information Technology Network Infrastructure.,Public Safety,7 Aye,https://viennavadata.org/meeting/2022-03-07.html
2022-03-07,27604,Request approval of memorandum of understanding (MOU) between the Optimist Club of Greater Vienna and Town of Vienna for use of the Vienna Community Center parking lot for the 2022 Vienna Farmers Market,Parks & Recreation,7 Aye,https://viennavadata.org/meeting/2022-03-07.html
2022-03-07,27608,"The Police Department requests approval to add $5,500 to the budget of ECS Mid-Atlantic for observation and testing services of the Police Station project.",Public Safety,7 Aye,https://viennavadata.org/meeting/2022-03-07.html
2022-03-07,27601,Regular Business,Procedural,,https://viennavadata.org/meeting/2022-03-07.html
2022-03-07,27605,"Council Acceptance of $63,046.89 in Federal, State and Local Fiscal Recovery Funds (SLFRF) for Utility Relief","Budget, Taxes & Finance",,https://viennavadata.org/meeting/2022-03-07.html
2022-03-07,27654,"Council Acceptance of $63,046.89 in Federal, State and Local Fiscal Recovery Funds (SLFRF) for Utility Relief","Budget, Taxes & Finance",7 Aye,https://viennavadata.org/meeting/2022-03-07.html
2022-03-07,27609,Meeting Adjournment,Procedural,,https://viennavadata.org/meeting/2022-03-07.html
2022-03-07,27610,"THE TOWN OF VIENNA IS COMMITTED TO FULL COMPLIANCE WITH THE AMERICANS WITH DISABILITIES ACT STANDARDS. TRANSLATION SERVICES, ASSISTANCE OR ACCOMMODATION REQUESTS FROM PERSONS WITH DISABILITIES ARE TO BE REQUESTED NOT LESS THAN 3 WORKING DAYS BEFORE THE DAY OF THE EVENT. PLEASE CALL (703) 255-6304, OR 711 VIRGINIA RELAY SERVICE FOR THE HEARING IMPAIRED.",Procedural,,https://viennavadata.org/meeting/2022-03-07.html
2022-02-28,27539,"Invocation: Reverend Brenda Burns, Vienna Assembly of God",Procedural,,https://viennavadata.org/meeting/2022-02-28.html
2022-02-28,27540,Pledge of Allegiance to the Flag of the United States of America,Procedural,,https://viennavadata.org/meeting/2022-02-28.html
2022-02-28,27541,Roll Call,Procedural,,https://viennavadata.org/meeting/2022-02-28.html
2022-02-28,27542,Approval of the Minutes:,Minutes,,https://viennavadata.org/meeting/2022-02-28.html
2022-02-28,27557,"Acceptance of the Regular Council Meeting Minutes of January 24, 2022 and February 7, 2022 and the Conference Session of February 14, 2022",Minutes,"1 Absent, 6 Aye",https://viennavadata.org/meeting/2022-02-28.html
2022-02-28,27543,"Receipt of petitions and communications from the Public that are not on the Agenda.  
          (Limited to 3 minutes per issue and no formal action can be taken this evening)",Procedural,,https://viennavadata.org/meeting/2022-02-28.html
2022-02-28,27545,Reports/Presentations,Procedural,,https://viennavadata.org/meeting/2022-02-28.html
2022-02-28,27546,Report and Inquiries of Council Members,Procedural,,https://viennavadata.org/meeting/2022-02-28.html
2022-02-28,27547,Report of the Town Manager,Procedural,,https://viennavadata.org/meeting/2022-02-28.html
2022-02-28,27548,Report of the Mayor,Procedural,,https://viennavadata.org/meeting/2022-02-28.html
2022-02-28,27549,Proposals for Additional Items to the Agenda,Procedural,,https://viennavadata.org/meeting/2022-02-28.html
2022-02-28,27550,Closed Session,Procedural,"1 Absent, 6 Aye",https://viennavadata.org/meeting/2022-02-28.html
2022-02-28,27551,Public Hearings,Procedural,,https://viennavadata.org/meeting/2022-02-28.html
2022-02-28,27556,Public Hearing on Temporary Medical Testing Zoning Text Amendment,"Land Use, Zoning & Development","1 Absent, 6 Aye",https://viennavadata.org/meeting/2022-02-28.html
2022-02-28,27552,Consent Agenda,Consent Agenda,,https://viennavadata.org/meeting/2022-02-28.html
2022-02-28,27553,Regular Business,Procedural,,https://viennavadata.org/meeting/2022-02-28.html
2022-02-28,27555,"Consideration of Zoning Ordinance Text Amendment for 18-168, Related to Porch Projections into the Front Yard","Land Use, Zoning & Development","1 Absent, 4 Aye, 2 Nay",https://viennavadata.org/meeting/2022-02-28.html
2022-02-28,27554,Body-worn camera program.,Public Safety,"1 Absent, 6 Aye",https://viennavadata.org/meeting/2022-02-28.html
2022-02-28,27558,Approve Spending with Davenport & Company as Financial Advisor for 2022 Bond Issue,"Budget, Taxes & Finance","1 Absent, 6 Aye",https://viennavadata.org/meeting/2022-02-28.html
2022-02-28,27559,"Approve Spending with McGuire Woods, LLC As Bond Counsel For 2022 Bond Issue","Budget, Taxes & Finance","1 Absent, 6 Aye",https://viennavadata.org/meeting/2022-02-28.html
2022-02-28,27560,Meeting Adjournment,Procedural,"1 Absent, 6 Aye",https://viennavadata.org/meeting/2022-02-28.html
2022-02-28,27561,"THE TOWN OF VIENNA IS COMMITTED TO FULL COMPLIANCE WITH THE AMERICANS WITH DISABILITIES ACT STANDARDS. TRANSLATION SERVICES, ASSISTANCE OR ACCOMMODATION REQUESTS FROM PERSONS WITH DISABILITIES ARE TO BE REQUESTED NOT LESS THAN 3 WORKING DAYS BEFORE THE DAY OF THE EVENT. PLEASE CALL (703) 255-6304, OR 711 VIRGINIA RELAY SERVICE FOR THE HEARING IMPAIRED.",Procedural,,https://viennavadata.org/meeting/2022-02-28.html
2022-02-22,27492,Roll Call,Procedural,,https://viennavadata.org/meeting/2022-02-22.html
2022-02-22,27504,Regular Business,Procedural,,https://viennavadata.org/meeting/2022-02-22.html
2022-02-22,27505,Special Meeting to Accept Bid for Bond Sale,"Budget, Taxes & Finance","5 Aye, 2 Absent",https://viennavadata.org/meeting/2022-02-22.html
2022-02-22,27506,Meeting Adjournment,Procedural,"5 Aye, 2 Absent",https://viennavadata.org/meeting/2022-02-22.html
2022-02-22,27507,"THE TOWN OF VIENNA IS COMMITTED TO FULL COMPLIANCE WITH THE AMERICANS WITH DISABILITIES ACT STANDARDS. TRANSLATION SERVICES, ASSISTANCE OR ACCOMMODATION REQUESTS FROM PERSONS WITH DISABILITIES ARE TO BE REQUESTED NOT LESS THAN 3 WORKING DAYS BEFORE THE DAY OF THE EVENT. PLEASE CALL (703) 255-6304, OR 711 VIRGINIA RELAY SERVICE FOR THE HEARING IMPAIRED.",Procedural,,https://viennavadata.org/meeting/2022-02-22.html
2022-02-07,27390,Invocation: Councilmember Ray Brill,Procedural,,https://viennavadata.org/meeting/2022-02-07.html
2022-02-07,27391,Pledge of Allegiance to the Flag of the United States of America,Procedural,,https://viennavadata.org/meeting/2022-02-07.html
2022-02-07,27392,Roll Call,Procedural,,https://viennavadata.org/meeting/2022-02-07.html
2022-02-07,27393,Acceptance of the Minutes: None,Minutes,,https://viennavadata.org/meeting/2022-02-07.html
2022-02-07,27394,"Receipt of petitions and communications from the Public that are not on the Agenda.  
          (Limited to 3 minutes per issue and no formal action can be taken this evening)",Procedural,,https://viennavadata.org/meeting/2022-02-07.html
2022-02-07,27396,Reports/Presentations,Procedural,,https://viennavadata.org/meeting/2022-02-07.html
2022-02-07,27397,Report and Inquiries of Council Members,Procedural,,https://viennavadata.org/meeting/2022-02-07.html
2022-02-07,27398,Report of the Town Manager,Procedural,,https://viennavadata.org/meeting/2022-02-07.html
2022-02-07,27399,Report of the Mayor,Procedural,,https://viennavadata.org/meeting/2022-02-07.html
2022-02-07,27400,Proposals for Additional Items to the Agenda,Procedural,,https://viennavadata.org/meeting/2022-02-07.html
2022-02-07,27401,Closed Session Report,Procedural,,https://viennavadata.org/meeting/2022-02-07.html
2022-02-07,27402,Public Hearings,Procedural,,https://viennavadata.org/meeting/2022-02-07.html
2022-02-07,27406,Public hearing for Potential Name Change for Wade Hampton Drive,"Streets, Sidewalks & Transportation",7 Aye,https://viennavadata.org/meeting/2022-02-07.html
2022-02-07,27409,Public Hearing for Issuance of 2022 Bond,"Budget, Taxes & Finance",7 Aye,https://viennavadata.org/meeting/2022-02-07.html
2022-02-07,27404,Regular Business,Procedural,,https://viennavadata.org/meeting/2022-02-07.html
2022-02-07,27405,"Setting of Public Hearing on Leaf Collection and Mulching Program for March 21, 2022","Environment, Trees & Sustainability",7 Aye,https://viennavadata.org/meeting/2022-02-07.html
2022-02-07,27407,"Award IFB 22-06 for the Provision and Installation of Water Mains - As Needed to Crown Construction Service, Inc. and approval for spending $1,000,000 for water main improvements within the Town's service area","Water, Sewer & Stormwater",7 Aye,https://viennavadata.org/meeting/2022-02-07.html
2022-02-07,27408,Update of Electronic Participation Resolution for Town Council,Governance & Administration,7 Aye,https://viennavadata.org/meeting/2022-02-07.html
2022-02-07,27410,Meeting Adjournment,Procedural,,https://viennavadata.org/meeting/2022-02-07.html
2022-02-07,27411,"THE TOWN OF VIENNA IS COMMITTED TO FULL COMPLIANCE WITH THE AMERICANS WITH DISABILITIES ACT STANDARDS. TRANSLATION SERVICES, ASSISTANCE OR ACCOMMODATION REQUESTS FROM PERSONS WITH DISABILITIES ARE TO BE REQUESTED NOT LESS THAN 3 WORKING DAYS BEFORE THE DAY OF THE EVENT. PLEASE CALL (703) 255-6304, OR 711 VIRGINIA RELAY SERVICE FOR THE HEARING IMPAIRED.",Procedural,,https://viennavadata.org/meeting/2022-02-07.html
2022-01-24,27273,"Invocation: Reverend Johnny Kurcina, Christ Church Vienna",Procedural,,https://viennavadata.org/meeting/2022-01-24.html
2022-01-24,27274,Pledge of Allegiance to the Flag of the United States of America,Procedural,,https://viennavadata.org/meeting/2022-01-24.html
2022-01-24,27275,Roll Call,Procedural,,https://viennavadata.org/meeting/2022-01-24.html
2022-01-24,27276,Approval of the Minutes:,Minutes,,https://viennavadata.org/meeting/2022-01-24.html
2022-01-24,27299,"Acceptance of the Regular Council Meeting Minutes of December 6, 2021 and the Conference Session Minutes of September 1, 2021, September 20, 2021, December 13, 2021 and January 10, 2022",Minutes,"6 Aye, 1 Absent",https://viennavadata.org/meeting/2022-01-24.html
2022-01-24,27277,"Receipt of petitions and communications from the Public that are not on the Agenda.  
          (Limited to 3 minutes per issue and no formal action can be taken this evening)",Procedural,,https://viennavadata.org/meeting/2022-01-24.html
2022-01-24,27279,Reports/Presentations,Procedural,,https://viennavadata.org/meeting/2022-01-24.html
2022-01-24,27294,Presentation by Vienna Public Art Commission,Proclamations & Recognitions,,https://viennavadata.org/meeting/2022-01-24.html
2022-01-24,27280,Report and Inquiries of Council Members,Procedural,,https://viennavadata.org/meeting/2022-01-24.html
2022-01-24,27281,Report of the Town Manager,Procedural,,https://viennavadata.org/meeting/2022-01-24.html
2022-01-24,27282,Report of the Mayor,Procedural,,https://viennavadata.org/meeting/2022-01-24.html
2022-01-24,27283,Proposals for Additional Items to the Agenda,Procedural,,https://viennavadata.org/meeting/2022-01-24.html
2022-01-24,27284,Closed Session,Procedural,,https://viennavadata.org/meeting/2022-01-24.html
2022-01-24,27285,Public Hearings,Procedural,,https://viennavadata.org/meeting/2022-01-24.html
2022-01-24,27295,"Public Hearing on Consideration of Zoning Ordinance Text Amendments for Sections 18-15 and 18-168, Related to Lot Coverage and Porch Projections into the Front Yard","Land Use, Zoning & Development",,https://viennavadata.org/meeting/2022-01-24.html
2022-01-24,27286,Consent Agenda,Consent Agenda,"6 Aye, 1 Absent",https://viennavadata.org/meeting/2022-01-24.html
2022-01-24,27292,"The Police Department requests approval to add $31,271 to ECS Mid-Atlantic budget for Police Station project observation and testing services.",Public Safety,,https://viennavadata.org/meeting/2022-01-24.html
2022-01-24,27300,Recommend approval to add Louise Archer Elementary School to the Town of Vienna Historic Property Register.,"Land Use, Zoning & Development",,https://viennavadata.org/meeting/2022-01-24.html
2022-01-24,27291,"Request formal approval to increase the current purchase order with Vertex Roofing Contractors, Inc. by $12,000 for the Bowman House Roof replacement.",Contracts & Purchasing,,https://viennavadata.org/meeting/2022-01-24.html
2022-01-24,27298,Set public hearing for potential name change for Wade Hampton Drive,"Streets, Sidewalks & Transportation",,https://viennavadata.org/meeting/2022-01-24.html
2022-01-24,27304,"Request to Set a Public Hearing for Feb. 7, 2022 regarding Issuance of Bonds and Notice of Intent to Adopt an Ordinance",Town Code & Ordinances,,https://viennavadata.org/meeting/2022-01-24.html
2022-01-24,27297,"Recommend approval to add 131 Courthouse Road, SW to the Town of Vienna Historic Property Register.","Land Use, Zoning & Development",,https://viennavadata.org/meeting/2022-01-24.html
2022-01-24,27305,Request increase in spending with Human Circuit for FY 22,"Budget, Taxes & Finance",,https://viennavadata.org/meeting/2022-01-24.html
2022-01-24,27293,Request approval for replacement of Town Hall elevator,Town Facilities & Property,,https://viennavadata.org/meeting/2022-01-24.html
2022-01-24,27287,Regular Business,Procedural,,https://viennavadata.org/meeting/2022-01-24.html
2022-01-24,27290,Approve Funding for Patrick Henry Library Parking Garage Design,"Streets, Sidewalks & Transportation","6 Aye, 1 Absent",https://viennavadata.org/meeting/2022-01-24.html
2022-01-24,27302,Adopt 2022 Capital Improvement Plan (CIP),"Budget, Taxes & Finance","6 Aye, 1 Absent",https://viennavadata.org/meeting/2022-01-24.html
2022-01-24,27303,Approve Phase 1 ARPA Spending,"Budget, Taxes & Finance","6 Aye, 1 Absent",https://viennavadata.org/meeting/2022-01-24.html
2022-01-24,27288,"Approve Changes to Planning and Zoning Fee Schedule, Chapter 1 Section 1-12 of the Town Code","Land Use, Zoning & Development","6 Aye, 1 Absent",https://viennavadata.org/meeting/2022-01-24.html
2022-01-24,27296,"Award IFB 22-03 construction contract to Franco’s Liberty Bridge, Inc. for Freeman Store Pedestrian Bridge Replacement","Streets, Sidewalks & Transportation","6 Aye, 1 Absent",https://viennavadata.org/meeting/2022-01-24.html
2022-01-24,27301,Request approval to ride District Department of Transportation (DDOT) contract for Meadow Lane Park Site Survey and Site Plan Submission with Kimley-Horn,"Land Use, Zoning & Development","6 Aye, 1 Absent",https://viennavadata.org/meeting/2022-01-24.html
2022-01-24,27344,Proposal to Refer Medical Testing Zoning Text Amendment to Planning Commission for Review,"Land Use, Zoning & Development","6 Aye, 1 Absent",https://viennavadata.org/meeting/2022-01-24.html
2022-01-24,27306,Meeting Adjournment,Procedural,,https://viennavadata.org/meeting/2022-01-24.html
2022-01-24,27307,"THE TOWN OF VIENNA IS COMMITTED TO FULL COMPLIANCE WITH THE AMERICANS WITH DISABILITIES ACT STANDARDS. TRANSLATION SERVICES, ASSISTANCE OR ACCOMMODATION REQUESTS FROM PERSONS WITH DISABILITIES ARE TO BE REQUESTED NOT LESS THAN 3 WORKING DAYS BEFORE THE DAY OF THE EVENT. PLEASE CALL (703) 255-6304, OR 711 VIRGINIA RELAY SERVICE FOR THE HEARING IMPAIRED.",Procedural,,https://viennavadata.org/meeting/2022-01-24.html
2021-12-06,27013,Resolution,Procedural,,https://viennavadata.org/meeting/2021-12-06.html
2021-12-06,27007,Resolution for Continuity of Government,Governance & Administration,,https://viennavadata.org/meeting/2021-12-06.html
2021-12-06,26980,"Invocation: Reverend Corky Eddins, Christ Church Vienna",Procedural,,https://viennavadata.org/meeting/2021-12-06.html
2021-12-06,26981,Pledge of Allegiance to the Flag of the United States of America,Procedural,,https://viennavadata.org/meeting/2021-12-06.html
2021-12-06,26982,Roll Call,Procedural,,https://viennavadata.org/meeting/2021-12-06.html
2021-12-06,26983,Approval of the Minutes:,Minutes,,https://viennavadata.org/meeting/2021-12-06.html
2021-12-06,27012,"Acceptance of the Regular Council Meeting Minutes of November 15, 2021 and the Town Council Conference Session Minutes of November 8, 2021.",Minutes,7 Aye,https://viennavadata.org/meeting/2021-12-06.html
2021-12-06,26984,"Receipt of petitions and communications from the Public that are not on the Agenda.  
          (Limited to 3 minutes per issue and no formal action can be taken this evening)",Procedural,,https://viennavadata.org/meeting/2021-12-06.html
2021-12-06,26986,Reports/Presentations,Procedural,,https://viennavadata.org/meeting/2021-12-06.html
2021-12-06,26999,Presentation of Certificate of Achievement for Excellence in Financial Reporting,"Budget, Taxes & Finance",,https://viennavadata.org/meeting/2021-12-06.html
2021-12-06,26998,Presentation of 2021 Annual Comprehensive Financial Report (ACFR),"Budget, Taxes & Finance",,https://viennavadata.org/meeting/2021-12-06.html
2021-12-06,27140,Closed Session Report,Procedural,,https://viennavadata.org/meeting/2021-12-06.html
2021-12-06,26992,Public Hearings,Procedural,,https://viennavadata.org/meeting/2021-12-06.html
2021-12-06,27004,Public Hearing for Budget Carryforward Supplemental Appropriation from FY 2021 To FY 2022,"Budget, Taxes & Finance",,https://viennavadata.org/meeting/2021-12-06.html
2021-12-06,27036,Public Hearing for Budget Carryforward Supplemental Appropriation from FY 2021 To FY 2022,"Budget, Taxes & Finance",7 Aye,https://viennavadata.org/meeting/2021-12-06.html
2021-12-06,26994,Regular Business,Procedural,,https://viennavadata.org/meeting/2021-12-06.html
2021-12-06,26995,Installation of Broadcast Equipment at Vienna Police Department Community Room for the Cable Access Channel and Emergency Operations Center,Public Safety,7 Aye,https://viennavadata.org/meeting/2021-12-06.html
2021-12-06,26996,Police Department requests approval to purchase new Motorola portable radios.,Public Safety,7 Aye,https://viennavadata.org/meeting/2021-12-06.html
2021-12-06,26997,Resolution to Approve the Town’s participation in the proposed National Opioid Settlement Agreements,Grants & Intergovernmental,7 Aye,https://viennavadata.org/meeting/2021-12-06.html
2021-12-06,27005,Request recognition of donation and approval of Nutley Median Tree Project,Proclamations & Recognitions,7 Aye,https://viennavadata.org/meeting/2021-12-06.html
2021-12-06,27000,Request formal approval for purchase of a Leaf Machine within the FY22 Vehicle Replacement Program,Contracts & Purchasing,7 Aye,https://viennavadata.org/meeting/2021-12-06.html
2021-12-06,27001,Request approval for additional FY22 spending with Mid-Atlantic Waste Systems.,"Budget, Taxes & Finance",7 Aye,https://viennavadata.org/meeting/2021-12-06.html
2021-12-06,27002,Request approval of the Bear Branch Phase II Stream Restoration Funding Agreement with Fairfax County,"Environment, Trees & Sustainability",7 Aye,https://viennavadata.org/meeting/2021-12-06.html
2021-12-06,27006,"Extension and re-adoption of emergency ordinance to waive zoning regulations to permit temporary outdoor activity through Dec. 31, 2021","Land Use, Zoning & Development",7 Aye,https://viennavadata.org/meeting/2021-12-06.html
2021-12-06,27003,"Consideration of a zoning ordinance text amendment for Section 18-72 and Section 18-210, related to the allowance of outdoor dining and adoption of text amendments","Land Use, Zoning & Development",7 Aye,https://viennavadata.org/meeting/2021-12-06.html
2021-12-06,27014,Second Closed Session Report,Procedural,7 Aye,https://viennavadata.org/meeting/2021-12-06.html
2021-12-06,27008,Meeting Adjournment,Procedural,,https://viennavadata.org/meeting/2021-12-06.html
2021-12-06,27009,"THE TOWN OF VIENNA IS COMMITTED TO FULL COMPLIANCE WITH THE AMERICANS WITH DISABILITIES ACT STANDARDS. TRANSLATION SERVICES, ASSISTANCE OR ACCOMMODATION REQUESTS FROM PERSONS WITH DISABILITIES ARE TO BE REQUESTED NOT LESS THAN 3 WORKING DAYS BEFORE THE DAY OF THE EVENT. PLEASE CALL (703) 255-6304, OR 711 VIRGINIA RELAY SERVICE FOR THE HEARING IMPAIRED.",Procedural,,https://viennavadata.org/meeting/2021-12-06.html
2021-11-15,26856,Resolution,Procedural,,https://viennavadata.org/meeting/2021-11-15.html
2021-11-15,26853,Resolution for Continuity of Government,Governance & Administration,,https://viennavadata.org/meeting/2021-11-15.html
2021-11-15,26827,"Invocation: Associate Pastor Steve Brown, Grace Presbyterian Church",Procedural,,https://viennavadata.org/meeting/2021-11-15.html
2021-11-15,26828,Pledge of Allegiance to the Flag of the United States of America,Procedural,,https://viennavadata.org/meeting/2021-11-15.html
2021-11-15,26829,Roll Call,Procedural,,https://viennavadata.org/meeting/2021-11-15.html
2021-11-15,26830,Approval of the Minutes:,Minutes,7 Aye,https://viennavadata.org/meeting/2021-11-15.html
2021-11-15,26851,"Acceptance of the Regular Council Meeting Minutes of October 25, 2021 and November 1, 2021.",Minutes,,https://viennavadata.org/meeting/2021-11-15.html
2021-11-15,26831,"Receipt of petitions and communications from the Public that are not on the Agenda.  
          (Limited to 3 minutes per issue and no formal action can be taken this evening)",Procedural,,https://viennavadata.org/meeting/2021-11-15.html
2021-11-15,26833,Reports/Presentations - Introduction of New Videographer,Procedural,,https://viennavadata.org/meeting/2021-11-15.html
2021-11-15,26838,Closed Session,Procedural,7 Aye,https://viennavadata.org/meeting/2021-11-15.html
2021-11-15,26839,Public Hearings,Procedural,,https://viennavadata.org/meeting/2021-11-15.html
2021-11-15,26847,"Public hearing for consideration of a zoning ordinance text amendment for Section 18-72 and Section 18-210, related to the allowance of outdoor dining and adoption of text amendments","Land Use, Zoning & Development",7 Aye,https://viennavadata.org/meeting/2021-11-15.html
2021-11-15,26852,"Public hearing to receive public comment on proposed amendments to Part 1 of the Town Charter, Chapter 3, Elections, related to the General Assembly’s recent legislation to set all local elections in November; and, to also consider modifications to terms of office to accommodate the November election date, and consideration of possible longer or un-staggered terms of office.",Town Code & Ordinances,"6 Aye, 1 Nay",https://viennavadata.org/meeting/2021-11-15.html
2021-11-15,26845,Public hearing on the Town’s 2022 Legislative Agenda,Grants & Intergovernmental,7 Aye,https://viennavadata.org/meeting/2021-11-15.html
2021-11-15,26840,Consent Agenda,Consent Agenda,7 Aye,https://viennavadata.org/meeting/2021-11-15.html
2021-11-15,26850,Request Approval of MOU Between the Town of Vienna and The Fairfax County Government Print Shop,Grants & Intergovernmental,,https://viennavadata.org/meeting/2021-11-15.html
2021-11-15,26844,Request fiscal year spending for deicing road salt.,"Budget, Taxes & Finance",,https://viennavadata.org/meeting/2021-11-15.html
2021-11-15,26869,"Request to re-set a Public Hearing for January 3, 2022 regarding amendments to chapter 18 - zoning related to lot coverage and porch projections into the front yard","Land Use, Zoning & Development",,https://viennavadata.org/meeting/2021-11-15.html
2021-11-15,26841,Regular Business,Procedural,,https://viennavadata.org/meeting/2021-11-15.html
2021-11-15,26848,"Request Approval to conduct a Condition Assessment of the Annex with Whitman, Requardt & Associates.",Town Facilities & Property,7 Aye,https://viennavadata.org/meeting/2021-11-15.html
2021-11-15,26849,Approve Supplemental Legal Invoices for FY 2021,"Budget, Taxes & Finance",7 Aye,https://viennavadata.org/meeting/2021-11-15.html
2021-11-15,26843,"Approve Changes to Planning and Zoning Fee Schedule, Chapter 1 Section 1-12 of the Town Code","Land Use, Zoning & Development",7 Aye,https://viennavadata.org/meeting/2021-11-15.html
2021-11-15,26842,Set Public Hearing for Budget Carryforward Supplemental Appropriation from FY 2021 To FY 2022,"Budget, Taxes & Finance",7 Aye,https://viennavadata.org/meeting/2021-11-15.html
2021-11-15,26854,Meeting Adjournment,Procedural,7 Aye,https://viennavadata.org/meeting/2021-11-15.html
2021-11-15,26855,"THE TOWN OF VIENNA IS COMMITTED TO FULL COMPLIANCE WITH THE AMERICANS WITH DISABILITIES ACT STANDARDS. TRANSLATION SERVICES, ASSISTANCE OR ACCOMMODATION REQUESTS FROM PERSONS WITH DISABILITIES ARE TO BE REQUESTED NOT LESS THAN 3 WORKING DAYS BEFORE THE DAY OF THE EVENT. PLEASE CALL (703) 255-6304, OR 711 VIRGINIA RELAY SERVICE FOR THE HEARING IMPAIRED.",Procedural,,https://viennavadata.org/meeting/2021-11-15.html
2021-11-01,26713,Resolutuion,Procedural,,https://viennavadata.org/meeting/2021-11-01.html
2021-11-01,26702,Resolution for Continuity of Government,Governance & Administration,,https://viennavadata.org/meeting/2021-11-01.html
2021-11-01,26682,"Invocation: Reverend Kyungsuk Cho, Wesley United Methodist Church",Procedural,,https://viennavadata.org/meeting/2021-11-01.html
2021-11-01,26683,Pledge of Allegiance to the Flag of the United States of America,Procedural,,https://viennavadata.org/meeting/2021-11-01.html
2021-11-01,26684,Roll Call,Procedural,,https://viennavadata.org/meeting/2021-11-01.html
2021-11-01,26685,Acceptance of the Minutes:,Minutes,,https://viennavadata.org/meeting/2021-11-01.html
2021-11-01,26703,"Acceptance of the October 18, 2021 Conference Session Minutes",Minutes,7 Aye,https://viennavadata.org/meeting/2021-11-01.html
2021-11-01,26686,"Receipt of petitions and communications from the Public that are not on the Agenda.  
          (Limited to 3 minutes per issue and no formal action can be taken this evening)",Procedural,,https://viennavadata.org/meeting/2021-11-01.html
2021-11-01,26688,Reports/Presentations,Procedural,,https://viennavadata.org/meeting/2021-11-01.html
2021-11-01,26697,Recognition of Life Saving Actions.,Proclamations & Recognitions,,https://viennavadata.org/meeting/2021-11-01.html
2021-11-01,26693,Closed Session Report,Procedural,7 Aye,https://viennavadata.org/meeting/2021-11-01.html
2021-11-01,26695,Consent Agenda,Consent Agenda,,https://viennavadata.org/meeting/2021-11-01.html
2021-11-01,26696,Regular Business,Procedural,,https://viennavadata.org/meeting/2021-11-01.html
2021-11-01,26698,Purchase workstations/tables for new police facility,Public Safety,7 Aye,https://viennavadata.org/meeting/2021-11-01.html
2021-11-01,26699,Consideration to Initiate Engineering Design Reports of Robinson Sidewalk Projects,Procedural,7 Aye,https://viennavadata.org/meeting/2021-11-01.html
2021-11-01,26700,"Request to set a public hearing to receive public comment on proposed amendments to Part 1 of the Town Charter, Chapter 3, Elections, related to the General Assembly’s recent legislation to set all local elections in November; and, to also consider modifications to terms of office to accommodate the November election date, and consideration of possible longer or un-staggered terms of office.",Town Code & Ordinances,7 Aye,https://viennavadata.org/meeting/2021-11-01.html
2021-11-01,26701,"Request to set a public hearing for Nov. 15, 2021 regarding the Town of Vienna 2022 legislative agenda",Grants & Intergovernmental,7 Aye,https://viennavadata.org/meeting/2021-11-01.html
2021-11-01,26704,Meeting Adjournment,Procedural,7 Aye,https://viennavadata.org/meeting/2021-11-01.html
2021-11-01,26705,"THE TOWN OF VIENNA IS COMMITTED TO FULL COMPLIANCE WITH THE AMERICANS WITH DISABILITIES ACT STANDARDS. TRANSLATION SERVICES, ASSISTANCE OR ACCOMMODATION REQUESTS FROM PERSONS WITH DISABILITIES ARE TO BE REQUESTED NOT LESS THAN 3 WORKING DAYS BEFORE THE DAY OF THE EVENT. PLEASE CALL (703) 255-6304, OR 711 VIRGINIA RELAY SERVICE FOR THE HEARING IMPAIRED.",Procedural,,https://viennavadata.org/meeting/2021-11-01.html
2021-10-25,26679,Resolution,Procedural,,https://viennavadata.org/meeting/2021-10-25.html
2021-10-25,26680,Resolution for Continuity of Government,Governance & Administration,,https://viennavadata.org/meeting/2021-10-25.html
2021-10-25,26655,"Invocation: Fr. Matthew Hillyard, Our Lady of Good Counsel",Procedural,,https://viennavadata.org/meeting/2021-10-25.html
2021-10-25,26656,Pledge of Allegiance to the Flag of the United States of America,Procedural,,https://viennavadata.org/meeting/2021-10-25.html
2021-10-25,26657,Roll Call,Procedural,,https://viennavadata.org/meeting/2021-10-25.html
2021-10-25,26658,Approval of the Minutes:,Minutes,,https://viennavadata.org/meeting/2021-10-25.html
2021-10-25,26681,"Acceptance of the Regular Council Meeting Minutes of October 11, 2021",Minutes,7 Aye,https://viennavadata.org/meeting/2021-10-25.html
2021-10-25,26659,"Receipt of petitions and communications from the Public that are not on the Agenda.  
          (Limited to 3 minutes per issue and no formal action can be taken this evening)",Procedural,,https://viennavadata.org/meeting/2021-10-25.html
2021-10-25,26661,Reports/Presentations,Procedural,,https://viennavadata.org/meeting/2021-10-25.html
2021-10-25,26670,New Town of Vienna Police Officer Introductions,Public Safety,,https://viennavadata.org/meeting/2021-10-25.html
2021-10-25,26666,Closed Session Report,Procedural,7 Aye,https://viennavadata.org/meeting/2021-10-25.html
2021-10-25,26669,Regular Business,Procedural,,https://viennavadata.org/meeting/2021-10-25.html
2021-10-25,26671,Proposed Change Order for Project Management Services for Police Station Construction.,Public Safety,7 Aye,https://viennavadata.org/meeting/2021-10-25.html
2021-10-25,26673,"Award of IFB 22-05 to Arthur Construction Co, Inc. and request fiscal year spending","Budget, Taxes & Finance",7 Aye,https://viennavadata.org/meeting/2021-10-25.html
2021-10-25,26674,"Request approval to utilize VDOT Transportation Alternative funds for Locust Street Trail Improvements, Park Street, NE sidewalk, and Freeman Store Bridge Construction",Parks & Recreation,7 Aye,https://viennavadata.org/meeting/2021-10-25.html
2021-10-25,26676,Request approval of additional funds for Vehicle Replacement Program for FY22,Contracts & Purchasing,7 Aye,https://viennavadata.org/meeting/2021-10-25.html
2021-10-25,26675,Adopt 2022 Capital Improvement Plan (CIP),"Budget, Taxes & Finance",7 Aye,https://viennavadata.org/meeting/2021-10-25.html
2021-10-25,26672,"Vienna License/Franchise Agreement with Level 3 Communications, LLC",Contracts & Purchasing,7 Aye,https://viennavadata.org/meeting/2021-10-25.html
2021-10-25,26677,Meeting Adjournment,Procedural,7 Aye,https://viennavadata.org/meeting/2021-10-25.html
2021-10-25,26678,"THE TOWN OF VIENNA IS COMMITTED TO FULL COMPLIANCE WITH THE AMERICANS WITH DISABILITIES ACT STANDARDS. TRANSLATION SERVICES, ASSISTANCE OR ACCOMMODATION REQUESTS FROM PERSONS WITH DISABILITIES ARE TO BE REQUESTED NOT LESS THAN 3 WORKING DAYS BEFORE THE DAY OF THE EVENT. PLEASE CALL (703) 255-6304, OR 711 VIRGINIA RELAY SERVICE FOR THE HEARING IMPAIRED.",Procedural,,https://viennavadata.org/meeting/2021-10-25.html
2021-10-11,26491,Resolution,Procedural,,https://viennavadata.org/meeting/2021-10-11.html
2021-10-11,26488,Resolution for Continuity of Government,Governance & Administration,,https://viennavadata.org/meeting/2021-10-11.html
2021-10-11,26465,"Invocation:Reverend Austin Almaguer, Vienna Baptist Church",Procedural,,https://viennavadata.org/meeting/2021-10-11.html
2021-10-11,26466,Pledge of Allegiance to the Flag of the United States of America,Procedural,,https://viennavadata.org/meeting/2021-10-11.html
2021-10-11,26467,Roll Call,Procedural,,https://viennavadata.org/meeting/2021-10-11.html
2021-10-11,26468,Acceptance of the Minutes:,Minutes,,https://viennavadata.org/meeting/2021-10-11.html
2021-10-11,26487,"Acceptance of the Regular Council Meeting Minutes of September 13, 2021, September 27, 2021, and the Two Conference Session Minutes of September 27, 2021",Minutes,7 Aye,https://viennavadata.org/meeting/2021-10-11.html
2021-10-11,26469,"Receipt of petitions and communications from the Public that are not on the Agenda.  
          (Limited to 3 minutes per issue and no formal action can be taken this evening)",Procedural,,https://viennavadata.org/meeting/2021-10-11.html
2021-10-11,26476,Closed Session Report,Procedural,7 Aye,https://viennavadata.org/meeting/2021-10-11.html
2021-10-11,26478,Consent Agenda,Consent Agenda,7 Aye,https://viennavadata.org/meeting/2021-10-11.html
2021-10-11,26480,Request approval of MOU between the Town of Vienna and Vienna Business Association for 2021 Halloween Parade,"Community, Arts & Events",,https://viennavadata.org/meeting/2021-10-11.html
2021-10-11,26481,Request formal approval for the emergency elevator repair at Town Hall.,Public Safety,,https://viennavadata.org/meeting/2021-10-11.html
2021-10-11,26485,"Request to set a Public Hearing for Dec. 6, 2021 regarding amendments to chapter 18 - zoning related to lot coverage and porch projections into the front yard and refer the matter to the Planning Commission for consideration","Land Use, Zoning & Development",,https://viennavadata.org/meeting/2021-10-11.html
2021-10-11,26486,"Request to set a public hearing for Nov. 15, 2021 for consideration of a zoning ordinance text amendment for Section 18-72 and Section 18-210, related to the allowance of outdoor dining, advertise for intent to adopt, and refer the matter to the Planning Commission","Land Use, Zoning & Development",,https://viennavadata.org/meeting/2021-10-11.html
2021-10-11,26484,Resolution on Planning Commission Membership-Number of Members,Governance & Administration,,https://viennavadata.org/meeting/2021-10-11.html
2021-10-11,26479,Regular Business,Procedural,,https://viennavadata.org/meeting/2021-10-11.html
2021-10-11,26482,Consideration to Initiate Final Design of Robinson Sidewalk Projects,"Streets, Sidewalks & Transportation",,https://viennavadata.org/meeting/2021-10-11.html
2021-10-11,26483,Request approval of the Urban Tree Canopy Assessment funding agreement with the Virginia Department of Forestry,"Environment, Trees & Sustainability",7 Aye,https://viennavadata.org/meeting/2021-10-11.html
2021-10-11,26489,Meeting Adjournment,Procedural,7 Aye,https://viennavadata.org/meeting/2021-10-11.html
2021-10-11,26490,"THE TOWN OF VIENNA IS COMMITTED TO FULL COMPLIANCE WITH THE AMERICANS WITH DISABILITIES ACT STANDARDS. TRANSLATION SERVICES, ASSISTANCE OR ACCOMMODATION REQUESTS FROM PERSONS WITH DISABILITIES ARE TO BE REQUESTED NOT LESS THAN 3 WORKING DAYS BEFORE THE DAY OF THE EVENT. PLEASE CALL (703) 255-6304, OR 711 VIRGINIA RELAY SERVICE FOR THE HEARING IMPAIRED.",Procedural,,https://viennavadata.org/meeting/2021-10-11.html
2021-09-27,26401,Resolution,Procedural,,https://viennavadata.org/meeting/2021-09-27.html
2021-09-27,26397,Resolution for Continuity of Government,Governance & Administration,,https://viennavadata.org/meeting/2021-09-27.html
2021-09-27,26377,"Invocation: Mercury T. Payton, Town Manager",Procedural,,https://viennavadata.org/meeting/2021-09-27.html
2021-09-27,26378,Pledge of Allegiance to the Flag of the United States of America,Procedural,,https://viennavadata.org/meeting/2021-09-27.html
2021-09-27,26379,Roll Call,Procedural,,https://viennavadata.org/meeting/2021-09-27.html
2021-09-27,26380,Acceptance of the Minutes:,Minutes,,https://viennavadata.org/meeting/2021-09-27.html
2021-09-27,26398,"Acceptance of the Regular Council Meeting Minutes of September 13, 2021",Minutes,,https://viennavadata.org/meeting/2021-09-27.html
2021-09-27,26381,"Receipt of petitions and communications from the Public that are not on the Agenda.  
          (Limited to 3 minutes per issue and no formal action can be taken this evening)",Procedural,,https://viennavadata.org/meeting/2021-09-27.html
2021-09-27,26425,Reports/Presentations,Procedural,,https://viennavadata.org/meeting/2021-09-27.html
2021-09-27,26389,Presentation on Results of Public Engagement Efforts on Potential Updates to the Zoning Code for Lot Coverage and Porch Projections into the Front Yard,"Land Use, Zoning & Development",,https://viennavadata.org/meeting/2021-09-27.html
2021-09-27,26388,Closed Session Report,Procedural,7 Aye,https://viennavadata.org/meeting/2021-09-27.html
2021-09-27,26405,Public Hearing,Procedural,,https://viennavadata.org/meeting/2021-09-27.html
2021-09-27,26404,Public Hearing for preliminary receipt of public input on proposed amendments to Chapter 18 - Zoning related to lot coverage and porch projections into the front yard.,"Land Use, Zoning & Development",,https://viennavadata.org/meeting/2021-09-27.html
2021-09-27,26452,Public Hearing for preliminary receipt of public input on proposed amendments to Chapter 18 - Zoning related to lot coverage and porch projections into the front yard.,"Land Use, Zoning & Development",7 Aye,https://viennavadata.org/meeting/2021-09-27.html
2021-09-27,26391,Regular Business,Procedural,,https://viennavadata.org/meeting/2021-09-27.html
2021-09-27,26395,Request approval to amend the Resolution of the Town Business Liaison Committee.,Economic Development,,https://viennavadata.org/meeting/2021-09-27.html
2021-09-27,26454,Request approval to amend the Resolution of the Town Business Liaison Committee.,Economic Development,7 Aye,https://viennavadata.org/meeting/2021-09-27.html
2021-09-27,26396,Request to adopt 2022 Town Council meeting schedule and include the schedule in the 2022 Town calendar.,Governance & Administration,7 Aye,https://viennavadata.org/meeting/2021-09-27.html
2021-09-27,26399,Meeting Adjournment,Procedural,7 Aye,https://viennavadata.org/meeting/2021-09-27.html
2021-09-27,26400,"THE TOWN OF VIENNA IS COMMITTED TO FULL COMPLIANCE WITH THE AMERICANS WITH DISABILITIES ACT STANDARDS. TRANSLATION SERVICES, ASSISTANCE OR ACCOMMODATION REQUESTS FROM PERSONS WITH DISABILITIES ARE TO BE REQUESTED NOT LESS THAN 3 WORKING DAYS BEFORE THE DAY OF THE EVENT. PLEASE CALL (703) 255-6304, OR 711 VIRGINIA RELAY SERVICE FOR THE HEARING IMPAIRED.",Procedural,,https://viennavadata.org/meeting/2021-09-27.html
2021-09-13,26190,Resolution,Procedural,,https://viennavadata.org/meeting/2021-09-13.html
2021-09-13,26189,Resolution for Continuity of Government,Governance & Administration,,https://viennavadata.org/meeting/2021-09-13.html
2021-09-13,26102,"Invocation: Reverend Johnny Kurcina, Christ Church Vienna",Procedural,,https://viennavadata.org/meeting/2021-09-13.html
2021-09-13,26103,Pledge of Allegiance to the Flag of the United States of America,Procedural,,https://viennavadata.org/meeting/2021-09-13.html
2021-09-13,26104,Roll Call,Procedural,,https://viennavadata.org/meeting/2021-09-13.html
2021-09-13,26105,Acceptance of the Minutes:,Minutes,,https://viennavadata.org/meeting/2021-09-13.html
2021-09-13,26125,"Acceptance of the Regular Council Meeting Minutes of August 30, 2021 and the Conference Session Minutes of August 30, 2021.",Minutes,,https://viennavadata.org/meeting/2021-09-13.html
2021-09-13,26106,"Receipt of petitions and communications from the Public that are not on the Agenda.  
          (Limited to 3 minutes per issue and no formal action can be taken this evening)",Procedural,,https://viennavadata.org/meeting/2021-09-13.html
2021-09-13,26113,Closed Session Report,Procedural,,https://viennavadata.org/meeting/2021-09-13.html
2021-09-13,26426,Reports/Presentations,Procedural,,https://viennavadata.org/meeting/2021-09-13.html
2021-09-13,26114,Public Hearings,Procedural,,https://viennavadata.org/meeting/2021-09-13.html
2021-09-13,26118,"Public hearing on a requested change to the zoning map for three parcels, located at 117 Courthouse Road SW (Parcel # 0384 02 0032A), 119 Courthouse Road SW (Parcel # 0384 02 0057A), and 121 Courthouse Road SW (Parcel # 0384 02 0057B) in the RS-10 Single-Family Detached Residential zoning district. Requested zoning is RM-2 Multifamily, Low Density","Land Use, Zoning & Development","5 Aye, 2 Abstain",https://viennavadata.org/meeting/2021-09-13.html
2021-09-13,26116,Regular Business,Procedural,,https://viennavadata.org/meeting/2021-09-13.html
2021-09-13,26119,"Request for site plan modifications of requirements related to 117-121 Courthouse Road SW rezoning request for lot coverage, front yard setback, rear yard setback and minimum lot area requirements.","Land Use, Zoning & Development","6 Aye, 1 Abstain",https://viennavadata.org/meeting/2021-09-13.html
2021-09-13,26120,"Town Donation to Offset Application Fee for Conditional Use Permit for Proposed Hypothermia Shelter, Located at 124 Park Street, SE","Land Use, Zoning & Development","3 Aye, 4 Nay",https://viennavadata.org/meeting/2021-09-13.html
2021-09-13,26117,"Award of IFB 22-01 to Midlantic Marking, Inc. and request fiscal year spending","Budget, Taxes & Finance",7 Aye,https://viennavadata.org/meeting/2021-09-13.html
2021-09-13,26121,2021 Town Holiday Ornament,"Community, Arts & Events",7 Aye,https://viennavadata.org/meeting/2021-09-13.html
2021-09-13,26122,Re-adoption and extension of the Continuity of Government ordinance,Governance & Administration,7 Aye,https://viennavadata.org/meeting/2021-09-13.html
2021-09-13,26123,Meeting Adjournment,Procedural,,https://viennavadata.org/meeting/2021-09-13.html
2021-09-13,26124,"THE TOWN OF VIENNA IS COMMITTED TO FULL COMPLIANCE WITH THE AMERICANS WITH DISABILITIES ACT STANDARDS. TRANSLATION SERVICES, ASSISTANCE OR ACCOMMODATION REQUESTS FROM PERSONS WITH DISABILITIES ARE TO BE REQUESTED NOT LESS THAN 3 WORKING DAYS BEFORE THE DAY OF THE EVENT. PLEASE CALL (703) 255-6304, OR 711 VIRGINIA RELAY SERVICE FOR THE HEARING IMPAIRED.",Procedural,,https://viennavadata.org/meeting/2021-09-13.html
2021-08-30,25979,Resolution,Procedural,,https://viennavadata.org/meeting/2021-08-30.html
2021-08-30,25975,Resolution for Continuity of Government,Governance & Administration,,https://viennavadata.org/meeting/2021-08-30.html
2021-08-30,25954,"Invocation: Reverend Kyungsuk Cho, Wesley United Methodist Church",Procedural,,https://viennavadata.org/meeting/2021-08-30.html
2021-08-30,25955,Pledge of Allegiance to the Flag of the United States of America,Procedural,,https://viennavadata.org/meeting/2021-08-30.html
2021-08-30,25956,Roll Call,Procedural,,https://viennavadata.org/meeting/2021-08-30.html
2021-08-30,25957,Acceptance of the Minutes:,Minutes,,https://viennavadata.org/meeting/2021-08-30.html
2021-08-30,25976,"Approval of the Regular Council Meeting Minutes of July 12, 2021.",Minutes,,https://viennavadata.org/meeting/2021-08-30.html
2021-08-30,25958,"Receipt of petitions and communications from the Public that are not on the Agenda.  
          (Limited to 3 minutes per issue and no formal action can be taken this evening)",Procedural,,https://viennavadata.org/meeting/2021-08-30.html
2021-08-30,25965,Closed Session Report,Procedural,7 Aye,https://viennavadata.org/meeting/2021-08-30.html
2021-08-30,25966,Public Hearings,Procedural,,https://viennavadata.org/meeting/2021-08-30.html
2021-08-30,25970,Public Hearing to Amend FY 2021-22 Budget for Award of American Rescue Plan Act Funds and Supplemental Appropriations,"Budget, Taxes & Finance",7 Aye,https://viennavadata.org/meeting/2021-08-30.html
2021-08-30,25967,Consent Agenda,Consent Agenda,7 Aye,https://viennavadata.org/meeting/2021-08-30.html
2021-08-30,25969,"Approval to Publish a list of Delinquent Real Estate Tax Payments as of June 30, 2021 (Consent)","Budget, Taxes & Finance",,https://viennavadata.org/meeting/2021-08-30.html
2021-08-30,25971,Malcolm Road Subdivision Surety Bond reduction request,"Land Use, Zoning & Development",,https://viennavadata.org/meeting/2021-08-30.html
2021-08-30,25972,"Request approval to change contracts to purchase VRP (Vehicle Replacement Program) #4, Police SUV",Public Safety,,https://viennavadata.org/meeting/2021-08-30.html
2021-08-30,25973,Request approval of a Memorandum of Understanding (MOU) between the Town of Vienna and Vienna Business Association for 2021 Oktoberfest.,"Community, Arts & Events",,https://viennavadata.org/meeting/2021-08-30.html
2021-08-30,25968,Regular Business,Procedural,,https://viennavadata.org/meeting/2021-08-30.html
2021-08-30,25990,No Regular Business,Procedural,,https://viennavadata.org/meeting/2021-08-30.html
2021-08-30,25989,Closed Session,Procedural,,https://viennavadata.org/meeting/2021-08-30.html
2021-08-30,25974,Second Closed Session Report,Procedural,7 Aye,https://viennavadata.org/meeting/2021-08-30.html
2021-08-30,25977,Meeting Adjournment,Procedural,,https://viennavadata.org/meeting/2021-08-30.html
2021-08-30,25978,"THE TOWN OF VIENNA IS COMMITTED TO FULL COMPLIANCE WITH THE AMERICANS WITH DISABILITIES ACT STANDARDS. TRANSLATION SERVICES, ASSISTANCE OR ACCOMMODATION REQUESTS FROM PERSONS WITH DISABILITIES ARE TO BE REQUESTED NOT LESS THAN 3 WORKING DAYS BEFORE THE DAY OF THE EVENT. PLEASE CALL (703) 255-6304, OR 711 VIRGINIA RELAY SERVICE FOR THE HEARING IMPAIRED.",Procedural,,https://viennavadata.org/meeting/2021-08-30.html
2021-07-12,25721,Resolution,Procedural,,https://viennavadata.org/meeting/2021-07-12.html
2021-07-12,25720,Resolution for Continuity of Government,Governance & Administration,,https://viennavadata.org/meeting/2021-07-12.html
2021-07-12,25682,"Invocation: Reverend Brenda Burns, Vienna Assembly of God",Procedural,,https://viennavadata.org/meeting/2021-07-12.html
2021-07-12,25683,Pledge of Allegiance to the Flag of the United States of America,Procedural,,https://viennavadata.org/meeting/2021-07-12.html
2021-07-12,25684,Roll Call,Procedural,,https://viennavadata.org/meeting/2021-07-12.html
2021-07-12,25685,Acceptance of the Minutes:,Minutes,,https://viennavadata.org/meeting/2021-07-12.html
2021-07-12,25717,"Acceptance of the Regular Council Meeting Minutes of June 7, 2021 and the Conference Session Minutes of June 14, 2021",Minutes,,https://viennavadata.org/meeting/2021-07-12.html
2021-07-12,25686,"Receipt of petitions and communications from the Public that are not on the Agenda.  
          (Limited to 3 minutes per issue and no formal action can be taken this evening)",Procedural,,https://viennavadata.org/meeting/2021-07-12.html
2021-07-12,25688,Reports/Presentations,Procedural,,https://viennavadata.org/meeting/2021-07-12.html
2021-07-12,25713,Preliminary Results for FY 2020-21,"Budget, Taxes & Finance",,https://viennavadata.org/meeting/2021-07-12.html
2021-07-12,25693,Closed Session Report,Procedural,7 Aye,https://viennavadata.org/meeting/2021-07-12.html
2021-07-12,25694,Public Hearings,Procedural,,https://viennavadata.org/meeting/2021-07-12.html
2021-07-12,25703,"Public hearing to consider adoption of an ordinance to amend and vacate boundary lines of abutting Linncrest Lot 3, to include the adjacent 2,790 square foot parcel, Westwood View Lot B, on property located at 505 Creek Crossing Road NE in the RS-16 zoning district","Land Use, Zoning & Development",7 Aye,https://viennavadata.org/meeting/2021-07-12.html
2021-07-12,25695,Consent Agenda,Consent Agenda,7 Aye,https://viennavadata.org/meeting/2021-07-12.html
2021-07-12,25697,Approval of payment to Tyler Technologies for the standard software maintenance agreement (SSMA) for the Vienna Police Department.,Public Safety,,https://viennavadata.org/meeting/2021-07-12.html
2021-07-12,25716,Increase 2021 Spending with Sprint,"Budget, Taxes & Finance",,https://viennavadata.org/meeting/2021-07-12.html
2021-07-12,25708,Request approval of the most recent draft of the Town of Vienna Guide to Improving Street Safety.,"Streets, Sidewalks & Transportation",,https://viennavadata.org/meeting/2021-07-12.html
2021-07-12,25699,Request approval to ride Fairfax County Public Schools contract 4400006677 for cell and mobile device services with Sprint.,Grants & Intergovernmental,,https://viennavadata.org/meeting/2021-07-12.html
2021-07-12,25700,"Request approval to continue to ride VITA contract VA-190822-DELL for purchase of computers, laptops, and maintenance contracts for servers for FY22",Contracts & Purchasing,,https://viennavadata.org/meeting/2021-07-12.html
2021-07-12,25706,Request approval of vehicle purchases within the Vehicle Replacement Program for FY22,Contracts & Purchasing,,https://viennavadata.org/meeting/2021-07-12.html
2021-07-12,25715,"FY 2022 Funding and Renewal of Town Contract with Ross Tree Expert Company, dba RTEC Treecare","Environment, Trees & Sustainability",,https://viennavadata.org/meeting/2021-07-12.html
2021-07-12,25714,"Request formal approval to increase FY21 spending with Ross Tree Expert Company, dba RTEC Treecare, for tree maintenance and removal","Environment, Trees & Sustainability",,https://viennavadata.org/meeting/2021-07-12.html
2021-07-12,25705,Renewal of Maintenance Agreement with Tyler Technologies,Contracts & Purchasing,,https://viennavadata.org/meeting/2021-07-12.html
2021-07-12,25702,"Request approval for use of FY22 funds with Granicus, Inc., for agenda management suite, boards and commissions module, and HD video streaming services.",Contracts & Purchasing,,https://viennavadata.org/meeting/2021-07-12.html
2021-07-12,25704,Renewal of Annual Audit Contract to Robinson Farmer Cox Associates PLLC.,"Budget, Taxes & Finance",,https://viennavadata.org/meeting/2021-07-12.html
2021-07-12,25707,"Set a public hearing for consideration of a rezoning of 117-121 Courthouse Road SW on September 13, 2021, requested change from RS-10 Single Family Detached Residential to RM-2 Multifamily, Low Density","Land Use, Zoning & Development",,https://viennavadata.org/meeting/2021-07-12.html
2021-07-12,25710,"Set Public Hearing to Amend 2022 Budget for American Rescue Plan (ARPA) Funds and Other Supplemental Appropriations for August 30, 2021","Budget, Taxes & Finance",,https://viennavadata.org/meeting/2021-07-12.html
2021-07-12,25698,"Intent to adopt a proposed ordinance to amend the Code of the Town of Vienna, Chapter 9, Motor Vehicles and Traffic, Article 1, In General, Section 9-3, Adoption of State Code.","Streets, Sidewalks & Transportation",,https://viennavadata.org/meeting/2021-07-12.html
2021-07-12,25696,Regular Business,Procedural,,https://viennavadata.org/meeting/2021-07-12.html
2021-07-12,25709,Request approval of the motions recommended by the Transportation Safety Commission (TSC) and Pedestrian Advisory Committee (PAC),"Streets, Sidewalks & Transportation",7 Aye,https://viennavadata.org/meeting/2021-07-12.html
2021-07-12,25701,Update of Electronic Participation Resolution for Town Council,Governance & Administration,7 Aye,https://viennavadata.org/meeting/2021-07-12.html
2021-07-12,25712,Council Acceptance of American Recovery Plan (ARPA) Funds,"Budget, Taxes & Finance",7 Aye,https://viennavadata.org/meeting/2021-07-12.html
2021-07-12,25711,"Request approval for spending $388,000 with Arthur Construction Co., Inc., and $30,000 with US Concrete and Paving, Inc. for construction of Robinson Trust Sidewalk Projects.","Streets, Sidewalks & Transportation",7 Aye,https://viennavadata.org/meeting/2021-07-12.html
2021-07-12,25718,Meeting Adjournment,Procedural,7 Aye,https://viennavadata.org/meeting/2021-07-12.html
2021-07-12,25719,"THE TOWN OF VIENNA IS COMMITTED TO FULL COMPLIANCE WITH THE AMERICANS WITH DISABILITIES ACT STANDARDS. TRANSLATION SERVICES, ASSISTANCE OR ACCOMMODATION REQUESTS FROM PERSONS WITH DISABILITIES ARE TO BE REQUESTED NOT LESS THAN 3 WORKING DAYS BEFORE THE DAY OF THE EVENT. PLEASE CALL (703) 255-6304, OR 711 VIRGINIA RELAY SERVICE FOR THE HEARING IMPAIRED.",Procedural,,https://viennavadata.org/meeting/2021-07-12.html
2021-06-07,25447,Resolution,Procedural,,https://viennavadata.org/meeting/2021-06-07.html
2021-06-07,25443,Resolution for Continuity of Government,Governance & Administration,,https://viennavadata.org/meeting/2021-06-07.html
2021-06-07,25415,"Invocation: Reverend Jon Strand, Holy Comforter Church",Procedural,,https://viennavadata.org/meeting/2021-06-07.html
2021-06-07,25416,Pledge of Allegiance to the Flag of the United States of America,Procedural,,https://viennavadata.org/meeting/2021-06-07.html
2021-06-07,25417,Roll Call,Procedural,,https://viennavadata.org/meeting/2021-06-07.html
2021-06-07,25418,Approval of the Minutes:,Minutes,,https://viennavadata.org/meeting/2021-06-07.html
2021-06-07,25442,"Acceptance of the Regular Council Meeting Minutes of May 17, 2021 and the Conference Session Minutes of May 10, 2021, iMay 24, 2021 and May 26, 2021.",Minutes,7 Aye,https://viennavadata.org/meeting/2021-06-07.html
2021-06-07,25419,"Receipt of petitions and communications from the Public that are not on the Agenda.  
          (Limited to 3 minutes per issue and no formal action can be taken this evening)",Procedural,,https://viennavadata.org/meeting/2021-06-07.html
2021-06-07,25426,Closed Session Report,Procedural,,https://viennavadata.org/meeting/2021-06-07.html
2021-06-07,25428,Consent Agenda,Consent Agenda,,https://viennavadata.org/meeting/2021-06-07.html
2021-06-07,25434,FY 2022 funding of contracts issued by other jurisdictions.,Contracts & Purchasing,,https://viennavadata.org/meeting/2021-06-07.html
2021-06-07,25435,FY 2022 funding and renewals of Town contracts,Contracts & Purchasing,,https://viennavadata.org/meeting/2021-06-07.html
2021-06-07,25440,Request approval of Memorandum of Understanding between Vienna Little League and Town of Vienna for use of Yeonas Park during the Fourth of July 2021 entertainment and fireworks show.,Parks & Recreation,,https://viennavadata.org/meeting/2021-06-07.html
2021-06-07,25436,"Request additional FY21 spending with Commonwealth Paving utilizing IFB 17-03 for milling, overlay and traffic marking.","Streets, Sidewalks & Transportation",,https://viennavadata.org/meeting/2021-06-07.html
2021-06-07,25433,"Set a public hearing to consider adoption of an ordinance to amend and vacate boundary lines of abutting Linncrest Lot 3, to include the adjacent 2,790 square foot parcel, Westwood View Lot B, on property located at 505 Creek Crossing Road NE in the RS-16 zoning district","Land Use, Zoning & Development",,https://viennavadata.org/meeting/2021-06-07.html
2021-06-07,25437,Request additional spending with Shirley Construction for the rehabilitate the trunk sewers that cross Route 7 at Difficult Run project.,"Water, Sewer & Stormwater",,https://viennavadata.org/meeting/2021-06-07.html
2021-06-07,25438,"Request approval for spending $1,000,000 with E.E. Lyons Construction for water main and appurtenance improvements within the Town's water service area.","Water, Sewer & Stormwater",,https://viennavadata.org/meeting/2021-06-07.html
2021-06-07,25429,Regular Business,Procedural,,https://viennavadata.org/meeting/2021-06-07.html
2021-06-07,25441,Request award of IFB 21-05 for Bowman House roof replacement.,Contracts & Purchasing,7 Aye,https://viennavadata.org/meeting/2021-06-07.html
2021-06-07,25430,"Extension and re-adoption of emergency ordinance to waive zoning regulations to permit temporary outdoor activity through December 7, 2021","Land Use, Zoning & Development",7 Aye,https://viennavadata.org/meeting/2021-06-07.html
2021-06-07,25431,"Extension and re-adoption of emergency ordinance to permit temporary waivers of zoning regulations and review for public, semi-public, and private institutions through December 7, 2021","Land Use, Zoning & Development",7 Aye,https://viennavadata.org/meeting/2021-06-07.html
2021-06-07,25432,"Extension and re-adoption of emergency ordinance to permit a temporary waiver of zoning restrictions for child day care in commercial zones, industrial zones, and for public, semi-public, and private institutions in other zones through December 7, 2021","Land Use, Zoning & Development",7 Aye,https://viennavadata.org/meeting/2021-06-07.html
2021-06-07,25439,Approve Continued Participation in Development Agreement for Patrick Henry Library Public Parking,"Streets, Sidewalks & Transportation",7 Aye,https://viennavadata.org/meeting/2021-06-07.html
2021-06-07,25444,Appointment of Town Officials for Fiscal Year 2021-22,Appointments & Resignations,7 Aye,https://viennavadata.org/meeting/2021-06-07.html
2021-06-07,25448,Use of Right of Way and Telecommunication Facilities License Renewal by U.S. Federal Government,Contracts & Purchasing,7 Aye,https://viennavadata.org/meeting/2021-06-07.html
2021-06-07,25445,Meeting Adjournment,Procedural,,https://viennavadata.org/meeting/2021-06-07.html
2021-06-07,25446,"THE TOWN OF VIENNA IS COMMITTED TO FULL COMPLIANCE WITH THE AMERICANS WITH DISABILITIES ACT STANDARDS. TRANSLATION SERVICES, ASSISTANCE OR ACCOMMODATION REQUESTS FROM PERSONS WITH DISABILITIES ARE TO BE REQUESTED NOT LESS THAN 3 WORKING DAYS BEFORE THE DAY OF THE EVENT. PLEASE CALL (703) 255-6304, OR 711 VIRGINIA RELAY SERVICE FOR THE HEARING IMPAIRED.",Procedural,,https://viennavadata.org/meeting/2021-06-07.html
2021-05-17,25190,Resolution,Procedural,,https://viennavadata.org/meeting/2021-05-17.html
2021-05-17,25186,Resolution for Continuity of Government,Governance & Administration,,https://viennavadata.org/meeting/2021-05-17.html
2021-05-17,25160,Invocation: Pastor Lydia Posselt of the Emmanuel Lutheran Church of Vienna,Procedural,,https://viennavadata.org/meeting/2021-05-17.html
2021-05-17,25161,Pledge of Allegiance to the Flag of the United States of America,Procedural,,https://viennavadata.org/meeting/2021-05-17.html
2021-05-17,25162,Roll Call,Procedural,,https://viennavadata.org/meeting/2021-05-17.html
2021-05-17,25163,Approval of the Minutes:,Minutes,,https://viennavadata.org/meeting/2021-05-17.html
2021-05-17,25187,"Acceptance of the Regular Council Meeting Minutes of April 26, 2021 and the Conference Session Minutes of April 19, 2021.",Minutes,7 Aye,https://viennavadata.org/meeting/2021-05-17.html
2021-05-17,25164,"Receipt of petitions and communications from the Public that are not on the Agenda.  
          (Limited to 3 minutes per issue and no formal action can be taken this evening)",Procedural,,https://viennavadata.org/meeting/2021-05-17.html
2021-05-17,25171,Closed Session,Procedural,,https://viennavadata.org/meeting/2021-05-17.html
2021-05-17,25173,Consent Agenda,Consent Agenda,7 Aye,https://viennavadata.org/meeting/2021-05-17.html
2021-05-17,25179,"Proposed renewal of agreement between the Northern Virginia Regional Park Authority, the Northern Virginia Model Railroaders, Inc. and the Town of Vienna for the operation of the W&OD Trail Vienna Railroad Station.",Parks & Recreation,,https://viennavadata.org/meeting/2021-05-17.html
2021-05-17,25183,Request additional FY21 spending with Arthur Construction utilizing IFB 20-03 and IFB 17-03.,"Budget, Taxes & Finance",,https://viennavadata.org/meeting/2021-05-17.html
2021-05-17,25182,Resolution to Issue Vehicle and Equipment Replacement Financing for FY 2021-22,Contracts & Purchasing,,https://viennavadata.org/meeting/2021-05-17.html
2021-05-17,25174,Regular Business,Procedural,,https://viennavadata.org/meeting/2021-05-17.html
2021-05-17,25185,Approve Spending with Spotted MP To Partially Cover Vacant Communications Manager Position,"Budget, Taxes & Finance",7 Aye,https://viennavadata.org/meeting/2021-05-17.html
2021-05-17,25178,Request approval of MOU between Town of Vienna and Rotary Club of Vienna for 2021 Viva Vienna Festival,"Community, Arts & Events",7 Aye,https://viennavadata.org/meeting/2021-05-17.html
2021-05-17,25176,Intent to Adopt Real Estate Tax Rate for FY 2021-22,"Budget, Taxes & Finance",7 Aye,https://viennavadata.org/meeting/2021-05-17.html
2021-05-17,25177,Intent to Adopt FY 2021-22 Water and Sewer Rates,"Water, Sewer & Stormwater",7 Aye,https://viennavadata.org/meeting/2021-05-17.html
2021-05-17,25180,Adopt FY 2021-22 Budget,"Budget, Taxes & Finance",7 Aye,https://viennavadata.org/meeting/2021-05-17.html
2021-05-17,25181,Consider Unfreezing Portion of 2021-22 Budget,"Budget, Taxes & Finance",7 Aye,https://viennavadata.org/meeting/2021-05-17.html
2021-05-17,25311,Second Closed Session,Procedural,7 Aye,https://viennavadata.org/meeting/2021-05-17.html
2021-05-17,25188,Meeting Adjournment,Procedural,7 Aye,https://viennavadata.org/meeting/2021-05-17.html
2021-05-17,25189,"THE TOWN OF VIENNA IS COMMITTED TO FULL COMPLIANCE WITH THE AMERICANS WITH DISABILITIES ACT STANDARDS. TRANSLATION SERVICES, ASSISTANCE OR ACCOMMODATION REQUESTS FROM PERSONS WITH DISABILITIES ARE TO BE REQUESTED NOT LESS THAN 3 WORKING DAYS BEFORE THE DAY OF THE EVENT. PLEASE CALL (703) 255-6304, OR 711 VIRGINIA RELAY SERVICE FOR THE HEARING IMPAIRED.",Procedural,,https://viennavadata.org/meeting/2021-05-17.html
2021-04-26,25009,Resolution,Procedural,,https://viennavadata.org/meeting/2021-04-26.html
2021-04-26,25005,Resolution for Continuity of Government,Governance & Administration,,https://viennavadata.org/meeting/2021-04-26.html
2021-04-26,24982,"Invocation: Reverend Matthew Sergent, Andrew Chapel, United Methodist Church",Procedural,,https://viennavadata.org/meeting/2021-04-26.html
2021-04-26,24983,Pledge of Allegiance to the Flag of the United States of America,Procedural,,https://viennavadata.org/meeting/2021-04-26.html
2021-04-26,24984,Roll Call,Procedural,,https://viennavadata.org/meeting/2021-04-26.html
2021-04-26,24985,Approval of the Minutes:,Minutes,,https://viennavadata.org/meeting/2021-04-26.html
2021-04-26,25004,"Acceptance of the Regular Council Meeting Minutes of April 12, 2021",Minutes,7 Aye,https://viennavadata.org/meeting/2021-04-26.html
2021-04-26,24986,"Receipt of petitions and communications from the Public that are not on the Agenda.  
          (Limited to 3 minutes per issue and no formal action can be taken this evening)",Procedural,,https://viennavadata.org/meeting/2021-04-26.html
2021-04-26,24988,Reports/Presentations,Procedural,,https://viennavadata.org/meeting/2021-04-26.html
2021-04-26,25002,Financial Report on First Three Quarters of Fiscal 20-2021,"Budget, Taxes & Finance",,https://viennavadata.org/meeting/2021-04-26.html
2021-04-26,25021,2021 Arbor Day Proclamation,Proclamations & Recognitions,,https://viennavadata.org/meeting/2021-04-26.html
2021-04-26,24993,Closed Session,Procedural,7 Aye,https://viennavadata.org/meeting/2021-04-26.html
2021-04-26,24994,Public Hearings,Procedural,,https://viennavadata.org/meeting/2021-04-26.html
2021-04-26,24998,Public hearing on the FY 2021-22 proposed real estate tax rate,"Budget, Taxes & Finance",7 Aye,https://viennavadata.org/meeting/2021-04-26.html
2021-04-26,24999,Public Hearing to receive input on the Maud Robinson Sidewalk Project,"Streets, Sidewalks & Transportation","6 Aye, 1 Abstain",https://viennavadata.org/meeting/2021-04-26.html
2021-04-26,24996,Regular Business,Procedural,,https://viennavadata.org/meeting/2021-04-26.html
2021-04-26,24997,Installation of Broadcast Equipment at Vienna Community Center for the Cable Access Channel,Parks & Recreation,7 Aye,https://viennavadata.org/meeting/2021-04-26.html
2021-04-26,25000,"Intent to Adopt an amendment to the Vienna Town Code (Chapter 13A, Section 13A.4 -Residential Refuse) to eliminate use of plastic bags for yard waste.","Water, Sewer & Stormwater",7 Aye,https://viennavadata.org/meeting/2021-04-26.html
2021-04-26,25001,"Request approval for spending $246,578.40 with Arthur Construction Co., Inc., and $72,093.50 with US Concrete and Paving, Inc. for construction of Robinson Trust Sidewalk Projects.","Streets, Sidewalks & Transportation",7 Aye,https://viennavadata.org/meeting/2021-04-26.html
2021-04-26,25076,"Request approval for spending $246,578.40 with Arthur Construction Co., Inc., and $72,093.50 with US Concrete and Paving, Inc. for construction of Robinson Trust Sidewalk Projects.","Streets, Sidewalks & Transportation",7 Aye,https://viennavadata.org/meeting/2021-04-26.html
2021-04-26,25003,Extend deadline for federal sub-award agreement for Covid-19 Municipal Utility Relief Program,Contracts & Purchasing,,https://viennavadata.org/meeting/2021-04-26.html
2021-04-26,25077,Extend deadline for federal sub-award agreement for Covid-19 Municipal Utility Relief Program,Contracts & Purchasing,7 Aye,https://viennavadata.org/meeting/2021-04-26.html
2021-04-26,25006,Meeting Adjournment,Procedural,,https://viennavadata.org/meeting/2021-04-26.html
2021-04-26,25007,"THE TOWN OF VIENNA IS COMMITTED TO FULL COMPLIANCE WITH THE AMERICANS WITH DISABILITIES ACT STANDARDS. TRANSLATION SERVICES, ASSISTANCE OR ACCOMMODATION REQUESTS FROM PERSONS WITH DISABILITIES ARE TO BE REQUESTED NOT LESS THAN 3 WORKING DAYS BEFORE THE DAY OF THE EVENT. PLEASE CALL (703) 255-6304, OR 711 VIRGINIA RELAY SERVICE FOR THE HEARING IMPAIRED.",Procedural,,https://viennavadata.org/meeting/2021-04-26.html
2021-04-12,24816,Resolution,Procedural,,https://viennavadata.org/meeting/2021-04-12.html
2021-04-12,24813,Resolution for Continuity of Government,Governance & Administration,,https://viennavadata.org/meeting/2021-04-12.html
2021-04-12,24790,"Invocation: Dr. Vernon Walton, Pastor, First Baptist Church of Vienna",Procedural,,https://viennavadata.org/meeting/2021-04-12.html
2021-04-12,24791,Pledge of Allegiance to the Flag of the United States of America,Procedural,,https://viennavadata.org/meeting/2021-04-12.html
2021-04-12,24792,Roll Call,Procedural,,https://viennavadata.org/meeting/2021-04-12.html
2021-04-12,24793,Approval of the Minutes:,Minutes,,https://viennavadata.org/meeting/2021-04-12.html
2021-04-12,24812,"Acceptance of the Conference Session minutes of March 13, 2021 and March 15, 2021, the Regular Council Meeting minutes of March 22, 2021 and the Joint Conference Session minutes of March 31, 2021.",Minutes,,https://viennavadata.org/meeting/2021-04-12.html
2021-04-12,24794,"Receipt of petitions and communications from the Public that are not on the Agenda.  
          (Limited to 3 minutes per issue and no formal action can be taken this evening)",Procedural,,https://viennavadata.org/meeting/2021-04-12.html
2021-04-12,24796,Reports/Presentations,Procedural,,https://viennavadata.org/meeting/2021-04-12.html
2021-04-12,24811,Viva Vienna 2021 Update,"Community, Arts & Events",,https://viennavadata.org/meeting/2021-04-12.html
2021-04-12,24801,Closed Session Report,Procedural,7 Aye,https://viennavadata.org/meeting/2021-04-12.html
2021-04-12,24802,Public Hearings,Procedural,,https://viennavadata.org/meeting/2021-04-12.html
2021-04-12,24806,Public hearing on FY 2021-22 proposed budget,"Budget, Taxes & Finance",7 Aye,https://viennavadata.org/meeting/2021-04-12.html
2021-04-12,24805,Public hearing on FY 2021-22 Water and Sewer Rates,"Water, Sewer & Stormwater",7 Aye,https://viennavadata.org/meeting/2021-04-12.html
2021-04-12,24807,Public hearing for alley vacation request at 131 Wilmar Place NW.,"Land Use, Zoning & Development",7 Aye,https://viennavadata.org/meeting/2021-04-12.html
2021-04-12,24803,Consent Agenda,Consent Agenda,7 Aye,https://viennavadata.org/meeting/2021-04-12.html
2021-04-12,24810,"Amend sub-award with Fairfax County to return $50,000 of CHO funds for Town CARES use",Grants & Intergovernmental,,https://viennavadata.org/meeting/2021-04-12.html
2021-04-12,24809,Request approval to hold the 2021 Solarize NOVA program,"Environment, Trees & Sustainability",,https://viennavadata.org/meeting/2021-04-12.html
2021-04-12,24808,Mashie Subdivision performance bond extension request,"Land Use, Zoning & Development",,https://viennavadata.org/meeting/2021-04-12.html
2021-04-12,24804,Regular Business,Procedural,,https://viennavadata.org/meeting/2021-04-12.html
2021-04-12,24817,No Regular Business,Procedural,,https://viennavadata.org/meeting/2021-04-12.html
2021-04-12,24814,Meeting Adjournment,Procedural,,https://viennavadata.org/meeting/2021-04-12.html
2021-04-12,24815,"THE TOWN OF VIENNA IS COMMITTED TO FULL COMPLIANCE WITH THE AMERICANS WITH DISABILITIES ACT STANDARDS. TRANSLATION SERVICES, ASSISTANCE OR ACCOMMODATION REQUESTS FROM PERSONS WITH DISABILITIES ARE TO BE REQUESTED NOT LESS THAN 3 WORKING DAYS BEFORE THE DAY OF THE EVENT. PLEASE CALL (703) 255-6304, OR 711 VIRGINIA RELAY SERVICE FOR THE HEARING IMPAIRED.",Procedural,,https://viennavadata.org/meeting/2021-04-12.html
2021-03-22,24655,Resolution,Procedural,,https://viennavadata.org/meeting/2021-03-22.html
2021-03-22,24652,Resolution for Continuity of Government,Governance & Administration,,https://viennavadata.org/meeting/2021-03-22.html
2021-03-22,24626,Invocation: Councilmember Ray Brill,Procedural,,https://viennavadata.org/meeting/2021-03-22.html
2021-03-22,24627,Pledge of Allegiance to the Flag of the United States of America,Procedural,,https://viennavadata.org/meeting/2021-03-22.html
2021-03-22,24628,Roll Call,Procedural,,https://viennavadata.org/meeting/2021-03-22.html
2021-03-22,24629,Acceptance of the Minutes:,Minutes,,https://viennavadata.org/meeting/2021-03-22.html
2021-03-22,24643,"Acceptance of the Regular Council Meeting Minutes of February 22, 2021, March 1, 2021 and March 8, 2021, and the Conference Session Minutes of March 8, 2021.",Minutes,,https://viennavadata.org/meeting/2021-03-22.html
2021-03-22,24630,"Receipt of petitions and communications from the Public that are not on the Agenda.  
          (Limited to 3 minutes per issue and no formal action can be taken this evening)",Procedural,,https://viennavadata.org/meeting/2021-03-22.html
2021-03-22,24637,Closed Session Report,Procedural,7 Aye,https://viennavadata.org/meeting/2021-03-22.html
2021-03-22,24639,Consent Agenda,Consent Agenda,7 Aye,https://viennavadata.org/meeting/2021-03-22.html
2021-03-22,24647,"Request to set a public hearing for April 12, 2021 regarding the FY 2021-22 operating budget","Budget, Taxes & Finance",,https://viennavadata.org/meeting/2021-03-22.html
2021-03-22,24648,"Request to set a public hearing for April 12, 2021 regarding FY 2021-22 water and sewer rates","Water, Sewer & Stormwater",,https://viennavadata.org/meeting/2021-03-22.html
2021-03-22,24649,"Request to set a public hearing for April 26, 2021 regarding the FY 2021-22 real estate tax rate","Budget, Taxes & Finance",,https://viennavadata.org/meeting/2021-03-22.html
2021-03-22,24642,Set a public hearing to consider alley vacation of 131 Wilmar Place NW,"Land Use, Zoning & Development",,https://viennavadata.org/meeting/2021-03-22.html
2021-03-22,24651,"Request formal approval of an emergency procurement to increase by $4,000 the current purchase order by $4000 with Siemen’s Industries for HVAC services, bringing the total cost to $33,874.",Public Safety,,https://viennavadata.org/meeting/2021-03-22.html
2021-03-22,24646,Police Station - Gas Service Line Relocation,Public Safety,,https://viennavadata.org/meeting/2021-03-22.html
2021-03-22,24650,"Approve an increase in spending for temporary help with VAPFS, LLC-Hire Strategy","Budget, Taxes & Finance",,https://viennavadata.org/meeting/2021-03-22.html
2021-03-22,24640,Regular Business,Procedural,,https://viennavadata.org/meeting/2021-03-22.html
2021-03-22,24656,Re-adoption and extension of the Continuity of Government ordinance,Governance & Administration,7 Aye,https://viennavadata.org/meeting/2021-03-22.html
2021-03-22,24641,Request approval for cable access channel equipment upgrades,Contracts & Purchasing,7 Aye,https://viennavadata.org/meeting/2021-03-22.html
2021-03-22,24644,Request additional spending for Park St NE sidewalk improvements for right-of-way services,Parks & Recreation,7 Aye,https://viennavadata.org/meeting/2021-03-22.html
2021-03-22,24645,Award IFB 20-10 construction contract for Old Courthouse Road NE sidewalk,"Streets, Sidewalks & Transportation",7 Aye,https://viennavadata.org/meeting/2021-03-22.html
2021-03-22,24653,Meeting Adjournment,Procedural,7 Aye,https://viennavadata.org/meeting/2021-03-22.html
2021-03-22,24654,"THE TOWN OF VIENNA IS COMMITTED TO FULL COMPLIANCE WITH THE AMERICANS WITH DISABILITIES ACT STANDARDS. TRANSLATION SERVICES, ASSISTANCE OR ACCOMMODATION REQUESTS FROM PERSONS WITH DISABILITIES ARE TO BE REQUESTED NOT LESS THAN 3 WORKING DAYS BEFORE THE DAY OF THE EVENT. PLEASE CALL (703) 255-6304, OR 711 VIRGINIA RELAY SERVICE FOR THE HEARING IMPAIRED.",Procedural,,https://viennavadata.org/meeting/2021-03-22.html
2021-03-08,24378,Resolution for Continuity of Government,Governance & Administration,,https://viennavadata.org/meeting/2021-03-08.html
2021-03-08,24379,Resolution for Continuity of Government,Governance & Administration,,https://viennavadata.org/meeting/2021-03-08.html
2021-03-08,24368,Regular Business,Procedural,,https://viennavadata.org/meeting/2021-03-08.html
2021-03-08,24370,To Set a Closed Session,Procedural,,https://viennavadata.org/meeting/2021-03-08.html
2021-03-08,24371,Meeting Adjournment,Procedural,,https://viennavadata.org/meeting/2021-03-08.html
2021-03-08,24374,,Procedural,,https://viennavadata.org/meeting/2021-03-08.html
2021-03-01,24308,Resolution,Procedural,,https://viennavadata.org/meeting/2021-03-01.html
2021-03-01,24305,Resolution for Continuity of Government,Governance & Administration,,https://viennavadata.org/meeting/2021-03-01.html
2021-03-01,24288,Invocation: Councilmember Brill,Procedural,,https://viennavadata.org/meeting/2021-03-01.html
2021-03-01,24289,Pledge of Allegiance to the Flag of the United States of America,Procedural,,https://viennavadata.org/meeting/2021-03-01.html
2021-03-01,24290,Roll Call,Procedural,,https://viennavadata.org/meeting/2021-03-01.html
2021-03-01,24292,"Receipt of petitions and communications from the Public that are not on the Agenda.  
          (Limited to 3 minutes per issue and no formal action can be taken this evening)",Procedural,,https://viennavadata.org/meeting/2021-03-01.html
2021-03-01,24321,Reports/Presentations,Procedural,,https://viennavadata.org/meeting/2021-03-01.html
2021-03-01,24322,Viva Vienna 2021 Update,"Community, Arts & Events",,https://viennavadata.org/meeting/2021-03-01.html
2021-03-01,24309,Closed Session Report,Procedural,7 Aye,https://viennavadata.org/meeting/2021-03-01.html
2021-03-01,24302,Regular Business,Procedural,,https://viennavadata.org/meeting/2021-03-01.html
2021-03-01,24303,"Extension and re-adoption of emergency ordinance to waive zoning regulations to permit temporary outdoor activity through September 1, 2021","Land Use, Zoning & Development",7 Aye,https://viennavadata.org/meeting/2021-03-01.html
2021-03-01,24306,Meeting Adjournment,Procedural,7 Aye,https://viennavadata.org/meeting/2021-03-01.html
2021-03-01,24307,"THE TOWN OF VIENNA IS COMMITTED TO FULL COMPLIANCE WITH THE AMERICANS WITH DISABILITIES ACT STANDARDS. TRANSLATION SERVICES, ASSISTANCE OR ACCOMMODATION REQUESTS FROM PERSONS WITH DISABILITIES ARE TO BE REQUESTED NOT LESS THAN 3 WORKING DAYS BEFORE THE DAY OF THE EVENT. PLEASE CALL (703) 255-6304, OR 711 VIRGINIA RELAY SERVICE FOR THE HEARING IMPAIRED.",Procedural,,https://viennavadata.org/meeting/2021-03-01.html
2021-02-22,24251,Resolution,Procedural,,https://viennavadata.org/meeting/2021-02-22.html
2021-02-22,24248,Resolution for Continuity of Government,Governance & Administration,,https://viennavadata.org/meeting/2021-02-22.html
2021-02-22,24225,Invocation: Councilmember Ray Brill,Procedural,,https://viennavadata.org/meeting/2021-02-22.html
2021-02-22,24226,Pledge of Allegiance to the Flag of the United States of America,Procedural,,https://viennavadata.org/meeting/2021-02-22.html
2021-02-22,24227,Roll Call,Procedural,,https://viennavadata.org/meeting/2021-02-22.html
2021-02-22,24228,Acceptance of the Minutes:,Minutes,,https://viennavadata.org/meeting/2021-02-22.html
2021-02-22,24247,"Acceptance of the Regular Council Meeting Minutes of February 1, 2021 and the Conference Session Minutes of January 25, 2021, February 4, 2021 and February 8, 2021.",Minutes,,https://viennavadata.org/meeting/2021-02-22.html
2021-02-22,24229,"Receipt of petitions and communications from the Public that are not on the Agenda.  
          (Limited to 3 minutes per issue and no formal action can be taken this evening)",Procedural,,https://viennavadata.org/meeting/2021-02-22.html
2021-02-22,24252,Reports/Presentations,Procedural,,https://viennavadata.org/meeting/2021-02-22.html
2021-02-22,24245,Financial Report on First Seven Months of Fiscal 2021,"Budget, Taxes & Finance",,https://viennavadata.org/meeting/2021-02-22.html
2021-02-22,24236,Closed Session,Procedural,7 Aye,https://viennavadata.org/meeting/2021-02-22.html
2021-02-22,24237,Public Hearings,Procedural,,https://viennavadata.org/meeting/2021-02-22.html
2021-02-22,24246,Public hearing to consider Dominion Energy easement request at 413 Tapawingo Road SW,"Land Use, Zoning & Development",7 Aye,https://viennavadata.org/meeting/2021-02-22.html
2021-02-22,24239,Regular Business,Procedural,,https://viennavadata.org/meeting/2021-02-22.html
2021-02-22,24244,Request approval of memorandum of understanding between the Optimist Club of Greater Vienna and Town of Vienna for use of the Vienna Community Center parking lot for the 2021 Vienna Farmers Market,Parks & Recreation,7 Aye,https://viennavadata.org/meeting/2021-02-22.html
2021-02-22,24240,Amend sub recipient agreement with Fairfax County for CARES Act funds spending date extension,"Budget, Taxes & Finance",7 Aye,https://viennavadata.org/meeting/2021-02-22.html
2021-02-22,24241,"Intent to adopt text amendments to add family day home provisions to sections 18-4, 18-13, 18-210 of Chapter 18 of the Town Code.","Land Use, Zoning & Development",7 Aye,https://viennavadata.org/meeting/2021-02-22.html
2021-02-22,24242,"Intent to adopt text amendments to Sidewalk Ordinance, Section 17-67.2 of Chapter 17 of the Town Code","Land Use, Zoning & Development",7 Aye,https://viennavadata.org/meeting/2021-02-22.html
2021-02-22,24243,"Intent to adopt text amendments to Temporary Sign Regulations in Article 19 of Chapter 18 of the Town Code, sections 18-175, 18-177, 18-178, and 18-185","Land Use, Zoning & Development",,https://viennavadata.org/meeting/2021-02-22.html
2021-02-22,24249,Meeting Adjournment,Procedural,,https://viennavadata.org/meeting/2021-02-22.html
2021-02-22,24250,"THE TOWN OF VIENNA IS COMMITTED TO FULL COMPLIANCE WITH THE AMERICANS WITH DISABILITIES ACT STANDARDS. TRANSLATION SERVICES, ASSISTANCE OR ACCOMMODATION REQUESTS FROM PERSONS WITH DISABILITIES ARE TO BE REQUESTED NOT LESS THAN 3 WORKING DAYS BEFORE THE DAY OF THE EVENT. PLEASE CALL (703) 255-6304, OR 711 VIRGINIA RELAY SERVICE FOR THE HEARING IMPAIRED.",Procedural,,https://viennavadata.org/meeting/2021-02-22.html
2021-02-01,24109,Resolution,Procedural,,https://viennavadata.org/meeting/2021-02-01.html
2021-02-01,24105,Resolution for Continuity of Government,Governance & Administration,,https://viennavadata.org/meeting/2021-02-01.html
2021-02-01,24084,Invocation: Councilmember Ray Brill,Procedural,,https://viennavadata.org/meeting/2021-02-01.html
2021-02-01,24085,Pledge of Allegiance to the Flag of the United States of America,Procedural,,https://viennavadata.org/meeting/2021-02-01.html
2021-02-01,24086,Roll Call,Procedural,,https://viennavadata.org/meeting/2021-02-01.html
2021-02-01,24087,Acceptance of the Minutes:,Minutes,,https://viennavadata.org/meeting/2021-02-01.html
2021-02-01,24106,"Acceptance of the Regular Council Meeting Minutes of January 4, 2021 and the Conference Session Minutes of December 3, 2020 and January 11, 2021.",Minutes,,https://viennavadata.org/meeting/2021-02-01.html
2021-02-01,24088,"Receipt of petitions and communications from the Public that are not on the Agenda.  
          (Limited to 3 minutes per issue and no formal action can be taken this evening)",Procedural,,https://viennavadata.org/meeting/2021-02-01.html
2021-02-01,24095,Closed Session Report,Procedural,7 Aye,https://viennavadata.org/meeting/2021-02-01.html
2021-02-01,24096,Public Hearings,Procedural,,https://viennavadata.org/meeting/2021-02-01.html
2021-02-01,24101,"Public hearing on proposed text amendments to add Family Day Home provisions to Sections 18-4, 18-13, 18-210 of Chapter 18 of the Town Code.","Land Use, Zoning & Development",7 Aye,https://viennavadata.org/meeting/2021-02-01.html
2021-02-01,24102,"Public hearing on proposed text amendment to Sidewalk Ordinance, Section 17-67.2 of Chapter 17 of the Town Code","Land Use, Zoning & Development",7 Aye,https://viennavadata.org/meeting/2021-02-01.html
2021-02-01,24103,"Public hearing on proposed text amendments to Temporary Sign Regulations in Article 19 of Chapter 18 of the Town Code, Sections 18-175, 18-177, 18-178, and 18-185","Land Use, Zoning & Development",7 Aye,https://viennavadata.org/meeting/2021-02-01.html
2021-02-01,24098,Regular Business,Procedural,,https://viennavadata.org/meeting/2021-02-01.html
2021-02-01,24104,Increase annual fee to auditors to meet federal audit requirements,"Budget, Taxes & Finance",,https://viennavadata.org/meeting/2021-02-01.html
2021-02-01,24099,"Approve Spending For Temporary Help with VAPFS, LLC-Hire Strategy","Budget, Taxes & Finance",,https://viennavadata.org/meeting/2021-02-01.html
2021-02-01,24100,Request to use Wood Environment & Infrastructure Solutions for environmental professional services.,"Environment, Trees & Sustainability",,https://viennavadata.org/meeting/2021-02-01.html
2021-02-01,24107,Meeting Adjournment,Procedural,7 Aye,https://viennavadata.org/meeting/2021-02-01.html
2021-02-01,24108,"THE TOWN OF VIENNA IS COMMITTED TO FULL COMPLIANCE WITH THE AMERICANS WITH DISABILITIES ACT STANDARDS. TRANSLATION SERVICES, ASSISTANCE OR ACCOMMODATION REQUESTS FROM PERSONS WITH DISABILITIES ARE TO BE REQUESTED NOT LESS THAN 3 WORKING DAYS BEFORE THE DAY OF THE EVENT. PLEASE CALL (703) 255-6304, OR 711 VIRGINIA RELAY SERVICE FOR THE HEARING IMPAIRED.",Procedural,,https://viennavadata.org/meeting/2021-02-01.html
2021-01-04,23984,Resolution,Procedural,,https://viennavadata.org/meeting/2021-01-04.html
2021-01-04,23980,Resolution for Continuity of Government,Governance & Administration,,https://viennavadata.org/meeting/2021-01-04.html
2021-01-04,23956,Invocation: Councilmember Ray Brill,Procedural,,https://viennavadata.org/meeting/2021-01-04.html
2021-01-04,23957,Pledge of Allegiance to the Flag of the United States of America,Procedural,,https://viennavadata.org/meeting/2021-01-04.html
2021-01-04,23958,Roll Call,Procedural,,https://viennavadata.org/meeting/2021-01-04.html
2021-01-04,23959,Approval of the Minutes:,Minutes,,https://viennavadata.org/meeting/2021-01-04.html
2021-01-04,23978,"Acceptance of the Regular Council Meeting Minutes of December 7, 2020 and the Work Session Minutes of December 14, 2020.",Minutes,7 Aye,https://viennavadata.org/meeting/2021-01-04.html
2021-01-04,23960,"Receipt of petitions and communications from the Public that are not on the Agenda.  
          (Limited to 3 minutes per issue and no formal action can be taken this evening)",Procedural,,https://viennavadata.org/meeting/2021-01-04.html
2021-01-04,23967,Closed Session Report,Procedural,7 Aye,https://viennavadata.org/meeting/2021-01-04.html
2021-01-04,23970,Regular Business,Procedural,,https://viennavadata.org/meeting/2021-01-04.html
2021-01-04,23971,"Re-adoption of emergency ordinance to permit temporary waivers of zoning regulations and review for public, semi-public, and private institutions","Land Use, Zoning & Development",7 Aye,https://viennavadata.org/meeting/2021-01-04.html
2021-01-04,23972,"Re-adoption of emergency ordinance to permit a temporary waiver of zoning restrictions for child day care in commercial zones, industrial zones, and for public, semi-public, and private institutions in other zones.","Land Use, Zoning & Development",7 Aye,https://viennavadata.org/meeting/2021-01-04.html
2021-01-04,23974,Set a Public Hearing to consider the alley vacation of 131 Wilmar Place NW,"Land Use, Zoning & Development",7 Aye,https://viennavadata.org/meeting/2021-01-04.html
2021-01-04,23975,Dominion Energy Strategic Underground Program - Easement request at 413 Tapawingo Road SW,"Land Use, Zoning & Development",7 Aye,https://viennavadata.org/meeting/2021-01-04.html
2021-01-04,23976,"Council Acceptance of $49,290.06 in Coronavirus Relief Funds for Utility Relief","Budget, Taxes & Finance",7 Aye,https://viennavadata.org/meeting/2021-01-04.html
2021-01-04,23979,Award Marketing Contract to Marketing Firm to Provide Business Focused Marketing Services,Contracts & Purchasing,"6 Aye, 1 Abstain",https://viennavadata.org/meeting/2021-01-04.html
2021-01-04,23973,Award RFP 21-01 Market Study & Economic Development Strategy,Economic Development,"6 Aye, 1 Abstain",https://viennavadata.org/meeting/2021-01-04.html
2021-01-04,23981,Meeting Adjournment,Procedural,,https://viennavadata.org/meeting/2021-01-04.html
2021-01-04,23982,"THE TOWN OF VIENNA IS COMMITTED TO FULL COMPLIANCE WITH THE AMERICANS WITH DISABILITIES ACT STANDARDS. TRANSLATION SERVICES, ASSISTANCE OR ACCOMMODATION REQUESTS FROM PERSONS WITH DISABILITIES ARE TO BE REQUESTED NOT LESS THAN 3 WORKING DAYS BEFORE THE DAY OF THE EVENT. PLEASE CALL (703) 255-6304, OR 711 VIRGINIA RELAY SERVICE FOR THE HEARING IMPAIRED.",Procedural,,https://viennavadata.org/meeting/2021-01-04.html
2020-12-07,23890,Resolution,Procedural,,https://viennavadata.org/meeting/2020-12-07.html
2020-12-07,23887,Resolution for Continuity of Government,Governance & Administration,,https://viennavadata.org/meeting/2020-12-07.html
2020-12-07,23864,Roll Call,Procedural,,https://viennavadata.org/meeting/2020-12-07.html
2020-12-07,23865,Approval of the Minutes:,Minutes,,https://viennavadata.org/meeting/2020-12-07.html
2020-12-07,23886,"Acceptance of the Regular Council Meeting Minutes of November 16, 2020 and the Work Session Minutes of October 28, 2020 and November 9, 2020.",Minutes,,https://viennavadata.org/meeting/2020-12-07.html
2020-12-07,23911,"Acceptance of the Regular Council Meeting Minutes of November 16, 2020 and the Work Session Minutes of October 28, 2020 and November 9, 2020.",Minutes,7 Aye,https://viennavadata.org/meeting/2020-12-07.html
2020-12-07,23866,"Receipt of petitions and communications from the Public that are not on the Agenda.  
          (Limited to 3 minutes per issue and no formal action can be taken this evening)",Procedural,,https://viennavadata.org/meeting/2020-12-07.html
2020-12-07,23891,Reports/Presentations,Procedural,,https://viennavadata.org/meeting/2020-12-07.html
2020-12-07,23885,Presentation of 2020 Comprehensive Annual Financial Report (CAFR),"Budget, Taxes & Finance",,https://viennavadata.org/meeting/2020-12-07.html
2020-12-07,23876,Regular Business,Procedural,,https://viennavadata.org/meeting/2020-12-07.html
2020-12-07,23892,Request approval to demolish the residential structure and outbuildings at 124 Courthouse Road SW,"Land Use, Zoning & Development",7 Aye,https://viennavadata.org/meeting/2020-12-07.html
2020-12-07,23884,Resolution to recognize Liberty Amendments Month,Proclamations & Recognitions,7 Aye,https://viennavadata.org/meeting/2020-12-07.html
2020-12-07,23877,Northern Virginia Critical Incident Response Team MOU,Contracts & Purchasing,7 Aye,https://viennavadata.org/meeting/2020-12-07.html
2020-12-07,23878,"Request approval of final plat for subdivision of 117 and 121 Courthouse Road SW into three lots on property located in RS-10, single-family detached residential zone.","Land Use, Zoning & Development",7 Aye,https://viennavadata.org/meeting/2020-12-07.html
2020-12-07,23879,"Request approval of final plat for subdivision of 601 Marshall Road SW and 1011 Ware Street SW into six lots on property located in the RS-16, single-family detached residential zone.","Land Use, Zoning & Development",7 Aye,https://viennavadata.org/meeting/2020-12-07.html
2020-12-07,23880,"Request approval of modifications of requirement for lot coverage, front yard setback and side yard setback in RM-2 multifamily, low-density zoning district, for property located at 201 Park Street SE. Application filed by John Sekas of Sekas Homes, Ltd.","Land Use, Zoning & Development","4 Aye, 3 Nay",https://viennavadata.org/meeting/2020-12-07.html
2020-12-07,23881,Request formal approval of emergency procurement utilizing Currie Heating and Cooling to install GPS (Global Plasma Solutions) in Town buildings.,Public Safety,7 Aye,https://viennavadata.org/meeting/2020-12-07.html
2020-12-07,23882,"Request approval for spending $1,000,000 with E.E. Lyons Construction for water main and appurtenance improvements within the Town's water service area","Water, Sewer & Stormwater",7 Aye,https://viennavadata.org/meeting/2020-12-07.html
2020-12-07,23883,Northern Virginia Regional Commission (NVRC) project to update the Regional Water Supply Plan,"Water, Sewer & Stormwater",7 Aye,https://viennavadata.org/meeting/2020-12-07.html
2020-12-07,23888,Meeting Adjournment,Procedural,7 Aye,https://viennavadata.org/meeting/2020-12-07.html
2020-12-07,23889,"THE TOWN OF VIENNA IS COMMITTED TO FULL COMPLIANCE WITH THE AMERICANS WITH DISABILITIES ACT STANDARDS. TRANSLATION SERVICES, ASSISTANCE OR ACCOMMODATION REQUESTS FROM PERSONS WITH DISABILITIES ARE TO BE REQUESTED NOT LESS THAN 3 WORKING DAYS BEFORE THE DAY OF THE EVENT. PLEASE CALL (703) 255-6304, OR 711 VIRGINIA RELAY SERVICE FOR THE HEARING IMPAIRED.",Procedural,,https://viennavadata.org/meeting/2020-12-07.html
2020-11-16,23789,Resolution,Procedural,,https://viennavadata.org/meeting/2020-11-16.html
2020-11-16,23790,Resolution for Continuity of Government,Governance & Administration,,https://viennavadata.org/meeting/2020-11-16.html
2020-11-16,23770,Roll Call,Procedural,,https://viennavadata.org/meeting/2020-11-16.html
2020-11-16,23771,Approval of the Minutes:,Minutes,,https://viennavadata.org/meeting/2020-11-16.html
2020-11-16,23786,"Acceptance of the Regular Council Meeting Minutes of October 26, 2020, November 2, 2020 and the Work Session Minutes of October 28, 2020",Minutes,7 Aye,https://viennavadata.org/meeting/2020-11-16.html
2020-11-16,23772,"Receipt of petitions and communications from the Public that are not on the Agenda.  
          (Limited to 3 minutes per issue and no formal action can be taken this evening)",Procedural,,https://viennavadata.org/meeting/2020-11-16.html
2020-11-16,23774,Reports/Presentations,Procedural,,https://viennavadata.org/meeting/2020-11-16.html
2020-11-16,23785,Presentation of Certificate of Achievement for Excellence in Financial Reporting,"Budget, Taxes & Finance",,https://viennavadata.org/meeting/2020-11-16.html
2020-11-16,23779,Closed Session,Procedural,7 Aye,https://viennavadata.org/meeting/2020-11-16.html
2020-11-16,23782,Regular Business,Procedural,,https://viennavadata.org/meeting/2020-11-16.html
2020-11-16,23783,DPW requests approval for joint project to rehabilitate trunk sewers that cross Route 7 at Difficult Run,"Water, Sewer & Stormwater",7 Aye,https://viennavadata.org/meeting/2020-11-16.html
2020-11-16,23784,Request approval to demolish the residential structure and outbuildings at 124 Courthouse Road SW,"Land Use, Zoning & Development",7 Aye,https://viennavadata.org/meeting/2020-11-16.html
2020-11-16,23787,Meeting Adjournment,Procedural,7 Aye,https://viennavadata.org/meeting/2020-11-16.html
2020-11-16,23788,"THE TOWN OF VIENNA IS COMMITTED TO FULL COMPLIANCE WITH THE AMERICANS WITH DISABILITIES ACT STANDARDS. TRANSLATION SERVICES, ASSISTANCE OR ACCOMMODATION REQUESTS FROM PERSONS WITH DISABILITIES ARE TO BE REQUESTED NOT LESS THAN 3 WORKING DAYS BEFORE THE DAY OF THE EVENT. PLEASE CALL (703) 255-6304, OR 711 VIRGINIA RELAY SERVICE FOR THE HEARING IMPAIRED.",Procedural,,https://viennavadata.org/meeting/2020-11-16.html
2020-11-02,23725,Resolution,Procedural,,https://viennavadata.org/meeting/2020-11-02.html
2020-11-02,23724,Resolution for Continuity of Government,Governance & Administration,,https://viennavadata.org/meeting/2020-11-02.html
2020-11-02,23702,Roll Call,Procedural,,https://viennavadata.org/meeting/2020-11-02.html
2020-11-02,23703,Acceptance of the Minutes:,Minutes,,https://viennavadata.org/meeting/2020-11-02.html
2020-11-02,23721,"Acceptance of the Work Session Minutes of October 19, 2020.",Minutes,7 Aye,https://viennavadata.org/meeting/2020-11-02.html
2020-11-02,23704,"Receipt of petitions and communications from the Public that are not on the Agenda.  
          (Limited to 3 minutes per issue and no formal action can be taken this evening)",Procedural,,https://viennavadata.org/meeting/2020-11-02.html
2020-11-02,23711,Closed Session,Procedural,7 Aye,https://viennavadata.org/meeting/2020-11-02.html
2020-11-02,23712,Public Hearings,Procedural,,https://viennavadata.org/meeting/2020-11-02.html
2020-11-02,23716,Public hearing on the Town’s 2021 Legislative Agenda,Grants & Intergovernmental,,https://viennavadata.org/meeting/2020-11-02.html
2020-11-02,23745,Public hearing on the Town’s 2021 Legislative Agenda,Grants & Intergovernmental,"6 Aye, 1 Nay",https://viennavadata.org/meeting/2020-11-02.html
2020-11-02,23714,Regular Business,Procedural,,https://viennavadata.org/meeting/2020-11-02.html
2020-11-02,23718,"The Police Department requests approval to ride state contract DEB20170106HE for construction material observation and testing services with ECS Mid-Atlantic, LLC.",Public Safety,7 Aye,https://viennavadata.org/meeting/2020-11-02.html
2020-11-02,23715,Amendment of sub-award agreement to provide assistance to Town of Vienna residents and business workers,Contracts & Purchasing,7 Aye,https://viennavadata.org/meeting/2020-11-02.html
2020-11-02,23717,Request modification of requirements for required parking associated with restaurant use and tree canopy coverage at 435 Maple Avenue W,"Environment, Trees & Sustainability",7 Aye,https://viennavadata.org/meeting/2020-11-02.html
2020-11-02,23719,"Request approval of final plat for subdivision of 311 Ayito Road SE into two lots on property located in RS-12.5, Single-Family Detached Residential zone","Land Use, Zoning & Development",7 Aye,https://viennavadata.org/meeting/2020-11-02.html
2020-11-02,23720,"Reassign Purchase Order 20210139-01 to ZoneCo, LLC",Contracts & Purchasing,7 Aye,https://viennavadata.org/meeting/2020-11-02.html
2020-11-02,23722,Meeting Adjournment,Procedural,,https://viennavadata.org/meeting/2020-11-02.html
2020-11-02,23723,"THE TOWN OF VIENNA IS COMMITTED TO FULL COMPLIANCE WITH THE AMERICANS WITH DISABILITIES ACT STANDARDS. TRANSLATION SERVICES, ASSISTANCE OR ACCOMMODATION REQUESTS FROM PERSONS WITH DISABILITIES ARE TO BE REQUESTED NOT LESS THAN 3 WORKING DAYS BEFORE THE DAY OF THE EVENT. PLEASE CALL (703) 255-6304, OR 711 VIRGINIA RELAY SERVICE FOR THE HEARING IMPAIRED.",Procedural,,https://viennavadata.org/meeting/2020-11-02.html
2020-10-26,23650,Roll Call,Procedural,,https://viennavadata.org/meeting/2020-10-26.html
2020-10-26,23672,Resolution,Procedural,,https://viennavadata.org/meeting/2020-10-26.html
2020-10-26,23671,Resolution for Continuity of Government,Governance & Administration,,https://viennavadata.org/meeting/2020-10-26.html
2020-10-26,23651,Approval of the Minutes:,Minutes,,https://viennavadata.org/meeting/2020-10-26.html
2020-10-26,23668,"Acceptance of the Regular Council Meeting Minutes of October 5, 2020 and the Work Session Minutes of September 28, 2020.",Minutes,7 Aye,https://viennavadata.org/meeting/2020-10-26.html
2020-10-26,23652,"Receipt of petitions and communications from the Public that are not on the Agenda.  
          (Limited to 3 minutes per issue and no formal action can be taken this evening)",Procedural,,https://viennavadata.org/meeting/2020-10-26.html
2020-10-26,23673,Presentation,Procedural,,https://viennavadata.org/meeting/2020-10-26.html
2020-10-26,23666,Financial Review First Quarter 2020-21,"Budget, Taxes & Finance",,https://viennavadata.org/meeting/2020-10-26.html
2020-10-26,23659,Closed Session Report,Procedural,7 Aye,https://viennavadata.org/meeting/2020-10-26.html
2020-10-26,23662,Regular Business,Procedural,,https://viennavadata.org/meeting/2020-10-26.html
2020-10-26,23675,"Town Meeting with Restaurant Owners, Landlords, and Tenants to Find Financial Ways to Survive During the Upcoming Winter Season. (Requested By Councilmember Brill)","Budget, Taxes & Finance",,https://viennavadata.org/meeting/2020-10-26.html
2020-10-26,23697,"Town Meeting with Restaurant Owners, Landlords, and Tenants to Find Financial Ways to Survive During the Upcoming Winter Season. (Requested By Councilmember Brill)","Budget, Taxes & Finance","5 Aye, 2 Nay",https://viennavadata.org/meeting/2020-10-26.html
2020-10-26,23663,Award IFB 21-03 for construction of new police facility.,Public Safety,7 Aye,https://viennavadata.org/meeting/2020-10-26.html
2020-10-26,23667,Approval of FY 2020-21 Capital Improvement Plan (CIP),"Budget, Taxes & Finance",7 Aye,https://viennavadata.org/meeting/2020-10-26.html
2020-10-26,23664,Mashie Drive Subdivision Performance Bond Reduction Request,"Land Use, Zoning & Development",7 Aye,https://viennavadata.org/meeting/2020-10-26.html
2020-10-26,23665,"Set a public hearing for February 1, 2021 regarding amendments to Chapter 18 - Zoning related to family day homes and refer the matter to the Planning Commission for consideration.","Land Use, Zoning & Development",7 Aye,https://viennavadata.org/meeting/2020-10-26.html
2020-10-26,23669,Meeting Adjournment,Procedural,,https://viennavadata.org/meeting/2020-10-26.html
2020-10-26,23670,"THE TOWN OF VIENNA IS COMMITTED TO FULL COMPLIANCE WITH THE AMERICANS WITH DISABILITIES ACT STANDARDS. TRANSLATION SERVICES, ASSISTANCE OR ACCOMMODATION REQUESTS FROM PERSONS WITH DISABILITIES ARE TO BE REQUESTED NOT LESS THAN 3 WORKING DAYS BEFORE THE DAY OF THE EVENT. PLEASE CALL (703) 255-6304, OR 711 VIRGINIA RELAY SERVICE FOR THE HEARING IMPAIRED.",Procedural,,https://viennavadata.org/meeting/2020-10-26.html
2020-10-05,23533,Roll Call,Procedural,,https://viennavadata.org/meeting/2020-10-05.html
2020-10-05,23557,Resolution for Continuity of Government,Governance & Administration,7 Aye,https://viennavadata.org/meeting/2020-10-05.html
2020-10-05,23534,Acceptance of Minutes:,Minutes,,https://viennavadata.org/meeting/2020-10-05.html
2020-10-05,23553,"Acceptance of the Regular Council Meeting Minutes of September 14, 2020 and the Work Session Minutes of September 21, 2020.",Minutes,7 Aye,https://viennavadata.org/meeting/2020-10-05.html
2020-10-05,23535,"Receipt of petitions and communications from the Public that are not on the Agenda.  
          (Limited to 3 minutes per issue and no formal action can be taken this evening)",Procedural,,https://viennavadata.org/meeting/2020-10-05.html
2020-10-05,23542,Closed Session,Procedural,7 Aye,https://viennavadata.org/meeting/2020-10-05.html
2020-10-05,23543,Public Hearings,Procedural,,https://viennavadata.org/meeting/2020-10-05.html
2020-10-05,23549,Public hearing on proposed amendments to the Town of Vienna Comprehensive Plan for Town-owned property located at 301 Center Street S,"Land Use, Zoning & Development",7 Aye,https://viennavadata.org/meeting/2020-10-05.html
2020-10-05,23544,Consent Agenda,Consent Agenda,,https://viennavadata.org/meeting/2020-10-05.html
2020-10-05,23550,Request approval of MOU between the Town of Vienna and Vienna Business Association for 2020 Halloween Wave Parade,"Community, Arts & Events",,https://viennavadata.org/meeting/2020-10-05.html
2020-10-05,23552,Request to set a public hearing for November 2 regarding the Town’s 2021 legislative agenda,Grants & Intergovernmental,,https://viennavadata.org/meeting/2020-10-05.html
2020-10-05,23547,"Request approval for spending $500,000 with Tri-State Utilities, Inc. for rehabilitation of sanitary sewer pipes throughout the service area.","Water, Sewer & Stormwater",,https://viennavadata.org/meeting/2020-10-05.html
2020-10-05,23545,Regular Business,Procedural,,https://viennavadata.org/meeting/2020-10-05.html
2020-10-05,23546,Request approval for emergency sewer repair at Wolftrap Creek interceptor,"Water, Sewer & Stormwater",7 Aye,https://viennavadata.org/meeting/2020-10-05.html
2020-10-05,23548,"Intent to adopt amendments to Chapter 11 of the Town Code - Personnel relating to updates in human resources terminology, authorizations for business operations, and holidays",Town Code & Ordinances,"6 Aye, 1 Nay",https://viennavadata.org/meeting/2020-10-05.html
2020-10-05,23551,"Re-adoption of emergency ordinance to permit temporary waivers of zoning regulations and review for public, semi-public, and private institutions","Land Use, Zoning & Development",7 Aye,https://viennavadata.org/meeting/2020-10-05.html
2020-10-05,23554,"Request to consider proposed amendments to Chapter 18 - Zoning, Article 19 - Nameplates and Signs relating to Temporary Sign Regulations","Land Use, Zoning & Development","6 Aye, 1 Nay",https://viennavadata.org/meeting/2020-10-05.html
2020-10-05,23567,Define land-use goals to be used as guidance for the Town’s Zoning and Subdivision Ordinance update,"Land Use, Zoning & Development",7 Aye,https://viennavadata.org/meeting/2020-10-05.html
2020-10-05,23555,Meeting Adjournment,Procedural,,https://viennavadata.org/meeting/2020-10-05.html
2020-10-05,23556,"THE TOWN OF VIENNA IS COMMITTED TO FULL COMPLIANCE WITH THE AMERICANS WITH DISABILITIES ACT STANDARDS. TRANSLATION SERVICES, ASSISTANCE OR ACCOMMODATION REQUESTS FROM PERSONS WITH DISABILITIES ARE TO BE REQUESTED NOT LESS THAN 3 WORKING DAYS BEFORE THE DAY OF THE EVENT. PLEASE CALL (703) 255-6304, OR 711 VIRGINIA RELAY SERVICE FOR THE HEARING IMPAIRED.",Procedural,,https://viennavadata.org/meeting/2020-10-05.html
2020-09-14,23344,Roll Call,Procedural,,https://viennavadata.org/meeting/2020-09-14.html
2020-09-14,23419,Rollcall,Procedural,,https://viennavadata.org/meeting/2020-09-14.html
2020-09-14,23373,Resolution for Continuity of Government,Governance & Administration,,https://viennavadata.org/meeting/2020-09-14.html
2020-09-14,23345,Approval of the Minutes:,Minutes,7 Aye,https://viennavadata.org/meeting/2020-09-14.html
2020-09-14,23404,"Acceptance of the Special Council Meeting Minutes of August 19, 2020 and September, 4, 2020, the Regular Council Meeting Minutes of August 31, 2020 and the Work Session Minutes of 8-31-2020.",Minutes,,https://viennavadata.org/meeting/2020-09-14.html
2020-09-14,23346,"Receipt of petitions and communications from the Public that are not on the Agenda.  
          (Limited to 3 minutes per issue and no formal action can be taken this evening)",Procedural,,https://viennavadata.org/meeting/2020-09-14.html
2020-09-14,23348,Presentations,Procedural,,https://viennavadata.org/meeting/2020-09-14.html
2020-09-14,23370,Presentation for the Maple Avenue Multimodal study.,Proclamations & Recognitions,,https://viennavadata.org/meeting/2020-09-14.html
2020-09-14,23368,2020-21 financial review for first two months of fiscal year,"Budget, Taxes & Finance",,https://viennavadata.org/meeting/2020-09-14.html
2020-09-14,23367,2020 Investment Report,"Budget, Taxes & Finance",,https://viennavadata.org/meeting/2020-09-14.html
2020-09-14,23353,Closed Session Report,Procedural,,https://viennavadata.org/meeting/2020-09-14.html
2020-09-14,23354,Public Hearings,Procedural,,https://viennavadata.org/meeting/2020-09-14.html
2020-09-14,23361,"Public hearing on proposed amendments to Chapter 18 - Zoning, Article 19 - Nameplates and Signs relating to Temporary Sign Regulations","Land Use, Zoning & Development",7 Aye,https://viennavadata.org/meeting/2020-09-14.html
2020-09-14,23355,Consent Agenda,Consent Agenda,7 Aye,https://viennavadata.org/meeting/2020-09-14.html
2020-09-14,23357,"Approval of payment not to exceed $87,158.98 to Tyler Technologies for a standard software maintenance agreement (SSMA) for the Vienna Police Department.",Public Safety,,https://viennavadata.org/meeting/2020-09-14.html
2020-09-14,23358,"Request FY21 spending with Arthur Construction, utilizing IFB 17-03, for roadway milling, overlay, and traffic marking.","Streets, Sidewalks & Transportation",,https://viennavadata.org/meeting/2020-09-14.html
2020-09-14,23356,Regular Business,Procedural,,https://viennavadata.org/meeting/2020-09-14.html
2020-09-14,23364,Consideration to Initiate Robinson Sidewalk Projects,"Streets, Sidewalks & Transportation",7 Aye,https://viennavadata.org/meeting/2020-09-14.html
2020-09-14,23369,"Request to set a public hearing for October 5, 2020 regarding amending the Comprehensive Plan as it relates to Town-owned property at 301 Center Street S and refer the matter to the Planning Commission for consideration.","Land Use, Zoning & Development",7 Aye,https://viennavadata.org/meeting/2020-09-14.html
2020-09-14,23371,"Re-adoption of emergency ordinance to permit a temporary waiver of zoning restrictions for child day care in commercial zones, industrial zones, and for public, semi-public, and private institutions in other zones.","Land Use, Zoning & Development",7 Aye,https://viennavadata.org/meeting/2020-09-14.html
2020-09-14,23363,"Request to adopt 2021 Town Council meeting schedule and include the schedule in the 2021 Town calendar. In addition, consider adding Liberty Amendments Day as an official Town holiday.",Governance & Administration,7 Aye,https://viennavadata.org/meeting/2020-09-14.html
2020-09-14,23360,"Request to consider amendments to Chapter 11 of the Town Code - Personnel relating to updates in human resources terminology, authorizations for business operations, and holidays",Town Code & Ordinances,"3 Nay, 4 Aye",https://viennavadata.org/meeting/2020-09-14.html
2020-09-14,23362,Request approval of pro bono tree project by Kirkland & Ellis and Ramboll US Corporation,"Environment, Trees & Sustainability",7 Aye,https://viennavadata.org/meeting/2020-09-14.html
2020-09-14,23366,Award Capital Lease IFB 21-02 for Financing FY 20-21 Vehicle and Equipment Replacement Program,Contracts & Purchasing,7 Aye,https://viennavadata.org/meeting/2020-09-14.html
2020-09-14,23359,Request approval of vehicle purchases within the Vehicle Replacement Program for FY21,Contracts & Purchasing,7 Aye,https://viennavadata.org/meeting/2020-09-14.html
2020-09-14,23365,VDOT resolution to designate Old Courthouse Road sidewalk project as a Revenue Sharing project,"Streets, Sidewalks & Transportation",7 Aye,https://viennavadata.org/meeting/2020-09-14.html
2020-09-14,23374,Meeting Adjournment,Procedural,,https://viennavadata.org/meeting/2020-09-14.html
2020-09-14,23375,"THE TOWN OF VIENNA IS COMMITTED TO FULL COMPLIANCE WITH THE AMERICANS WITH DISABILITIES ACT STANDARDS. TRANSLATION SERVICES, ASSISTANCE OR ACCOMMODATION REQUESTS FROM PERSONS WITH DISABILITIES ARE TO BE REQUESTED NOT LESS THAN 3 WORKING DAYS BEFORE THE DAY OF THE EVENT. PLEASE CALL (703) 255-6304, OR 711 VIRGINIA RELAY SERVICE FOR THE HEARING IMPAIRED.",Procedural,,https://viennavadata.org/meeting/2020-09-14.html
2020-09-04,23311,Roll Call,Procedural,,https://viennavadata.org/meeting/2020-09-04.html
2020-09-04,23381,Rollcall,Procedural,,https://viennavadata.org/meeting/2020-09-04.html
2020-09-04,23327,Resolution,Procedural,,https://viennavadata.org/meeting/2020-09-04.html
2020-09-04,23326,Resolution for Continuity of Government,Governance & Administration,"6 Aye, 1 Absent",https://viennavadata.org/meeting/2020-09-04.html
2020-09-04,23323,Regular Business,Procedural,,https://viennavadata.org/meeting/2020-09-04.html
2020-09-04,23328,"Proposed Emergency Ordinance to Permit Temporary Waivers of Zoning Regulations and Review for Public, Semi-Public and Private Institutions Adversely Affected by the Ongoing Pandemic Disaster","Land Use, Zoning & Development","6 Aye, 1 Absent",https://viennavadata.org/meeting/2020-09-04.html
2020-09-04,23382,"Proposed Emergency Ordinance to Permit Temporary Waivers of Zoning Regulations and Review for Public, Semi-Public and Private Institutions Adversely Affected by the Ongoing Pandemic Disaster","Land Use, Zoning & Development","6 Aye, 1 Absent",https://viennavadata.org/meeting/2020-09-04.html
2020-09-04,23324,Meeting Adjournment,Procedural,,https://viennavadata.org/meeting/2020-09-04.html
2020-09-04,23325,"THE TOWN OF VIENNA IS COMMITTED TO FULL COMPLIANCE WITH THE AMERICANS WITH DISABILITIES ACT STANDARDS. TRANSLATION SERVICES, ASSISTANCE OR ACCOMMODATION REQUESTS FROM PERSONS WITH DISABILITIES ARE TO BE REQUESTED NOT LESS THAN 3 WORKING DAYS BEFORE THE DAY OF THE EVENT. PLEASE CALL (703) 255-6304, OR 711 VIRGINIA RELAY SERVICE FOR THE HEARING IMPAIRED.",Procedural,,https://viennavadata.org/meeting/2020-09-04.html
2020-08-31,23236,Roll Call,Procedural,,https://viennavadata.org/meeting/2020-08-31.html
2020-08-31,23267,Resolution,Procedural,,https://viennavadata.org/meeting/2020-08-31.html
2020-08-31,23266,Resolution for Continuity of Government,Governance & Administration,7 Aye,https://viennavadata.org/meeting/2020-08-31.html
2020-08-31,23237,Acceptance of the Minutes:,Minutes,,https://viennavadata.org/meeting/2020-08-31.html
2020-08-31,23261,"Acceptance of the July 6, 2020 Council Meeting Minutes.",Minutes,7 Aye,https://viennavadata.org/meeting/2020-08-31.html
2020-08-31,23238,"Receipt of petitions and communications from the Public that are not on the Agenda.  
          (Limited to 3 minutes per issue and no formal action can be taken this evening)",Procedural,,https://viennavadata.org/meeting/2020-08-31.html
2020-08-31,23245,Closed Session Report,Procedural,,https://viennavadata.org/meeting/2020-08-31.html
2020-08-31,23271,Closed Session,Procedural,7 Aye,https://viennavadata.org/meeting/2020-08-31.html
2020-08-31,23378,Regular Business,Procedural,,https://viennavadata.org/meeting/2020-08-31.html
2020-08-31,23256,"Public hearing to amend the FY 2019-20 budget for use of Coronavirus Aid, Relief, and Economic Security Funds (CARES Act Funds)","Budget, Taxes & Finance",7 Aye,https://viennavadata.org/meeting/2020-08-31.html
2020-08-31,23268,Purchase of Property for a Public Purpose,Contracts & Purchasing,7 Aye,https://viennavadata.org/meeting/2020-08-31.html
2020-08-31,23246,Public Hearings,Procedural,,https://viennavadata.org/meeting/2020-08-31.html
2020-08-31,23257,Public hearing to amend FY 2020-21 budget for use of CARES Act funding and supplemental appropriations,"Budget, Taxes & Finance",,https://viennavadata.org/meeting/2020-08-31.html
2020-08-31,23303,"Public hearing to amend the FY 2019-20 budget for use of Coronavirus Aid, Relief, and Economic Security Funds (CARES Act Funds)","Budget, Taxes & Finance",7 Aye,https://viennavadata.org/meeting/2020-08-31.html
2020-08-31,23304,Public hearing to amend FY 2020-21 budget for use of CARES Act funding and supplemental appropriations,"Budget, Taxes & Finance",7 Aye,https://viennavadata.org/meeting/2020-08-31.html
2020-08-31,23252,Public hearing on rezoning of 117 Courthouse Road SW (parcel # 0384 02 0032) from C-2 General Commercial zone and C-1A Special Commercial zone to RS-10 Single-Family Detached Residential zone,"Land Use, Zoning & Development","6 Aye, 1 Nay",https://viennavadata.org/meeting/2020-08-31.html
2020-08-31,23247,Consent Agenda,Consent Agenda,7 Aye,https://viennavadata.org/meeting/2020-08-31.html
2020-08-31,23254,"Approve transfer of spending for 2021, utilizing IFB 20-03 for roadway maintenance, from the general fund to the capital project fund","Budget, Taxes & Finance",,https://viennavadata.org/meeting/2020-08-31.html
2020-08-31,23253,Onondio Cove subdivision bond reduction request,"Land Use, Zoning & Development",,https://viennavadata.org/meeting/2020-08-31.html
2020-08-31,23265,"Approval to publish a list of delinquent real estate tax payments as of June 30, 2020 (Consent)","Budget, Taxes & Finance",,https://viennavadata.org/meeting/2020-08-31.html
2020-08-31,23249,Two-hour limit for Town Council meetings,Governance & Administration,,https://viennavadata.org/meeting/2020-08-31.html
2020-08-31,23258,"Request formal approval of an emergency procurement, which was previously granted expedited approval, to spend $71,176 with Resurface Inc. for repairs and improvements to tennis and basketball courts at Glyndon Park.",Parks & Recreation,,https://viennavadata.org/meeting/2020-08-31.html
2020-08-31,23248,Regular Business,Procedural,,https://viennavadata.org/meeting/2020-08-31.html
2020-08-31,23306,Two-hour limit for Town Council meetings,Governance & Administration,7 Aye,https://viennavadata.org/meeting/2020-08-31.html
2020-08-31,23250,"Referral to the Planning Commission of a proposed ordinance to amend the Code of the Town of Vienna, Chapter 17, Subdivisions, Article 5, Improvements, Section 17-67.2 Completion and Construction of Sidewalks for Single-Lot Development.","Streets, Sidewalks & Transportation",7 Aye,https://viennavadata.org/meeting/2020-08-31.html
2020-08-31,23251,"Intent to adopt a proposed ordinance to amend the Code of the Town of Vienna, Chapter 9, Motor Vehicles and Traffic, Article 1, In General, Section 9-3, Adoption of State Code.","Streets, Sidewalks & Transportation",7 Aye,https://viennavadata.org/meeting/2020-08-31.html
2020-08-31,23255,Re-adoption and extension of the Continuity of Government ordinance,Governance & Administration,7 Aye,https://viennavadata.org/meeting/2020-08-31.html
2020-08-31,23259,"Extension and Re-adoption of emergency ordinance to waive zoning regulations to permit temporary outdoor activity through March 31, 2021","Land Use, Zoning & Development",7 Aye,https://viennavadata.org/meeting/2020-08-31.html
2020-08-31,23270,Closed Session,Procedural,,https://viennavadata.org/meeting/2020-08-31.html
2020-08-31,23269,Closed Session,Procedural,7 Aye,https://viennavadata.org/meeting/2020-08-31.html
2020-08-31,23262,Meeting Adjournment,Procedural,,https://viennavadata.org/meeting/2020-08-31.html
2020-08-31,23263,"THE TOWN OF VIENNA IS COMMITTED TO FULL COMPLIANCE WITH THE AMERICANS WITH DISABILITIES ACT STANDARDS. TRANSLATION SERVICES, ASSISTANCE OR ACCOMMODATION REQUESTS FROM PERSONS WITH DISABILITIES ARE TO BE REQUESTED NOT LESS THAN 3 WORKING DAYS BEFORE THE DAY OF THE EVENT. PLEASE CALL (703) 255-6304, OR 711 VIRGINIA RELAY SERVICE FOR THE HEARING IMPAIRED.",Procedural,,https://viennavadata.org/meeting/2020-08-31.html
2020-08-19,23148,Roll Call,Procedural,,https://viennavadata.org/meeting/2020-08-19.html
2020-08-19,23169,Rollcall,Procedural,,https://viennavadata.org/meeting/2020-08-19.html
2020-08-19,23165,Resolution,Procedural,,https://viennavadata.org/meeting/2020-08-19.html
2020-08-19,23164,Resolution for Continuity of Government,Governance & Administration,7 Aye,https://viennavadata.org/meeting/2020-08-19.html
2020-08-19,23160,Regular Business,Procedural,,https://viennavadata.org/meeting/2020-08-19.html
2020-08-19,23161,"Emergency ordinance regarding a temporary waiver of zoning restrictions for child day care in commercial zones, industrial zones, and for public, semi-public and private institutions in other zones.","Land Use, Zoning & Development",7 Aye,https://viennavadata.org/meeting/2020-08-19.html
2020-08-19,23162,Meeting Adjournment,Procedural,,https://viennavadata.org/meeting/2020-08-19.html
2020-08-19,23163,"THE TOWN OF VIENNA IS COMMITTED TO FULL COMPLIANCE WITH THE AMERICANS WITH DISABILITIES ACT STANDARDS. TRANSLATION SERVICES, ASSISTANCE OR ACCOMMODATION REQUESTS FROM PERSONS WITH DISABILITIES ARE TO BE REQUESTED NOT LESS THAN 3 WORKING DAYS BEFORE THE DAY OF THE EVENT. PLEASE CALL (703) 255-6304, OR 711 VIRGINIA RELAY SERVICE FOR THE HEARING IMPAIRED.",Procedural,,https://viennavadata.org/meeting/2020-08-19.html
2020-07-06,23004,Roll Call,Procedural,,https://viennavadata.org/meeting/2020-07-06.html
2020-07-06,23040,Resolution for Continuity of Government,Governance & Administration,,https://viennavadata.org/meeting/2020-07-06.html
2020-07-06,23033,Resolution for Continuity of Government,Governance & Administration,,https://viennavadata.org/meeting/2020-07-06.html
2020-07-06,23005,Approval of the Minutes:,Minutes,,https://viennavadata.org/meeting/2020-07-06.html
2020-07-06,23035,"Acceptance of the Regular Council Meeting Minutes of June 15, 2020 and the Work Session minutes of June 8, 2020.",Minutes,,https://viennavadata.org/meeting/2020-07-06.html
2020-07-06,23006,"Receipt of petitions and communications from the Public that are not on the Agenda.  
          (Limited to 5 minutes per issue and no formal action can be taken this evening)",Procedural,,https://viennavadata.org/meeting/2020-07-06.html
2020-07-06,23070,"Mayor's Response to June 15, 2020 Petition",Governance & Administration,,https://viennavadata.org/meeting/2020-07-06.html
2020-07-06,23013,Closed Session,Procedural,,https://viennavadata.org/meeting/2020-07-06.html
2020-07-06,23015,Consent Agenda,Consent Agenda,7 Aye,https://viennavadata.org/meeting/2020-07-06.html
2020-07-06,23025,Increase Appropriation for Supplemental Legal Services,"Budget, Taxes & Finance",,https://viennavadata.org/meeting/2020-07-06.html
2020-07-06,23023,Request additional FY20 spending with Broad Run Recycling,"Water, Sewer & Stormwater",,https://viennavadata.org/meeting/2020-07-06.html
2020-07-06,23019,Request appropriation for annual audit contract with Robinson Farmer Cox Associates,"Budget, Taxes & Finance",,https://viennavadata.org/meeting/2020-07-06.html
2020-07-06,23022,Renewal of maintenance agreement with Tyler Technologies,Contracts & Purchasing,,https://viennavadata.org/meeting/2020-07-06.html
2020-07-06,23016,Regular Business,Procedural,,https://viennavadata.org/meeting/2020-07-06.html
2020-07-06,23017,"Award RFP 20-05 - Clarify, Simplify, Reorganize, and Update the Subdivision and Zoning Ordinances - to Calfee Zoning","Land Use, Zoning & Development",,https://viennavadata.org/meeting/2020-07-06.html
2020-07-06,23085,"Award RFP 20-05 - Clarify, Simplify, Reorganize, and Update the Subdivision and Zoning Ordinances - to Calfee Zoning","Land Use, Zoning & Development","1 Nay, 6 Aye",https://viennavadata.org/meeting/2020-07-06.html
2020-07-06,23024,"Request for approval of a wall waiver,a modification of requirement, a landscape plan for a CubeSmart self-storage facility located at 223-241 Mill Street NE","Streets, Sidewalks & Transportation","4 Aye, 3 Nay",https://viennavadata.org/meeting/2020-07-06.html
2020-07-06,23029,"Referral to the Planning Commission of proposed amendments relating to Chapter 18 - Zoning, Article 19. - Nameplates and Signs, Sec. 18-185. - Special regulations for certain uses and signs, Subsection E. Temporary signs and other related amendments under Article 19 based on the model sign ordinance prepared by the Local Government Attorney’s Association of Virginia, and the setting of a public hearing for September 14, 2020, to consider proposed amendments to Chapter 18-Zoning, Article 19, related to signs.","Land Use, Zoning & Development",,https://viennavadata.org/meeting/2020-07-06.html
2020-07-06,23086,"Referral to the Planning Commission of proposed amendments relating to Chapter 18 - Zoning, Article 19. - Nameplates and Signs, Sec. 18-185. - Special regulations for certain uses and signs, Subsection E. Temporary signs and other related amendments under Article 19 based on the model sign ordinance prepared by the Local Government Attorney’s Association of Virginia, and the setting of a public hearing for September 14, 2020, to consider proposed amendments to Chapter 18-Zoning, Article 19, related to signs.","Land Use, Zoning & Development",7 Aye,https://viennavadata.org/meeting/2020-07-06.html
2020-07-06,23020,"The Vienna Police Department requests approval to ride Virginia state contract E194-77910 to purchase new in-car radar units for all patrol vehicles (11) and new Lidar handheld ProLaser units (10) from Kustom Signal, Inc., for a cost not to exceed $51,202.","Streets, Sidewalks & Transportation",7 Aye,https://viennavadata.org/meeting/2020-07-06.html
2020-07-06,23027,The Police Department will present options for the plaza design of the planned police facility.,Public Safety,7 Aye,https://viennavadata.org/meeting/2020-07-06.html
2020-07-06,23028,Resolution to Issue Vehicle and Equipment Replacement Financing For FY 2020-21,Contracts & Purchasing,7 Aye,https://viennavadata.org/meeting/2020-07-06.html
2020-07-06,23026,Award a design contract to Wood Environment & Infrastructure Solutions for Bear Branch - Southside Park Stream Restoration Project,"Environment, Trees & Sustainability",7 Aye,https://viennavadata.org/meeting/2020-07-06.html
2020-07-06,23018,Request approval of spending of CARES Act funds for procurement of network upgrades to improve information technology infrastructure security and performance,"Budget, Taxes & Finance",,https://viennavadata.org/meeting/2020-07-06.html
2020-07-06,23021,"Using CARES funds, the Vienna Police Department requests approval to purchase a 2019 Ford transit van outfitted with a prisoner insert and emergency equipment at a cost not to exceed $60,000.","Streets, Sidewalks & Transportation",,https://viennavadata.org/meeting/2020-07-06.html
2020-07-06,23030,Rollover of Federal CARES Act Funding,"Budget, Taxes & Finance",,https://viennavadata.org/meeting/2020-07-06.html
2020-07-06,23031,Set a public hearing for August 31 to amend the 2019-20 budget related to federal CARES Act spending,"Budget, Taxes & Finance",,https://viennavadata.org/meeting/2020-07-06.html
2020-07-06,23032,Set a public hearing for August 31 to amend the 2020-21 budget related to federal CARES Act spending,"Budget, Taxes & Finance",,https://viennavadata.org/meeting/2020-07-06.html
2020-07-06,23034,"Approve CARES funding certification, including a $1 million appropriation to the RISE grant program","Budget, Taxes & Finance",,https://viennavadata.org/meeting/2020-07-06.html
2020-07-06,23037,Meeting Adjournment,Procedural,7 Aye,https://viennavadata.org/meeting/2020-07-06.html
2020-07-06,23038,"THE TOWN OF VIENNA IS COMMITTED TO FULL COMPLIANCE WITH THE AMERICANS WITH DISABILITIES ACT STANDARDS. TRANSLATION SERVICES, ASSISTANCE OR ACCOMMODATION REQUESTS FROM PERSONS WITH DISABILITIES ARE TO BE REQUESTED NOT LESS THAN 3 WORKING DAYS BEFORE THE DAY OF THE EVENT. PLEASE CALL (703) 255-6304, OR 711 VIRGINIA RELAY SERVICE FOR THE HEARING IMPAIRED.",Procedural,,https://viennavadata.org/meeting/2020-07-06.html
2020-06-15,22898,Roll Call,Procedural,,https://viennavadata.org/meeting/2020-06-15.html
2020-06-15,22930,Resolution for Continuity of Government,Governance & Administration,,https://viennavadata.org/meeting/2020-06-15.html
2020-06-15,22933,Resolution for Continuity of Government,Governance & Administration,,https://viennavadata.org/meeting/2020-06-15.html
2020-06-15,22899,Acceptance of the Minutes:,Minutes,,https://viennavadata.org/meeting/2020-06-15.html
2020-06-15,22929,"Acceptance of the Regular Council Meeting Minutes of June 1, 2020",Minutes,,https://viennavadata.org/meeting/2020-06-15.html
2020-06-15,22938,Presentations to Departing Elected Officials and Board/Commission members,Proclamations & Recognitions,,https://viennavadata.org/meeting/2020-06-15.html
2020-06-15,22900,"Receipt of petitions and communications from the Public that are not on the Agenda.  
          (Limited to 5 minutes per issue and no formal action can be taken this evening)",Procedural,,https://viennavadata.org/meeting/2020-06-15.html
2020-06-15,22907,Closed Session,Procedural,7 Aye,https://viennavadata.org/meeting/2020-06-15.html
2020-06-15,22909,Consent Agenda,Consent Agenda,7 Aye,https://viennavadata.org/meeting/2020-06-15.html
2020-06-15,22911,Request approval to offer 2020 Solarize NOVA program,"Environment, Trees & Sustainability",,https://viennavadata.org/meeting/2020-06-15.html
2020-06-15,22912,Request additional FY20 spending with Kimley-Horn for the multimodal transportation study,"Streets, Sidewalks & Transportation",,https://viennavadata.org/meeting/2020-06-15.html
2020-06-15,22913,Request additional FY20 spending with James G Walters Contractor,"Budget, Taxes & Finance",,https://viennavadata.org/meeting/2020-06-15.html
2020-06-15,22920,FY 2021 funding of contracts issued by other jurisdictions,Contracts & Purchasing,,https://viennavadata.org/meeting/2020-06-15.html
2020-06-15,22916,"Request approval to continue to ride VITA contract VA-190822-DELL for purchase of computers, laptops, and maintenance contracts for servers for FY21",Contracts & Purchasing,,https://viennavadata.org/meeting/2020-06-15.html
2020-06-15,22917,"Request approval for use of FY21 funds with Granicus, Inc., for agenda management suite, boards and commissions module, and HD video streaming services.",Contracts & Purchasing,,https://viennavadata.org/meeting/2020-06-15.html
2020-06-15,22921,FY 2021 funding and renewals of Town contracts,Contracts & Purchasing,,https://viennavadata.org/meeting/2020-06-15.html
2020-06-15,22919,Request approval to ride Fairfax County Public Schools contract 4400006677 for cell and mobile device services with Sprint.,Grants & Intergovernmental,,https://viennavadata.org/meeting/2020-06-15.html
2020-06-15,22910,Regular Business,Procedural,,https://viennavadata.org/meeting/2020-06-15.html
2020-06-15,22925,Adopt FY 2020-21 Budget,"Budget, Taxes & Finance",7 Aye,https://viennavadata.org/meeting/2020-06-15.html
2020-06-15,22924,Intent to Adopt Real Estate Tax Rate for FY 2020-21,"Budget, Taxes & Finance",7 Aye,https://viennavadata.org/meeting/2020-06-15.html
2020-06-15,22923,Intent to Adopt the Repeal of the Maple Avenue Commercial (MAC) Zone,"Land Use, Zoning & Development","6 Aye, 1 Nay",https://viennavadata.org/meeting/2020-06-15.html
2020-06-15,22918,"Request Modifications of Requirements for New Police Station Related to Lot Coverage, Parking, and Location of a Masonry Screening Wall. Station will be located at 215 Center Street S and 114 Locust Street S.","Streets, Sidewalks & Transportation","4 Aye, 3 Nay",https://viennavadata.org/meeting/2020-06-15.html
2020-06-15,22915,Design and construction agreement with Fairfax County for public parking to be incorporated into redevelopment of Patrick Henry Library,"Streets, Sidewalks & Transportation","6 Aye, 1 Nay",https://viennavadata.org/meeting/2020-06-15.html
2020-06-15,22922,"Request for Extension of Two Public Use Trailers, Located At Louise Archer Elementary School at 324 Nutley Street NW","Streets, Sidewalks & Transportation","5 Aye, 2 Nay",https://viennavadata.org/meeting/2020-06-15.html
2020-06-15,22926,Re-Adoption of an Emergency Ordinance to Permit Temporary Waivers of Zoning Regulations and Review for Business Operations Adversely Affected by the Ongoing Pandemic Disaster,"Land Use, Zoning & Development",7 Aye,https://viennavadata.org/meeting/2020-06-15.html
2020-06-15,22927,Meeting Adjournment,Procedural,,https://viennavadata.org/meeting/2020-06-15.html
2020-06-15,22928,"THE TOWN OF VIENNA IS COMMITTED TO FULL COMPLIANCE WITH THE AMERICANS WITH DISABILITIES ACT STANDARDS. TRANSLATION SERVICES, ASSISTANCE OR ACCOMMODATION REQUESTS FROM PERSONS WITH DISABILITIES ARE TO BE REQUESTED NOT LESS THAN 3 WORKING DAYS BEFORE THE DAY OF THE EVENT. PLEASE CALL (703) 255-6304, OR 711 VIRGINIA RELAY SERVICE FOR THE HEARING IMPAIRED.",Procedural,,https://viennavadata.org/meeting/2020-06-15.html
2020-06-01,22832,Roll Call,Procedural,,https://viennavadata.org/meeting/2020-06-01.html
2020-06-01,22812,Resolution for Continuity of Government,Governance & Administration,,https://viennavadata.org/meeting/2020-06-01.html
2020-06-01,22814,Resolution for Continuity of Government,Governance & Administration,7 Aye,https://viennavadata.org/meeting/2020-06-01.html
2020-06-01,22790,Acceptance of the Minutes:,Minutes,,https://viennavadata.org/meeting/2020-06-01.html
2020-06-01,22811,"Acceptance of the Regular Council Meeting Minutes of May 11, 2020 and the Work Session Minutes of May 18, 2020.",Minutes,,https://viennavadata.org/meeting/2020-06-01.html
2020-06-01,22815,"Receipt of petitions and communications from the Public that are not on the Agenda.  
          (Limited to 5 minutes per issue and no formal action can be taken this evening)",Procedural,,https://viennavadata.org/meeting/2020-06-01.html
2020-06-01,22810,Closed Session,Procedural,7 Aye,https://viennavadata.org/meeting/2020-06-01.html
2020-06-01,22799,Public Hearings,Procedural,,https://viennavadata.org/meeting/2020-06-01.html
2020-06-01,22804,"Public hearing to repeal or extend the temporary suspension of the Maple Avenue Commercial (MAC) Zone to June 30, 2022","Land Use, Zoning & Development",,https://viennavadata.org/meeting/2020-06-01.html
2020-06-01,22935,"Public hearing to repeal or extend the temporary suspension of the Maple Avenue Commercial (MAC) Zone to June 30, 2022","Land Use, Zoning & Development","4 Aye, 3 Nay",https://viennavadata.org/meeting/2020-06-01.html
2020-06-01,22801,Regular Business,Procedural,,https://viennavadata.org/meeting/2020-06-01.html
2020-06-01,22817,Proposed Emergency Ordinance to Permit Temporary Waivers of Zoning Regulations and Review for Business Operations Adversely Affected by the Ongoing Pandemic Disaster,"Land Use, Zoning & Development",,https://viennavadata.org/meeting/2020-06-01.html
2020-06-01,22936,Proposed Emergency Ordinance to Permit Temporary Waivers of Zoning Regulations and Review for Business Operations Adversely Affected by the Ongoing Pandemic Disaster,"Land Use, Zoning & Development",7 Aye,https://viennavadata.org/meeting/2020-06-01.html
2020-06-01,22806,Request appropriation of federal CARES Act funding,"Budget, Taxes & Finance",7 Aye,https://viennavadata.org/meeting/2020-06-01.html
2020-06-01,22805,"Request approval for issuing an emergency PO in the amount of $39,954 to Atlantic Duct Cleaning",Public Safety,7 Aye,https://viennavadata.org/meeting/2020-06-01.html
2020-06-01,22802,"Request approval for spending $40,000 with Arthur Construction for construction of 441 and 443 Orchard Street NW drainage improvements","Water, Sewer & Stormwater",7 Aye,https://viennavadata.org/meeting/2020-06-01.html
2020-06-01,22807,Appointment of Town Officials for Fiscal Year 2020-21,Appointments & Resignations,7 Aye,https://viennavadata.org/meeting/2020-06-01.html
2020-06-01,22803,Addendum to Town Manager Employment Agreement,Governance & Administration,7 Aye,https://viennavadata.org/meeting/2020-06-01.html
2020-06-01,22808,Meeting Adjournment,Procedural,,https://viennavadata.org/meeting/2020-06-01.html
2020-06-01,22809,"THE TOWN OF VIENNA IS COMMITTED TO FULL COMPLIANCE WITH THE AMERICANS WITH DISABILITIES ACT STANDARDS. TRANSLATION SERVICES, ASSISTANCE OR ACCOMMODATION REQUESTS FROM PERSONS WITH DISABILITIES ARE TO BE REQUESTED NOT LESS THAN 3 WORKING DAYS BEFORE THE DAY OF THE EVENT. PLEASE CALL (703) 255-6304, OR 711 VIRGINIA RELAY SERVICE FOR THE HEARING IMPAIRED.",Procedural,,https://viennavadata.org/meeting/2020-06-01.html
2020-05-11,22626,Roll Call,Procedural,,https://viennavadata.org/meeting/2020-05-11.html
2020-05-11,22630,Resolution for Continuity of Government,Governance & Administration,,https://viennavadata.org/meeting/2020-05-11.html
2020-05-11,22642,Resolution for Continuity of Government,Governance & Administration,7 Aye,https://viennavadata.org/meeting/2020-05-11.html
2020-05-11,22627,Acceptance of Minutes:,Minutes,,https://viennavadata.org/meeting/2020-05-11.html
2020-05-11,22643,"Acceptance of the Regular Council Meeting Minutes of April 27, 2020 and the Work Session Minutes of April 20, 2020.",Minutes,,https://viennavadata.org/meeting/2020-05-11.html
2020-05-11,22703,Closed Session,Procedural,"5 Aye, 2 Abstain",https://viennavadata.org/meeting/2020-05-11.html
2020-05-11,22646,"Receipt of petitions and communications from the Public that are not on the Agenda.  
          (Limited to 5 minutes per issue and no formal action can be taken this evening)",Procedural,,https://viennavadata.org/meeting/2020-05-11.html
2020-05-11,22638,Regular Business,Procedural,,https://viennavadata.org/meeting/2020-05-11.html
2020-05-11,22641,Intent to Adopt FY 2020-21 Water and Sewer Rates,"Water, Sewer & Stormwater",7 Aye,https://viennavadata.org/meeting/2020-05-11.html
2020-05-11,22701,Correct Date on Motion to Adopt the Town of Vienna FY 2020-21 Tax Rates and Motion to Adopt FY 2020-21 Budget,"Budget, Taxes & Finance",7 Aye,https://viennavadata.org/meeting/2020-05-11.html
2020-05-11,22635,Recess into Closed Session,Procedural,,https://viennavadata.org/meeting/2020-05-11.html
2020-05-11,22733,Recess into Closed Session,Procedural,7 Aye,https://viennavadata.org/meeting/2020-05-11.html
2020-05-11,22644,Meeting Adjournment,Procedural,,https://viennavadata.org/meeting/2020-05-11.html
2020-05-11,22645,"THE TOWN OF VIENNA IS COMMITTED TO FULL COMPLIANCE WITH THE AMERICANS WITH DISABILITIES ACT STANDARDS. TRANSLATION SERVICES, ASSISTANCE OR ACCOMMODATION REQUESTS FROM PERSONS WITH DISABILITIES ARE TO BE REQUESTED NOT LESS THAN 3 WORKING DAYS BEFORE THE DAY OF THE EVENT. PLEASE CALL (703) 255-6304, OR 711 VIRGINIA RELAY SERVICE FOR THE HEARING IMPAIRED.",Procedural,,https://viennavadata.org/meeting/2020-05-11.html
2020-04-27,22579,Roll Call,Procedural,,https://viennavadata.org/meeting/2020-04-27.html
2020-04-27,22617,Rollcall,Procedural,,https://viennavadata.org/meeting/2020-04-27.html
2020-04-27,22600,Resolution for Continuity of Government,Governance & Administration,,https://viennavadata.org/meeting/2020-04-27.html
2020-04-27,22602,Resolution for Continuity of Government,Governance & Administration,,https://viennavadata.org/meeting/2020-04-27.html
2020-04-27,22580,Acceptance of the Minutes:,Minutes,,https://viennavadata.org/meeting/2020-04-27.html
2020-04-27,22597,"Acceptance of the Regular Council Meeting Minutes of April 13, 2020.",Minutes,7 Aye,https://viennavadata.org/meeting/2020-04-27.html
2020-04-27,22589,Public Hearings,Procedural,,https://viennavadata.org/meeting/2020-04-27.html
2020-04-27,22596,Public hearing regarding FY 2020-21 proposed real estate tax rate,"Budget, Taxes & Finance",,https://viennavadata.org/meeting/2020-04-27.html
2020-04-27,22620,Public hearing regarding FY 2020-21 proposed real estate tax rate,"Budget, Taxes & Finance",7 Aye,https://viennavadata.org/meeting/2020-04-27.html
2020-04-27,22590,Consent Agenda,Consent Agenda,7 Aye,https://viennavadata.org/meeting/2020-04-27.html
2020-04-27,22595,Approval of spending with Moody’s Investor Services for bond rating services,"Budget, Taxes & Finance",,https://viennavadata.org/meeting/2020-04-27.html
2020-04-27,22593,Request CIP and revenue-share funding for roadway maintenance utilizing IFB 20-03,"Budget, Taxes & Finance",,https://viennavadata.org/meeting/2020-04-27.html
2020-04-27,22592,"Request approval for spending $1,000,000 with E.E. Lyons Construction for water main and appurtenance improvements within the Town’s water service area","Water, Sewer & Stormwater",,https://viennavadata.org/meeting/2020-04-27.html
2020-04-27,22601,Request approval of a memorandum of understanding between the Optimist Club of Greater Vienna and Town of Vienna regarding use of the Vienna Community Center parking lot for the 2020 Vienna Farmers Market,Parks & Recreation,,https://viennavadata.org/meeting/2020-04-27.html
2020-04-27,22591,Regular Business,Procedural,,https://viennavadata.org/meeting/2020-04-27.html
2020-04-27,22594,"Request to set a June 1, 2020 public hearing to extend temporary suspension of the Maple Avenue Commercial (MAC) Zone, set currently to expire June 30, 2020, to June 30, 2022, and refer the matter to the Planning Commission for consideration.","Land Use, Zoning & Development",7 Aye,https://viennavadata.org/meeting/2020-04-27.html
2020-04-27,22598,Meeting Adjournment,Procedural,,https://viennavadata.org/meeting/2020-04-27.html
2020-04-27,22599,"THE TOWN OF VIENNA IS COMMITTED TO FULL COMPLIANCE WITH THE AMERICANS WITH DISABILITIES ACT STANDARDS. TRANSLATION SERVICES, ASSISTANCE OR ACCOMMODATION REQUESTS FROM PERSONS WITH DISABILITIES ARE TO BE REQUESTED NOT LESS THAN 3 WORKING DAYS BEFORE THE DAY OF THE EVENT. PLEASE CALL (703) 255-6304, OR 711 VIRGINIA RELAY SERVICE FOR THE HEARING IMPAIRED.",Procedural,,https://viennavadata.org/meeting/2020-04-27.html
2020-04-13,22502,Roll Call,Procedural,,https://viennavadata.org/meeting/2020-04-13.html
2020-04-13,22572,Rollcall,Procedural,,https://viennavadata.org/meeting/2020-04-13.html
2020-04-13,22560,Resolution for Continuity of Government,Governance & Administration,,https://viennavadata.org/meeting/2020-04-13.html
2020-04-13,22559,Resolution for Continuity of Government,Governance & Administration,7 Aye,https://viennavadata.org/meeting/2020-04-13.html
2020-04-13,22503,Approval of the Minutes:,Minutes,,https://viennavadata.org/meeting/2020-04-13.html
2020-04-13,22523,"Regular Council Meeting Minutes of March 9, 2020, the Emergency Council Meeting of March 31, 2020 and the Work Session Minutes of March 14, 2020 and March 16, 2020.",Minutes,7 Aye,https://viennavadata.org/meeting/2020-04-13.html
2020-04-13,22561,Closed Session,Procedural,7 Aye,https://viennavadata.org/meeting/2020-04-13.html
2020-04-13,22528,Public Hearings,Procedural,,https://viennavadata.org/meeting/2020-04-13.html
2020-04-13,22515,Public Hearing on FY 2020-21 Proposed Budget,"Budget, Taxes & Finance",7 Aye,https://viennavadata.org/meeting/2020-04-13.html
2020-04-13,22516,Public hearing on FY 2020-21 water and sewer rates,"Water, Sewer & Stormwater",7 Aye,https://viennavadata.org/meeting/2020-04-13.html
2020-04-13,22526,Consent Agenda,Consent Agenda,,https://viennavadata.org/meeting/2020-04-13.html
2020-04-13,22520,Approve transfer of spending for 2020 paving costs from the general fund to the capital project fund,"Streets, Sidewalks & Transportation",,https://viennavadata.org/meeting/2020-04-13.html
2020-04-13,22518,Request additional FY20 spending with Potomac Truck Center,"Budget, Taxes & Finance",,https://viennavadata.org/meeting/2020-04-13.html
2020-04-13,22514,Regular Business,Procedural,,https://viennavadata.org/meeting/2020-04-13.html
2020-04-13,22519,"Resolution to extend the due date for the first installment of Town of Vienna real estate taxes to August 28, 2020","Budget, Taxes & Finance",7 Aye,https://viennavadata.org/meeting/2020-04-13.html
2020-04-13,22522,Emergency Ordinance and Resolution to Temporarily Amend Meals Tax Provisions of Vienna Code,Public Safety,7 Aye,https://viennavadata.org/meeting/2020-04-13.html
2020-04-13,22521,Re-adoption of the Continuity of Government ordinance,Governance & Administration,7 Aye,https://viennavadata.org/meeting/2020-04-13.html
2020-04-13,22517,Onondio Cove Subdivision Performance Bond Extension Request,"Land Use, Zoning & Development",7 Aye,https://viennavadata.org/meeting/2020-04-13.html
2020-04-13,22524,Meeting Adjournment,Procedural,,https://viennavadata.org/meeting/2020-04-13.html
2020-04-13,22525,"THE TOWN OF VIENNA IS COMMITTED TO FULL COMPLIANCE WITH THE AMERICANS WITH DISABILITIES ACT STANDARDS. TRANSLATION SERVICES, ASSISTANCE OR ACCOMMODATION REQUESTS FROM PERSONS WITH DISABILITIES ARE TO BE REQUESTED NOT LESS THAN 3 WORKING DAYS BEFORE THE DAY OF THE EVENT. PLEASE CALL (703) 255-6304, OR 711 VIRGINIA RELAY SERVICE FOR THE HEARING IMPAIRED.",Procedural,,https://viennavadata.org/meeting/2020-04-13.html
2020-03-31,22483,,Procedural,,https://viennavadata.org/meeting/2020-03-31.html
2020-03-31,22499,Rollcall,Procedural,,https://viennavadata.org/meeting/2020-03-31.html
2020-03-31,22495,Regular Business,Procedural,,https://viennavadata.org/meeting/2020-03-31.html
2020-03-31,22496,Emergency Town Council meeting to adopt Continuity of Government Ordinance,Public Safety,7 Aye,https://viennavadata.org/meeting/2020-03-31.html
2020-03-31,22497,Meeting Adjournment,Procedural,,https://viennavadata.org/meeting/2020-03-31.html
2020-03-31,22498,"THE TOWN OF VIENNA IS COMMITTED TO FULL COMPLIANCE WITH THE AMERICANS WITH DISABILITIES ACT STANDARDS. TRANSLATION SERVICES, ASSISTANCE OR ACCOMMODATION REQUESTS FROM PERSONS WITH DISABILITIES ARE TO BE REQUESTED NOT LESS THAN 3 WORKING DAYS BEFORE THE DAY OF THE EVENT. PLEASE CALL (703) 255-6304, OR 711 VIRGINIA RELAY SERVICE FOR THE HEARING IMPAIRED.",Procedural,,https://viennavadata.org/meeting/2020-03-31.html
2020-03-10,22383,Roll Call,Procedural,,https://viennavadata.org/meeting/2020-03-10.html
2020-03-10,22395,Regular Business,Procedural,,https://viennavadata.org/meeting/2020-03-10.html
2020-03-10,22396,Special Meeting to Accept Bid for Bond Purchase,"Budget, Taxes & Finance","5 Aye, 2 Absent",https://viennavadata.org/meeting/2020-03-10.html
2020-03-10,22397,Meeting Adjournment,Procedural,,https://viennavadata.org/meeting/2020-03-10.html
2020-03-10,22398,"THE TOWN OF VIENNA IS COMMITTED TO FULL COMPLIANCE WITH THE AMERICANS WITH DISABILITIES ACT STANDARDS. TRANSLATION SERVICES, ASSISTANCE OR ACCOMMODATION REQUESTS FROM PERSONS WITH DISABILITIES ARE TO BE REQUESTED NOT LESS THAN 3 WORKING DAYS BEFORE THE DAY OF THE EVENT. PLEASE CALL (703) 255-6304, OR 711 VIRGINIA RELAY SERVICE FOR THE HEARING IMPAIRED.",Procedural,,https://viennavadata.org/meeting/2020-03-10.html
2020-03-09,22354,Invocation: Town Manager Mercury Payton,Procedural,,https://viennavadata.org/meeting/2020-03-09.html
2020-03-09,22355,Pledge of Allegiance to the Flag of the United States of America,Procedural,,https://viennavadata.org/meeting/2020-03-09.html
2020-03-09,22356,Roll Call,Procedural,,https://viennavadata.org/meeting/2020-03-09.html
2020-03-09,22357,Approval of the Minutes:,Minutes,,https://viennavadata.org/meeting/2020-03-09.html
2020-03-09,22376,"Acceptance of the Regular Council Meeting Minutes of February 24, 2020.",Minutes,7 Aye,https://viennavadata.org/meeting/2020-03-09.html
2020-03-09,22358,"Receipt of petitions and communications from the Public that are not on the Agenda.  
          (Limited to 5 minutes per issue and no formal action can be taken this evening)",Procedural,,https://viennavadata.org/meeting/2020-03-09.html
2020-03-09,22360,Reports/Presentations,Procedural,,https://viennavadata.org/meeting/2020-03-09.html
2020-03-09,22370,Proclamation for National Athletic Trainer Month,Proclamations & Recognitions,,https://viennavadata.org/meeting/2020-03-09.html
2020-03-09,22375,VDOT Presentation on Transform I-66 Project updates,Grants & Intergovernmental,,https://viennavadata.org/meeting/2020-03-09.html
2020-03-09,22361,Report and Inquiries of Council Members,Procedural,,https://viennavadata.org/meeting/2020-03-09.html
2020-03-09,22362,Report of the Town Manager,Procedural,,https://viennavadata.org/meeting/2020-03-09.html
2020-03-09,22363,Report of the Mayor,Procedural,,https://viennavadata.org/meeting/2020-03-09.html
2020-03-09,22364,Proposals for Additional Items to the Agenda,Procedural,,https://viennavadata.org/meeting/2020-03-09.html
2020-03-09,22365,Closed Session,Procedural,7 Aye,https://viennavadata.org/meeting/2020-03-09.html
2020-03-09,22367,Consent Agenda,Consent Agenda,7 Aye,https://viennavadata.org/meeting/2020-03-09.html
2020-03-09,22369,Request additional FY spending with National Asphalt/Superior Paving,"Streets, Sidewalks & Transportation",,https://viennavadata.org/meeting/2020-03-09.html
2020-03-09,22371,Request additional FY20 spending with Broad Run Recycling for construction and demolition debris disposal,"Water, Sewer & Stormwater",,https://viennavadata.org/meeting/2020-03-09.html
2020-03-09,22372,"Request to set a public hearing for April 13, 2020 regarding the FY 2020-21 operating budget","Budget, Taxes & Finance",,https://viennavadata.org/meeting/2020-03-09.html
2020-03-09,22373,"Request to set a public hearing for April 27, 2020 regarding the FY 2020-21 real estate tax rate","Budget, Taxes & Finance",,https://viennavadata.org/meeting/2020-03-09.html
2020-03-09,22374,"Request to set a public hearing for April 13, 2020 regarding proposed FY 2020-21 Water and Sewer rates","Water, Sewer & Stormwater",,https://viennavadata.org/meeting/2020-03-09.html
2020-03-09,22377,Meeting Adjournment,Procedural,,https://viennavadata.org/meeting/2020-03-09.html
2020-03-09,22378,"THE TOWN OF VIENNA IS COMMITTED TO FULL COMPLIANCE WITH THE AMERICANS WITH DISABILITIES ACT STANDARDS. TRANSLATION SERVICES, ASSISTANCE OR ACCOMMODATION REQUESTS FROM PERSONS WITH DISABILITIES ARE TO BE REQUESTED NOT LESS THAN 3 WORKING DAYS BEFORE THE DAY OF THE EVENT. PLEASE CALL (703) 255-6304, OR 711 VIRGINIA RELAY SERVICE FOR THE HEARING IMPAIRED.",Procedural,,https://viennavadata.org/meeting/2020-03-09.html
2020-02-24,22290,"Invocation: Reverend Johnny Kurcina, Christ Church Vienna",Procedural,,https://viennavadata.org/meeting/2020-02-24.html
2020-02-24,22291,Pledge of Allegiance to the Flag of the United States of America,Procedural,,https://viennavadata.org/meeting/2020-02-24.html
2020-02-24,22292,Roll Call,Procedural,,https://viennavadata.org/meeting/2020-02-24.html
2020-02-24,22293,Approval of the Minutes:,Minutes,,https://viennavadata.org/meeting/2020-02-24.html
2020-02-24,22332,"Acceptance of the Regular Council Meeting Minutes of January 27, 2020, February 3, 2020 and the Work Session minutes of February 10, 2020.",Minutes,,https://viennavadata.org/meeting/2020-02-24.html
2020-02-24,22294,"Receipt of petitions and communications from the Public that are not on the Agenda.  
          (Limited to 5 minutes per issue and no formal action can be taken this evening)",Procedural,,https://viennavadata.org/meeting/2020-02-24.html
2020-02-24,22296,Reports/Presentations,Procedural,,https://viennavadata.org/meeting/2020-02-24.html
2020-02-24,22310,Presentation of draft design and construction agreement with Fairfax County for public parking to be incorporated into redevelopment of Patrick Henry Library,"Streets, Sidewalks & Transportation",,https://viennavadata.org/meeting/2020-02-24.html
2020-02-24,22297,Report and Inquiries of Council Members,Procedural,,https://viennavadata.org/meeting/2020-02-24.html
2020-02-24,22298,Report of the Town Manager,Procedural,,https://viennavadata.org/meeting/2020-02-24.html
2020-02-24,22299,Report of the Mayor,Procedural,,https://viennavadata.org/meeting/2020-02-24.html
2020-02-24,22300,Proposals for Additional Items to the Agenda,Procedural,,https://viennavadata.org/meeting/2020-02-24.html
2020-02-24,22301,Closed Session,Procedural,7 Aye,https://viennavadata.org/meeting/2020-02-24.html
2020-02-24,22303,Consent Agenda,Consent Agenda,7 Aye,https://viennavadata.org/meeting/2020-02-24.html
2020-02-24,22309,"Request additional FY20 spending with Shannon Baum Signs, Inc.","Budget, Taxes & Finance",,https://viennavadata.org/meeting/2020-02-24.html
2020-02-24,22306,"Request additional FY20 spending with Ferguson Enterprises, Inc.","Budget, Taxes & Finance",,https://viennavadata.org/meeting/2020-02-24.html
2020-02-24,22307,"Request additional FY spending with Chantilly Crushed Stone, Inc.","Budget, Taxes & Finance",,https://viennavadata.org/meeting/2020-02-24.html
2020-02-24,22314,Appropriate funds for Davenport & Company as Financial Advisor,"Budget, Taxes & Finance",,https://viennavadata.org/meeting/2020-02-24.html
2020-02-24,22304,Regular Business,Procedural,,https://viennavadata.org/meeting/2020-02-24.html
2020-02-24,22311,Council Approval of Revised 2020 CIP for 2020 Bond Issue,"Budget, Taxes & Finance",7 Aye,https://viennavadata.org/meeting/2020-02-24.html
2020-02-24,22313,Request to approve license agreement between NOVA Parks and Town of Vienna for the construction of the Freeman Store bridge.,Parks & Recreation,7 Aye,https://viennavadata.org/meeting/2020-02-24.html
2020-02-24,22305,Consideration to Initiate Sidewalk Projects,"Streets, Sidewalks & Transportation",7 Aye,https://viennavadata.org/meeting/2020-02-24.html
2020-02-24,22308,320 Nutley St SW Subdivision Performance Bond Reduction,"Land Use, Zoning & Development",7 Aye,https://viennavadata.org/meeting/2020-02-24.html
2020-02-24,22312,"Request award of IFB 20-11, Piney Branch Stream Restoration - Construction and request approval of Amended Funding Agreement with Fairfax County","Environment, Trees & Sustainability",7 Aye,https://viennavadata.org/meeting/2020-02-24.html
2020-02-24,22333,Closed Session,Procedural,7 Aye,https://viennavadata.org/meeting/2020-02-24.html
2020-02-24,22315,Meeting Adjournment,Procedural,,https://viennavadata.org/meeting/2020-02-24.html
2020-02-24,22316,"THE TOWN OF VIENNA IS COMMITTED TO FULL COMPLIANCE WITH THE AMERICANS WITH DISABILITIES ACT STANDARDS. TRANSLATION SERVICES, ASSISTANCE OR ACCOMMODATION REQUESTS FROM PERSONS WITH DISABILITIES ARE TO BE REQUESTED NOT LESS THAN 3 WORKING DAYS BEFORE THE DAY OF THE EVENT. PLEASE CALL (703) 255-6304, OR 711 VIRGINIA RELAY SERVICE FOR THE HEARING IMPAIRED.",Procedural,,https://viennavadata.org/meeting/2020-02-24.html
2020-02-03,22183,"Invocation: John A. Russo, Baha'i Community of the Town of Vienna",Procedural,,https://viennavadata.org/meeting/2020-02-03.html
2020-02-03,22184,Pledge of Allegiance to the Flag of the United States of America,Procedural,,https://viennavadata.org/meeting/2020-02-03.html
2020-02-03,22185,Roll Call,Procedural,,https://viennavadata.org/meeting/2020-02-03.html
2020-02-03,22186,Approval of the Minutes:,Minutes,,https://viennavadata.org/meeting/2020-02-03.html
2020-02-03,22200,"Work Session Minutes of October 22, 2019, December 11, 2019, December 16, 2019 and January 13, 2020.",Minutes,7 Aye,https://viennavadata.org/meeting/2020-02-03.html
2020-02-03,22187,"Receipt of petitions and communications from the Public that are not on the Agenda.  
          (Limited to 5 minutes per issue and no formal action can be taken this evening)",Procedural,,https://viennavadata.org/meeting/2020-02-03.html
2020-02-03,22189,Reports/Presentations,Procedural,,https://viennavadata.org/meeting/2020-02-03.html
2020-02-03,22199,2019 Investment Report,"Budget, Taxes & Finance",,https://viennavadata.org/meeting/2020-02-03.html
2020-02-03,22209,Proclamation for Black History Month,Proclamations & Recognitions,,https://viennavadata.org/meeting/2020-02-03.html
2020-02-03,22190,Report and Inquiries of Council Members,Procedural,,https://viennavadata.org/meeting/2020-02-03.html
2020-02-03,22191,Report of the Town Manager,Procedural,,https://viennavadata.org/meeting/2020-02-03.html
2020-02-03,22192,Report of the Mayor,Procedural,,https://viennavadata.org/meeting/2020-02-03.html
2020-02-03,22193,Proposals for Additional Items to the Agenda,Procedural,,https://viennavadata.org/meeting/2020-02-03.html
2020-02-03,22194,Closed Session,Procedural,7 Aye,https://viennavadata.org/meeting/2020-02-03.html
2020-02-03,22195,Public Hearings,Procedural,,https://viennavadata.org/meeting/2020-02-03.html
2020-02-03,22198,"Public hearing on proposed amendments to the Town of Vienna Comprehensive Plan for Town-owned properties located at 114 Locust Street SW and 440 Beulah Road NE, specifically amending the Future Land Use Plan (page 38) and Community Facilities and Services chapter (pages 98-99).","Land Use, Zoning & Development",7 Aye,https://viennavadata.org/meeting/2020-02-03.html
2020-02-03,22201,Meeting Adjournment,Procedural,,https://viennavadata.org/meeting/2020-02-03.html
2020-02-03,22202,"THE TOWN OF VIENNA IS COMMITTED TO FULL COMPLIANCE WITH THE AMERICANS WITH DISABILITIES ACT STANDARDS. TRANSLATION SERVICES, ASSISTANCE OR ACCOMMODATION REQUESTS FROM PERSONS WITH DISABILITIES ARE TO BE REQUESTED NOT LESS THAN 3 WORKING DAYS BEFORE THE DAY OF THE EVENT. PLEASE CALL (703) 255-6304, OR 711 VIRGINIA RELAY SERVICE FOR THE HEARING IMPAIRED.",Procedural,,https://viennavadata.org/meeting/2020-02-03.html
2020-01-27,22155,"Invocation: Mercury Payton, Town Manager",Procedural,,https://viennavadata.org/meeting/2020-01-27.html
2020-01-27,22156,Pledge of Allegiance to the Flag of the United States of America,Procedural,,https://viennavadata.org/meeting/2020-01-27.html
2020-01-27,22157,Roll Call,Procedural,,https://viennavadata.org/meeting/2020-01-27.html
2020-01-27,22158,Minutes,Minutes,,https://viennavadata.org/meeting/2020-01-27.html
2020-01-27,22172,"Work Session Minutes of September 9, 2019, October 9, 2019, and November 7, 2019 and the Regular Meeting Minutes of December 9, 2019 and January 6, 2020",Minutes,7 Aye,https://viennavadata.org/meeting/2020-01-27.html
2020-01-27,22159,"Receipt of petitions and communications from the Public that are not on the Agenda.  
          (Limited to 5 minutes per issue and no formal action can be taken this evening)",Procedural,,https://viennavadata.org/meeting/2020-01-27.html
2020-01-27,22161,Reports/Presentations,Procedural,,https://viennavadata.org/meeting/2020-01-27.html
2020-01-27,22171,Presentation of Mid-Year Financial Review for fiscal year 2020,"Budget, Taxes & Finance",,https://viennavadata.org/meeting/2020-01-27.html
2020-01-27,22162,Report and Inquiries of Council Members,Procedural,,https://viennavadata.org/meeting/2020-01-27.html
2020-01-27,22163,Report of the Town Manager,Procedural,,https://viennavadata.org/meeting/2020-01-27.html
2020-01-27,22164,Report of the Mayor,Procedural,,https://viennavadata.org/meeting/2020-01-27.html
2020-01-27,22165,Proposals for Additional Items to the Agenda,Procedural,,https://viennavadata.org/meeting/2020-01-27.html
2020-01-27,22166,Closed Session,Procedural,7 Aye,https://viennavadata.org/meeting/2020-01-27.html
2020-01-27,22167,Public Hearings,Procedural,,https://viennavadata.org/meeting/2020-01-27.html
2020-01-27,22170,"Public hearing on proposed amendments to proffered conditions for 374 to 380 Maple Avenue W in the Maple Avenue Commercial (MAC) Zone for Sunrise of Vienna, a mixed-use building with a ground floor restaurant and 85-unit assisted living facility

AND
Consideration of a request for a related modification of requirements.","Land Use, Zoning & Development","6 Aye, 1 Nay",https://viennavadata.org/meeting/2020-01-27.html
2020-01-27,22169,Regular Business,Procedural,,https://viennavadata.org/meeting/2020-01-27.html
2020-01-27,22173,Request approval and funding for project expansion for pedestrian improvements on Old Courthouse Road NE,"Streets, Sidewalks & Transportation",7 Aye,https://viennavadata.org/meeting/2020-01-27.html
2020-01-27,22174,Adopt a resolution to approve Northern Virginia Transportation Commission (NVTC) grant applications for funding of transportation projects,"Streets, Sidewalks & Transportation",7 Aye,https://viennavadata.org/meeting/2020-01-27.html
2020-01-27,22178,Second Closed Session,Procedural,,https://viennavadata.org/meeting/2020-01-27.html
2020-01-27,22208,Second Closed Session,Procedural,7 Aye,https://viennavadata.org/meeting/2020-01-27.html
2020-01-27,22175,Meeting Adjournment,Procedural,,https://viennavadata.org/meeting/2020-01-27.html
2020-01-27,22176,"THE TOWN OF VIENNA IS COMMITTED TO FULL COMPLIANCE WITH THE AMERICANS WITH DISABILITIES ACT STANDARDS. TRANSLATION SERVICES, ASSISTANCE OR ACCOMMODATION REQUESTS FROM PERSONS WITH DISABILITIES ARE TO BE REQUESTED NOT LESS THAN 3 WORKING DAYS BEFORE THE DAY OF THE EVENT. PLEASE CALL (703) 255-6304, OR 711 VIRGINIA RELAY SERVICE FOR THE HEARING IMPAIRED.",Procedural,,https://viennavadata.org/meeting/2020-01-27.html
2020-01-06,22020,"Invocation:  Pastor Garry Genser, Vienna Seventh Day Adventist Church",Procedural,,https://viennavadata.org/meeting/2020-01-06.html
2020-01-06,22021,Pledge of Allegiance to the Flag of the United States of America,Procedural,,https://viennavadata.org/meeting/2020-01-06.html
2020-01-06,22022,Roll Call,Procedural,,https://viennavadata.org/meeting/2020-01-06.html
2020-01-06,22023,Approval of the Minutes:,Minutes,,https://viennavadata.org/meeting/2020-01-06.html
2020-01-06,22039,"Regular Council Meeting minutes of November 4, 2019, the Work Session Minutes of October 28, 2019, November 18, 2019 and December 4, 2019.",Minutes,,https://viennavadata.org/meeting/2020-01-06.html
2020-01-06,22024,"Receipt of petitions and communications from the Public that are not on the Agenda.  
          (Limited to 5 minutes per issue and no formal action can be taken this evening)",Procedural,,https://viennavadata.org/meeting/2020-01-06.html
2020-01-06,22026,Reports/Presentations,Procedural,,https://viennavadata.org/meeting/2020-01-06.html
2020-01-06,22041,Vienna Sustainability Challenge Awards,Proclamations & Recognitions,,https://viennavadata.org/meeting/2020-01-06.html
2020-01-06,22057,Proclamation recognizing Supervisor Catherine Hudgins on her retirement,Proclamations & Recognitions,,https://viennavadata.org/meeting/2020-01-06.html
2020-01-06,22056,Proclamation Recognizing Bill Emerson,Proclamations & Recognitions,,https://viennavadata.org/meeting/2020-01-06.html
2020-01-06,22042,Comprehensive Plan Edit - Transportation Level of Service (LOS),"Land Use, Zoning & Development",,https://viennavadata.org/meeting/2020-01-06.html
2020-01-06,22027,Report and Inquiries of Council Members,Procedural,,https://viennavadata.org/meeting/2020-01-06.html
2020-01-06,22028,Report of the Town Manager,Procedural,,https://viennavadata.org/meeting/2020-01-06.html
2020-01-06,22029,Report of the Mayor,Procedural,,https://viennavadata.org/meeting/2020-01-06.html
2020-01-06,22030,Proposals for Additional Items to the Agenda,Procedural,,https://viennavadata.org/meeting/2020-01-06.html
2020-01-06,22031,Closed Session,Procedural,7 Aye,https://viennavadata.org/meeting/2020-01-06.html
2020-01-06,22034,Regular Business,Procedural,,https://viennavadata.org/meeting/2020-01-06.html
2020-01-06,22035,"Award RFP 20-03, Maple Avenue Utility Undergrounding Feasibility Study, to Rinker Design.",Contracts & Purchasing,7 Aye,https://viennavadata.org/meeting/2020-01-06.html
2020-01-06,22036,Request award of IFB 19-07 Nutley Street NW sidewalk project.,"Streets, Sidewalks & Transportation",7 Aye,https://viennavadata.org/meeting/2020-01-06.html
2020-01-06,22037,Request approval for Alban CAT emergency generator for Town Hall.,Public Safety,7 Aye,https://viennavadata.org/meeting/2020-01-06.html
2020-01-06,22038,Request approval of an agreement with Fairfax County for inspection and potential repair of Piney Branch-Difficult Run trunk sewers.,"Water, Sewer & Stormwater",7 Aye,https://viennavadata.org/meeting/2020-01-06.html
2020-01-06,22040,Request for alley vacation for property adjacent to 108-110 Church Street NE and behind 207 Center Street N.,"Land Use, Zoning & Development",7 Aye,https://viennavadata.org/meeting/2020-01-06.html
2020-01-06,22043,Meeting Adjournment,Procedural,,https://viennavadata.org/meeting/2020-01-06.html
2020-01-06,22044,"THE TOWN OF VIENNA IS COMMITTED TO FULL COMPLIANCE WITH THE AMERICANS WITH DISABILITIES ACT STANDARDS. TRANSLATION SERVICES, ASSISTANCE OR ACCOMMODATION REQUESTS FROM PERSONS WITH DISABILITIES ARE TO BE REQUESTED NOT LESS THAN 3 WORKING DAYS BEFORE THE DAY OF THE EVENT. PLEASE CALL (703) 255-6304, OR 711 VIRGINIA RELAY SERVICE FOR THE HEARING IMPAIRED.",Procedural,,https://viennavadata.org/meeting/2020-01-06.html
2019-12-09,21797,"Invocation: Nadeen Huang, Bahai's of the Town of Vienna",Procedural,,https://viennavadata.org/meeting/2019-12-09.html
2019-12-09,21798,Pledge of Allegiance to the Flag of the United States of America,Procedural,,https://viennavadata.org/meeting/2019-12-09.html
2019-12-09,21799,Roll Call,Procedural,,https://viennavadata.org/meeting/2019-12-09.html
2019-12-09,21800,Approval of the Minutes:,Minutes,,https://viennavadata.org/meeting/2019-12-09.html
2019-12-09,21814,"Approval of the Work Session Minutes of September 9, 2019, September 23, 2019, October 9, 2019, October 22, 2019, May 20, 2019 and the Special Meeting of May 20, 2019.",Minutes,,https://viennavadata.org/meeting/2019-12-09.html
2019-12-09,21801,"Receipt of petitions and communications from the Public that are not on the Agenda.  
          (Limited to 5 minutes per issue and no formal action can be taken this evening)",Procedural,,https://viennavadata.org/meeting/2019-12-09.html
2019-12-09,21803,Reports/Presentations,Procedural,,https://viennavadata.org/meeting/2019-12-09.html
2019-12-09,21823,Presentation of 2019 Comprehensive Annual Financial Report (CAFR),"Budget, Taxes & Finance",,https://viennavadata.org/meeting/2019-12-09.html
2019-12-09,21804,Report and Inquiries of Council Members,Procedural,,https://viennavadata.org/meeting/2019-12-09.html
2019-12-09,21805,Report of the Town Manager,Procedural,,https://viennavadata.org/meeting/2019-12-09.html
2019-12-09,21806,Report of the Mayor,Procedural,,https://viennavadata.org/meeting/2019-12-09.html
2019-12-09,21807,Proposals for Additional Items to the Agenda,Procedural,,https://viennavadata.org/meeting/2019-12-09.html
2019-12-09,21808,Closed Session,Procedural,7 Aye,https://viennavadata.org/meeting/2019-12-09.html
2019-12-09,21809,Public Hearings,Procedural,,https://viennavadata.org/meeting/2019-12-09.html
2019-12-09,21822,Public hearing for issuance of 2020 bond,"Budget, Taxes & Finance",7 Aye,https://viennavadata.org/meeting/2019-12-09.html
2019-12-09,21810,Consent Agenda,Consent Agenda,7 Aye,https://viennavadata.org/meeting/2019-12-09.html
2019-12-09,21812,"Request award of RFP 20-04 for $43,500 with Affordable Lawn Sprinklers for installation of an irrigation system at the community center",Parks & Recreation,,https://viennavadata.org/meeting/2019-12-09.html
2019-12-09,21816,Request approval of vehicle purchases within the Vehicle Replacement Program for FY20,Contracts & Purchasing,,https://viennavadata.org/meeting/2019-12-09.html
2019-12-09,21815,Request to include GIS module for previously awarded idtPlans plan review software,Contracts & Purchasing,,https://viennavadata.org/meeting/2019-12-09.html
2019-12-09,21818,Request CIP funding for milling and paving projects,"Streets, Sidewalks & Transportation",,https://viennavadata.org/meeting/2019-12-09.html
2019-12-09,21826,Acceptance of Byrne/JAG Law Enforcement Equipment Grant,Grants & Intergovernmental,,https://viennavadata.org/meeting/2019-12-09.html
2019-12-09,21811,Regular Business,Procedural,,https://viennavadata.org/meeting/2019-12-09.html
2019-12-09,21824,Request approval of Transportation Safety Commission (TSC) motion on revised guidelines for the Pedestrian Advisory Committee (PAC) and the Bicycle Advisory Committee (BAC).,"Streets, Sidewalks & Transportation",7 Aye,https://viennavadata.org/meeting/2019-12-09.html
2019-12-09,21819,Request approval of Transportation Safety Commission-recommended Shared Mobility Devices (SMDs) pilot program,"Streets, Sidewalks & Transportation","5 Aye, 1 Nay, 1 Abstain",https://viennavadata.org/meeting/2019-12-09.html
2019-12-09,21817,"Award RFP 20-03, Maple Avenue Utility Undergrounding Feasibility Study, to Rinker Design.",Contracts & Purchasing,,https://viennavadata.org/meeting/2019-12-09.html
2019-12-09,21971,"Award RFP 20-03, Maple Avenue Utility Undergrounding Feasibility Study, to Rinker Design.",Contracts & Purchasing,7 Aye,https://viennavadata.org/meeting/2019-12-09.html
2019-12-09,21820,Request approval to rename Northside Park to Northside Park - Maud Robinson Wildlife Preserve.,Parks & Recreation,7 Aye,https://viennavadata.org/meeting/2019-12-09.html
2019-12-09,21825,Approve purchase of real property located at 124 Courthouse Road SW,Town Facilities & Property,7 Aye,https://viennavadata.org/meeting/2019-12-09.html
2019-12-09,21821,"Request to set a public hearing for January 27, 2020 regarding proposed amendments to proffered conditions for 374 to 380 Maple Avenue W and to refer this matter to the Planning Commission for a recommendation.","Land Use, Zoning & Development",7 Aye,https://viennavadata.org/meeting/2019-12-09.html
2019-12-09,21813,"Request to set a public hearing for February 3, 2020 to amend the Comprehensive Plan as it relates to Town-owned properties at 114 Locust Street SW and 440 Beulah Road NE and refer the matter to the Planning Commission for consideration.","Land Use, Zoning & Development",7 Aye,https://viennavadata.org/meeting/2019-12-09.html
2019-12-09,21829,Proposal for Transparency and Accountability in Management of Town Right Of Way,"Streets, Sidewalks & Transportation",7 Aye,https://viennavadata.org/meeting/2019-12-09.html
2019-12-09,21830,"Motion by Councilmember Potter for comprehensive reorganization and update of Subdivision and Zoning Ordinances, Chapters 17 and 18 of Town Code","Land Use, Zoning & Development",,https://viennavadata.org/meeting/2019-12-09.html
2019-12-09,21973,"Motion by Councilmember Potter for comprehensive reorganization and update of Subdivision and Zoning Ordinances, Chapters 17 and 18 of Town Code","Land Use, Zoning & Development","6 Aye, 1 Nay",https://viennavadata.org/meeting/2019-12-09.html
2019-12-09,21827,Meeting Adjournment,Procedural,,https://viennavadata.org/meeting/2019-12-09.html
2019-12-09,21828,"THE TOWN OF VIENNA IS COMMITTED TO FULL COMPLIANCE WITH THE AMERICANS WITH DISABILITIES ACT STANDARDS. TRANSLATION SERVICES, ASSISTANCE OR ACCOMMODATION REQUESTS FROM PERSONS WITH DISABILITIES ARE TO BE REQUESTED NOT LESS THAN 3 WORKING DAYS BEFORE THE DAY OF THE EVENT. PLEASE CALL (703) 255-6304, OR 711 VIRGINIA RELAY SERVICE FOR THE HEARING IMPAIRED.",Procedural,,https://viennavadata.org/meeting/2019-12-09.html
2019-11-04,21253,"Invocation: Father Matthew Hillyard, OSFS, Our Lady of Good Council",Procedural,,https://viennavadata.org/meeting/2019-11-04.html
2019-11-04,21254,Pledge of Allegiance to the Flag of the United States of America,Procedural,,https://viennavadata.org/meeting/2019-11-04.html
2019-11-04,21255,Roll Call,Procedural,,https://viennavadata.org/meeting/2019-11-04.html
2019-11-04,21256,Approval of the Minutes:,Minutes,7 Aye,https://viennavadata.org/meeting/2019-11-04.html
2019-11-04,21367,"Approval of the Work Session Minutes of June 10, 2019 and the Regular Council Meeting Minutes of October 21, 2019.",Minutes,7 Aye,https://viennavadata.org/meeting/2019-11-04.html
2019-11-04,21257,"Receipt of petitions and communications from the Public that are not on the Agenda.  
          (Limited to 5 minutes per issue and no formal action can be taken this evening)",Procedural,,https://viennavadata.org/meeting/2019-11-04.html
2019-11-04,21259,Reports/Presentations,Procedural,,https://viennavadata.org/meeting/2019-11-04.html
2019-11-04,21271,2019 Halloween Parade Awards,Proclamations & Recognitions,,https://viennavadata.org/meeting/2019-11-04.html
2019-11-04,21260,Report and Inquiries of Council Members,Procedural,,https://viennavadata.org/meeting/2019-11-04.html
2019-11-04,21261,Report of the Town Manager,Procedural,,https://viennavadata.org/meeting/2019-11-04.html
2019-11-04,21262,Report of the Mayor,Procedural,,https://viennavadata.org/meeting/2019-11-04.html
2019-11-04,21263,Proposals for Additional Items to the Agenda,Procedural,,https://viennavadata.org/meeting/2019-11-04.html
2019-11-04,21264,Closed Session,Procedural,,https://viennavadata.org/meeting/2019-11-04.html
2019-11-04,21265,Public Hearings,Procedural,,https://viennavadata.org/meeting/2019-11-04.html
2019-11-04,21276,Public Hearing on the Town’s 2020 Legislative Agenda,Grants & Intergovernmental,7 Aye,https://viennavadata.org/meeting/2019-11-04.html
2019-11-04,21270,"Public hearing to extend temporary suspension of the Maple Avenue Commercial (MAC) Zone, currently set to expire November 15, 2019, to June 30, 2020.","Land Use, Zoning & Development",7 Aye,https://viennavadata.org/meeting/2019-11-04.html
2019-11-04,21267,Regular Business,Procedural,,https://viennavadata.org/meeting/2019-11-04.html
2019-11-04,21268,Adopt a resolution to approve Northern Virginia Transportation Authority (NVTA) applications for funding of transportation projects,"Streets, Sidewalks & Transportation",7 Aye,https://viennavadata.org/meeting/2019-11-04.html
2019-11-04,21269,Request to award RFP 20-02 a contract for On-Call Environmental Professional Services to Wood Environment & Infrastructure Solutions.,"Environment, Trees & Sustainability",7 Aye,https://viennavadata.org/meeting/2019-11-04.html
2019-11-04,21272,Request to increase spending with American Tennis Courts for pickle ball lines at Meadow Lane Park,Parks & Recreation,7 Aye,https://viennavadata.org/meeting/2019-11-04.html
2019-11-04,21273,Request Council’s approval of appropriation of FY2018-19 purchase order roll forwards and carryforward funds into the FY2019-20 General Fund budget,"Budget, Taxes & Finance",7 Aye,https://viennavadata.org/meeting/2019-11-04.html
2019-11-04,21274,Request to set a public hearing for issuance of bonds and notice of intent to adopt an ordinance.,Town Code & Ordinances,7 Aye,https://viennavadata.org/meeting/2019-11-04.html
2019-11-04,21275,"Consideration of appeal of Board of Architectural Review’s September 19, 2019 approval for Vienna Market, located at 245 Maple Avenue W","Land Use, Zoning & Development",7 Aye,https://viennavadata.org/meeting/2019-11-04.html
2019-11-04,21422,Second Closed Session,Procedural,7 Aye,https://viennavadata.org/meeting/2019-11-04.html
2019-11-04,21427,Possible land acquisition,Town Facilities & Property,"6 Aye, 1 Abstain",https://viennavadata.org/meeting/2019-11-04.html
2019-11-04,21277,Meeting Adjournment,Procedural,,https://viennavadata.org/meeting/2019-11-04.html
2019-11-04,21278,"THE TOWN OF VIENNA IS COMMITTED TO FULL COMPLIANCE WITH THE AMERICANS WITH DISABILITIES ACT STANDARDS. TRANSLATION SERVICES, ASSISTANCE OR ACCOMMODATION REQUESTS FROM PERSONS WITH DISABILITIES ARE TO BE REQUESTED NOT LESS THAN 3 WORKING DAYS BEFORE THE DAY OF THE EVENT. PLEASE CALL (703) 255-6304, OR 711 VIRGINIA RELAY SERVICE FOR THE HEARING IMPAIRED.",Procedural,,https://viennavadata.org/meeting/2019-11-04.html
2019-10-21,21134,"Invocation: Reverend Eric Song, Church of the Good Shepherd",Procedural,,https://viennavadata.org/meeting/2019-10-21.html
2019-10-21,21135,Pledge of Allegiance to the Flag of the United States of America,Procedural,,https://viennavadata.org/meeting/2019-10-21.html
2019-10-21,21136,Roll Call,Procedural,,https://viennavadata.org/meeting/2019-10-21.html
2019-10-21,21137,Approval of the Minutes:,Minutes,,https://viennavadata.org/meeting/2019-10-21.html
2019-10-21,21155,"Approval of the Joint Work Session Minutes of May 1, 2019, The Work Session Minutes of September 16, 2019 and the Regular Meeting Minutes of September 30, 2019.",Minutes,7 Aye,https://viennavadata.org/meeting/2019-10-21.html
2019-10-21,21138,"Receipt of petitions and communications from the Public that are not on the Agenda.  
          (Limited to 5 minutes per issue and no formal action can be taken this evening)",Procedural,,https://viennavadata.org/meeting/2019-10-21.html
2019-10-21,21140,Reports/Presentations,Procedural,,https://viennavadata.org/meeting/2019-10-21.html
2019-10-21,21192,Recognition of James Madison High School Band as State Champions,Proclamations & Recognitions,,https://viennavadata.org/meeting/2019-10-21.html
2019-10-21,21141,Report and Inquiries of Council Members,Procedural,,https://viennavadata.org/meeting/2019-10-21.html
2019-10-21,21142,Report of the Town Manager,Procedural,,https://viennavadata.org/meeting/2019-10-21.html
2019-10-21,21143,Report of the Mayor,Procedural,,https://viennavadata.org/meeting/2019-10-21.html
2019-10-21,21144,Proposals for Additional Items to the Agenda,Procedural,7 Aye,https://viennavadata.org/meeting/2019-10-21.html
2019-10-21,21145,Closed Session,Procedural,7 Aye,https://viennavadata.org/meeting/2019-10-21.html
2019-10-21,21146,Public Hearings,Procedural,,https://viennavadata.org/meeting/2019-10-21.html
2019-10-21,21154,"Public hearing on appeal of Board of Architectural Review’s September 19, 2019 approval for Vienna Market located at 245 Maple Avenue West","Land Use, Zoning & Development",7 Aye,https://viennavadata.org/meeting/2019-10-21.html
2019-10-21,21148,Regular Business,Procedural,,https://viennavadata.org/meeting/2019-10-21.html
2019-10-21,21149,Request approval of vehicle purchases within the Vehicle Replacement Program for FY20,Contracts & Purchasing,7 Aye,https://viennavadata.org/meeting/2019-10-21.html
2019-10-21,21150,Request spending for Echols Street SE Paving Project utilizing IFB 20-03,"Streets, Sidewalks & Transportation",7 Aye,https://viennavadata.org/meeting/2019-10-21.html
2019-10-21,21151,Request additional funds for the Park Street NE sidewalk improvements,Parks & Recreation,7 Aye,https://viennavadata.org/meeting/2019-10-21.html
2019-10-21,21152,Request approval for FY20 spending with Eastern Salt for de-icing salt,"Budget, Taxes & Finance",7 Aye,https://viennavadata.org/meeting/2019-10-21.html
2019-10-21,21153,Approval of 2020-36 Capital Improvement Plan (CIP),"Budget, Taxes & Finance","5 Aye, 2 Nay",https://viennavadata.org/meeting/2019-10-21.html
2019-10-21,21158,Second Closed Session,Procedural,7 Aye,https://viennavadata.org/meeting/2019-10-21.html
2019-10-21,21156,Meeting Adjournment,Procedural,,https://viennavadata.org/meeting/2019-10-21.html
2019-10-21,21157,"THE TOWN OF VIENNA IS COMMITTED TO FULL COMPLIANCE WITH THE AMERICANS WITH DISABILITIES ACT STANDARDS. TRANSLATION SERVICES, ASSISTANCE OR ACCOMMODATION REQUESTS FROM PERSONS WITH DISABILITIES ARE TO BE REQUESTED NOT LESS THAN 3 WORKING DAYS BEFORE THE DAY OF THE EVENT. PLEASE CALL (703) 255-6304, OR 711 VIRGINIA RELAY SERVICE FOR THE HEARING IMPAIRED.",Procedural,,https://viennavadata.org/meeting/2019-10-21.html
2019-09-30,21045,"Invocation: Reverend Eric Song, Church of the Good Shepherd",Procedural,,https://viennavadata.org/meeting/2019-09-30.html
2019-09-30,21046,Pledge of Allegiance to the Flag of the United States of America,Procedural,,https://viennavadata.org/meeting/2019-09-30.html
2019-09-30,21047,Roll Call,Procedural,,https://viennavadata.org/meeting/2019-09-30.html
2019-09-30,21048,Approval of the Minutes:,Minutes,,https://viennavadata.org/meeting/2019-09-30.html
2019-09-30,21067,"Approval of the Regular Council Meeting Minutes of September 16, 2019.",Minutes,7 Aye,https://viennavadata.org/meeting/2019-09-30.html
2019-09-30,21049,"Receipt of petitions and communications from the Public that are not on the Agenda.  
          (Limited to 5 minutes per issue and no formal action can be taken this evening)",Procedural,,https://viennavadata.org/meeting/2019-09-30.html
2019-09-30,21051,Reports/Presentations,Procedural,,https://viennavadata.org/meeting/2019-09-30.html
2019-09-30,21061,Recognition of the 50th Anniversary of Boy Scout Troop 1539,Proclamations & Recognitions,,https://viennavadata.org/meeting/2019-09-30.html
2019-09-30,21066,Recognition of Laine Hyde and Walter Basnight for Their Years of Service to the Town,Proclamations & Recognitions,,https://viennavadata.org/meeting/2019-09-30.html
2019-09-30,21052,Report and Inquiries of Council Members,Procedural,,https://viennavadata.org/meeting/2019-09-30.html
2019-09-30,21053,Report of the Town Manager,Procedural,,https://viennavadata.org/meeting/2019-09-30.html
2019-09-30,21054,Report of the Mayor,Procedural,,https://viennavadata.org/meeting/2019-09-30.html
2019-09-30,21055,Proposals for Additional Items to the Agenda,Procedural,,https://viennavadata.org/meeting/2019-09-30.html
2019-09-30,21056,Closed Session,Procedural,7 (no value recorded),https://viennavadata.org/meeting/2019-09-30.html
2019-09-30,21059,Regular Business,Procedural,,https://viennavadata.org/meeting/2019-09-30.html
2019-09-30,21063,"Adoption of changes to Town Code Chapter 1, Section 1-9.1, Fee Charged for Passing Bad Checks to Town",Town Code & Ordinances,7 Aye,https://viennavadata.org/meeting/2019-09-30.html
2019-09-30,21064,"Adoption of changes to Town Code Chapter 6, Article 8, Section 6-74.1, Small Purchase Procedures",Town Code & Ordinances,7 Aye,https://viennavadata.org/meeting/2019-09-30.html
2019-09-30,21060,Mashie Subdivision Performance Bond Extension Request,"Land Use, Zoning & Development",7 Aye,https://viennavadata.org/meeting/2019-09-30.html
2019-09-30,21062,Request award of IFB 20-08 for Construction and Demolition Debris Disposal and request FY20 spending,"Budget, Taxes & Finance",7 Aye,https://viennavadata.org/meeting/2019-09-30.html
2019-09-30,21065,Microtransit Concept,"Streets, Sidewalks & Transportation",,https://viennavadata.org/meeting/2019-09-30.html
2019-09-30,21071,Second Closed Session,Procedural,7 Aye,https://viennavadata.org/meeting/2019-09-30.html
2019-09-30,21068,Meeting Adjournment,Procedural,,https://viennavadata.org/meeting/2019-09-30.html
2019-09-30,21069,"THE TOWN OF VIENNA IS COMMITTED TO FULL COMPLIANCE WITH THE AMERICANS WITH DISABILITIES ACT STANDARDS. TRANSLATION SERVICES, ASSISTANCE OR ACCOMMODATION REQUESTS FROM PERSONS WITH DISABILITIES ARE TO BE REQUESTED NOT LESS THAN 3 WORKING DAYS BEFORE THE DAY OF THE EVENT. PLEASE CALL (703) 255-6304, OR 711 VIRGINIA RELAY SERVICE FOR THE HEARING IMPAIRED.",Procedural,,https://viennavadata.org/meeting/2019-09-30.html
2019-09-16,20942,Invocation: Kian Huang of the Vienna Baha'i Community,Procedural,,https://viennavadata.org/meeting/2019-09-16.html
2019-09-16,20943,Pledge of Allegiance to the Flag of the United States of America,Procedural,,https://viennavadata.org/meeting/2019-09-16.html
2019-09-16,20944,Roll Call,Procedural,,https://viennavadata.org/meeting/2019-09-16.html
2019-09-16,20945,Approval of the Minutes:,Minutes,7 Aye,https://viennavadata.org/meeting/2019-09-16.html
2019-09-16,20969,"Approval of the Regular Council Meeting Minutes of July 15 2019 and August 19, 2019, the Work Session Minutes of April 3, 2019, April 22, 2019 and August 19, 2019.",Minutes,7 Aye,https://viennavadata.org/meeting/2019-09-16.html
2019-09-16,20946,"Receipt of petitions and communications from the Public that are not on the Agenda.  
          (Limited to 5 minutes per issue and no formal action can be taken this evening)",Procedural,,https://viennavadata.org/meeting/2019-09-16.html
2019-09-16,20948,Reports/Presentations,Procedural,,https://viennavadata.org/meeting/2019-09-16.html
2019-09-16,20974,Recognition of James Madison High School Sports Teams,Proclamations & Recognitions,,https://viennavadata.org/meeting/2019-09-16.html
2019-09-16,20975,Recognition of Chief John Morrison as 2019 Chief of the Year,Proclamations & Recognitions,,https://viennavadata.org/meeting/2019-09-16.html
2019-09-16,20968,Proclamation for Vienna Teen Center 20th Anniversary,Proclamations & Recognitions,,https://viennavadata.org/meeting/2019-09-16.html
2019-09-16,20949,Report and Inquiries of Council Members,Procedural,,https://viennavadata.org/meeting/2019-09-16.html
2019-09-16,20950,Report of the Town Manager,Procedural,,https://viennavadata.org/meeting/2019-09-16.html
2019-09-16,20951,Report of the Mayor,Procedural,,https://viennavadata.org/meeting/2019-09-16.html
2019-09-16,20952,Proposals for Additional Items to the Agenda,Procedural,,https://viennavadata.org/meeting/2019-09-16.html
2019-09-16,20953,Closed Session,Procedural,7 Aye,https://viennavadata.org/meeting/2019-09-16.html
2019-09-16,20954,Public Hearings,Procedural,,https://viennavadata.org/meeting/2019-09-16.html
2019-09-16,20966,"Public Hearing on Proposed Amendments to Town Code Chapter 1, Section 1-9.1, Fee Charged for Passing Bad Checks to Town",Town Code & Ordinances,7 Aye,https://viennavadata.org/meeting/2019-09-16.html
2019-09-16,20956,Regular Business,Procedural,,https://viennavadata.org/meeting/2019-09-16.html
2019-09-16,20965,"Amend Town Code Chapter 6, Article 8, Section 6-74.1, Small Purchase Procedures",Town Code & Ordinances,7 Aye,https://viennavadata.org/meeting/2019-09-16.html
2019-09-16,20967,Award Capital Lease Contract (IFB 20-09) for Financing of FY 19-20 Vehicle and Equipment Replacement Program,Contracts & Purchasing,7 Aye,https://viennavadata.org/meeting/2019-09-16.html
2019-09-16,20970,"Request to set a public hearing on November 4, 2019, to extend temporary suspension of the Maple Avenue Commercial (MAC) Zone, set to expire on November 15, 2019, to June 30, 2020 and refer the matter to the Planning Commission for consideration.","Land Use, Zoning & Development",7 Aye,https://viennavadata.org/meeting/2019-09-16.html
2019-09-16,20959,"Resolution to include members of Council, Boards and Commissions as ""Employees"" of the Town for purposes of Workers' Compensation insurance coverage, replacing Resolution dated October 1, 2001.",Governance & Administration,7 Aye,https://viennavadata.org/meeting/2019-09-16.html
2019-09-16,20960,Consider resolution to adopt 2020 Town Council meeting schedule and to include the schedule in the 2020 Town Calendar,Governance & Administration,"1 Nay, 6 Aye",https://viennavadata.org/meeting/2019-09-16.html
2019-09-16,20962,Request approval of MOU between the Town of Vienna and Vienna Business Association for 2019 Halloween Parade,"Community, Arts & Events",7 Aye,https://viennavadata.org/meeting/2019-09-16.html
2019-09-16,20963,"Request Approval of Photography License and Use Permit for Historic Vienna, Inc.","Community, Arts & Events",7 Aye,https://viennavadata.org/meeting/2019-09-16.html
2019-09-16,20961,Request to approve Freeman Store and Museum Lease Renewal Agreement,"Community, Arts & Events",7 Aye,https://viennavadata.org/meeting/2019-09-16.html
2019-09-16,20957,Recommend approval to add 131 Wade Hampton Drive SW to the Town of Vienna historic property register.,"Land Use, Zoning & Development",7 Aye,https://viennavadata.org/meeting/2019-09-16.html
2019-09-16,20958,Request additional funds for Church Street project IFB 19-08,"Streets, Sidewalks & Transportation",7 Aye,https://viennavadata.org/meeting/2019-09-16.html
2019-09-16,20964,Approval of VDOT Revenue Sharing and Transportation Alternatives Resolutions,"Streets, Sidewalks & Transportation",7 Aye,https://viennavadata.org/meeting/2019-09-16.html
2019-09-16,20971,Meeting Adjournment,Procedural,,https://viennavadata.org/meeting/2019-09-16.html
2019-09-16,20972,"THE TOWN OF VIENNA IS COMMITTED TO FULL COMPLIANCE WITH THE AMERICANS WITH DISABILITIES ACT STANDARDS. TRANSLATION SERVICES, ASSISTANCE OR ACCOMMODATION REQUESTS FROM PERSONS WITH DISABILITIES ARE TO BE REQUESTED NOT LESS THAN 3 WORKING DAYS BEFORE THE DAY OF THE EVENT. PLEASE CALL (703) 255-6304, OR 711 VIRGINIA RELAY SERVICE FOR THE HEARING IMPAIRED.",Procedural,,https://viennavadata.org/meeting/2019-09-16.html
2019-07-15,20737,"Invocation: Mercury Payton, Town Manager",Procedural,,https://viennavadata.org/meeting/2019-07-15.html
2019-07-15,20738,Pledge of Allegiance to the Flag of the United States of America,Procedural,,https://viennavadata.org/meeting/2019-07-15.html
2019-07-15,20739,Roll Call,Procedural,,https://viennavadata.org/meeting/2019-07-15.html
2019-07-15,20740,Approval of the Minutes:,Minutes,,https://viennavadata.org/meeting/2019-07-15.html
2019-07-15,20754,"Approval of the Minutes of the June 3, 2019 Public Hearing on 374-380 Maple Avenue and the Regular Council Meeting Minutes of June 17, 2019.",Minutes,"6 Aye, 1 Absent",https://viennavadata.org/meeting/2019-07-15.html
2019-07-15,20758,"FOR PLANNING COMMISSION ONLY - Approval Of The Planning Commission Minutes Of March 27, 2019.",Minutes,,https://viennavadata.org/meeting/2019-07-15.html
2019-07-15,20749,Public Hearings,Procedural,,https://viennavadata.org/meeting/2019-07-15.html
2019-07-15,20755,"Consideration of a motion to rescind and repeal action taken by Town Council on June 17, 2019, regarding a rezoning application for 374-380 Maple Avenue W.","Land Use, Zoning & Development",7 Aye,https://viennavadata.org/meeting/2019-07-15.html
2019-07-15,20752,Meeting Adjournment,Procedural,7 Aye,https://viennavadata.org/meeting/2019-07-15.html
2019-07-15,20753,"THE TOWN OF VIENNA IS COMMITTED TO FULL COMPLIANCE WITH THE AMERICANS WITH DISABILITIES ACT STANDARDS. TRANSLATION SERVICES, ASSISTANCE OR ACCOMMODATION REQUESTS FROM PERSONS WITH DISABILITIES ARE TO BE REQUESTED NOT LESS THAN 3 WORKING DAYS BEFORE THE DAY OF THE EVENT. PLEASE CALL (703) 255-6304, OR 711 VIRGINIA RELAY SERVICE FOR THE HEARING IMPAIRED.",Procedural,,https://viennavadata.org/meeting/2019-07-15.html
2019-07-15,20887,,Procedural,,https://viennavadata.org/meeting/2019-07-15.html
2019-07-01,20686,Swearing In of Newly Elected Council Members,Proclamations & Recognitions,,https://viennavadata.org/meeting/2019-07-01.html
2019-07-01,20664,"Invocation: Reverend Corky Eddins, Christ Church Vienna",Procedural,,https://viennavadata.org/meeting/2019-07-01.html
2019-07-01,20665,Pledge of Allegiance to the Flag of the United States of America,Procedural,,https://viennavadata.org/meeting/2019-07-01.html
2019-07-01,20666,Roll Call,Procedural,,https://viennavadata.org/meeting/2019-07-01.html
2019-07-01,20667,Approval of the Minutes:,Minutes,,https://viennavadata.org/meeting/2019-07-01.html
2019-07-01,20691,"Approval of the Work Session Minutes of March 4, 2019.",Minutes,7 Aye,https://viennavadata.org/meeting/2019-07-01.html
2019-07-01,20668,"Receipt of petitions and communications from the Public that are not on the Agenda.  
          (Limited to 5 minutes per issue and no formal action can be taken this evening)",Procedural,,https://viennavadata.org/meeting/2019-07-01.html
2019-07-01,20670,Reports/Presentations,Procedural,,https://viennavadata.org/meeting/2019-07-01.html
2019-07-01,20690,Proclamation for Ayr Hill Garden Club 90th Anniversary,Proclamations & Recognitions,,https://viennavadata.org/meeting/2019-07-01.html
2019-07-01,20694,Proclamation For Windover Heights Historic District 40th Anniversary,Proclamations & Recognitions,,https://viennavadata.org/meeting/2019-07-01.html
2019-07-01,20671,Report and Inquiries of Council Members,Procedural,,https://viennavadata.org/meeting/2019-07-01.html
2019-07-01,20672,Report of the Town Manager,Procedural,,https://viennavadata.org/meeting/2019-07-01.html
2019-07-01,20673,Report of the Mayor,Procedural,,https://viennavadata.org/meeting/2019-07-01.html
2019-07-01,20674,Proposals for Additional Items to the Agenda,Procedural,,https://viennavadata.org/meeting/2019-07-01.html
2019-07-01,20675,Closed Session,Procedural,7 Aye,https://viennavadata.org/meeting/2019-07-01.html
2019-07-01,20678,Regular Business,Procedural,,https://viennavadata.org/meeting/2019-07-01.html
2019-07-01,20679,"Intent to Adopt a proposed ordinance to amend the Code of the Town of Vienna, Chapter 9, Motor Vehicles and Traffic, Article 1, In General, Section 9-3, Adoption of State Code, of the Code of the Town of Vienna.","Streets, Sidewalks & Transportation",7 Aye,https://viennavadata.org/meeting/2019-07-01.html
2019-07-01,20778,Closed Session,Procedural,7 Aye,https://viennavadata.org/meeting/2019-07-01.html
2019-07-01,20688,"Consideration of a Motion to Rescind Action taken by Town Council on June 17, 2019, regarding the Rezoning Application for 374-380 Maple Avenue West.","Land Use, Zoning & Development","2 Nay, 5 Aye",https://viennavadata.org/meeting/2019-07-01.html
2019-07-01,20689,"Intent to Grant a Ten-Year License for use of Public Right-of-Way to Cox Wireless Access, LLC.",Grants & Intergovernmental,7 Aye,https://viennavadata.org/meeting/2019-07-01.html
2019-07-01,20680,"Award of IFB 20-03 to Arthur Construction for On Call Roadway Maintenance and request FY20 spending in the amount of $260,000.00.","Budget, Taxes & Finance",7 Aye,https://viennavadata.org/meeting/2019-07-01.html
2019-07-01,20681,Award of IFB 20-01 to Commonwealth Paving for Asphalt Repair - As Needed,"Streets, Sidewalks & Transportation",7 Aye,https://viennavadata.org/meeting/2019-07-01.html
2019-07-01,20682,Request to award Old Courthouse Rd NE Waterline Relocation Project to EE Lyons Construction,Contracts & Purchasing,7 Aye,https://viennavadata.org/meeting/2019-07-01.html
2019-07-01,20684,Request Approval of Resolution to Issue Vehicle and Equipment Replacement Financing for FY 2019-20,Contracts & Purchasing,7 Aye,https://viennavadata.org/meeting/2019-07-01.html
2019-07-01,20683,"Consideration of a final plat for the Addition to the Katrina Hine Echols Division to re-subdivide one lot into two lots on property located at 309 Glyndon Street SE in the RS-10, Single-Family Detached Residential zone","Land Use, Zoning & Development",7 Aye,https://viennavadata.org/meeting/2019-07-01.html
2019-07-01,20685,A Resolution in Support of Recreational Trails Program Grant Application for Improvements to the Washington and Old Dominion Railroad Regional Park,Parks & Recreation,7 Aye,https://viennavadata.org/meeting/2019-07-01.html
2019-07-01,20687,"Request approval to direct the Transportation Safety Commission with the support of Department of Public Works resources to initiate a transportation safety study for the area bounded by Courthouse Road SW, Nutley Street, and Maple Avenue.","Streets, Sidewalks & Transportation",7 Aye,https://viennavadata.org/meeting/2019-07-01.html
2019-07-01,20705,Closed Session,Procedural,7 Aye,https://viennavadata.org/meeting/2019-07-01.html
2019-07-01,20692,Meeting Adjournment,Procedural,7 Aye,https://viennavadata.org/meeting/2019-07-01.html
2019-07-01,20693,"THE TOWN OF VIENNA IS COMMITTED TO FULL COMPLIANCE WITH THE AMERICANS WITH DISABILITIES ACT STANDARDS. TRANSLATION SERVICES, ASSISTANCE OR ACCOMMODATION REQUESTS FROM PERSONS WITH DISABILITIES ARE TO BE REQUESTED NOT LESS THAN 3 WORKING DAYS BEFORE THE DAY OF THE EVENT. PLEASE CALL (703) 255-6304, OR 711 VIRGINIA RELAY SERVICE FOR THE HEARING IMPAIRED.",Procedural,,https://viennavadata.org/meeting/2019-07-01.html
2019-06-17,20599,"Invocation:  Mr. Mercury Payton, Town Manager",Procedural,,https://viennavadata.org/meeting/2019-06-17.html
2019-06-17,20600,Pledge of Allegiance to the Flag of the United States of America,Procedural,,https://viennavadata.org/meeting/2019-06-17.html
2019-06-17,20601,Roll Call,Procedural,,https://viennavadata.org/meeting/2019-06-17.html
2019-06-17,20602,Approval of the Minutes:,Minutes,,https://viennavadata.org/meeting/2019-06-17.html
2019-06-17,20625,"Approval of the Regular Council Meeting Minutes of May 13, 2019.",Minutes,7 Aye,https://viennavadata.org/meeting/2019-06-17.html
2019-06-17,20603,"Receipt of petitions and communications from the Public that are not on the Agenda.  
          (Limited to 5 minutes per issue and no formal action can be taken this evening)",Procedural,,https://viennavadata.org/meeting/2019-06-17.html
2019-06-17,20605,Reports/Presentations,Procedural,,https://viennavadata.org/meeting/2019-06-17.html
2019-06-17,20630,Presentation to Councilmember Tara Bloch Honoring Her Years of Service to the Town of Vienna,Proclamations & Recognitions,,https://viennavadata.org/meeting/2019-06-17.html
2019-06-17,20629,Presentation to Councilmember Carey Sienicki Honoring Her Years of Service to the Town of Vienna.,Proclamations & Recognitions,,https://viennavadata.org/meeting/2019-06-17.html
2019-06-17,20620,Presentation of Vienna Stories; 1950-2000,"Community, Arts & Events",,https://viennavadata.org/meeting/2019-06-17.html
2019-06-17,20626,Proclamation for the 50th Anniversary of NARFE Chapter 116 (Vienna-Oakton),Proclamations & Recognitions,,https://viennavadata.org/meeting/2019-06-17.html
2019-06-17,20627,Proclamation for the 50th Anniversary of the Vienna Arts Society,Proclamations & Recognitions,,https://viennavadata.org/meeting/2019-06-17.html
2019-06-17,20628,Proclamation for Men’s Health Month 2019,Proclamations & Recognitions,,https://viennavadata.org/meeting/2019-06-17.html
2019-06-17,20606,Report and Inquiries of Council Members,Procedural,,https://viennavadata.org/meeting/2019-06-17.html
2019-06-17,20607,Report of the Town Manager,Procedural,,https://viennavadata.org/meeting/2019-06-17.html
2019-06-17,20608,Report of the Mayor,Procedural,,https://viennavadata.org/meeting/2019-06-17.html
2019-06-17,20609,Proposals for Additional Items to the Agenda,Procedural,,https://viennavadata.org/meeting/2019-06-17.html
2019-06-17,20610,Closed Session,Procedural,7 Aye,https://viennavadata.org/meeting/2019-06-17.html
2019-06-17,20611,Public Hearings,Procedural,,https://viennavadata.org/meeting/2019-06-17.html
2019-06-17,20632,"Public Hearing for a Request to Grant a Ten-Year License for use of Public Right-of-Way to Cox Wireless Access, LLC.",Grants & Intergovernmental,7 Aye,https://viennavadata.org/meeting/2019-06-17.html
2019-06-17,20613,Regular Business,Procedural,7 (no value recorded),https://viennavadata.org/meeting/2019-06-17.html
2019-06-17,20736,Regular Business,Procedural,,https://viennavadata.org/meeting/2019-06-17.html
2019-06-17,20624,"Consideration of rezoning of 374-380 Maple Avenue W from C-1 Local Commercial zone and RS-16 Single-Family Detached Residential zone to Maple Avenue Commercial (MAC) zone for 380 Maple, a mixed-use building with ground floor retail and multifamily residential condominium units.
AND
Consideration of a request for a related modification of requirements.","Land Use, Zoning & Development","5 Aye, 2 Nay",https://viennavadata.org/meeting/2019-06-17.html
2019-06-17,20623,"Consideration of rezoning of 100-112 Maple Avenue E from C-2 general commercial zone and C-1A special commercial zone to Maple Avenue Commercial (MAC) zone for Sunrise Assisted Living 
AND
Consideration of a request for a related modification of requirements.","Land Use, Zoning & Development",,https://viennavadata.org/meeting/2019-06-17.html
2019-06-17,20733,"Consideration of rezoning of 100-112 Maple Avenue E from C-2 general commercial zone and C-1A special commercial zone to Maple Avenue Commercial (MAC) zone for Sunrise Assisted Living 
AND
Consideration of a request for a related modification of requirements.","Land Use, Zoning & Development","3 Aye, 4 Nay",https://viennavadata.org/meeting/2019-06-17.html
2019-06-17,20617,Request approval of Transportation Safety Commission recommended Bike Corral along Church Street.,"Streets, Sidewalks & Transportation","5 Aye, 2 Nay",https://viennavadata.org/meeting/2019-06-17.html
2019-06-17,20622,Letter of agreement with Fairfax County regarding sewer debt,"Water, Sewer & Stormwater",7 Aye,https://viennavadata.org/meeting/2019-06-17.html
2019-06-17,20614,"Update Town Code Chapter 10, Miscellaneous, Article 3 - Offenses Against Property, Section 10-22, Petit larceny, and Section 10-7, Concealment, to conform with updated Virginia statutory value threshold for petit larceny (misdemeanor) offenses",Town Code & Ordinances,"6 Aye, 1 Absent",https://viennavadata.org/meeting/2019-06-17.html
2019-06-17,20631,Route 243/ Route 123 Traffic Signal Upgrades - Request to award contract for traffic signal replacements,"Streets, Sidewalks & Transportation",7 Aye,https://viennavadata.org/meeting/2019-06-17.html
2019-06-17,20615,Request approval for purchase of a Bobcat All-Wheel Steer Loader,Contracts & Purchasing,7 Aye,https://viennavadata.org/meeting/2019-06-17.html
2019-06-17,20616,Request approval for repair of HVAC system at Town Hall,Town Facilities & Property,7 Aye,https://viennavadata.org/meeting/2019-06-17.html
2019-06-17,20618,Award design contract to Wood Environment & Infrastructure Solutions for Hunters Branch Phase II stream restoration project,"Environment, Trees & Sustainability",7 Aye,https://viennavadata.org/meeting/2019-06-17.html
2019-06-17,20619,Request vacation of abandoned sanitary sewer easement on 102 Sharon Lane NW,"Land Use, Zoning & Development",7 Aye,https://viennavadata.org/meeting/2019-06-17.html
2019-06-17,20621,"Request approval for spending $50,000 with Ross Tree Expert Company, dba RTEC Treecare, for tree maintenance and removal.","Environment, Trees & Sustainability",7 Aye,https://viennavadata.org/meeting/2019-06-17.html
2019-06-17,20633,Meeting Adjournment,Procedural,7 Aye,https://viennavadata.org/meeting/2019-06-17.html
2019-06-17,20634,"THE TOWN OF VIENNA IS COMMITTED TO FULL COMPLIANCE WITH THE AMERICANS WITH DISABILITIES ACT STANDARDS. TRANSLATION SERVICES, ASSISTANCE OR ACCOMMODATION REQUESTS FROM PERSONS WITH DISABILITIES ARE TO BE REQUESTED NOT LESS THAN 3 WORKING DAYS BEFORE THE DAY OF THE EVENT. PLEASE CALL (703) 255-6304, OR 711 VIRGINIA RELAY SERVICE FOR THE HEARING IMPAIRED.",Procedural,,https://viennavadata.org/meeting/2019-06-17.html
2019-06-17,20886,,Procedural,,https://viennavadata.org/meeting/2019-06-17.html
2019-06-03,20493,"Invocation: Mercury T. Payton, Town Manager",Procedural,,https://viennavadata.org/meeting/2019-06-03.html
2019-06-03,20494,Pledge of Allegiance to the Flag of the United States of America,Procedural,,https://viennavadata.org/meeting/2019-06-03.html
2019-06-03,20495,Roll Call,Procedural,,https://viennavadata.org/meeting/2019-06-03.html
2019-06-03,20496,Approval of the Minutes:,Minutes,,https://viennavadata.org/meeting/2019-06-03.html
2019-06-03,20545,"Approval of the Regular Council Meeting Minutes of April 29, 2019",Minutes,7 Aye,https://viennavadata.org/meeting/2019-06-03.html
2019-06-03,20497,"Receipt of petitions and communications from the Public that is not on the Agenda.  
          (Limited to 5 minutes per issue and no formal action can be taken this evening)",Procedural,,https://viennavadata.org/meeting/2019-06-03.html
2019-06-03,20499,Reports/Presentations,Procedural,,https://viennavadata.org/meeting/2019-06-03.html
2019-06-03,20500,Report and Inquiries of Council Members,Procedural,,https://viennavadata.org/meeting/2019-06-03.html
2019-06-03,20501,Report of the Town Manager,Procedural,,https://viennavadata.org/meeting/2019-06-03.html
2019-06-03,20502,Report of the Mayor,Procedural,,https://viennavadata.org/meeting/2019-06-03.html
2019-06-03,20503,Proposals for Additional Items to the Agenda,Procedural,,https://viennavadata.org/meeting/2019-06-03.html
2019-06-03,20504,Closed Session,Procedural,7 Aye,https://viennavadata.org/meeting/2019-06-03.html
2019-06-03,20505,Public Hearings,Procedural,,https://viennavadata.org/meeting/2019-06-03.html
2019-06-03,20521,"Continuation of public hearing on rezoning of 374-380 Maple Avenue W from C-1 Local Commercial zone and RS-16 Single-Family Detached Residential zone to Maple Avenue Commercial (MAC) zone for 380 Maple, a mixed-use building with ground floor retail and multifamily residential condominium units.
AND
Consideration of a request for a related modification of requirement.","Land Use, Zoning & Development",7 Aye,https://viennavadata.org/meeting/2019-06-03.html
2019-06-03,20519,"Public hearing on rezoning of 100-112 Maple Avenue E from C-2 General Commercial zone and C-1A Special Commercial zone to Maple Avenue Commercial (MAC) zone for Sunrise Assisted Living 

AND 

Consideration of a request for a related modification of requirement.","Land Use, Zoning & Development",,https://viennavadata.org/meeting/2019-06-03.html
2019-06-03,20506,Consent Agenda,Consent Agenda,7 Aye,https://viennavadata.org/meeting/2019-06-03.html
2019-06-03,20514,"(CONTRACT RENEWAL) Request approval to continue to ride VITA contract VA-140331-DELL for purchase of computers, laptops, and maintenance contracts for servers for FY20",Contracts & Purchasing,,https://viennavadata.org/meeting/2019-06-03.html
2019-06-03,20516,(CONTRACT RENEWAL) Request approval to ride Fairfax County Public Schools contract 4400006677 for cell and mobile device services with Sprint.,Grants & Intergovernmental,,https://viennavadata.org/meeting/2019-06-03.html
2019-06-03,20518,Request appropriation for annual audit contract with Robinson Farmer Cox Associates PLLC (year 5 of 6-year contract),"Budget, Taxes & Finance",,https://viennavadata.org/meeting/2019-06-03.html
2019-06-03,20507,Regular Business,Procedural,,https://viennavadata.org/meeting/2019-06-03.html
2019-06-03,20520,"Intent to Adopt extension of the temporary suspension of the Maple Avenue Commercial (MAC) zone, currently set to expire June 27, 2019 to November 15, 2019.","Land Use, Zoning & Development",7 Aye,https://viennavadata.org/meeting/2019-06-03.html
2019-06-03,20508,"Consideration of vacation and relocation of boundary lines of Lot 67 of Part Block 10 of Windover Heights subdivision (325 West Street NW) and Lot A of George M Pollard subdivision (315 West Street NW), located in the RS-12.5 and RS-16 zoning districts.","Land Use, Zoning & Development",7 Aye,https://viennavadata.org/meeting/2019-06-03.html
2019-06-03,20515,"Request approval for use of FY20 funds with Granicus, Inc., for agenda management suite, boards and commissions module, and HD video streaming services.",Contracts & Purchasing,7 Aye,https://viennavadata.org/meeting/2019-06-03.html
2019-06-03,20517,"Request to establish an agreement with Granicus, Inc. (formally Vision Technologies) for migration and redesign services for the Town’s external website.",Governance & Administration,7 Aye,https://viennavadata.org/meeting/2019-06-03.html
2019-06-03,20509,Request approval of a memorandum of understanding between the Optimist Club of Greater Vienna and Town of Vienna for use of the Vienna Community Center parking lot for the 2019 Vienna Farmers Market,Parks & Recreation,7 Aye,https://viennavadata.org/meeting/2019-06-03.html
2019-06-03,20510,FY 2020 funding of contracts issued by other jurisdictions,Contracts & Purchasing,7 Aye,https://viennavadata.org/meeting/2019-06-03.html
2019-06-03,20511,FY 2020 funding and renewals of Town contracts,Contracts & Purchasing,7 Aye,https://viennavadata.org/meeting/2019-06-03.html
2019-06-03,20512,Request approval to purchase new fleet management software,Contracts & Purchasing,7 Aye,https://viennavadata.org/meeting/2019-06-03.html
2019-06-03,20513,Appointment of Town Officials for Fiscal Year 2019-20,Appointments & Resignations,7 Aye,https://viennavadata.org/meeting/2019-06-03.html
2019-06-03,20522,Meeting Adjournment,Procedural,7 Aye,https://viennavadata.org/meeting/2019-06-03.html
2019-06-03,20523,"THE TOWN OF VIENNA IS COMMITTED TO FULL COMPLIANCE WITH THE AMERICANS WITH DISABILITIES ACT STANDARDS. TRANSLATION SERVICES, ASSISTANCE OR ACCOMMODATION REQUESTS FROM PERSONS WITH DISABILITIES ARE TO BE REQUESTED NOT LESS THAN 3 WORKING DAYS BEFORE THE DAY OF THE EVENT. PLEASE CALL (703) 255-6304, OR 711 VIRGINIA RELAY SERVICE FOR THE HEARING IMPAIRED.",Procedural,,https://viennavadata.org/meeting/2019-06-03.html
2019-05-20,20465,Regular Business,Procedural,,https://viennavadata.org/meeting/2019-05-20.html
2019-05-20,20466,Set Closed Session for Consultation with Legal Counsel,Procedural,,https://viennavadata.org/meeting/2019-05-20.html
2019-05-20,20467,Meeting Adjournment,Procedural,,https://viennavadata.org/meeting/2019-05-20.html
2019-05-20,20468,"THE TOWN OF VIENNA IS COMMITTED TO FULL COMPLIANCE WITH THE AMERICANS WITH DISABILITIES ACT STANDARDS. TRANSLATION SERVICES, ASSISTANCE OR ACCOMMODATION REQUESTS FROM PERSONS WITH DISABILITIES ARE TO BE REQUESTED NOT LESS THAN 3 WORKING DAYS BEFORE THE DAY OF THE EVENT. PLEASE CALL (703) 255-6304, OR 711 VIRGINIA RELAY SERVICE FOR THE HEARING IMPAIRED.",Procedural,,https://viennavadata.org/meeting/2019-05-20.html
2019-05-13,20347,Invocation: Ms. Ella Yazdanie of the Baha'is of the Town of Vienna,Procedural,,https://viennavadata.org/meeting/2019-05-13.html
2019-05-13,20348,Pledge of Allegiance to the Flag of the United States of America,Procedural,,https://viennavadata.org/meeting/2019-05-13.html
2019-05-13,20349,Roll Call,Procedural,,https://viennavadata.org/meeting/2019-05-13.html
2019-05-13,20350,Approval of the Minutes:,Minutes,,https://viennavadata.org/meeting/2019-05-13.html
2019-05-13,20373,"Approval of the Regular Council Meeting Minutes of April 8, 2019 and the Work Session Minutes of February 11, 2019.",Minutes,7 Aye,https://viennavadata.org/meeting/2019-05-13.html
2019-05-13,20351,"Receipt of petitions and communications from the Public that is not on the Agenda.  
          (Limited to 5 minutes per issue and no formal action can be taken this evening)",Procedural,,https://viennavadata.org/meeting/2019-05-13.html
2019-05-13,20353,Reports/Presentations,Procedural,,https://viennavadata.org/meeting/2019-05-13.html
2019-05-13,20371,Proclamation for Bicycle Awareness Month,Proclamations & Recognitions,,https://viennavadata.org/meeting/2019-05-13.html
2019-05-13,20372,Proclamation for Infrastructure Week,Proclamations & Recognitions,,https://viennavadata.org/meeting/2019-05-13.html
2019-05-13,20362,Historic Vienna Inc. 2018 Annual Report Presentation,"Community, Arts & Events",,https://viennavadata.org/meeting/2019-05-13.html
2019-05-13,20410,Historic Vienna Inc. 2018 Annual Report Presentation,"Community, Arts & Events",,https://viennavadata.org/meeting/2019-05-13.html
2019-05-13,20354,Report and Inquiries of Council Members,Procedural,,https://viennavadata.org/meeting/2019-05-13.html
2019-05-13,20355,Report of the Town Manager,Procedural,,https://viennavadata.org/meeting/2019-05-13.html
2019-05-13,20356,Report of the Mayor,Procedural,,https://viennavadata.org/meeting/2019-05-13.html
2019-05-13,20357,Proposals for Additional Items to the Agenda,Procedural,,https://viennavadata.org/meeting/2019-05-13.html
2019-05-13,20358,Closed Session,Procedural,7 Aye,https://viennavadata.org/meeting/2019-05-13.html
2019-05-13,20359,Public Hearings,Procedural,,https://viennavadata.org/meeting/2019-05-13.html
2019-05-13,20369,"Continuation of public hearing on rezoning of 374-380 Maple Avenue W from C-1 Local Commercial zone and RS-16 Single-Family Detached Residential zone to Maple Avenue Commercial (MAC) zone for 380 Maple, a mixed-use building with ground floor retail and multifamily residential condominium units.
AND
Consideration of a request for a related modification of requirement.","Land Use, Zoning & Development",7 Aye,https://viennavadata.org/meeting/2019-05-13.html
2019-05-13,20368,"Public hearing to extend the temporary suspension of the Maple Avenue Commercial (MAC) zone, currently set to expire June 27, 2019, to November 15, 2019.","Land Use, Zoning & Development",7 Aye,https://viennavadata.org/meeting/2019-05-13.html
2019-05-13,20363,Public Hearing regarding FY 2019-20 Proposed Real Estate Tax Rate,"Budget, Taxes & Finance",7 Aye,https://viennavadata.org/meeting/2019-05-13.html
2019-05-13,20361,Regular Business,Procedural,,https://viennavadata.org/meeting/2019-05-13.html
2019-05-13,20364,Intent to adopt the Real Estate Tax Rate for FY 2019-20,"Budget, Taxes & Finance",7 Aye,https://viennavadata.org/meeting/2019-05-13.html
2019-05-13,20365,Intent to Adopt the FY 2019-20 Budget,"Budget, Taxes & Finance",7 Aye,https://viennavadata.org/meeting/2019-05-13.html
2019-05-13,20366,Intent to adopt FY 2019-20 Water and Sewer Rates,"Water, Sewer & Stormwater",7 Aye,https://viennavadata.org/meeting/2019-05-13.html
2019-05-13,20367,Letter of Agreement with Fairfax County Regarding Sewer Debt,"Water, Sewer & Stormwater",7 Aye,https://viennavadata.org/meeting/2019-05-13.html
2019-05-13,20370,"Set a public hearing to grant a ten-year license for use of a right-of-way to Cox Wireless Access, LLC.",Grants & Intergovernmental,7 Aye,https://viennavadata.org/meeting/2019-05-13.html
2019-05-13,20374,Meeting Adjournment,Procedural,7 Aye,https://viennavadata.org/meeting/2019-05-13.html
2019-05-13,20375,"THE TOWN OF VIENNA IS COMMITTED TO FULL COMPLIANCE WITH THE AMERICANS WITH DISABILITIES ACT STANDARDS. TRANSLATION SERVICES, ASSISTANCE OR ACCOMMODATION REQUESTS FROM PERSONS WITH DISABILITIES ARE TO BE REQUESTED NOT LESS THAN 3 WORKING DAYS BEFORE THE DAY OF THE EVENT. PLEASE CALL (703) 255-6304, OR 711 VIRGINIA RELAY SERVICE FOR THE HEARING IMPAIRED.",Procedural,,https://viennavadata.org/meeting/2019-05-13.html
2019-04-29,20276,"Invocation: Reverend Johnny Kurcina, Christ Church Vienna",Procedural,,https://viennavadata.org/meeting/2019-04-29.html
2019-04-29,20277,Pledge of Allegiance to the Flag of the United States of America,Procedural,,https://viennavadata.org/meeting/2019-04-29.html
2019-04-29,20278,Roll Call,Procedural,,https://viennavadata.org/meeting/2019-04-29.html
2019-04-29,20279,Approval of the Minutes: None,Minutes,,https://viennavadata.org/meeting/2019-04-29.html
2019-04-29,20280,"Receipt of petitions and communications from the Public that is not on the Agenda.  
          (Limited to 5 minutes per issue and no formal action can be taken this evening)",Procedural,,https://viennavadata.org/meeting/2019-04-29.html
2019-04-29,20282,Reports/Presentations,Procedural,,https://viennavadata.org/meeting/2019-04-29.html
2019-04-29,20301,Proclamation for Volunteer Recognition Day 2019,Proclamations & Recognitions,7 Aye,https://viennavadata.org/meeting/2019-04-29.html
2019-04-29,20283,Report and Inquiries of Council Members,Procedural,,https://viennavadata.org/meeting/2019-04-29.html
2019-04-29,20284,Report of the Town Manager,Procedural,,https://viennavadata.org/meeting/2019-04-29.html
2019-04-29,20285,Report of the Mayor,Procedural,,https://viennavadata.org/meeting/2019-04-29.html
2019-04-29,20286,Proposals for Additional Items to the Agenda,Procedural,,https://viennavadata.org/meeting/2019-04-29.html
2019-04-29,20287,Closed Session,Procedural,7 Aye,https://viennavadata.org/meeting/2019-04-29.html
2019-04-29,20288,Public Hearings,Procedural,,https://viennavadata.org/meeting/2019-04-29.html
2019-04-29,20298,"Public hearing on rezoning of 374 to 380 Maple Avenue W from C-1 Local Commercial Zone and RS-16 Single-Family Detached Residential Zone to Maple Avenue Commercial (MAC) Zone for 380 Maple, a mixed-use building with ground floor retail and multi-family residential condominium units

AND

Consideration of a request for a related modification of requirement","Land Use, Zoning & Development",,https://viennavadata.org/meeting/2019-04-29.html
2019-04-29,20290,Regular Business,Procedural,,https://viennavadata.org/meeting/2019-04-29.html
2019-04-29,20293,"Request to set a public hearing on June 3, 2019 regarding rezoning of 100 to 112 Maple Avenue East from C-2 General Commercial and C-1A Special Commercial zoning districts to Maple Avenue Commercial (MAC) Zone for a proposed mixed-use development of an assisted living facility and retail space.","Land Use, Zoning & Development","5 Aye, 2 Nay",https://viennavadata.org/meeting/2019-04-29.html
2019-04-29,20292,Request to Award Contract for Plan Review Software to Idtplans,Contracts & Purchasing,7 Aye,https://viennavadata.org/meeting/2019-04-29.html
2019-04-29,20300,Adoption of the Town of Vienna’s 2019 Strategic Plan,Governance & Administration,,https://viennavadata.org/meeting/2019-04-29.html
2019-04-29,20325,Adoption of the Town of Vienna’s 2019 Strategic Plan,Governance & Administration,7 Aye,https://viennavadata.org/meeting/2019-04-29.html
2019-04-29,20291,Approve the Bee City USA Resolution,"Environment, Trees & Sustainability",7 Aye,https://viennavadata.org/meeting/2019-04-29.html
2019-04-29,20297,Request approval of MOU between Town of Vienna and Vienna Business Association for 2019 Oktoberfest,"Community, Arts & Events",7 Aye,https://viennavadata.org/meeting/2019-04-29.html
2019-04-29,20294,Request additional FY19 spending with American Recycling,"Water, Sewer & Stormwater",7 Aye,https://viennavadata.org/meeting/2019-04-29.html
2019-04-29,20295,Request approval for engineering services for a Route 243/Nutley Street SW Mixed-Use Trail,Parks & Recreation,7 Aye,https://viennavadata.org/meeting/2019-04-29.html
2019-04-29,20296,Request to award contract for Routes 123 and 243 Traffic Signal Upgrades (Phase 2),"Streets, Sidewalks & Transportation",7 Aye,https://viennavadata.org/meeting/2019-04-29.html
2019-04-29,20299,Resolution Affirming Commitment to Fund the Locality Share of Projects under Agreement with the Virginia Department of Transportation and Provide Signature Authority,"Streets, Sidewalks & Transportation",7 Aye,https://viennavadata.org/meeting/2019-04-29.html
2019-04-29,20302,Meeting Adjournment,Procedural,7 Aye,https://viennavadata.org/meeting/2019-04-29.html
2019-04-29,20303,"THE TOWN OF VIENNA IS COMMITTED TO FULL COMPLIANCE WITH THE AMERICANS WITH DISABILITIES ACT STANDARDS. TRANSLATION SERVICES, ASSISTANCE OR ACCOMMODATION REQUESTS FROM PERSONS WITH DISABILITIES ARE TO BE REQUESTED NOT LESS THAN 3 WORKING DAYS BEFORE THE DAY OF THE EVENT. PLEASE CALL (703) 255-6304, OR 711 VIRGINIA RELAY SERVICE FOR THE HEARING IMPAIRED.",Procedural,,https://viennavadata.org/meeting/2019-04-29.html
2019-04-08,20159,"Invocation:  Reverend Dr. Vernon Walton, First Baptist Church of Vienna",Procedural,,https://viennavadata.org/meeting/2019-04-08.html
2019-04-08,20160,Pledge of Allegiance to the Flag of the United States of America,Procedural,,https://viennavadata.org/meeting/2019-04-08.html
2019-04-08,20161,Roll Call,Procedural,,https://viennavadata.org/meeting/2019-04-08.html
2019-04-08,20162,Approval of the Minutes:,Minutes,,https://viennavadata.org/meeting/2019-04-08.html
2019-04-08,20178,"Approval of the Regular Council Meeting minutes of February 25, 2019, revised, Regular Council Meeting Minutes of March 11, 2019 the Work Session Minutes of January 14, 2019 and March 16, 2019.",Minutes,7 Aye,https://viennavadata.org/meeting/2019-04-08.html
2019-04-08,20163,"Receipt of petitions and communications from the Public that is not on the Agenda.  
          (Limited to 5 minutes per issue and no formal action can be taken this evening)",Procedural,,https://viennavadata.org/meeting/2019-04-08.html
2019-04-08,20165,Reports/Presentations,Procedural,,https://viennavadata.org/meeting/2019-04-08.html
2019-04-08,20176,Proclamation for Children and Youth Month,Proclamations & Recognitions,,https://viennavadata.org/meeting/2019-04-08.html
2019-04-08,20175,Proclamation for National Arab American Heritage Month,Proclamations & Recognitions,,https://viennavadata.org/meeting/2019-04-08.html
2019-04-08,20177,2019 Arbor Day Proclamation,Proclamations & Recognitions,,https://viennavadata.org/meeting/2019-04-08.html
2019-04-08,20184,Proclamation for Testicular Cancer Awareness Month,Proclamations & Recognitions,,https://viennavadata.org/meeting/2019-04-08.html
2019-04-08,20166,Report and Inquiries of Council Members,Procedural,,https://viennavadata.org/meeting/2019-04-08.html
2019-04-08,20167,Report of the Town Manager,Procedural,,https://viennavadata.org/meeting/2019-04-08.html
2019-04-08,20168,Report of the Mayor,Procedural,,https://viennavadata.org/meeting/2019-04-08.html
2019-04-08,20169,Proposals for Additional Items to the Agenda,Procedural,,https://viennavadata.org/meeting/2019-04-08.html
2019-04-08,20170,Closed Session,Procedural,7 Aye,https://viennavadata.org/meeting/2019-04-08.html
2019-04-08,20171,Public Hearings,Procedural,,https://viennavadata.org/meeting/2019-04-08.html
2019-04-08,20180,Public Hearing on FY 2019-20 Proposed Budget,"Budget, Taxes & Finance",,https://viennavadata.org/meeting/2019-04-08.html
2019-04-08,20197,Public Hearing on FY 2019-20 Proposed Budget,"Budget, Taxes & Finance",7 Aye,https://viennavadata.org/meeting/2019-04-08.html
2019-04-08,20182,Public Hearing regarding FY 2019-20 Water and Sewer Rates,"Water, Sewer & Stormwater",7 Aye,https://viennavadata.org/meeting/2019-04-08.html
2019-04-08,20173,Regular Business,Procedural,,https://viennavadata.org/meeting/2019-04-08.html
2019-04-08,20174,"Request to re-set a public hearing for May 13, 2019 regarding the FY 2019-20 real estate tax rate","Budget, Taxes & Finance",7 Aye,https://viennavadata.org/meeting/2019-04-08.html
2019-04-08,20179,Award Church Street NE Sidewalk Extension IFB 19-08,"Streets, Sidewalks & Transportation",7 Aye,https://viennavadata.org/meeting/2019-04-08.html
2019-04-08,20181,"Request to set a public hearing on April 29, 2019 regarding rezoning of 374 to 380 Maple Avenue W from C-1 Local Commercial and RS-16 Single-Family Detached Residential zoning districts to Maple Avenue Commercial (MAC) Zone for a proposed 380 Maple mixed-use development.","Land Use, Zoning & Development",7 Aye,https://viennavadata.org/meeting/2019-04-08.html
2019-04-08,20183,"Request to set a public hearing on May 13, 2019, to extend the temporary suspension of the Maple Avenue Commercial (MAC) Zone, set to expire on June 27, 2019, to October 31, 2019, and refer the matter to the Planning Commission for consideration.","Land Use, Zoning & Development",7 Aye,https://viennavadata.org/meeting/2019-04-08.html
2019-04-08,20188,Second Closed Session,Procedural,7 Aye,https://viennavadata.org/meeting/2019-04-08.html
2019-04-08,20185,Meeting Adjournment,Procedural,,https://viennavadata.org/meeting/2019-04-08.html
2019-04-08,20186,"THE TOWN OF VIENNA IS COMMITTED TO FULL COMPLIANCE WITH THE AMERICANS WITH DISABILITIES ACT STANDARDS. TRANSLATION SERVICES, ASSISTANCE OR ACCOMMODATION REQUESTS FROM PERSONS WITH DISABILITIES ARE TO BE REQUESTED NOT LESS THAN 3 WORKING DAYS BEFORE THE DAY OF THE EVENT. PLEASE CALL (703) 255-6304, OR 711 VIRGINIA RELAY SERVICE FOR THE HEARING IMPAIRED.",Procedural,,https://viennavadata.org/meeting/2019-04-08.html
2019-03-11,19952,"Invocation: Reverend Garry Genser, Vienna Seventh-Day Adventist Church",Procedural,,https://viennavadata.org/meeting/2019-03-11.html
2019-03-11,19953,Pledge of Allegiance to the Flag of the United States of America,Procedural,,https://viennavadata.org/meeting/2019-03-11.html
2019-03-11,19954,Roll Call,Procedural,,https://viennavadata.org/meeting/2019-03-11.html
2019-03-11,19955,Approval of the Minutes:,Minutes,,https://viennavadata.org/meeting/2019-03-11.html
2019-03-11,19972,"Approval of the Regular Council Meeting Minutes of February 25, 2019",Minutes,,https://viennavadata.org/meeting/2019-03-11.html
2019-03-11,19956,"Receipt of petitions and communications from the Public that is not on the Agenda.  
          (Limited to 5 minutes per issue and no formal action can be taken this evening)",Procedural,,https://viennavadata.org/meeting/2019-03-11.html
2019-03-11,19958,Reports/Presentations,Procedural,,https://viennavadata.org/meeting/2019-03-11.html
2019-03-11,19967,Resolution for the 50th Anniversary of Planning Districts in the Commonwealth,Proclamations & Recognitions,,https://viennavadata.org/meeting/2019-03-11.html
2019-03-11,19975,Monarch Pledge Proclamation,Proclamations & Recognitions,,https://viennavadata.org/meeting/2019-03-11.html
2019-03-11,19971,Operating Budget Overview,"Budget, Taxes & Finance",,https://viennavadata.org/meeting/2019-03-11.html
2019-03-11,19959,Report and Inquiries of Council Members,Procedural,,https://viennavadata.org/meeting/2019-03-11.html
2019-03-11,19960,Report of the Town Manager,Procedural,,https://viennavadata.org/meeting/2019-03-11.html
2019-03-11,19961,Report of the Mayor,Procedural,,https://viennavadata.org/meeting/2019-03-11.html
2019-03-11,19962,Proposals for Additional Items to the Agenda,Procedural,,https://viennavadata.org/meeting/2019-03-11.html
2019-03-11,19963,Closed Session,Procedural,7 Aye,https://viennavadata.org/meeting/2019-03-11.html
2019-03-11,19966,Regular Business,Procedural,,https://viennavadata.org/meeting/2019-03-11.html
2019-03-11,19968,"Request to set a public hearing for April 8, 2019 regarding the FY 2019-20 operating budget","Budget, Taxes & Finance",7 Aye,https://viennavadata.org/meeting/2019-03-11.html
2019-03-11,19969,"Request to set a public hearing for April 8, 2019 regarding proposed water and sewer rates","Water, Sewer & Stormwater",7 Aye,https://viennavadata.org/meeting/2019-03-11.html
2019-03-11,19970,"Request to re-set a public hearing for May 13, 2019 regarding the FY 2019-20 real estate tax rate","Budget, Taxes & Finance",7 Aye,https://viennavadata.org/meeting/2019-03-11.html
2019-03-11,20071,Second Closed Session,Procedural,7 Aye,https://viennavadata.org/meeting/2019-03-11.html
2019-03-11,19973,Meeting Adjournment,Procedural,,https://viennavadata.org/meeting/2019-03-11.html
2019-03-11,19974,"_______________________________
                                                          Mayor Laurie A. DiRocco


Signed / Dated: __________________________


Attest:        _______________________________
                                    Town Clerk







THE TOWN OF VIENNA IS COMMITTED TO FULL COMPLIANCE WITH THE AMERICANS WITH DISABILITIES ACT STANDARDS.  TRANSLATION SERVICES, ASSISTANCE OR ACCOMMODATION REQUESTS FROM PERSONS WITH DISABILITIES ARE TO BE REQUESTED NOT LESS THAN 3 WORKING DAYS BEFORE THE DAY OF THE EVENT.  PLEASE CALL (703) 255-6304, OR 711 VIRGINIA RELAY SERVICE FOR THE HEARING IMPAIRED.",Procedural,,https://viennavadata.org/meeting/2019-03-11.html
2019-02-25,19856,"Invocation: The Reverand Dr. Anthony Prinsen, Emanuel Lutheran Church",Procedural,,https://viennavadata.org/meeting/2019-02-25.html
2019-02-25,19857,Pledge of Allegiance to the Flag of the United States of America,Procedural,,https://viennavadata.org/meeting/2019-02-25.html
2019-02-25,19858,Roll Call,Procedural,,https://viennavadata.org/meeting/2019-02-25.html
2019-02-25,19859,Approval of the Minutes:,Minutes,,https://viennavadata.org/meeting/2019-02-25.html
2019-02-25,19877,"Approval of the Regular Council Meeting Minutes of January 28, 2019.",Minutes,"6 Aye, 1 Absent",https://viennavadata.org/meeting/2019-02-25.html
2019-02-25,19860,"Receipt of petitions and communications from the Public that is not on the Agenda.  
          (Limited to 5 minutes per issue and no formal action can be taken this evening)",Procedural,,https://viennavadata.org/meeting/2019-02-25.html
2019-02-25,19862,Reports/Presentations,Procedural,,https://viennavadata.org/meeting/2019-02-25.html
2019-02-25,19873,Proclamation for Black History Month,Proclamations & Recognitions,,https://viennavadata.org/meeting/2019-02-25.html
2019-02-25,19874,2018 Investment Report,"Budget, Taxes & Finance",,https://viennavadata.org/meeting/2019-02-25.html
2019-02-25,19876,Presentation on Visual Preference Survey Results for Mac Design Guidelines,"Land Use, Zoning & Development",,https://viennavadata.org/meeting/2019-02-25.html
2019-02-25,19863,Report and Inquiries of Council Members,Procedural,,https://viennavadata.org/meeting/2019-02-25.html
2019-02-25,19864,Report of the Town Manager,Procedural,,https://viennavadata.org/meeting/2019-02-25.html
2019-02-25,19865,Report of the Mayor,Procedural,,https://viennavadata.org/meeting/2019-02-25.html
2019-02-25,19866,Proposals for Additional Items to the Agenda,Procedural,,https://viennavadata.org/meeting/2019-02-25.html
2019-02-25,19867,Closed Session,Procedural,"6 Aye, 1 Absent",https://viennavadata.org/meeting/2019-02-25.html
2019-02-25,19870,Regular Business,Procedural,,https://viennavadata.org/meeting/2019-02-25.html
2019-02-25,19875,Request approval of Memorandum of Understanding between Vienna Little League and Town of Vienna for use of Yeonas Park during the Fourth of July 2019 entertainment and fireworks show.,Parks & Recreation,"6 Aye, 1 Absent",https://viennavadata.org/meeting/2019-02-25.html
2019-02-25,19871,"344 Park St NE - Parcel 60, Ayrhill Subdivision Performance Bond Reduction Request","Land Use, Zoning & Development","6 Aye, 1 Absent",https://viennavadata.org/meeting/2019-02-25.html
2019-02-25,19872,Andrew Minor Subdivision Performance Bond Reduction Request,"Land Use, Zoning & Development","6 Aye, 1 Absent",https://viennavadata.org/meeting/2019-02-25.html
2019-02-25,19878,Meeting Adjournment,Procedural,,https://viennavadata.org/meeting/2019-02-25.html
2019-02-25,19879,"THE TOWN OF VIENNA IS COMMITTED TO FULL COMPLIANCE WITH THE AMERICANS WITH DISABILITIES ACT STANDARDS. TRANSLATION SERVICES, ASSISTANCE OR ACCOMMODATION REQUESTS FROM PERSONS WITH DISABILITIES ARE TO BE REQUESTED NOT LESS THAN 3 WORKING DAYS BEFORE THE DAY OF THE EVENT. PLEASE CALL (703) 255-6304, OR 711 VIRGINIA RELAY SERVICE FOR THE HEARING IMPAIRED.",Procedural,,https://viennavadata.org/meeting/2019-02-25.html
2019-01-28,19739,"Invocation: Reverend Corky Eddins, Christ Church Vienna",Procedural,,https://viennavadata.org/meeting/2019-01-28.html
2019-01-28,19740,Pledge of Allegiance to the Flag of the United States of America,Procedural,,https://viennavadata.org/meeting/2019-01-28.html
2019-01-28,19741,Roll Call,Procedural,,https://viennavadata.org/meeting/2019-01-28.html
2019-01-28,19742,Approval of the Minutes:,Minutes,,https://viennavadata.org/meeting/2019-01-28.html
2019-01-28,19760,"Approval of the Regular Council Meeting Minutes of January 7, 2019 and the Work Session Minutes of December 3, 2018 and January 15, 2019.",Minutes,,https://viennavadata.org/meeting/2019-01-28.html
2019-01-28,20787,"Approval of the Regular Council Meeting Minutes of January 7, 2019 and the Work Session Minutes of December 3, 2018 and January 15, 2019.",Minutes,,https://viennavadata.org/meeting/2019-01-28.html
2019-01-28,19743,"Receipt of petitions and communications from the Public that is not on the Agenda.  
          (Limited to 5 minutes per issue and no formal action can be taken this evening)",Procedural,,https://viennavadata.org/meeting/2019-01-28.html
2019-01-28,19745,Reports/Presentations,Procedural,,https://viennavadata.org/meeting/2019-01-28.html
2019-01-28,19759,Town Business Liaison Committee Report on 2018 Activities and State of Businesses in Vienna,Economic Development,,https://viennavadata.org/meeting/2019-01-28.html
2019-01-28,19756,Presentation on 2018 National Citizen Survey Results,Governance & Administration,,https://viennavadata.org/meeting/2019-01-28.html
2019-01-28,19763,Resolution to Support the Ratification of the Equal Rights Amendment,Grants & Intergovernmental,7 Aye,https://viennavadata.org/meeting/2019-01-28.html
2019-01-28,19746,Report and Inquiries of Council Members,Procedural,,https://viennavadata.org/meeting/2019-01-28.html
2019-01-28,19747,Report of the Town Manager,Procedural,,https://viennavadata.org/meeting/2019-01-28.html
2019-01-28,19748,Report of the Mayor,Procedural,,https://viennavadata.org/meeting/2019-01-28.html
2019-01-28,19749,Proposals for Additional Items to the Agenda,Procedural,,https://viennavadata.org/meeting/2019-01-28.html
2019-01-28,19750,Closed Session,Procedural,7 Aye,https://viennavadata.org/meeting/2019-01-28.html
2019-01-28,19753,Regular Business,Procedural,,https://viennavadata.org/meeting/2019-01-28.html
2019-01-28,19758,Consideration of intent to adopt changes to the Community Enhancement Commission code provisions,Town Code & Ordinances,"6 Aye, 1 Abstain",https://viennavadata.org/meeting/2019-01-28.html
2019-01-28,20789,Consideration of intent to adopt changes to the Community Enhancement Commission code provisions,Town Code & Ordinances,,https://viennavadata.org/meeting/2019-01-28.html
2019-01-28,19754,"The Vienna Police Department requests approval to ride NJPA contract #110515 to purchase an electronic citation (e-citation) module and equipment from Brazos, a division of Tyler Technology, for a cost not to exceed $57,020.",Public Safety,7 Aye,https://viennavadata.org/meeting/2019-01-28.html
2019-01-28,19755,Old Courthouse Road NE Fairfax County agreement for construction funding,Grants & Intergovernmental,7 Aye,https://viennavadata.org/meeting/2019-01-28.html
2019-01-28,19757,"Consideration of correction for resubdivision of lots 18, 19B & 20 of Malcolm Heights Subdivision","Land Use, Zoning & Development",,https://viennavadata.org/meeting/2019-01-28.html
2019-01-28,19761,Meeting Adjournment,Procedural,7 Aye,https://viennavadata.org/meeting/2019-01-28.html
2019-01-28,19762,"THE TOWN OF VIENNA IS COMMITTED TO FULL COMPLIANCE WITH THE AMERICANS WITH DISABILITIES ACT STANDARDS. TRANSLATION SERVICES, ASSISTANCE OR ACCOMMODATION REQUESTS FROM PERSONS WITH DISABILITIES ARE TO BE REQUESTED NOT LESS THAN 3 WORKING DAYS BEFORE THE DAY OF THE EVENT. PLEASE CALL (703) 255-6304, OR 711 VIRGINIA RELAY SERVICE FOR THE HEARING IMPAIRED.",Procedural,,https://viennavadata.org/meeting/2019-01-28.html
2019-01-28,20788,"Consideration of correction for resubdivision of lots 18, 19B & 20 of Malcolm Heights Subdivision","Land Use, Zoning & Development","6 Aye, 1 Nay",https://viennavadata.org/meeting/2019-01-28.html
2019-01-07,19607,"Invocation: Pastor Garry Genser, Vienna Seventh-Day Adventist Church",Procedural,,https://viennavadata.org/meeting/2019-01-07.html
2019-01-07,19608,Pledge of Allegiance to the Flag of the United States of America,Procedural,,https://viennavadata.org/meeting/2019-01-07.html
2019-01-07,19609,Roll Call,Procedural,,https://viennavadata.org/meeting/2019-01-07.html
2019-01-07,19610,Approval of the Minutes:,Minutes,,https://viennavadata.org/meeting/2019-01-07.html
2019-01-07,19633,"Approval of the Regular Council Meeting Minutes of September 17, 2018, December 10, 2018 and the Work Session Minutes of November 5, 2018.",Minutes,7 Aye,https://viennavadata.org/meeting/2019-01-07.html
2019-01-07,19611,"Receipt of petitions and communications from the Public that is not on the Agenda.  
          (Limited to 5 minutes per issue and no formal action can be taken this evening)",Procedural,,https://viennavadata.org/meeting/2019-01-07.html
2019-01-07,19613,Reports/Presentations,Procedural,,https://viennavadata.org/meeting/2019-01-07.html
2019-01-07,19625,Proclamation for the National Day of Racial Healing,Proclamations & Recognitions,7 Aye,https://viennavadata.org/meeting/2019-01-07.html
2019-01-07,19638,"Proclamation for School Choice Week January 20th - 26th, 2019.",Proclamations & Recognitions,"6 Aye, 1 Nay",https://viennavadata.org/meeting/2019-01-07.html
2019-01-07,19614,Report and Inquiries of Council Members,Procedural,,https://viennavadata.org/meeting/2019-01-07.html
2019-01-07,19615,Report of the Town Manager,Procedural,,https://viennavadata.org/meeting/2019-01-07.html
2019-01-07,19616,Report of the Mayor,Procedural,,https://viennavadata.org/meeting/2019-01-07.html
2019-01-07,19617,Proposals for Additional Items to the Agenda,Procedural,,https://viennavadata.org/meeting/2019-01-07.html
2019-01-07,19618,Closed Session,Procedural,7 Aye,https://viennavadata.org/meeting/2019-01-07.html
2019-01-07,19621,Regular Business,Procedural,,https://viennavadata.org/meeting/2019-01-07.html
2019-01-07,19631,Request approval to participate in the 2019 Solarize NOVA program,"Environment, Trees & Sustainability",7 Aye,https://viennavadata.org/meeting/2019-01-07.html
2019-01-07,19632,Proposed changes to the Community Enhancement Commission code provisions,Town Code & Ordinances,"6 Aye, 1 Abstain",https://viennavadata.org/meeting/2019-01-07.html
2019-01-07,19623,"Request to increase FY19 spending with Ross Tree Expert Company, dba RTEC Treecare, for tree maintenance and removal.","Environment, Trees & Sustainability",7 Aye,https://viennavadata.org/meeting/2019-01-07.html
2019-01-07,19622,"Request to award project management contract for new police facility to Downey and Scott, LLC.",Public Safety,"6 Aye, 1 Nay",https://viennavadata.org/meeting/2019-01-07.html
2019-01-07,19627,Request additional FY19 spending with Broad Run,"Budget, Taxes & Finance",7 Aye,https://viennavadata.org/meeting/2019-01-07.html
2019-01-07,19628,Consideration of a resolution to endorse a project submittal for FY20 I-66 Commuter Choice Funding,Grants & Intergovernmental,7 Aye,https://viennavadata.org/meeting/2019-01-07.html
2019-01-07,19624,Request funding approval for Maple Avenue Corridor Multimodal Transportation and Land Use Study,"Land Use, Zoning & Development",7 Aye,https://viennavadata.org/meeting/2019-01-07.html
2019-01-07,19630,Resolution in support of funding request from Fairfax County’s Economic Development Support Fund to update the Town’s zoning and subdivision ordinances,"Land Use, Zoning & Development","5 Aye, 2 Nay",https://viennavadata.org/meeting/2019-01-07.html
2019-01-07,19629,Resolution in support of funding request from Fairfax County’s Economic Development Support Fund for Economic Development Strategy and Market Study,Grants & Intergovernmental,"6 Aye, 1 Nay",https://viennavadata.org/meeting/2019-01-07.html
2019-01-07,19626,Request to approve T-Mobile Northeast LLC proposed First Amendment to Deed of Lease for an extension and amendment to the Town of Vienna Tapawingo Water Tank lease agreement with T-Mobile,"Water, Sewer & Stormwater",7 Aye,https://viennavadata.org/meeting/2019-01-07.html
2019-01-07,19634,Meeting Adjournment,Procedural,,https://viennavadata.org/meeting/2019-01-07.html
2019-01-07,19635,"THE TOWN OF VIENNA IS COMMITTED TO FULL COMPLIANCE WITH THE AMERICANS WITH DISABILITIES ACT STANDARDS. TRANSLATION SERVICES, ASSISTANCE OR ACCOMMODATION REQUESTS FROM PERSONS WITH DISABILITIES ARE TO BE REQUESTED NOT LESS THAN 3 WORKING DAYS BEFORE THE DAY OF THE EVENT. PLEASE CALL (703) 255-6304, OR 711 VIRGINIA RELAY SERVICE FOR THE HEARING IMPAIRED.",Procedural,,https://viennavadata.org/meeting/2019-01-07.html
2018-12-10,19535,"Invocation: Reverend Brett Isernhagen, Ephiphany United Methodist Church",Procedural,,https://viennavadata.org/meeting/2018-12-10.html
2018-12-10,19536,Pledge of Allegiance to the Flag of the United States of America,Procedural,,https://viennavadata.org/meeting/2018-12-10.html
2018-12-10,19537,Roll Call,Procedural,,https://viennavadata.org/meeting/2018-12-10.html
2018-12-10,19538,Approval of the Minutes:,Minutes,,https://viennavadata.org/meeting/2018-12-10.html
2018-12-10,19560,"Approval of the Regular Minutes of November 19, 2018 and the Work Session Minutes of October 22, 2018.",Minutes,,https://viennavadata.org/meeting/2018-12-10.html
2018-12-10,19539,"Receipt of petitions and communications from the Public that is not on the Agenda.  
          (Limited to 5 minutes per issue and no formal action can be taken this evening)",Procedural,,https://viennavadata.org/meeting/2018-12-10.html
2018-12-10,19541,Reports/Presentations,Procedural,,https://viennavadata.org/meeting/2018-12-10.html
2018-12-10,19550,Certificate of Appreciation for DH Scarborough,Proclamations & Recognitions,,https://viennavadata.org/meeting/2018-12-10.html
2018-12-10,19557,Vienna Sustainability Challenge Awards,Proclamations & Recognitions,,https://viennavadata.org/meeting/2018-12-10.html
2018-12-10,19558,Vienna Native Garden Recognition,Proclamations & Recognitions,,https://viennavadata.org/meeting/2018-12-10.html
2018-12-10,19555,Presentation of 2018 Comprehensive Annual Financial Report (CAFR),"Budget, Taxes & Finance",,https://viennavadata.org/meeting/2018-12-10.html
2018-12-10,19542,Report and Inquiries of Council Members,Procedural,,https://viennavadata.org/meeting/2018-12-10.html
2018-12-10,19543,Report of the Town Manager,Procedural,,https://viennavadata.org/meeting/2018-12-10.html
2018-12-10,19544,Report of the Mayor,Procedural,,https://viennavadata.org/meeting/2018-12-10.html
2018-12-10,19545,Proposals for Additional Items to the Agenda,Procedural,,https://viennavadata.org/meeting/2018-12-10.html
2018-12-10,19546,Closed Session,Procedural,7 Aye,https://viennavadata.org/meeting/2018-12-10.html
2018-12-10,19549,Regular Business,Procedural,,https://viennavadata.org/meeting/2018-12-10.html
2018-12-10,19551,Consideration of final plat for addition to the Jennie Lynne Subdivision,"Land Use, Zoning & Development","5 Aye, 2 Nay",https://viennavadata.org/meeting/2018-12-10.html
2018-12-10,19552,"Consideration of Allowing Continued Use of Temporary Classroom Trailers at Louise Archer Elementary School, Located At 324 Nutley Street NW","Streets, Sidewalks & Transportation","6 Aye, 1 Nay",https://viennavadata.org/meeting/2018-12-10.html
2018-12-10,19553,Request for procurement of audio/visual upgrades for cable access channel.,Contracts & Purchasing,7 Aye,https://viennavadata.org/meeting/2018-12-10.html
2018-12-10,19563,Purchase of SpeedAlert signs with speed display and Traffic Suite management equipment,"Streets, Sidewalks & Transportation",7 Aye,https://viennavadata.org/meeting/2018-12-10.html
2018-12-10,19559,Request additional FY19 spending with Alpha Sheet Metal Inc.,"Budget, Taxes & Finance",7 Aye,https://viennavadata.org/meeting/2018-12-10.html
2018-12-10,19556,Invest funds with VML/VACO Virginia Investment Pool (VIP),Parks & Recreation,7 Aye,https://viennavadata.org/meeting/2018-12-10.html
2018-12-10,19554,"Intent to adopt amendments to Chapter 6, Finance and Taxation, Article 8, Procurement",Town Code & Ordinances,"6 Aye, 1 Nay",https://viennavadata.org/meeting/2018-12-10.html
2018-12-10,19606,Second Closed Session,Procedural,7 Aye,https://viennavadata.org/meeting/2018-12-10.html
2018-12-10,19561,Meeting Adjournment,Procedural,,https://viennavadata.org/meeting/2018-12-10.html
2018-12-10,19562,"THE TOWN OF VIENNA IS COMMITTED TO FULL COMPLIANCE WITH THE AMERICANS WITH DISABILITIES ACT STANDARDS. TRANSLATION SERVICES, ASSISTANCE OR ACCOMMODATION REQUESTS FROM PERSONS WITH DISABILITIES ARE TO BE REQUESTED NOT LESS THAN 3 WORKING DAYS BEFORE THE DAY OF THE EVENT. PLEASE CALL (703) 255-6304, OR 711 VIRGINIA RELAY SERVICE FOR THE HEARING IMPAIRED.",Procedural,,https://viennavadata.org/meeting/2018-12-10.html
2018-11-19,19456,Invocation: Reverend Johnny Kurcina of Christ Church Vienna,Procedural,,https://viennavadata.org/meeting/2018-11-19.html
2018-11-19,19457,Pledge of Allegiance to the Flag of the United States of America,Procedural,,https://viennavadata.org/meeting/2018-11-19.html
2018-11-19,19458,Roll Call,Procedural,,https://viennavadata.org/meeting/2018-11-19.html
2018-11-19,19459,Approval of the Minutes:,Minutes,,https://viennavadata.org/meeting/2018-11-19.html
2018-11-19,19480,"Approval of The Regular Council Meeting Minutes of October 29, 2018 and the Work Session Minutes of October 4, 2018.",Minutes,7 Aye,https://viennavadata.org/meeting/2018-11-19.html
2018-11-19,19460,"Receipt of petitions and communications from the Public that is not on the Agenda.  
          (Limited to 5 minutes per issue and no formal action can be taken this evening)",Procedural,,https://viennavadata.org/meeting/2018-11-19.html
2018-11-19,19462,Reports/Presentations,Procedural,,https://viennavadata.org/meeting/2018-11-19.html
2018-11-19,19476,2018 Halloween Parade Awards,Proclamations & Recognitions,,https://viennavadata.org/meeting/2018-11-19.html
2018-11-19,19479,Presentation on Vienna-Fairfax-GMU Bikeshare Feasibility Study,"Streets, Sidewalks & Transportation",,https://viennavadata.org/meeting/2018-11-19.html
2018-11-19,19463,Report and Inquiries of Council Members,Procedural,,https://viennavadata.org/meeting/2018-11-19.html
2018-11-19,19464,Report of the Town Manager,Procedural,,https://viennavadata.org/meeting/2018-11-19.html
2018-11-19,19465,Report of the Mayor,Procedural,,https://viennavadata.org/meeting/2018-11-19.html
2018-11-19,19466,Proposals for Additional Items to the Agenda,Procedural,,https://viennavadata.org/meeting/2018-11-19.html
2018-11-19,19467,Closed Session,Procedural,7 Aye,https://viennavadata.org/meeting/2018-11-19.html
2018-11-19,19468,Public Hearings,Procedural,,https://viennavadata.org/meeting/2018-11-19.html
2018-11-19,19471,Public hearing on proposed changes to the Community Enhancement Commission code provisions,Town Code & Ordinances,"6 Aye, 1 Abstain",https://viennavadata.org/meeting/2018-11-19.html
2018-11-19,19477,Public Hearing on the 2019 Legislative Agenda,Grants & Intergovernmental,7 Aye,https://viennavadata.org/meeting/2018-11-19.html
2018-11-19,19470,Regular Business,Procedural,,https://viennavadata.org/meeting/2018-11-19.html
2018-11-19,19472,Consider approval of Transportation Safety Commission-recommended bike corral along Church Street.,"Streets, Sidewalks & Transportation",7 Aye,https://viennavadata.org/meeting/2018-11-19.html
2018-11-19,19474,Award design contract for 441 and 443 Orchard Street NW drainage improvements,"Water, Sewer & Stormwater",7 Aye,https://viennavadata.org/meeting/2018-11-19.html
2018-11-19,19475,409 Beulah Road NW subdivision performance bond reduction request,"Land Use, Zoning & Development",7 Aye,https://viennavadata.org/meeting/2018-11-19.html
2018-11-19,19478,"Request to amend Chapter 6, Finance and Taxation, Article 8, Procurement, of the Vienna Town Code",Town Code & Ordinances,"5 Aye, 2 Nay",https://viennavadata.org/meeting/2018-11-19.html
2018-11-19,19489,Second Closed Session,Procedural,,https://viennavadata.org/meeting/2018-11-19.html
2018-11-19,19481,Meeting Adjournment,Procedural,,https://viennavadata.org/meeting/2018-11-19.html
2018-11-19,19482,"THE TOWN OF VIENNA IS COMMITTED TO FULL COMPLIANCE WITH THE AMERICANS WITH DISABILITIES ACT STANDARDS. TRANSLATION SERVICES, ASSISTANCE OR ACCOMMODATION REQUESTS FROM PERSONS WITH DISABILITIES ARE TO BE REQUESTED NOT LESS THAN 3 WORKING DAYS BEFORE THE DAY OF THE EVENT. PLEASE CALL (703) 255-6304, OR 711 VIRGINIA RELAY SERVICE FOR THE HEARING IMPAIRED.",Procedural,,https://viennavadata.org/meeting/2018-11-19.html
2018-10-29,19295,"Invocation: Reverend Kristen McBrayer, Emmaus United Church of Christ",Procedural,,https://viennavadata.org/meeting/2018-10-29.html
2018-10-29,19296,Pledge of Allegiance to the Flag of the United States of America,Procedural,,https://viennavadata.org/meeting/2018-10-29.html
2018-10-29,19297,Roll Call,Procedural,,https://viennavadata.org/meeting/2018-10-29.html
2018-10-29,19298,Approval of the Minutes:,Minutes,,https://viennavadata.org/meeting/2018-10-29.html
2018-10-29,19320,"Approval of the Regular Council Meeting Minutes of August 20, 2018, October 15, 2018 and the Work Session Minutes of September 24, 2018.",Minutes,7 Aye,https://viennavadata.org/meeting/2018-10-29.html
2018-10-29,19299,"Receipt of petitions and communications from the Public that is not on the Agenda.  
          (Limited to 5 minutes per issue and no formal action can be taken this evening)",Procedural,,https://viennavadata.org/meeting/2018-10-29.html
2018-10-29,19301,Reports/Presentations,Procedural,,https://viennavadata.org/meeting/2018-10-29.html
2018-10-29,19319,Proclamation for “Bells of Peace”,Proclamations & Recognitions,,https://viennavadata.org/meeting/2018-10-29.html
2018-10-29,19318,Proclamation for Small Business Saturday,Proclamations & Recognitions,7 Aye,https://viennavadata.org/meeting/2018-10-29.html
2018-10-29,19302,Report and Inquiries of Council Members,Procedural,,https://viennavadata.org/meeting/2018-10-29.html
2018-10-29,19303,Report of the Town Manager,Procedural,,https://viennavadata.org/meeting/2018-10-29.html
2018-10-29,19304,Report of the Mayor,Procedural,,https://viennavadata.org/meeting/2018-10-29.html
2018-10-29,19305,Proposals for Additional Items to the Agenda,Procedural,,https://viennavadata.org/meeting/2018-10-29.html
2018-10-29,19306,Closed Session,Procedural,7 Aye,https://viennavadata.org/meeting/2018-10-29.html
2018-10-29,19309,Regular Business,Procedural,,https://viennavadata.org/meeting/2018-10-29.html
2018-10-29,19316,"Consideration of rezoning application for 430, 440, and 444 Maple Avenue West from C-1 Local Commercial Zone and RS-16 Single-Family Detached Residential Zone to Maple Avenue Commercial (MAC) Zone for the proposed 444 Maple project.","Land Use, Zoning & Development","5 Aye, 2 Nay",https://viennavadata.org/meeting/2018-10-29.html
2018-10-29,19315,"Request to award an architecture and engineering services contract for construction/renovation of a new police facility to Dewberry Architects Inc. with the cost of these services not to exceed $1,625,953.",Public Safety,7 Aye,https://viennavadata.org/meeting/2018-10-29.html
2018-10-29,19310,Request approval for additional FY18 spending as well as FY19 spending for utility marking with Double H Locates and Pinpoint Underground LLC,"Budget, Taxes & Finance",7 Aye,https://viennavadata.org/meeting/2018-10-29.html
2018-10-29,19312,"Request award of IFB 19-06 for on-call, small-task concrete maintenance",Contracts & Purchasing,7 Aye,https://viennavadata.org/meeting/2018-10-29.html
2018-10-29,19313,Request additional FY19 spending with Arthur Construction,"Budget, Taxes & Finance",7 Aye,https://viennavadata.org/meeting/2018-10-29.html
2018-10-29,19314,Request approval for FY19 spending on de-icing salt with Mid-Atlantic Salt,"Budget, Taxes & Finance",7 Aye,https://viennavadata.org/meeting/2018-10-29.html
2018-10-29,19311,Request Council appropriation of FY2017-18 encumbrance balances and carryforward funds into the FY2018-19 general fund budget,"Budget, Taxes & Finance",,https://viennavadata.org/meeting/2018-10-29.html
2018-10-29,19336,Request Council appropriation of FY2017-18 encumbrance balances and carryforward funds into the FY2018-19 general fund budget,"Budget, Taxes & Finance",7 Aye,https://viennavadata.org/meeting/2018-10-29.html
2018-10-29,19317,Award Capital Lease Contract (IFB 19-05) for Financing FY 18-19 Vehicle and Equipment Replacement Program,Contracts & Purchasing,7 Aye,https://viennavadata.org/meeting/2018-10-29.html
2018-10-29,19323,Request to set a Public Hearing on Proposed Changes to the Community Enhancement Commission Code Provisions,Town Code & Ordinances,"5 Aye, 1 Abstain, 1 Nay",https://viennavadata.org/meeting/2018-10-29.html
2018-10-29,19321,Meeting Adjournment,Procedural,7 Aye,https://viennavadata.org/meeting/2018-10-29.html
2018-10-29,19322,"THE TOWN OF VIENNA IS COMMITTED TO FULL COMPLIANCE WITH THE AMERICANS WITH DISABILITIES ACT STANDARDS. TRANSLATION SERVICES, ASSISTANCE OR ACCOMMODATION REQUESTS FROM PERSONS WITH DISABILITIES ARE TO BE REQUESTED NOT LESS THAN 3 WORKING DAYS BEFORE THE DAY OF THE EVENT. PLEASE CALL (703) 255-6304, OR 711 VIRGINIA RELAY SERVICE FOR THE HEARING IMPAIRED.",Procedural,,https://viennavadata.org/meeting/2018-10-29.html
2018-10-15,19214,"Invocation: Mr. Kian Huang, L.S.A. of the Bahai's of Vienna",Procedural,,https://viennavadata.org/meeting/2018-10-15.html
2018-10-15,19215,Pledge of Allegiance to the Flag of the United States of America,Procedural,,https://viennavadata.org/meeting/2018-10-15.html
2018-10-15,19216,Roll Call,Procedural,,https://viennavadata.org/meeting/2018-10-15.html
2018-10-15,19217,Approval of the Minutes: No minutes for approval,Minutes,,https://viennavadata.org/meeting/2018-10-15.html
2018-10-15,19218,"Receipt of petitions and communications from the Public that is not on the Agenda.  
          (Limited to 5 minutes per issue and no formal action can be taken this evening)",Procedural,,https://viennavadata.org/meeting/2018-10-15.html
2018-10-15,19220,Reports/Presentations,Procedural,,https://viennavadata.org/meeting/2018-10-15.html
2018-10-15,19239,Presentation by VDOT On The I-66 Expansion Project,Proclamations & Recognitions,,https://viennavadata.org/meeting/2018-10-15.html
2018-10-15,19240,Stormwater Management Presentation,"Water, Sewer & Stormwater",,https://viennavadata.org/meeting/2018-10-15.html
2018-10-15,19238,Presentation by the Vienna Arts Society,Proclamations & Recognitions,,https://viennavadata.org/meeting/2018-10-15.html
2018-10-15,19221,Report and Inquiries of Council Members,Procedural,,https://viennavadata.org/meeting/2018-10-15.html
2018-10-15,19222,Report of the Town Manager,Procedural,,https://viennavadata.org/meeting/2018-10-15.html
2018-10-15,19223,Report of the Mayor,Procedural,,https://viennavadata.org/meeting/2018-10-15.html
2018-10-15,19224,Proposals for Additional Items to the Agenda,Procedural,,https://viennavadata.org/meeting/2018-10-15.html
2018-10-15,19225,Closed Session,Procedural,,https://viennavadata.org/meeting/2018-10-15.html
2018-10-15,19228,Regular Business,Procedural,,https://viennavadata.org/meeting/2018-10-15.html
2018-10-15,19237,Request approval of MOU between the Town of Vienna and Vienna Business Association for 2018 Halloween Parade,"Community, Arts & Events",7 Aye,https://viennavadata.org/meeting/2018-10-15.html
2018-10-15,19231,Transportation Safety Commission (TSC) motion for Pedestrian Improvements at the intersection of Lawyers Road NW with Malcom Road and Holmes Road,"Streets, Sidewalks & Transportation",7 Aye,https://viennavadata.org/meeting/2018-10-15.html
2018-10-15,19229,Request additional FY19 spending with National Asphalt Mfg Corp (Primary Award) and Superior Paving Corp (Secondary Award) utilizing IFB 19-02,"Streets, Sidewalks & Transportation",7 Aye,https://viennavadata.org/meeting/2018-10-15.html
2018-10-15,19230,Request approval of vehicle purchase within the Vehicle Replacement Program for Vehicle #88,Contracts & Purchasing,7 Aye,https://viennavadata.org/meeting/2018-10-15.html
2018-10-15,19232,Funding agreement and design contract for the Tapawingo Road SW and Kingsley Road SW Traffic Calming Urban Bioretention Project,"Streets, Sidewalks & Transportation",7 Aye,https://viennavadata.org/meeting/2018-10-15.html
2018-10-15,19233,Funding agreement for the design of Hunter’s Branch Phase II Stream Restoration,"Environment, Trees & Sustainability",7 Aye,https://viennavadata.org/meeting/2018-10-15.html
2018-10-15,19234,"Replace Reception Desk, Human Resources Staff Furniture and Lobby Kiosk",Town Facilities & Property,"6 Aye, 1 Nay",https://viennavadata.org/meeting/2018-10-15.html
2018-10-15,19235,Award of Capital Lease Contract (IFB 19-05) for Financing of FY 18-19 Vehicle and Equipment Replacement Program,Contracts & Purchasing,7 Aye,https://viennavadata.org/meeting/2018-10-15.html
2018-10-15,19236,Approval of Capital Improvement Plan through 2034,"Budget, Taxes & Finance",7 Aye,https://viennavadata.org/meeting/2018-10-15.html
2018-10-15,19241,Meeting Adjournment,Procedural,,https://viennavadata.org/meeting/2018-10-15.html
2018-10-15,19242,"THE TOWN OF VIENNA IS COMMITTED TO FULL COMPLIANCE WITH THE AMERICANS WITH DISABILITIES ACT STANDARDS. TRANSLATION SERVICES, ASSISTANCE OR ACCOMMODATION REQUESTS FROM PERSONS WITH DISABILITIES ARE TO BE REQUESTED NOT LESS THAN 3 WORKING DAYS BEFORE THE DAY OF THE EVENT. PLEASE CALL (703) 255-6304, OR 711 VIRGINIA RELAY SERVICE FOR THE HEARING IMPAIRED.",Procedural,,https://viennavadata.org/meeting/2018-10-15.html
2018-09-17,19011,"Invocation: Reverend Brenda Burns, Vienna Assembly of God",Procedural,,https://viennavadata.org/meeting/2018-09-17.html
2018-09-17,19012,Pledge of Allegiance to the Flag of the United States of America,Procedural,,https://viennavadata.org/meeting/2018-09-17.html
2018-09-17,19013,Roll Call,Procedural,,https://viennavadata.org/meeting/2018-09-17.html
2018-09-17,19014,Approval of the Minutes:,Minutes,,https://viennavadata.org/meeting/2018-09-17.html
2018-09-17,19046,"Approval of the Regular Council Meeting Minutes of August 20, 2018, the Work Session Minutes of August 20, 2018 and the Work Session Minutes of September 4, 2018.",Minutes,7 Aye,https://viennavadata.org/meeting/2018-09-17.html
2018-09-17,19015,"Receipt of petitions and communications from the Public that is not on the Agenda.  
          (Limited to 5 minutes per issue and no formal action can be taken this evening)",Procedural,,https://viennavadata.org/meeting/2018-09-17.html
2018-09-17,19017,Reports/Presentations,Procedural,,https://viennavadata.org/meeting/2018-09-17.html
2018-09-17,19043,JMHS Sports Recognition Presentation,Proclamations & Recognitions,,https://viennavadata.org/meeting/2018-09-17.html
2018-09-17,19027,Proclamation for Vienna Wireless Society Amateur Radio Week.,Proclamations & Recognitions,,https://viennavadata.org/meeting/2018-09-17.html
2018-09-17,19031,Proclamation for Town of Vienna Employee Appreciation Week,Proclamations & Recognitions,,https://viennavadata.org/meeting/2018-09-17.html
2018-09-17,19045,Proclamation for 9-11 Commemoration,Proclamations & Recognitions,,https://viennavadata.org/meeting/2018-09-17.html
2018-09-17,19018,Report and Inquiries of Council Members,Procedural,,https://viennavadata.org/meeting/2018-09-17.html
2018-09-17,19019,Report of the Town Manager,Procedural,,https://viennavadata.org/meeting/2018-09-17.html
2018-09-17,19020,Report of the Mayor,Procedural,,https://viennavadata.org/meeting/2018-09-17.html
2018-09-17,19021,Proposals for Additional Items to the Agenda,Procedural,,https://viennavadata.org/meeting/2018-09-17.html
2018-09-17,19022,Closed Session,Procedural,7 Aye,https://viennavadata.org/meeting/2018-09-17.html
2018-09-17,19023,Public Hearings,Procedural,,https://viennavadata.org/meeting/2018-09-17.html
2018-09-17,19044,Joint public hearing with Planning Commission and Town Council on the temporary suspension of the Maple Avenue Commercial (MAC) Zone for a period of time between 120 and 270 days for staff to develop design guidelines.,"Land Use, Zoning & Development",7 Aye,https://viennavadata.org/meeting/2018-09-17.html
2018-09-17,19042,"Public hearing to consider Planning Commission recommendations on proposed text amendments to Article 13.1. - MAC Maple Avenue Commercial Zone Regulations, Sec. 18-95.1. - Statement of Purpose and Intent, Sec. 18-95.3. - Procedure for MAC Zone Designation, Sec. 18-95.4. - Permitted uses, Sec. 18-95.9. - Height limit, Sec. 18-95.14. - Site Development Standards of Chapter 18 of the Vienna Town Code.","Land Use, Zoning & Development",7 Aye,https://viennavadata.org/meeting/2018-09-17.html
2018-09-17,19025,Regular Business,Procedural,,https://viennavadata.org/meeting/2018-09-17.html
2018-09-17,19033,Request modification of requirements for required parking associated with restaurant use at 133 Maple Avenue East,"Land Use, Zoning & Development","5 Aye, 2 Nay",https://viennavadata.org/meeting/2018-09-17.html
2018-09-17,19032,Request approval of final plat for Malcolm Road subdivision located at 424 and 440 Malcolm Road NW,"Land Use, Zoning & Development",,https://viennavadata.org/meeting/2018-09-17.html
2018-09-17,19063,Request approval of final plat for Malcolm Road subdivision located at 424 and 440 Malcolm Road NW,"Land Use, Zoning & Development",7 Aye,https://viennavadata.org/meeting/2018-09-17.html
2018-09-17,19037,"Intent to adopt ordinance amendment to Section 18-4 - Definitions - Finished Lot Grade under Article 2 of Chapter 18 of the Vienna Town Code as recommended by staff, the Planning Commission, and Town Council.",Town Code & Ordinances,7 Aye,https://viennavadata.org/meeting/2018-09-17.html
2018-09-17,19026,Request approval of MOU between the Town of Vienna and Vienna Business Association for 2018 Oktoberfest.,"Community, Arts & Events",7 Aye,https://viennavadata.org/meeting/2018-09-17.html
2018-09-17,19028,Request approval of MOU with Vienna Little League to accept funds for preliminary engineering analysis for possible improvements to Southside Park,Parks & Recreation,"6 Aye, 1 Abstain",https://viennavadata.org/meeting/2018-09-17.html
2018-09-17,19030,2019 Town Council Meeting Resolution for its Schedule and Calendar,Governance & Administration,"5 Aye, 2 Nay",https://viennavadata.org/meeting/2018-09-17.html
2018-09-17,19036,Request approval to increase spending and extend project area for Glyndon Street Improvements Design Construction,"Streets, Sidewalks & Transportation",7 Aye,https://viennavadata.org/meeting/2018-09-17.html
2018-09-17,19029,Award contract with Urban Ltd. to prepare a preliminary engineering analysis for a possible Southside Park renovation.,Parks & Recreation,7 Aye,https://viennavadata.org/meeting/2018-09-17.html
2018-09-17,19034,Request approval for FY19 spending with Water Works Supply,"Water, Sewer & Stormwater",7 Aye,https://viennavadata.org/meeting/2018-09-17.html
2018-09-17,19039,Request approval of vehicle purchases within the Vehicle Replacement Program for FY19,Contracts & Purchasing,7 Aye,https://viennavadata.org/meeting/2018-09-17.html
2018-09-17,19040,"Award Town Hall BMP Parking Lot Improvements, IFB 19-04","Streets, Sidewalks & Transportation",7 Aye,https://viennavadata.org/meeting/2018-09-17.html
2018-09-17,19035,320 Nutley St SW Performance Bond Extension Request,"Budget, Taxes & Finance",7 Aye,https://viennavadata.org/meeting/2018-09-17.html
2018-09-17,19038,"Request approval for payment not to exceed $82,156 to Tyler Technologies for the standard software maintenance agreement.","Budget, Taxes & Finance",7 Aye,https://viennavadata.org/meeting/2018-09-17.html
2018-09-17,19041,Request approval to fund joint feasibility study to redesign Patrick Henry Library with Fairfax County,Grants & Intergovernmental,7 Aye,https://viennavadata.org/meeting/2018-09-17.html
2018-09-17,19047,Meeting Adjournment,Procedural,,https://viennavadata.org/meeting/2018-09-17.html
2018-09-17,19048,"THE TOWN OF VIENNA IS COMMITTED TO FULL COMPLIANCE WITH THE AMERICANS WITH DISABILITIES ACT STANDARDS. TRANSLATION SERVICES, ASSISTANCE OR ACCOMMODATION REQUESTS FROM PERSONS WITH DISABILITIES ARE TO BE REQUESTED NOT LESS THAN 3 WORKING DAYS BEFORE THE DAY OF THE EVENT. PLEASE CALL (703) 255-6304, OR 711 VIRGINIA RELAY SERVICE FOR THE HEARING IMPAIRED.",Procedural,,https://viennavadata.org/meeting/2018-09-17.html
2018-08-20,18887,"Invocation: Reverend Corky Eddins, Christ Church Vienna",Procedural,,https://viennavadata.org/meeting/2018-08-20.html
2018-08-20,18888,Pledge of Allegiance to the Flag of the United States of America,Procedural,,https://viennavadata.org/meeting/2018-08-20.html
2018-08-20,18889,Roll Call,Procedural,,https://viennavadata.org/meeting/2018-08-20.html
2018-08-20,18890,Approval of the Minutes:,Minutes,,https://viennavadata.org/meeting/2018-08-20.html
2018-08-20,18917,"Approval of the Regular Council Meeting Minutes of June 11, 2018, July 9, 2018 and the Work Session Minutes of May 29, 2018 and June 11, 2018.",Minutes,,https://viennavadata.org/meeting/2018-08-20.html
2018-08-20,18891,"Receipt of petitions and communications from the Public that is not on the Agenda.  
          (Limited to 5 minutes per issue and no formal action can be taken this evening)",Procedural,,https://viennavadata.org/meeting/2018-08-20.html
2018-08-20,18893,Reports/Presentations,Procedural,,https://viennavadata.org/meeting/2018-08-20.html
2018-08-20,18915,Proclamation for Constitution Week,Proclamations & Recognitions,,https://viennavadata.org/meeting/2018-08-20.html
2018-08-20,18894,Report and Inquiries of Council Members,Procedural,,https://viennavadata.org/meeting/2018-08-20.html
2018-08-20,18895,Report of the Town Manager,Procedural,,https://viennavadata.org/meeting/2018-08-20.html
2018-08-20,18896,Report of the Mayor,Procedural,,https://viennavadata.org/meeting/2018-08-20.html
2018-08-20,18897,Proposals for Additional Items to the Agenda,Procedural,7 Aye,https://viennavadata.org/meeting/2018-08-20.html
2018-08-20,18898,Closed Session,Procedural,,https://viennavadata.org/meeting/2018-08-20.html
2018-08-20,18899,Public Hearings,Procedural,,https://viennavadata.org/meeting/2018-08-20.html
2018-08-20,18913,"Public hearing to consider Planning Commission recommendations on proposed text amendments to Article 13.1. - MAC Maple Avenue Commercial Zone Regulations, Sec. 18-95.1. - Statement of Purpose and Intent, Sec. 18-95.3. - Procedure for MAC Zone Designation, Sec. 18-95.4. - Permitted uses, Sec. 18-95.9. - Height limit, Sec. 18-95.14. - Site Development Standards, and Article 2. - Definitions, Sec. 18-4. - Definitions. Finished lot grade of Chapter 18 of the Vienna Town Code.","Land Use, Zoning & Development",7 Aye,https://viennavadata.org/meeting/2018-08-20.html
2018-08-20,18901,Regular Business,Procedural,,https://viennavadata.org/meeting/2018-08-20.html
2018-08-20,18914,"Consideration of rezoning of 430, 440, and 444 Maple Avenue W from C-1 Local Commercial Zone and RS-16 Single Family Detached Residential Zone to Maple Avenue Commercial (MAC) Zone for the proposed 444 Maple project.","Land Use, Zoning & Development","5 Aye, 2 Nay",https://viennavadata.org/meeting/2018-08-20.html
2018-08-20,18902,Renewal of Maintenance Agreement with Tyler Technologies,Contracts & Purchasing,,https://viennavadata.org/meeting/2018-08-20.html
2018-08-20,18936,Renewal of Maintenance Agreement with Tyler Technologies,Contracts & Purchasing,7 Aye,https://viennavadata.org/meeting/2018-08-20.html
2018-08-20,18910,"Request approval to publish Annual Report of Delinquent Real Estate Properties as of June 30, 2018",Procedural,7 Aye,https://viennavadata.org/meeting/2018-08-20.html
2018-08-20,18907,Award contract with John Milner Associates Preservation to prepare a feasibility study and cost estimate for Bouton’s Hall located at 144 Church Street.,"Streets, Sidewalks & Transportation",7 Aye,https://viennavadata.org/meeting/2018-08-20.html
2018-08-20,18912,Request to award contract for installation of a kitchen exhaust hood fire suppression system at the Vienna Community Center,Parks & Recreation,7 Aye,https://viennavadata.org/meeting/2018-08-20.html
2018-08-20,18911,Request approval of resolution for issuance of Vehicle and Equipment Replacement financing request for proposals for FY2018-19,Contracts & Purchasing,7 Aye,https://viennavadata.org/meeting/2018-08-20.html
2018-08-20,18903,"Request award of IFB 19-01, Ninovan Road SE - Roadway and Drainage Improvements","Water, Sewer & Stormwater",7 Aye,https://viennavadata.org/meeting/2018-08-20.html
2018-08-20,18904,"Request FY19 spending with Broad Run Recycling, LLC","Water, Sewer & Stormwater",7 Aye,https://viennavadata.org/meeting/2018-08-20.html
2018-08-20,18905,Request additional FY18 spending with American Recycling,"Water, Sewer & Stormwater",7 Aye,https://viennavadata.org/meeting/2018-08-20.html
2018-08-20,18906,Request approval for additional FY18 spending with Double H Locates,"Budget, Taxes & Finance",7 Aye,https://viennavadata.org/meeting/2018-08-20.html
2018-08-20,18908,Request approval for purchase of VRP #116 - Asphalt Paver,Contracts & Purchasing,7 Aye,https://viennavadata.org/meeting/2018-08-20.html
2018-08-20,18909,Request approval for purchase of a John Deere 35G mini excavator,Contracts & Purchasing,7 Aye,https://viennavadata.org/meeting/2018-08-20.html
2018-08-20,18916,Request approval of vehicle purchases within the Vehicle Replacement Program.,Contracts & Purchasing,7 Aye,https://viennavadata.org/meeting/2018-08-20.html
2018-08-20,18918,Meeting Adjournment,Procedural,,https://viennavadata.org/meeting/2018-08-20.html
2018-08-20,18919,"THE TOWN OF VIENNA IS COMMITTED TO FULL COMPLIANCE WITH THE AMERICANS WITH DISABILITIES ACT STANDARDS. TRANSLATION SERVICES, ASSISTANCE OR ACCOMMODATION REQUESTS FROM PERSONS WITH DISABILITIES ARE TO BE REQUESTED NOT LESS THAN 3 WORKING DAYS BEFORE THE DAY OF THE EVENT. PLEASE CALL (703) 255-6304, OR 711 VIRGINIA RELAY SERVICE FOR THE HEARING IMPAIRED.",Procedural,,https://viennavadata.org/meeting/2018-08-20.html
2018-07-09,18679,"Invocation: Reverend David Jordan-Haas, Vienna Presbyterian Church",Procedural,,https://viennavadata.org/meeting/2018-07-09.html
2018-07-09,18680,Pledge of Allegiance to the Flag of the United States of America,Procedural,,https://viennavadata.org/meeting/2018-07-09.html
2018-07-09,18681,Roll Call,Procedural,,https://viennavadata.org/meeting/2018-07-09.html
2018-07-09,18721,Roll Call,Procedural,,https://viennavadata.org/meeting/2018-07-09.html
2018-07-09,18682,Approval of the Minutes:,Minutes,,https://viennavadata.org/meeting/2018-07-09.html
2018-07-09,18701,"Approval of the Regular Council Meetings of May 7, 2018, May 21, 2018, June 4, 2018, the Work Session of May 14, 2018 and the joint Town Council and Planning Commission Work session of May 23, 2018.",Minutes,"6 Aye, 1 Absent",https://viennavadata.org/meeting/2018-07-09.html
2018-07-09,18683,"Receipt of petitions and communications from the Public that is not on the Agenda.  
          (Limited to 5 minutes per issue and no formal action can be taken this evening)",Procedural,,https://viennavadata.org/meeting/2018-07-09.html
2018-07-09,18685,Reports/Presentations,Procedural,,https://viennavadata.org/meeting/2018-07-09.html
2018-07-09,18694,Recognition of Donald Chumley for His Years of Service,Proclamations & Recognitions,,https://viennavadata.org/meeting/2018-07-09.html
2018-07-09,18695,Resolution for Harris Miller’s 100th Birthday,Proclamations & Recognitions,,https://viennavadata.org/meeting/2018-07-09.html
2018-07-09,18686,Report and Inquiries of Council Members,Procedural,,https://viennavadata.org/meeting/2018-07-09.html
2018-07-09,18687,Report of the Town Manager,Procedural,,https://viennavadata.org/meeting/2018-07-09.html
2018-07-09,18688,Report of the Mayor,Procedural,,https://viennavadata.org/meeting/2018-07-09.html
2018-07-09,18689,Proposals for Additional Items to the Agenda,Procedural,,https://viennavadata.org/meeting/2018-07-09.html
2018-07-09,18690,Closed Session,Procedural,6 Aye,https://viennavadata.org/meeting/2018-07-09.html
2018-07-09,18691,Public Hearings,Procedural,,https://viennavadata.org/meeting/2018-07-09.html
2018-07-09,18705,"Public hearing on rezoning of 430, 440, and 444 Maple Avenue W from C-1 Local Commercial Zone and RS-16 Single Family Detached Residential Zone to Maple Avenue Commercial (MAC) Zone for the proposed 444 Maple project.","Land Use, Zoning & Development","4 Aye, 2 Nay",https://viennavadata.org/meeting/2018-07-09.html
2018-07-09,18693,Regular Business,Procedural,,https://viennavadata.org/meeting/2018-07-09.html
2018-07-09,18708,"Request to refer proposed text amendments to Sec. 18-95.4. - Permitted uses, subsection A. of Article 13.1. - MAC Maple Avenue Commercial Zone Regulations of Chapter 18 of the Town Code to the Planning Commission for public hearing.","Land Use, Zoning & Development",6 Aye,https://viennavadata.org/meeting/2018-07-09.html
2018-07-09,18706,"Request to set a public hearing August 20, 2018 regarding proposed text amendments to Sec. 18-95.1. - Statement of purpose and intent, Sec. 18-95.3. - Procedure for MAC Zone designation, Sec. 18-95.4. - Permitted uses, Sec. 18-95.9. - Height limit, Sec. 18-95.14. - Site development standards, and Sec. 18-95.16. - Neighborhood compatibility of Article 13.1. - MAC Maple Avenue Commercial Zone Regulations of Chapter 18 - Zoning, and to Sec. 18-4. - Definitions. Finished lot grade.","Land Use, Zoning & Development",6 Aye,https://viennavadata.org/meeting/2018-07-09.html
2018-07-09,18704,"Request spending with American Tennis Courts, Inc.",Parks & Recreation,6 Aye,https://viennavadata.org/meeting/2018-07-09.html
2018-07-09,18696,"Request approval for use of FY19 funds with Granicus, Inc., using Town of Vienna contract approved by Council on 12/15/2014 and executed by the Town Manager dated 12/16/2014 and the amended contract dated 2/10/17, for continued use of Granicus, Inc. for agenda management suite, boards and commissions module, and HD video streaming services.",Governance & Administration,6 Aye,https://viennavadata.org/meeting/2018-07-09.html
2018-07-09,18697,Fiber Pull from 600 Mill Street NE to 440 Beulah Road NE with Cox Communications,"Streets, Sidewalks & Transportation",6 Aye,https://viennavadata.org/meeting/2018-07-09.html
2018-07-09,18698,Request to appoint viewers for alley vacation for property adjacent to 211-213 Mill Street NE and 156 Church Street NE,Appointments & Resignations,"1 Nay, 5 Aye, 1 Absent",https://viennavadata.org/meeting/2018-07-09.html
2018-07-09,18699,Request award of IFB 19-02 and FY19 spending with National Asphalt Mfg Corp (primary award) and Superior Paving Corp (secondary award),"Streets, Sidewalks & Transportation",6 Aye,https://viennavadata.org/meeting/2018-07-09.html
2018-07-09,18700,Request additional FY18 spending with Potomac Truck Center Inc.,"Budget, Taxes & Finance",6 Aye,https://viennavadata.org/meeting/2018-07-09.html
2018-07-09,18702,Award RFP 16-08 Creek Crossing Road Improvement - Design Services,Contracts & Purchasing,6 Aye,https://viennavadata.org/meeting/2018-07-09.html
2018-07-09,18703,Request award of RFP 19-01 for On-Call Engineering Services,Contracts & Purchasing,6 Aye,https://viennavadata.org/meeting/2018-07-09.html
2018-07-09,18707,Supplemental Invoice for Town Attorney Charges,"Budget, Taxes & Finance",6 Aye,https://viennavadata.org/meeting/2018-07-09.html
2018-07-09,18717,Second Closed Session,Procedural,6 Aye,https://viennavadata.org/meeting/2018-07-09.html
2018-07-09,18709,Meeting Adjournment,Procedural,,https://viennavadata.org/meeting/2018-07-09.html
2018-07-09,18710,"THE TOWN OF VIENNA IS COMMITTED TO FULL COMPLIANCE WITH THE AMERICANS WITH DISABILITIES ACT STANDARDS. TRANSLATION SERVICES, ASSISTANCE OR ACCOMMODATION REQUESTS FROM PERSONS WITH DISABILITIES ARE TO BE REQUESTED NOT LESS THAN 3 WORKING DAYS BEFORE THE DAY OF THE EVENT. PLEASE CALL (703) 255-6304, OR 711 VIRGINIA RELAY SERVICE FOR THE HEARING IMPAIRED.",Procedural,,https://viennavadata.org/meeting/2018-07-09.html
2018-06-11,18854,Roll Call,Procedural,,https://viennavadata.org/meeting/2018-06-11.html
2018-06-11,18858,Reports/Presentations,Procedural,,https://viennavadata.org/meeting/2018-06-11.html
2018-06-11,18863,Closed Session,Procedural,,https://viennavadata.org/meeting/2018-06-11.html
2018-06-11,18867,Meeting Adjournment,Procedural,,https://viennavadata.org/meeting/2018-06-11.html
2018-06-11,18868,"THE TOWN OF VIENNA IS COMMITTED TO FULL COMPLIANCE WITH THE AMERICANS WITH DISABILITIES ACT STANDARDS. TRANSLATION SERVICES, ASSISTANCE OR ACCOMMODATION REQUESTS FROM PERSONS WITH DISABILITIES ARE TO BE REQUESTED NOT LESS THAN 3 WORKING DAYS BEFORE THE DAY OF THE EVENT. PLEASE CALL (703) 255-6304, OR 711 VIRGINIA RELAY SERVICE FOR THE HEARING IMPAIRED.",Procedural,,https://viennavadata.org/meeting/2018-06-11.html
2018-06-04,18649,Swearing-in of Newly Elected Officials by Judge Kassabian.,Proclamations & Recognitions,,https://viennavadata.org/meeting/2018-06-04.html
2018-06-04,18533,"Invocation: John Russo, Chairman of the Local Spiritual Assembly of the Baha'is of the Town of Vienna",Procedural,,https://viennavadata.org/meeting/2018-06-04.html
2018-06-04,18534,Pledge of Allegiance to the Flag of the United States of America,Procedural,,https://viennavadata.org/meeting/2018-06-04.html
2018-06-04,18535,Roll Call,Procedural,,https://viennavadata.org/meeting/2018-06-04.html
2018-06-04,18536,Approval of the Minutes: No minutes for approval,Minutes,,https://viennavadata.org/meeting/2018-06-04.html
2018-06-04,18537,"Receipt of petitions and communications from the Public that are not on the Agenda.  
          (Limited to 5 minutes per issue and no formal action can be taken this evening)",Procedural,,https://viennavadata.org/meeting/2018-06-04.html
2018-06-04,18539,Reports/Presentations,Procedural,,https://viennavadata.org/meeting/2018-06-04.html
2018-06-04,18540,Report and Inquiries of Council Members,Procedural,,https://viennavadata.org/meeting/2018-06-04.html
2018-06-04,18541,Report of the Town Manager,Procedural,,https://viennavadata.org/meeting/2018-06-04.html
2018-06-04,18542,Report of the Mayor,Procedural,,https://viennavadata.org/meeting/2018-06-04.html
2018-06-04,18543,Proposals for Additional Items to the Agenda,Procedural,,https://viennavadata.org/meeting/2018-06-04.html
2018-06-04,18544,Closed Session,Procedural,7 Aye,https://viennavadata.org/meeting/2018-06-04.html
2018-06-04,18546,Consent Agenda,Consent Agenda,7 Aye,https://viennavadata.org/meeting/2018-06-04.html
2018-06-04,18551,"Renewal of Annual Contract with Day & Night Printing for Printing and Mail Preparation of Town’s Monthly Newsletter, Vienna Voice",Contracts & Purchasing,,https://viennavadata.org/meeting/2018-06-04.html
2018-06-04,18553,FY2019 funding of contracts issued by other jurisdictions,Contracts & Purchasing,,https://viennavadata.org/meeting/2018-06-04.html
2018-06-04,18554,FY2019 funding and renewals of Town contracts,Contracts & Purchasing,,https://viennavadata.org/meeting/2018-06-04.html
2018-06-04,18556,"Renewal of annual audit contract with Robinson, Farmer, Cox Associates PLLC","Budget, Taxes & Finance",,https://viennavadata.org/meeting/2018-06-04.html
2018-06-04,18557,"Request approval to continue to ride VITA contract VA-140331-DELL for purchase of computers, laptops, and maintenance contracts for servers for FY19",Contracts & Purchasing,,https://viennavadata.org/meeting/2018-06-04.html
2018-06-04,18560,Request approval to ride Fairfax County Public Schools contract 4400006677 for cell and mobile device service with Sprint.,Grants & Intergovernmental,,https://viennavadata.org/meeting/2018-06-04.html
2018-06-04,18547,Regular Business,Procedural,,https://viennavadata.org/meeting/2018-06-04.html
2018-06-04,18555,Northern Virginia Regional Gang Task Force Payment,Public Safety,7 Aye,https://viennavadata.org/meeting/2018-06-04.html
2018-06-04,18562,2018 CIP Update,"Budget, Taxes & Finance","5 Aye, 2 Nay",https://viennavadata.org/meeting/2018-06-04.html
2018-06-04,18548,Consideration of Intent to Purchase Public Parking Condominium on 223-241 Mill Street NE,"Streets, Sidewalks & Transportation","6 Aye, 1 Nay",https://viennavadata.org/meeting/2018-06-04.html
2018-06-04,18549,Request to approve the final plat of 713 Kingsley Road SW and 911 Myers Circle SW.,"Land Use, Zoning & Development","3 Nay, 4 Aye",https://viennavadata.org/meeting/2018-06-04.html
2018-06-04,18558,"Request to set a public hearing for July 9, 2018 regarding rezoning of 430-444 Maple Avenue W from C-1 Local Commercial Zone and RS-16 Single Family Detached Residential Zone to Maple Avenue Commercial (MAC) Zone for the proposed 444 Maple mixed-use development.","Land Use, Zoning & Development","6 Aye, 1 Nay",https://viennavadata.org/meeting/2018-06-04.html
2018-06-04,18552,Renew service agreement for outsourced bill printing with Datamatx,Contracts & Purchasing,7 Aye,https://viennavadata.org/meeting/2018-06-04.html
2018-06-04,18561,"Request to increase FY18 spending with Ross Tree Expert Company, dba RTEC Treecare, for tree maintenance and removal.","Environment, Trees & Sustainability",7 Aye,https://viennavadata.org/meeting/2018-06-04.html
2018-06-04,18563,"Request approval for spending $30,000 with Ross Tree Expert Company, dba RTEC Treecare, for tree maintenance and removal.","Environment, Trees & Sustainability",7 Aye,https://viennavadata.org/meeting/2018-06-04.html
2018-06-04,18564,Appointment of Town Officials for Fiscal Year 2018-19,Appointments & Resignations,7 Aye,https://viennavadata.org/meeting/2018-06-04.html
2018-06-04,18566,Meeting Adjournment,Procedural,,https://viennavadata.org/meeting/2018-06-04.html
2018-05-21,18425,"Invocation: Rev. Brett Isernhagen, Epiphany United Methodist Church",Procedural,,https://viennavadata.org/meeting/2018-05-21.html
2018-05-21,18426,Pledge of Allegiance to the Flag of the United States of America,Procedural,,https://viennavadata.org/meeting/2018-05-21.html
2018-05-21,18427,Roll Call,Procedural,,https://viennavadata.org/meeting/2018-05-21.html
2018-05-21,18428,Approval of the Minutes:,Minutes,,https://viennavadata.org/meeting/2018-05-21.html
2018-05-21,18449,"Approval of the Regular Council Meeting Minutes of April 23, 2018 and the Work Session Minutes of April 16, 2018.",Minutes,,https://viennavadata.org/meeting/2018-05-21.html
2018-05-21,18429,"Receipt of petitions and communications from the Public that is not on the Agenda.  
          (Limited to 5 minutes per issue and no formal action can be taken this evening)",Procedural,,https://viennavadata.org/meeting/2018-05-21.html
2018-05-21,18431,Reports/Presentations,Procedural,,https://viennavadata.org/meeting/2018-05-21.html
2018-05-21,18440,Proclamation for Men’s Health Month,Proclamations & Recognitions,,https://viennavadata.org/meeting/2018-05-21.html
2018-05-21,18454,Resolution for James Madison High School Band,Proclamations & Recognitions,7 Aye,https://viennavadata.org/meeting/2018-05-21.html
2018-05-21,18448,Resolution for Clarene Helen Vickery’s 100th Birthday,Proclamations & Recognitions,7 Aye,https://viennavadata.org/meeting/2018-05-21.html
2018-05-21,18451,"Proclamation for National Gun Violence Awareness Day on June 1, 2018",Proclamations & Recognitions,7 Aye,https://viennavadata.org/meeting/2018-05-21.html
2018-05-21,18432,Report and Inquiries of Council Members,Procedural,,https://viennavadata.org/meeting/2018-05-21.html
2018-05-21,18433,Report of the Town Manager,Procedural,,https://viennavadata.org/meeting/2018-05-21.html
2018-05-21,18434,Report of the Mayor,Procedural,,https://viennavadata.org/meeting/2018-05-21.html
2018-05-21,18435,Proposals for Additional Items to the Agenda,Procedural,,https://viennavadata.org/meeting/2018-05-21.html
2018-05-21,18436,Closed Session,Procedural,7 Aye,https://viennavadata.org/meeting/2018-05-21.html
2018-05-21,18437,Public Hearings,Procedural,,https://viennavadata.org/meeting/2018-05-21.html
2018-05-21,18455,Public Hearing for Permit Parking in the 100 Block of Patrick Street SW.,"Streets, Sidewalks & Transportation",7 Aye,https://viennavadata.org/meeting/2018-05-21.html
2018-05-21,18443,Public Hearing on Rezoning of 200 Maple Avenue East and 109 Park Street Northeast From C-1a Special Commercial Zone to C-2 General Commercial Zone for Proposed Automobile Service Station and Convenience Store,"Land Use, Zoning & Development","5 Aye, 2 Nay",https://viennavadata.org/meeting/2018-05-21.html
2018-05-21,18439,Regular Business,Procedural,"5 Aye, 2 Nay",https://viennavadata.org/meeting/2018-05-21.html
2018-05-21,18444,Request For Approval of Site Plan Modifications of Requirements for 200 Maple Avenue East and 109 Park Street Northeast for Minimum Required Off-Street Parking for Convenience Store,"Land Use, Zoning & Development","5 Aye, 2 Nay",https://viennavadata.org/meeting/2018-05-21.html
2018-05-21,18450,Consideration of Purchasing Real Property Located at 440 Beulah Road NE,Town Facilities & Property,7 Aye,https://viennavadata.org/meeting/2018-05-21.html
2018-05-21,18441,Intent to adopt FY 2018-19 Water and Sewer Rates,"Water, Sewer & Stormwater",7 Aye,https://viennavadata.org/meeting/2018-05-21.html
2018-05-21,18445,"Request approval for spending $1,200,000 with E.E. Lyons Construction for water main and appurtenances improvements within the Town’s water service area","Water, Sewer & Stormwater",7 Aye,https://viennavadata.org/meeting/2018-05-21.html
2018-05-21,18446,"Request approval for additional FY spending with Sagres Construction, Corp.","Budget, Taxes & Finance",7 Aye,https://viennavadata.org/meeting/2018-05-21.html
2018-05-21,18447,"Request approval for spending $400,000 with AM-Liner East, Inc. for the rehabilitation of sanitary sewer pipes throughout the service area.","Water, Sewer & Stormwater",7 Aye,https://viennavadata.org/meeting/2018-05-21.html
2018-05-21,18452,Meeting Adjournment,Procedural,,https://viennavadata.org/meeting/2018-05-21.html
2018-05-07,18251,"Invocation: Mr. John Russo, Vice Chariman of the Baha'i Community of the Town of Vienna",Procedural,,https://viennavadata.org/meeting/2018-05-07.html
2018-05-07,18252,Pledge of Allegiance to the Flag of the United States of America,Procedural,,https://viennavadata.org/meeting/2018-05-07.html
2018-05-07,18253,Roll Call,Procedural,,https://viennavadata.org/meeting/2018-05-07.html
2018-05-07,18254,Approval of the Minutes:,Minutes,,https://viennavadata.org/meeting/2018-05-07.html
2018-05-07,18271,"Approval of the Regular Council Meeting Minutes of April 9, 2018, the Council Meeting for Closed Session only on March 19, 2018 and the Work Session Minutes of March 17, 2018 and March 19, 2018.",Procedural,,https://viennavadata.org/meeting/2018-05-07.html
2018-05-07,18255,"Receipt of petitions and communications from the Public that is not on the Agenda.  
          (Limited to 5 minutes per issue and no formal action can be taken this evening)",Procedural,,https://viennavadata.org/meeting/2018-05-07.html
2018-05-07,18257,Reports/Presentations,Procedural,,https://viennavadata.org/meeting/2018-05-07.html
2018-05-07,18258,Report and Inquiries of Council Members,Procedural,,https://viennavadata.org/meeting/2018-05-07.html
2018-05-07,18259,Report of the Town Manager,Procedural,,https://viennavadata.org/meeting/2018-05-07.html
2018-05-07,18260,Report of the Mayor,Procedural,,https://viennavadata.org/meeting/2018-05-07.html
2018-05-07,18261,Proposals for Additional Items to the Agenda,Procedural,,https://viennavadata.org/meeting/2018-05-07.html
2018-05-07,18262,Closed Session,Procedural,7 Aye,https://viennavadata.org/meeting/2018-05-07.html
2018-05-07,18263,Public Hearings,Procedural,,https://viennavadata.org/meeting/2018-05-07.html
2018-05-07,18269,"Public hearing on rezoning of 245 Maple Avenue W and 101, 107, and 115 Pleasant Street NW from C-1A Special Commercial Zone to Maple Avenue Commercial (MAC) Zone for the proposed Vienna Market","Land Use, Zoning & Development",7 Aye,https://viennavadata.org/meeting/2018-05-07.html
2018-05-07,18265,Regular Business,Procedural,,https://viennavadata.org/meeting/2018-05-07.html
2018-05-07,18272,Request to extend professional services contract with and increase funds to Kimley-Horn for consultation in support of public parking analysis,"Streets, Sidewalks & Transportation",7 Aye,https://viennavadata.org/meeting/2018-05-07.html
2018-05-07,18270,Intent to adopt the Real Estate Tax Rate for FY 2018-19,"Budget, Taxes & Finance",7 Aye,https://viennavadata.org/meeting/2018-05-07.html
2018-05-07,18268,Intent to Adopt the FY 2018-19 Budget,"Budget, Taxes & Finance",7 Aye,https://viennavadata.org/meeting/2018-05-07.html
2018-05-07,18267,Revision to General Fund Balance Policy,"Budget, Taxes & Finance",7 Aye,https://viennavadata.org/meeting/2018-05-07.html
2018-05-07,18266,"Request to utilize Whitman, Requardt & Associates, LLP for Park St NE sidewalk improvements",Parks & Recreation,7 Aye,https://viennavadata.org/meeting/2018-05-07.html
2018-05-07,18273,Meeting Adjournment,Procedural,,https://viennavadata.org/meeting/2018-05-07.html
2018-05-07,18274,"THE TOWN OF VIENNA IS COMMITTED TO FULL COMPLIANCE WITH THE AMERICANS WITH DISABILITIES ACT STANDARDS. TRANSLATION SERVICES, ASSISTANCE OR ACCOMMODATION REQUESTS FROM PERSONS WITH DISABILITIES ARE TO BE REQUESTED NOT LESS THAN 3 WORKING DAYS BEFORE THE DAY OF THE EVENT. PLEASE CALL (703) 255-6304, OR 711 VIRGINIA RELAY SERVICE FOR THE HEARING IMPAIRED.",Procedural,,https://viennavadata.org/meeting/2018-05-07.html
2018-04-23,18166,"Invocation: The Reverend Corky Eddins, Christ Church Vienna",Procedural,,https://viennavadata.org/meeting/2018-04-23.html
2018-04-23,18167,Pledge of Allegiance to the Flag of the United States of America,Procedural,,https://viennavadata.org/meeting/2018-04-23.html
2018-04-23,18168,Roll Call,Procedural,,https://viennavadata.org/meeting/2018-04-23.html
2018-04-23,18169,Approval of the Minutes:,Minutes,,https://viennavadata.org/meeting/2018-04-23.html
2018-04-23,18186,"Approval of the Minutes of the Special Council Meeting for the Bond Sale of February 13, 2018, the Regular Meeting and Work Session of March 5, 2018.",Minutes,,https://viennavadata.org/meeting/2018-04-23.html
2018-04-23,18170,"Receipt of petitions and communications from the Public that is not on the Agenda.  
          (Limited to 5 minutes per issue and no formal action can be taken this evening)",Procedural,,https://viennavadata.org/meeting/2018-04-23.html
2018-04-23,18172,Reports/Presentations,Procedural,,https://viennavadata.org/meeting/2018-04-23.html
2018-04-23,18181,Proclamation for National Small Business Week,Proclamations & Recognitions,,https://viennavadata.org/meeting/2018-04-23.html
2018-04-23,18192,Proclamation for Municipal Clerk’s Week,Proclamations & Recognitions,,https://viennavadata.org/meeting/2018-04-23.html
2018-04-23,18173,Report and Inquiries of Council Members,Procedural,,https://viennavadata.org/meeting/2018-04-23.html
2018-04-23,18174,Report of the Town Manager,Procedural,,https://viennavadata.org/meeting/2018-04-23.html
2018-04-23,18175,Report of the Mayor,Procedural,,https://viennavadata.org/meeting/2018-04-23.html
2018-04-23,18176,Proposals for Additional Items to the Agenda,Procedural,,https://viennavadata.org/meeting/2018-04-23.html
2018-04-23,18177,Closed Session,Procedural,7 Aye,https://viennavadata.org/meeting/2018-04-23.html
2018-04-23,18178,Public Hearings,Procedural,,https://viennavadata.org/meeting/2018-04-23.html
2018-04-23,18187,Public Hearing for FY 2018-19 Proposed Real Estate Tax Rate,"Budget, Taxes & Finance",7 Aye,https://viennavadata.org/meeting/2018-04-23.html
2018-04-23,18180,Regular Business,Procedural,,https://viennavadata.org/meeting/2018-04-23.html
2018-04-23,18189,"Intent to Adopt Changes to Chapter 9, Article 7 - Town Vehicle License Fee.",Town Code & Ordinances,7 Aye,https://viennavadata.org/meeting/2018-04-23.html
2018-04-23,18191,Request Approval of MOU with Fairfax County to Transfer Collection of Vehicle License Fees to the County,Grants & Intergovernmental,7 Aye,https://viennavadata.org/meeting/2018-04-23.html
2018-04-23,18188,Request approval of Memorandum of Understanding between Vienna Little League and Town of Vienna for use of Yeonas Park during the Fourth of July 2018 entertainment and fireworks show.,Parks & Recreation,7 Aye,https://viennavadata.org/meeting/2018-04-23.html
2018-04-23,18183,"Request to set a public hearing for May 21, 2018 regarding permit parking on the 100 Block of Patrick Street SW.","Streets, Sidewalks & Transportation",7 Aye,https://viennavadata.org/meeting/2018-04-23.html
2018-04-23,18194,"Set a Public Hearing for May 21, 2018 on the Rezoning of 200 Maple Avenue East and 109 Park Street Northeast","Land Use, Zoning & Development",7 Aye,https://viennavadata.org/meeting/2018-04-23.html
2018-04-23,18182,Creek Crossing Road NE Sidewalk Project Amended Fairfax County MOU.,"Streets, Sidewalks & Transportation",7 Aye,https://viennavadata.org/meeting/2018-04-23.html
2018-04-23,18184,Request additional FY18 spending with Arthur Construction,"Budget, Taxes & Finance",7 Aye,https://viennavadata.org/meeting/2018-04-23.html
2018-04-23,18185,"Request FY18 spending with Espina Paving, Inc.","Streets, Sidewalks & Transportation",7 Aye,https://viennavadata.org/meeting/2018-04-23.html
2018-04-23,18193,Request to utilize Urban Ltd for the Lawyers and Church Roundabout Study,"Streets, Sidewalks & Transportation",,https://viennavadata.org/meeting/2018-04-23.html
2018-04-23,18239,Request to utilize Urban Ltd for the Lawyers and Church Roundabout Study,"Streets, Sidewalks & Transportation",7 Aye,https://viennavadata.org/meeting/2018-04-23.html
2018-04-23,18209,Intent to Adopt Franchise Agreement/Ordinance with Washington Gas,Town Code & Ordinances,7 Aye,https://viennavadata.org/meeting/2018-04-23.html
2018-04-23,18195,Meeting Adjournment,Procedural,7 Aye,https://viennavadata.org/meeting/2018-04-23.html
2018-04-23,18196,"THE TOWN OF VIENNA IS COMMITTED TO FULL COMPLIANCE WITH THE AMERICANS WITH DISABILITIES ACT STANDARDS. TRANSLATION SERVICES, ASSISTANCE OR ACCOMMODATION REQUESTS FROM PERSONS WITH DISABILITIES ARE TO BE REQUESTED NOT LESS THAN 3 WORKING DAYS BEFORE THE DAY OF THE EVENT. PLEASE CALL (703) 255-6304, OR 711 VIRGINIA RELAY SERVICE FOR THE HEARING IMPAIRED.",Procedural,,https://viennavadata.org/meeting/2018-04-23.html
2018-04-09,18003,"Invocation: Reverend Garry Genser, Vienna Seventh-day Adventist Church",Procedural,,https://viennavadata.org/meeting/2018-04-09.html
2018-04-09,18004,Pledge of Allegiance to the Flag of the United States of America,Procedural,,https://viennavadata.org/meeting/2018-04-09.html
2018-04-09,18005,Roll Call,Procedural,,https://viennavadata.org/meeting/2018-04-09.html
2018-04-09,18006,Approval of the Minutes:,Minutes,,https://viennavadata.org/meeting/2018-04-09.html
2018-04-09,18033,"Request Approval of the Minutes of the February 26, 2018 and March 12, 2018 Regular Council Meeting and the Work Session Minutes of February 12, 2018",Minutes,7 Aye,https://viennavadata.org/meeting/2018-04-09.html
2018-04-09,18007,"Receipt of petitions and communications from the Public that is not on the Agenda.  
          (Limited to 5 minutes per issue and no formal action can be taken this evening)",Procedural,,https://viennavadata.org/meeting/2018-04-09.html
2018-04-09,18009,Reports/Presentations,Procedural,,https://viennavadata.org/meeting/2018-04-09.html
2018-04-09,18018,Arbor Day 2018 Proclamation,Proclamations & Recognitions,7 Aye,https://viennavadata.org/meeting/2018-04-09.html
2018-04-09,18072,Proclamation for Volunteer Recognition Day,Proclamations & Recognitions,7 Aye,https://viennavadata.org/meeting/2018-04-09.html
2018-04-09,18010,Report and Inquiries of Council Members,Procedural,,https://viennavadata.org/meeting/2018-04-09.html
2018-04-09,18011,Report of the Town Manager,Procedural,,https://viennavadata.org/meeting/2018-04-09.html
2018-04-09,18012,Report of the Mayor,Procedural,,https://viennavadata.org/meeting/2018-04-09.html
2018-04-09,18013,Proposals for Additional Items to the Agenda,Procedural,,https://viennavadata.org/meeting/2018-04-09.html
2018-04-09,18014,Closed Session,Procedural,,https://viennavadata.org/meeting/2018-04-09.html
2018-04-09,18015,Public Hearings,Procedural,,https://viennavadata.org/meeting/2018-04-09.html
2018-04-09,18024,Public Hearing on FY 2018-19 Proposed Budget,"Budget, Taxes & Finance",7 Aye,https://viennavadata.org/meeting/2018-04-09.html
2018-04-09,18165,Public Hearing on FY 2018-19 Proposed Budget,"Budget, Taxes & Finance",7 Aye,https://viennavadata.org/meeting/2018-04-09.html
2018-04-09,18025,Public Hearing for FY2018-19 Water and Sewer Rates,"Water, Sewer & Stormwater",7 Aye,https://viennavadata.org/meeting/2018-04-09.html
2018-04-09,18029,Public Hearing for Renewal of Franchise Agreement/Ordinance with Washington Gas,Town Code & Ordinances,7 Aye,https://viennavadata.org/meeting/2018-04-09.html
2018-04-09,18034,Public Hearing Regarding Transferring Collection of Vehicle License Registration Fees to Fairfax County,Grants & Intergovernmental,7 Aye,https://viennavadata.org/meeting/2018-04-09.html
2018-04-09,18017,Regular Business,Procedural,,https://viennavadata.org/meeting/2018-04-09.html
2018-04-09,18021,Request approval to hold the Solarize NOVA program,"Environment, Trees & Sustainability",7 Aye,https://viennavadata.org/meeting/2018-04-09.html
2018-04-09,18019,Request approval for additional FY18 spending with Virginia Public Works Equipment Company,"Budget, Taxes & Finance",7 Aye,https://viennavadata.org/meeting/2018-04-09.html
2018-04-09,18020,Request approval to purchase and reprogram mobile radios,Contracts & Purchasing,7 Aye,https://viennavadata.org/meeting/2018-04-09.html
2018-04-09,18022,Request award of IFB 18-13 and FY18 spending for Midlantic Marking,"Budget, Taxes & Finance",7 Aye,https://viennavadata.org/meeting/2018-04-09.html
2018-04-09,18023,Transportation Safety Commission (TSC) motion for Tapawingo Rd SW and Kingsley Rd SW traffic-calming,"Streets, Sidewalks & Transportation",7 Aye,https://viennavadata.org/meeting/2018-04-09.html
2018-04-09,18026,Request for waiver of required masonry wall for townhouse development located at 135 Center Street S (Cadence on Center).,"Streets, Sidewalks & Transportation","5 Aye, 2 Nay",https://viennavadata.org/meeting/2018-04-09.html
2018-04-09,18027,"Request to set a public hearing for May 7, 2018 for rezoning of 245 Maple Avenue W and 101, 107, and 115 Pleasant Street NW from C-1A Special Commercial Zone to Maple Avenue Commercial (MAC) Zone for the proposed Vienna Market.","Land Use, Zoning & Development",7 Aye,https://viennavadata.org/meeting/2018-04-09.html
2018-04-09,18028,Request to approve the final plat of 713 Kingsley Road SW and 911 Myers Circle SW.,"Land Use, Zoning & Development",7 Aye,https://viennavadata.org/meeting/2018-04-09.html
2018-04-09,18030,Terminate Maple Avenue Design Guidelines Contract with Lardner/Klein Landscape Architects,Contracts & Purchasing,7 Aye,https://viennavadata.org/meeting/2018-04-09.html
2018-04-09,18031,Meeting Adjournment,Procedural,,https://viennavadata.org/meeting/2018-04-09.html
2018-04-09,18032,"THE TOWN OF VIENNA IS COMMITTED TO FULL COMPLIANCE WITH THE AMERICANS WITH DISABILITIES ACT STANDARDS. TRANSLATION SERVICES, ASSISTANCE OR ACCOMMODATION REQUESTS FROM PERSONS WITH DISABILITIES ARE TO BE REQUESTED NOT LESS THAN 3 WORKING DAYS BEFORE THE DAY OF THE EVENT. PLEASE CALL (703) 255-6304, OR 711 VIRGINIA RELAY SERVICE FOR THE HEARING IMPAIRED.",Procedural,,https://viennavadata.org/meeting/2018-04-09.html
2018-03-19,18121,Roll Call,Procedural,,https://viennavadata.org/meeting/2018-03-19.html
2018-03-19,18133,Regular Business,Procedural,,https://viennavadata.org/meeting/2018-03-19.html
2018-03-19,18125,Reports/Presentations,Procedural,,https://viennavadata.org/meeting/2018-03-19.html
2018-03-19,18130,Closed Session,Procedural,,https://viennavadata.org/meeting/2018-03-19.html
2018-03-19,18135,Meeting Adjournment,Procedural,,https://viennavadata.org/meeting/2018-03-19.html
2018-03-19,18250,Approval,Procedural,,https://viennavadata.org/meeting/2018-03-19.html
2018-03-19,18136,"THE TOWN OF VIENNA IS COMMITTED TO FULL COMPLIANCE WITH THE AMERICANS WITH DISABILITIES ACT STANDARDS. TRANSLATION SERVICES, ASSISTANCE OR ACCOMMODATION REQUESTS FROM PERSONS WITH DISABILITIES ARE TO BE REQUESTED NOT LESS THAN 3 WORKING DAYS BEFORE THE DAY OF THE EVENT. PLEASE CALL (703) 255-6304, OR 711 VIRGINIA RELAY SERVICE FOR THE HEARING IMPAIRED.",Procedural,,https://viennavadata.org/meeting/2018-03-19.html
2018-03-12,17806,"Invocation: Reverend Tony Prinsen, Emmanuel Lutheran Church",Procedural,,https://viennavadata.org/meeting/2018-03-12.html
2018-03-12,17807,Pledge of Allegiance to the Flag of the United States of America,Procedural,,https://viennavadata.org/meeting/2018-03-12.html
2018-03-12,17808,Roll Call,Procedural,,https://viennavadata.org/meeting/2018-03-12.html
2018-03-12,17809,Approval of the Minutes: No minutes for approval,Minutes,,https://viennavadata.org/meeting/2018-03-12.html
2018-03-12,17810,"Receipt of petitions and communications from the Public that is not on the Agenda.  
          (Limited to 5 minutes per issue and no formal action can be taken this evening)",Procedural,,https://viennavadata.org/meeting/2018-03-12.html
2018-03-12,17812,Reports/Presentations,Procedural,,https://viennavadata.org/meeting/2018-03-12.html
2018-03-12,17824,Presentation by Fairfax County Sheriff Stacey Kincaid,Proclamations & Recognitions,,https://viennavadata.org/meeting/2018-03-12.html
2018-03-12,17829,Proclamation for Children and Youth Month,Proclamations & Recognitions,,https://viennavadata.org/meeting/2018-03-12.html
2018-03-12,17813,Report and Inquiries of Council Members,Procedural,,https://viennavadata.org/meeting/2018-03-12.html
2018-03-12,17814,Report of the Town Manager,Procedural,,https://viennavadata.org/meeting/2018-03-12.html
2018-03-12,17815,Report of the Mayor,Procedural,,https://viennavadata.org/meeting/2018-03-12.html
2018-03-12,17816,Proposals for Additional Items to the Agenda,Procedural,,https://viennavadata.org/meeting/2018-03-12.html
2018-03-12,17817,Closed Session,Procedural,7 Aye,https://viennavadata.org/meeting/2018-03-12.html
2018-03-12,17820,Regular Business,Procedural,,https://viennavadata.org/meeting/2018-03-12.html
2018-03-12,18001,Discussion of the Proposed Purchase of a Floor in the Mill Street Project for Public Parking.,"Streets, Sidewalks & Transportation",7 Aye,https://viennavadata.org/meeting/2018-03-12.html
2018-03-12,17828,Request approval of Memorandum of Understanding between the Morton and Spapperi Family Foundation and the Town of Vienna for installation of a water conservation project on land adjacent to the Vienna Community Center property,"Water, Sewer & Stormwater",7 Aye,https://viennavadata.org/meeting/2018-03-12.html
2018-03-12,17892,Discussion of the Proposed Purchase of a Floor in the Mill Street Project for Public Parking.,"Streets, Sidewalks & Transportation",,https://viennavadata.org/meeting/2018-03-12.html
2018-03-12,17823,Request Approval of Revisions to Town Civilian and Sworn Pension Plans,Governance & Administration,7 Aye,https://viennavadata.org/meeting/2018-03-12.html
2018-03-12,17821,Request to Set a Public of Hearing for Renewal of Franchise Agreement/Ordinance with Washington Gas.,Town Code & Ordinances,7 Aye,https://viennavadata.org/meeting/2018-03-12.html
2018-03-12,17822,"Request to Set a Public Hearing for April 23, 2018 Regarding Transferring Collection of Vehicle License Registration Fees to Fairfax County",Grants & Intergovernmental,7 Aye,https://viennavadata.org/meeting/2018-03-12.html
2018-03-12,17825,"Request to Set a Public Hearing on April 9, 2018 Regarding the FY 2018-19 Operating Budget","Budget, Taxes & Finance",7 Aye,https://viennavadata.org/meeting/2018-03-12.html
2018-03-12,17826,"Request to Set Public Hearing on April 9, 2018 Regarding Proposed Water and Sewer Rates","Water, Sewer & Stormwater",7 Aye,https://viennavadata.org/meeting/2018-03-12.html
2018-03-12,17827,"Request to Set a Public Hearing on April 23, 2018 Regarding the FY 2018-19 Real Estate Tax Rate","Budget, Taxes & Finance",7 Aye,https://viennavadata.org/meeting/2018-03-12.html
2018-03-12,18002,Second Closed Session,Procedural,7 Aye,https://viennavadata.org/meeting/2018-03-12.html
2018-03-12,17830,Meeting Adjournment,Procedural,,https://viennavadata.org/meeting/2018-03-12.html
2018-03-12,17831,"THE TOWN OF VIENNA IS COMMITTED TO FULL COMPLIANCE WITH THE AMERICANS WITH DISABILITIES ACT STANDARDS. TRANSLATION SERVICES, ASSISTANCE OR ACCOMMODATION REQUESTS FROM PERSONS WITH DISABILITIES ARE TO BE REQUESTED NOT LESS THAN 3 WORKING DAYS BEFORE THE DAY OF THE EVENT. PLEASE CALL (703) 255-6304, OR 711 VIRGINIA RELAY SERVICE FOR THE HEARING IMPAIRED.",Procedural,,https://viennavadata.org/meeting/2018-03-12.html
2018-03-05,18104,Roll Call,Procedural,,https://viennavadata.org/meeting/2018-03-05.html
2018-03-05,18108,Reports/Presentations,Procedural,,https://viennavadata.org/meeting/2018-03-05.html
2018-03-05,18113,Closed Session Report,Procedural,,https://viennavadata.org/meeting/2018-03-05.html
2018-03-05,18117,Meeting Adjournment,Procedural,,https://viennavadata.org/meeting/2018-03-05.html
2018-03-05,18118,"THE TOWN OF VIENNA IS COMMITTED TO FULL COMPLIANCE WITH THE AMERICANS WITH DISABILITIES ACT STANDARDS. TRANSLATION SERVICES, ASSISTANCE OR ACCOMMODATION REQUESTS FROM PERSONS WITH DISABILITIES ARE TO BE REQUESTED NOT LESS THAN 3 WORKING DAYS BEFORE THE DAY OF THE EVENT. PLEASE CALL (703) 255-6304, OR 711 VIRGINIA RELAY SERVICE FOR THE HEARING IMPAIRED.",Procedural,,https://viennavadata.org/meeting/2018-03-05.html
2018-02-26,17746,"Invocation: Reverend Brenda Burns, Vienna Assembly of God",Procedural,,https://viennavadata.org/meeting/2018-02-26.html
2018-02-26,17747,Pledge of Allegiance to the Flag of the United States of America,Procedural,,https://viennavadata.org/meeting/2018-02-26.html
2018-02-26,17748,Roll Call,Procedural,,https://viennavadata.org/meeting/2018-02-26.html
2018-02-26,17749,Approval of the Minutes:,Minutes,,https://viennavadata.org/meeting/2018-02-26.html
2018-02-26,17769,"Approval of the Minutes of the Regular Council Meeting of February 5, 2018, Special Council meeting for Closed session of January 22, 2018 and the Work Session Minutes of January 22, 2018.",Procedural,,https://viennavadata.org/meeting/2018-02-26.html
2018-02-26,17750,"Receipt of petitions and communications from the Public that is not on the Agenda.  
          (Limited to 5 minutes per issue and no formal action can be taken this evening)",Procedural,,https://viennavadata.org/meeting/2018-02-26.html
2018-02-26,17752,Reports/Presentations,Procedural,,https://viennavadata.org/meeting/2018-02-26.html
2018-02-26,17753,Report and Inquiries of Council Members,Procedural,,https://viennavadata.org/meeting/2018-02-26.html
2018-02-26,17754,Report of the Town Manager,Procedural,,https://viennavadata.org/meeting/2018-02-26.html
2018-02-26,17755,Report of the Mayor,Procedural,,https://viennavadata.org/meeting/2018-02-26.html
2018-02-26,17756,Proposals for Additional Items to the Agenda,Procedural,,https://viennavadata.org/meeting/2018-02-26.html
2018-02-26,17757,Closed Session,Procedural,7 Aye,https://viennavadata.org/meeting/2018-02-26.html
2018-02-26,17758,Public Hearings,Procedural,,https://viennavadata.org/meeting/2018-02-26.html
2018-02-26,17768,Public hearing to discuss Town’s purchase of public parking condominium on 223-241 Mill Street NE,"Streets, Sidewalks & Transportation","6 Aye, 1 Nay",https://viennavadata.org/meeting/2018-02-26.html
2018-02-26,17760,Regular Business,Procedural,,https://viennavadata.org/meeting/2018-02-26.html
2018-02-26,17767,"Request approval to spend $3,846.56 with ZM3 Group/Stahl Homes for remaining invoice balance on Taking Flight statue installation at the Vienna Community Center.",Parks & Recreation,7 Aye,https://viennavadata.org/meeting/2018-02-26.html
2018-02-26,17761,Request additional FY18 spending with Broad Run,"Budget, Taxes & Finance",7 Aye,https://viennavadata.org/meeting/2018-02-26.html
2018-02-26,17762,Request additional FY18 spending with Chantilly Crushed Stone,"Budget, Taxes & Finance",7 Aye,https://viennavadata.org/meeting/2018-02-26.html
2018-02-26,17763,Request additional FY18 spending with HD Supply for water meters,"Water, Sewer & Stormwater",7 Aye,https://viennavadata.org/meeting/2018-02-26.html
2018-02-26,17764,Request approval to purchase a tandem-axle leaf machine,Contracts & Purchasing,7 Aye,https://viennavadata.org/meeting/2018-02-26.html
2018-02-26,17765,Request additional FY18 spending with American Recycling,"Water, Sewer & Stormwater",7 Aye,https://viennavadata.org/meeting/2018-02-26.html
2018-02-26,17766,Request to increase funds for Ninovan and Talahi Roads SE drainage improvements design,"Water, Sewer & Stormwater",7 Aye,https://viennavadata.org/meeting/2018-02-26.html
2018-02-26,17770,Meeting Adjournment,Procedural,,https://viennavadata.org/meeting/2018-02-26.html
2018-02-13,17702,Roll Call,Procedural,,https://viennavadata.org/meeting/2018-02-13.html
2018-02-13,17714,Regular Business,Procedural,,https://viennavadata.org/meeting/2018-02-13.html
2018-02-13,17715,Acceptance of Bid for Bond Purchase,"Budget, Taxes & Finance","2 Absent, 5 Aye",https://viennavadata.org/meeting/2018-02-13.html
2018-02-13,17716,Meeting Adjournment,Procedural,,https://viennavadata.org/meeting/2018-02-13.html
2018-02-13,17717,"THE TOWN OF VIENNA IS COMMITTED TO FULL COMPLIANCE WITH THE AMERICANS WITH DISABILITIES ACT STANDARDS. TRANSLATION SERVICES, ASSISTANCE OR ACCOMMODATION REQUESTS FROM PERSONS WITH DISABILITIES ARE TO BE REQUESTED NOT LESS THAN 3 WORKING DAYS BEFORE THE DAY OF THE EVENT. PLEASE CALL (703) 255-6304, OR 711 VIRGINIA RELAY SERVICE FOR THE HEARING IMPAIRED.",Procedural,,https://viennavadata.org/meeting/2018-02-13.html
2018-01-29,17584,"Invocation: Town Manager, Mercury Payton",Procedural,,https://viennavadata.org/meeting/2018-01-29.html
2018-01-29,17585,Pledge of Allegiance to the Flag of the United States of America,Procedural,,https://viennavadata.org/meeting/2018-01-29.html
2018-01-29,17586,Roll Call,Procedural,,https://viennavadata.org/meeting/2018-01-29.html
2018-01-29,17587,Approval of the Minutes:,Minutes,,https://viennavadata.org/meeting/2018-01-29.html
2018-01-29,17605,"Approval of the Regular Council Meeting Minutes of January 8, 2018 and May 9, 2016.",Minutes,"2 Absent, 5 Aye",https://viennavadata.org/meeting/2018-01-29.html
2018-01-29,17588,"Receipt of petitions and communications from the Public that is not on the Agenda.  
          (Limited to 5 minutes per issue and no formal action can be taken this evening)",Procedural,,https://viennavadata.org/meeting/2018-01-29.html
2018-01-29,17590,Reports/Presentations,Procedural,,https://viennavadata.org/meeting/2018-01-29.html
2018-01-29,17591,Report and Inquiries of Council Members,Procedural,,https://viennavadata.org/meeting/2018-01-29.html
2018-01-29,17592,Report of the Town Manager,Procedural,,https://viennavadata.org/meeting/2018-01-29.html
2018-01-29,17593,Report of the Mayor,Procedural,,https://viennavadata.org/meeting/2018-01-29.html
2018-01-29,17594,Proposals for Additional Items to the Agenda,Procedural,,https://viennavadata.org/meeting/2018-01-29.html
2018-01-29,17595,Closed Session,Procedural,"6 Aye, 1 Absent",https://viennavadata.org/meeting/2018-01-29.html
2018-01-29,17596,Public Hearings,Procedural,,https://viennavadata.org/meeting/2018-01-29.html
2018-01-29,17603,Public Hearing for Issuance of 2018 Bond,"Budget, Taxes & Finance",,https://viennavadata.org/meeting/2018-01-29.html
2018-01-29,17616,Public Hearing for Issuance of 2018 Bond,"Budget, Taxes & Finance","6 (no value recorded), 1 Absent",https://viennavadata.org/meeting/2018-01-29.html
2018-01-29,17598,Regular Business,Procedural,,https://viennavadata.org/meeting/2018-01-29.html
2018-01-29,17599,Request additional FY18 spending with Ferguson for water and sewer repair parts,"Water, Sewer & Stormwater","6 Aye, 1 Absent",https://viennavadata.org/meeting/2018-01-29.html
2018-01-29,17600,Request approval to increase purchase amount for VRP #34,Contracts & Purchasing,"4 Aye, 2 Nay, 1 Absent",https://viennavadata.org/meeting/2018-01-29.html
2018-01-29,17601,Resolution to update VDOT Urban Street Maintenance Inventory,"Streets, Sidewalks & Transportation",,https://viennavadata.org/meeting/2018-01-29.html
2018-01-29,17620,Resolution to update VDOT Urban Street Maintenance Inventory,"Streets, Sidewalks & Transportation","6 Aye, 1 Absent",https://viennavadata.org/meeting/2018-01-29.html
2018-01-29,17602,Request to award contract for Route 123 and Route 243 Traffic Signal Upgrades (Phase 1),"Streets, Sidewalks & Transportation","6 Aye, 1 Absent",https://viennavadata.org/meeting/2018-01-29.html
2018-01-29,17604,"Set a public hearing for the Purchase of a Public Parking Condominium on Mill Street for February 26, 2018","Streets, Sidewalks & Transportation","6 Aye, 1 Absent",https://viennavadata.org/meeting/2018-01-29.html
2018-01-29,17608,Adoption of an ordinance relocating a polling place for Town elections back to the Vienna Community Center,Parks & Recreation,"6 Aye, 1 Absent",https://viennavadata.org/meeting/2018-01-29.html
2018-01-29,17606,Meeting Adjournment,Procedural,,https://viennavadata.org/meeting/2018-01-29.html
2018-01-29,17607,"THE TOWN OF VIENNA IS COMMITTED TO FULL COMPLIANCE WITH THE AMERICANS WITH DISABILITIES ACT STANDARDS. TRANSLATION SERVICES, ASSISTANCE OR ACCOMMODATION REQUESTS FROM PERSONS WITH DISABILITIES ARE TO BE REQUESTED NOT LESS THAN 3 WORKING DAYS BEFORE THE DAY OF THE EVENT. PLEASE CALL (703) 255-6304, OR 711 VIRGINIA RELAY SERVICE FOR THE HEARING IMPAIRED.",Procedural,,https://viennavadata.org/meeting/2018-01-29.html
2018-01-22,17742,Roll Call,Procedural,,https://viennavadata.org/meeting/2018-01-22.html
2018-01-22,17745,Regular Business,Procedural,,https://viennavadata.org/meeting/2018-01-22.html
2018-01-22,17730,Reports/Presentations,Procedural,,https://viennavadata.org/meeting/2018-01-22.html
2018-01-22,17735,Closed Session,Procedural,,https://viennavadata.org/meeting/2018-01-22.html
2018-01-22,17739,Meeting Adjournment,Procedural,,https://viennavadata.org/meeting/2018-01-22.html
2018-01-22,17740,"THE TOWN OF VIENNA IS COMMITTED TO FULL COMPLIANCE WITH THE AMERICANS WITH DISABILITIES ACT STANDARDS. TRANSLATION SERVICES, ASSISTANCE OR ACCOMMODATION REQUESTS FROM PERSONS WITH DISABILITIES ARE TO BE REQUESTED NOT LESS THAN 3 WORKING DAYS BEFORE THE DAY OF THE EVENT. PLEASE CALL (703) 255-6304, OR 711 VIRGINIA RELAY SERVICE FOR THE HEARING IMPAIRED.",Procedural,,https://viennavadata.org/meeting/2018-01-22.html
2018-01-08,17500,"Invocation: Reverend Cho, Wesley United Methodist Church",Procedural,,https://viennavadata.org/meeting/2018-01-08.html
2018-01-08,17501,Pledge of Allegiance to the Flag of the United States of America,Procedural,,https://viennavadata.org/meeting/2018-01-08.html
2018-01-08,17502,Roll Call,Procedural,,https://viennavadata.org/meeting/2018-01-08.html
2018-01-08,17503,Approval of the Minutes:,Minutes,,https://viennavadata.org/meeting/2018-01-08.html
2018-01-08,17521,"Approval of the Regular Council Meeting Minutes of December 11, 2017 and the Work Session Minutes of November 6, 2017.",Minutes,7 Aye,https://viennavadata.org/meeting/2018-01-08.html
2018-01-08,17504,"Receipt of petitions and communications from the Public that is not on the Agenda.  
          (Limited to 5 minutes per issue and no formal action can be taken this evening)",Procedural,,https://viennavadata.org/meeting/2018-01-08.html
2018-01-08,17506,Reports/Presentations,Procedural,,https://viennavadata.org/meeting/2018-01-08.html
2018-01-08,17515,Vienna Eco-Efficient Home Builder & Homeowner Awards,Proclamations & Recognitions,,https://viennavadata.org/meeting/2018-01-08.html
2018-01-08,17507,Report and Inquiries of Council Members,Procedural,,https://viennavadata.org/meeting/2018-01-08.html
2018-01-08,17508,Report of the Town Manager,Procedural,,https://viennavadata.org/meeting/2018-01-08.html
2018-01-08,17509,Report of the Mayor,Procedural,,https://viennavadata.org/meeting/2018-01-08.html
2018-01-08,17510,Proposals for Additional Items to the Agenda,Procedural,,https://viennavadata.org/meeting/2018-01-08.html
2018-01-08,17511,Closed Session,Procedural,7 Aye,https://viennavadata.org/meeting/2018-01-08.html
2018-01-08,17514,Regular Business,Procedural,,https://viennavadata.org/meeting/2018-01-08.html
2018-01-08,17519,Transportation Safety Commission (TSC) bike rack application process.,"Streets, Sidewalks & Transportation",7 Aye,https://viennavadata.org/meeting/2018-01-08.html
2018-01-08,17520,P.A.C./T.S.C. final draft of Pedestrian Master Plan,"Streets, Sidewalks & Transportation",7 Aye,https://viennavadata.org/meeting/2018-01-08.html
2018-01-08,17516,Approve FY19-20 VDOT Transportation Alternative Project Funding Resolution,"Streets, Sidewalks & Transportation",7 Aye,https://viennavadata.org/meeting/2018-01-08.html
2018-01-08,17517,Approve FY19-20 VDOT Revenue Sharing Resolutions,"Budget, Taxes & Finance",7 Aye,https://viennavadata.org/meeting/2018-01-08.html
2018-01-08,17518,Request to Set a Public Hearing for Issuance of Bonds & Notice of Intent to Adopt an Ordinance.,Town Code & Ordinances,7 Aye,https://viennavadata.org/meeting/2018-01-08.html
2018-01-08,17522,Meeting Adjournment,Procedural,7 Aye,https://viennavadata.org/meeting/2018-01-08.html
2018-01-08,17523,"THE TOWN OF VIENNA IS COMMITTED TO FULL COMPLIANCE WITH THE AMERICANS WITH DISABILITIES ACT STANDARDS. TRANSLATION SERVICES, ASSISTANCE OR ACCOMMODATION REQUESTS FROM PERSONS WITH DISABILITIES ARE TO BE REQUESTED NOT LESS THAN 3 WORKING DAYS BEFORE THE DAY OF THE EVENT. PLEASE CALL (703) 255-6304, OR 711 VIRGINIA RELAY SERVICE FOR THE HEARING IMPAIRED.",Procedural,,https://viennavadata.org/meeting/2018-01-08.html
2017-12-11,17192,"Invocation: Reverend Johnny Kurcina, Christ Church Vienna",Procedural,,https://viennavadata.org/meeting/2017-12-11.html
2017-12-11,17193,Pledge of Allegiance to the Flag of the United States of America,Procedural,,https://viennavadata.org/meeting/2017-12-11.html
2017-12-11,17194,Roll Call,Procedural,,https://viennavadata.org/meeting/2017-12-11.html
2017-12-11,17195,Approval of the Minutes:,Minutes,,https://viennavadata.org/meeting/2017-12-11.html
2017-12-11,17215,"Approval of the Regular Meeting Minutes of November 13, 2017 and the Work Session Minutes of October 23, 2017",Minutes,7 Aye,https://viennavadata.org/meeting/2017-12-11.html
2017-12-11,17196,Receipt of petitions and communications from the Public that is not on the Agenda,Procedural,,https://viennavadata.org/meeting/2017-12-11.html
2017-12-11,17197,Reports/Presentations,Procedural,,https://viennavadata.org/meeting/2017-12-11.html
2017-12-11,17219,Presentation to Emil Attanasi for His Years of Service to the town.,Proclamations & Recognitions,,https://viennavadata.org/meeting/2017-12-11.html
2017-12-11,17206,Vienna Sustainability Challenge Awards,Proclamations & Recognitions,,https://viennavadata.org/meeting/2017-12-11.html
2017-12-11,17211,Presentation of 2017 Comprehensive Annual Financial Report (CAFR),"Budget, Taxes & Finance",,https://viennavadata.org/meeting/2017-12-11.html
2017-12-11,17216,"Presentation of Renderings for a Proposed Mixed-Use Development and Parking Garage on Mill Street by Developer Mike Postal, Owner and President of Mill Street One, LLC.","Streets, Sidewalks & Transportation",,https://viennavadata.org/meeting/2017-12-11.html
2017-12-11,17220,Update and staff briefing on Sagebrush Application by Planning and Zoning,"Land Use, Zoning & Development",,https://viennavadata.org/meeting/2017-12-11.html
2017-12-11,17198,Report and Inquiries of Council Members,Procedural,,https://viennavadata.org/meeting/2017-12-11.html
2017-12-11,17199,Report of the Town Manager,Procedural,,https://viennavadata.org/meeting/2017-12-11.html
2017-12-11,17200,Report of the Mayor,Procedural,,https://viennavadata.org/meeting/2017-12-11.html
2017-12-11,17201,Proposals for Additional Items to the Agenda,Procedural,,https://viennavadata.org/meeting/2017-12-11.html
2017-12-11,17202,Closed Session,Procedural,,https://viennavadata.org/meeting/2017-12-11.html
2017-12-11,17205,Regular Business,Procedural,,https://viennavadata.org/meeting/2017-12-11.html
2017-12-11,17208,Award a Design Contract to Amec Foster Wheeler for Piney Branch Stream Restoration Project,"Environment, Trees & Sustainability",7 Aye,https://viennavadata.org/meeting/2017-12-11.html
2017-12-11,17210,"Request approval for spending $200,000 with A & M Concrete Corporation for relocation of a water main as part of the Marshall Rd SW sidewalk project under IFB 17-15","Water, Sewer & Stormwater",7 Aye,https://viennavadata.org/meeting/2017-12-11.html
2017-12-11,17209,"Council to consider adopting Planning Commission-recommended amendments to Section 18-72 - (Restaurants) C-1 Permitted Uses under Article 11, and Section 18-4 - Definitions under Article 2 of Chapter 18 of the Vienna Town Code.",Town Code & Ordinances,7 Aye,https://viennavadata.org/meeting/2017-12-11.html
2017-12-11,17214,"Adopt a resolution to approve a Northern Virginia Transportation Authority (NVTA) application for funding of a public parking garage, TransAction Project ID #199 - Vienna Metrorail Access Improvements","Streets, Sidewalks & Transportation",7 Aye,https://viennavadata.org/meeting/2017-12-11.html
2017-12-11,17207,Request to Adopt an ordinance re-locating the polling place for Town elections.,Town Code & Ordinances,7 Aye,https://viennavadata.org/meeting/2017-12-11.html
2017-12-11,17213,"Request Award of Water and Sewer Rate Study, RFP 18-04, to Municipal and Financial Services Group","Water, Sewer & Stormwater",7 Aye,https://viennavadata.org/meeting/2017-12-11.html
2017-12-11,17212,"Authorization for Payment of Supplemental Legal Fees to BrigliaHundley, P.C.","Budget, Taxes & Finance",7 Aye,https://viennavadata.org/meeting/2017-12-11.html
2017-12-11,17217,Meeting Adjournment,Procedural,,https://viennavadata.org/meeting/2017-12-11.html
2017-12-11,17218,"THE TOWN OF VIENNA IS COMMITTED TO FULL COMPLIANCE WITH THE AMERICANS WITH DISABILITIES ACT STANDARDS. TRANSLATION SERVICES, ASSISTANCE OR ACCOMMODATION REQUESTS FROM PERSONS WITH DISABILITIES ARE TO BE REQUESTED NOT LESS THAN 3 WORKING DAYS BEFORE THE DAY OF THE EVENT. PLEASE CALL (703) 255-6304, OR 711 VIRGINIA RELAY SERVICE FOR THE HEARING IMPAIRED.",Procedural,,https://viennavadata.org/meeting/2017-12-11.html
2017-11-13,17017,"Invocation:  John Russo, Vice Chairman of the Local Spiritual Assembly of the Baha'is of the Town of Vienna, Virginia",Procedural,,https://viennavadata.org/meeting/2017-11-13.html
2017-11-13,17018,Pledge of Allegiance to the Flag of the United States of America,Procedural,,https://viennavadata.org/meeting/2017-11-13.html
2017-11-13,17019,Roll Call,Procedural,,https://viennavadata.org/meeting/2017-11-13.html
2017-11-13,17020,Approval of the Minutes:,Minutes,,https://viennavadata.org/meeting/2017-11-13.html
2017-11-13,17039,"Approval of the Minutes of the Regular Council Meeting of October 30, 2017",Minutes,7 Aye,https://viennavadata.org/meeting/2017-11-13.html
2017-11-13,17021,Receipt of petitions and communications from the Public,Procedural,,https://viennavadata.org/meeting/2017-11-13.html
2017-11-13,17022,Reports/Presentations,Procedural,,https://viennavadata.org/meeting/2017-11-13.html
2017-11-13,17034,2017 Halloween Parade Awards,Proclamations & Recognitions,,https://viennavadata.org/meeting/2017-11-13.html
2017-11-13,17040,"Proclamation for National Recycling Day - November 15, 2017",Proclamations & Recognitions,7 Aye,https://viennavadata.org/meeting/2017-11-13.html
2017-11-13,17023,Report and Inquiries of Council Members,Procedural,,https://viennavadata.org/meeting/2017-11-13.html
2017-11-13,17024,Report of the Town Manager,Procedural,,https://viennavadata.org/meeting/2017-11-13.html
2017-11-13,17025,Report of the Mayor,Procedural,,https://viennavadata.org/meeting/2017-11-13.html
2017-11-13,17026,Proposals for Additional Items to the Agenda,Procedural,,https://viennavadata.org/meeting/2017-11-13.html
2017-11-13,17027,Closed Session,Procedural,7 Aye,https://viennavadata.org/meeting/2017-11-13.html
2017-11-13,17028,Public Hearings,Procedural,,https://viennavadata.org/meeting/2017-11-13.html
2017-11-13,17035,"Public hearing to consider Planning Commission recommendations on proposed amendments to Section 18-72 - (Restaurants) C-1 Permitted Uses under Article 11, and Section 18-4 - Definitions under Article 2 of Chapter 18 of the Vienna Town Code.",Town Code & Ordinances,7 Aye,https://viennavadata.org/meeting/2017-11-13.html
2017-11-13,17036,Public Hearing on the 2018 Legislative Agenda,Grants & Intergovernmental,7 Aye,https://viennavadata.org/meeting/2017-11-13.html
2017-11-13,17030,Regular Business,Procedural,,https://viennavadata.org/meeting/2017-11-13.html
2017-11-13,17033,Andrew Minor Subdivision Performance Bond Extension Request,"Land Use, Zoning & Development","5 Aye, 2 Nay",https://viennavadata.org/meeting/2017-11-13.html
2017-11-13,17031,Request to award IFB 18-10 and FY18 spending for Yard Waste Disposal,"Budget, Taxes & Finance",7 Aye,https://viennavadata.org/meeting/2017-11-13.html
2017-11-13,17032,Request additional FY18 spending with Water Works Supply,"Water, Sewer & Stormwater",7 Aye,https://viennavadata.org/meeting/2017-11-13.html
2017-11-13,17038,"Intent to adopt Planning Commission recommended changes to BZA voting requirements, per Section 18-241- Decisions of Board, to be consistent with State of Virginia Code (15.2-2312).","Land Use, Zoning & Development",7 Aye,https://viennavadata.org/meeting/2017-11-13.html
2017-11-13,17037,Request that Council set a public hearing and consider adoption of an ordinance relocating a polling place for Town elections.,Town Code & Ordinances,7 Aye,https://viennavadata.org/meeting/2017-11-13.html
2017-11-13,17191,Second Closed Session,Procedural,7 Aye,https://viennavadata.org/meeting/2017-11-13.html
2017-11-13,17041,Meeting Adjournment,Procedural,,https://viennavadata.org/meeting/2017-11-13.html
2017-11-13,17042,"THE TOWN OF VIENNA IS COMMITTED TO FULL COMPLIANCE WITH THE AMERICANS WITH DISABILITIES ACT STANDARDS. TRANSLATION SERVICES, ASSISTANCE OR ACCOMMODATION REQUESTS FROM PERSONS WITH DISABILITIES ARE TO BE REQUESTED NOT LESS THAN 3 WORKING DAYS BEFORE THE DAY OF THE EVENT. PLEASE CALL (703) 255-6304, OR 711 VIRGINIA RELAY SERVICE FOR THE HEARING IMPAIRED.",Procedural,,https://viennavadata.org/meeting/2017-11-13.html
2017-10-30,16949,"Invocation: John Russo, Vice-Chairman of the Baha'is of the Town of Vienna",Procedural,,https://viennavadata.org/meeting/2017-10-30.html
2017-10-30,16950,Pledge of Allegiance to the Flag of the United States of America,Procedural,,https://viennavadata.org/meeting/2017-10-30.html
2017-10-30,16951,Roll Call,Procedural,,https://viennavadata.org/meeting/2017-10-30.html
2017-10-30,16952,Approval of the Minutes:,Minutes,,https://viennavadata.org/meeting/2017-10-30.html
2017-10-30,16970,"Approval of the Regular Council Meeting minutes of October 16, 2017.",Minutes,7 Aye,https://viennavadata.org/meeting/2017-10-30.html
2017-10-30,16953,Receipt of petitions and communications from the Public that are not on the agenda.,Procedural,,https://viennavadata.org/meeting/2017-10-30.html
2017-10-30,16954,Reports/Presentations,Procedural,,https://viennavadata.org/meeting/2017-10-30.html
2017-10-30,16974,Proclamation for the 150th Anniversary of the First Baptist Church of Vienna,Proclamations & Recognitions,,https://viennavadata.org/meeting/2017-10-30.html
2017-10-30,16964,Proclamation for National Native American Heritage Month,Proclamations & Recognitions,,https://viennavadata.org/meeting/2017-10-30.html
2017-10-30,16955,Report and Inquiries of Council Members,Procedural,,https://viennavadata.org/meeting/2017-10-30.html
2017-10-30,16956,Report of the Town Manager,Procedural,,https://viennavadata.org/meeting/2017-10-30.html
2017-10-30,16957,Report of the Mayor,Procedural,,https://viennavadata.org/meeting/2017-10-30.html
2017-10-30,16958,Proposals for Additional Items to the Agenda,Procedural,,https://viennavadata.org/meeting/2017-10-30.html
2017-10-30,16959,Closed Session,Procedural,7 Aye,https://viennavadata.org/meeting/2017-10-30.html
2017-10-30,16960,Public Hearings,Procedural,,https://viennavadata.org/meeting/2017-10-30.html
2017-10-30,16966,"Public hearing to consider Planning Commission-recommended changes to BZA voting requirements, per Section 18-241- Decisions of Board, to be consistent with State of Virginia Code (15.2-2312).","Land Use, Zoning & Development",7 Aye,https://viennavadata.org/meeting/2017-10-30.html
2017-10-30,16962,Regular Business,Procedural,,https://viennavadata.org/meeting/2017-10-30.html
2017-10-30,16967,Request approval to purchase software licensing to upgrade the Town’s existing email server - Exchange 2016,Contracts & Purchasing,7 Aye,https://viennavadata.org/meeting/2017-10-30.html
2017-10-30,16963,Request approval for donation and installation of a LOVE artwork sign at Northside Park,Parks & Recreation,7 Aye,https://viennavadata.org/meeting/2017-10-30.html
2017-10-30,16965,Request approval of vehicle purchases within the Vehicle Replacement Program for FY18,Contracts & Purchasing,7 Aye,https://viennavadata.org/meeting/2017-10-30.html
2017-10-30,16968,Onondio Cove Subdivision Performance Bond Extension Request,"Land Use, Zoning & Development",7 Aye,https://viennavadata.org/meeting/2017-10-30.html
2017-10-30,16969,Amendment to Purchase Order 20180222 for Printing and Mail Preparation for the Town’s Monthly Newsletter to Include Approximately 900 Additional Newsletters to be Mailed to Town Businesses.,Contracts & Purchasing,7 Aye,https://viennavadata.org/meeting/2017-10-30.html
2017-10-30,16979,Closed Session,Procedural,7 Aye,https://viennavadata.org/meeting/2017-10-30.html
2017-10-30,16971,Meeting Adjournment,Procedural,,https://viennavadata.org/meeting/2017-10-30.html
2017-10-30,16972,"THE TOWN OF VIENNA IS COMMITTED TO FULL COMPLIANCE WITH THE AMERICANS WITH DISABILITIES ACT STANDARDS. TRANSLATION SERVICES, ASSISTANCE OR ACCOMMODATION REQUESTS FROM PERSONS WITH DISABILITIES ARE TO BE REQUESTED NOT LESS THAN 3 WORKING DAYS BEFORE THE DAY OF THE EVENT. PLEASE CALL (703) 255-6304, OR 711 VIRGINIA RELAY SERVICE FOR THE HEARING IMPAIRED.",Procedural,,https://viennavadata.org/meeting/2017-10-30.html
2017-10-16,16899,"Invocation:  Rev. Brett Isernhagen, Epiphany United Methodist Church",Procedural,,https://viennavadata.org/meeting/2017-10-16.html
2017-10-16,16900,Pledge of Allegiance to the Flag of the United States of America,Procedural,,https://viennavadata.org/meeting/2017-10-16.html
2017-10-16,16901,Roll Call,Procedural,,https://viennavadata.org/meeting/2017-10-16.html
2017-10-16,16902,Approval of the Minutes:,Minutes,,https://viennavadata.org/meeting/2017-10-16.html
2017-10-16,16922,"Approval of the Minutes of the Regular Council meeting of September 25, 2017 and the Work Session Minutes of September 18, 2017",Minutes,7 Aye,https://viennavadata.org/meeting/2017-10-16.html
2017-10-16,16903,Receipt of petitions and communications from the Public,Procedural,,https://viennavadata.org/meeting/2017-10-16.html
2017-10-16,16904,Reports/Presentations,Procedural,,https://viennavadata.org/meeting/2017-10-16.html
2017-10-16,16919,Urban Land Institute’s W&OD Trail Master Plan Study - Presentation item,Parks & Recreation,,https://viennavadata.org/meeting/2017-10-16.html
2017-10-16,16905,Report and Inquiries of Council Members,Procedural,,https://viennavadata.org/meeting/2017-10-16.html
2017-10-16,16906,Report of the Town Manager,Procedural,,https://viennavadata.org/meeting/2017-10-16.html
2017-10-16,16907,Report of the Mayor,Procedural,,https://viennavadata.org/meeting/2017-10-16.html
2017-10-16,16908,Proposals for Additional Items to the Agenda,Procedural,,https://viennavadata.org/meeting/2017-10-16.html
2017-10-16,16909,Closed Session,Procedural,7 Aye,https://viennavadata.org/meeting/2017-10-16.html
2017-10-16,16912,Regular Business,Procedural,,https://viennavadata.org/meeting/2017-10-16.html
2017-10-16,16924,"Request to extend the professional services contract with and increase funds to Urban, LTD for provision of project management services for the Vienna Community Center Renovation and Expansion Project.",Parks & Recreation,7 Aye,https://viennavadata.org/meeting/2017-10-16.html
2017-10-16,16923,"Request approval of an MOU between VDOT, Virginia State Police, and Town of Vienna for Incident Management and Traffic Operations Support for I-66 Construction","Streets, Sidewalks & Transportation",7 Aye,https://viennavadata.org/meeting/2017-10-16.html
2017-10-16,16920,Adopt VDOT resolution to add Metrorail project installing sidewalks at Kingsley and Marshall Road (UPC 106963) to VDOT’s Urban Program,"Streets, Sidewalks & Transportation",7 Aye,https://viennavadata.org/meeting/2017-10-16.html
2017-10-16,16917,Request approval of the Northside Piney Branch Stream Restoration Funding Agreement with Fairfax County,"Environment, Trees & Sustainability",7 Aye,https://viennavadata.org/meeting/2017-10-16.html
2017-10-16,16914,Award Glyndon Street NE Drainage and Roadway Improvements (bet. Ayr Hill Road NE and Jean Place NE) Design Contract,"Water, Sewer & Stormwater",7 Aye,https://viennavadata.org/meeting/2017-10-16.html
2017-10-16,16913,"Award RFP 17-02 for on-call engineering services for state/federal projects to Whitman, Requardt & Associates",Contracts & Purchasing,7 Aye,https://viennavadata.org/meeting/2017-10-16.html
2017-10-16,16915,Request approval for additional FY18 spending with James River Equipment to purchase a 12’ 5000 Series Snow Blade to go with VRP #163.,"Budget, Taxes & Finance",7 Aye,https://viennavadata.org/meeting/2017-10-16.html
2017-10-16,16918,"Set a public hearing on October 30, 2017 to consider Planning Commission-recommended changes to BZA voting requirements, per Section 18-241- Decisions of Board, to be consistent with State of Virginia Code (15.2-2312).","Land Use, Zoning & Development",7 Aye,https://viennavadata.org/meeting/2017-10-16.html
2017-10-16,16921,"Set a public hearing for November 13, 2017 to consider the Planning Commission’s recommendations on proposed ordinance language amendments to Section 18-72 - (Restaurants) C-1 Permitted Uses under Article 11 of Chapter 18 and Section 18-4 - Definitions under Article 2 of Chapter 18 of the Vienna Town Code.",Town Code & Ordinances,7 Aye,https://viennavadata.org/meeting/2017-10-16.html
2017-10-16,16925,Meeting Adjournment,Procedural,,https://viennavadata.org/meeting/2017-10-16.html
2017-10-16,16926,"THE TOWN OF VIENNA IS COMMITTED TO FULL COMPLIANCE WITH THE AMERICANS WITH DISABILITIES ACT STANDARDS. TRANSLATION SERVICES, ASSISTANCE OR ACCOMMODATION REQUESTS FROM PERSONS WITH DISABILITIES ARE TO BE REQUESTED NOT LESS THAN 3 WORKING DAYS BEFORE THE DAY OF THE EVENT. PLEASE CALL (703) 255-6304, OR 711 VIRGINIA RELAY SERVICE FOR THE HEARING IMPAIRED.",Procedural,,https://viennavadata.org/meeting/2017-10-16.html
2017-09-25,16813,"Invocation: John Russo, Jr. Vice Chairman of the Local Spiritual Assembly of the Baha'is of the Town of Vienna",Procedural,,https://viennavadata.org/meeting/2017-09-25.html
2017-09-25,16814,Pledge of Allegiance to the Flag of the United States of America,Procedural,,https://viennavadata.org/meeting/2017-09-25.html
2017-09-25,16815,Roll Call,Procedural,,https://viennavadata.org/meeting/2017-09-25.html
2017-09-25,16816,Approval of the Minutes:,Minutes,,https://viennavadata.org/meeting/2017-09-25.html
2017-09-25,16838,"Approval of the Minutes for the Regular Council Meetings of August 21, 2017 and September 11, 2017 and the Work Session Minutes of June 12, 2017 and August 21, 2017.",Minutes,7 Aye,https://viennavadata.org/meeting/2017-09-25.html
2017-09-25,16817,Receipt of petitions and communications from the Public,Procedural,,https://viennavadata.org/meeting/2017-09-25.html
2017-09-25,16818,Reports/Presentations,Procedural,,https://viennavadata.org/meeting/2017-09-25.html
2017-09-25,16842,Recognition of State Champions,Proclamations & Recognitions,,https://viennavadata.org/meeting/2017-09-25.html
2017-09-25,16828,Resolution for the 200th Anniversary of the Birth of the Baha’i Faith,Procedural,,https://viennavadata.org/meeting/2017-09-25.html
2017-09-25,16837,Proclamation for Energy Efficiency Day 2017,Proclamations & Recognitions,,https://viennavadata.org/meeting/2017-09-25.html
2017-09-25,16827,Proclamation for the 120th Anniversary of the “Little Library”,Proclamations & Recognitions,,https://viennavadata.org/meeting/2017-09-25.html
2017-09-25,16819,Report and Inquiries of Council Members,Procedural,,https://viennavadata.org/meeting/2017-09-25.html
2017-09-25,16820,Report of the Town Manager,Procedural,,https://viennavadata.org/meeting/2017-09-25.html
2017-09-25,16821,Report of the Mayor,Procedural,,https://viennavadata.org/meeting/2017-09-25.html
2017-09-25,16822,Proposals for Additional Items to the Agenda,Procedural,,https://viennavadata.org/meeting/2017-09-25.html
2017-09-25,16823,Closed Session,Procedural,"6 Aye, 1 Abstain",https://viennavadata.org/meeting/2017-09-25.html
2017-09-25,16826,Regular Business,Procedural,,https://viennavadata.org/meeting/2017-09-25.html
2017-09-25,16832,Request Council appropriation of FY 2016-17 encumbrance balances and carry-forward funds into the FY 2017-18 General Fund budget,"Budget, Taxes & Finance","6 Aye, 1 Nay",https://viennavadata.org/meeting/2017-09-25.html
2017-09-25,16833,Approval of Capital Improvement Plan through 2034,"Budget, Taxes & Finance",7 Aye,https://viennavadata.org/meeting/2017-09-25.html
2017-09-25,16835,2018 Town Council meeting schedule and calendar,Governance & Administration,7 Aye,https://viennavadata.org/meeting/2017-09-25.html
2017-09-25,16830,Adoption of Official Town Logo,Governance & Administration,"6 Aye, 1 Nay",https://viennavadata.org/meeting/2017-09-25.html
2017-09-25,16834,Request to award IFB 18-09 for Nutley St SW Repaving,"Streets, Sidewalks & Transportation",7 Aye,https://viennavadata.org/meeting/2017-09-25.html
2017-09-25,16831,Marshall Road Sidewalk Design Contract Increase,"Streets, Sidewalks & Transportation",7 Aye,https://viennavadata.org/meeting/2017-09-25.html
2017-09-25,16836,"Request approval of an MOU between VDOT, Virginia State Police, and Town of Vienna for Incident Management and Traffic Operations Support for I-66 Construction","Streets, Sidewalks & Transportation",7 Aye,https://viennavadata.org/meeting/2017-09-25.html
2017-09-25,16829,Andrew Minor Subdivision Partial Bond Reduction Request,"Land Use, Zoning & Development","6 Aye, 1 Nay",https://viennavadata.org/meeting/2017-09-25.html
2017-09-25,16839,Meeting Adjournment,Procedural,7 Aye,https://viennavadata.org/meeting/2017-09-25.html
2017-09-25,16840,"THE TOWN OF VIENNA IS COMMITTED TO FULL COMPLIANCE WITH THE AMERICANS WITH DISABILITIES ACT STANDARDS. TRANSLATION SERVICES, ASSISTANCE OR ACCOMMODATION REQUESTS FROM PERSONS WITH DISABILITIES ARE TO BE REQUESTED NOT LESS THAN 3 WORKING DAYS BEFORE THE DAY OF THE EVENT. PLEASE CALL (703) 255-6304, OR 711 VIRGINIA RELAY SERVICE FOR THE HEARING IMPAIRED.",Procedural,,https://viennavadata.org/meeting/2017-09-25.html
2017-09-11,16739,"Invocation: Cantor Michael Shochet, Temple Rodef Shalom",Procedural,,https://viennavadata.org/meeting/2017-09-11.html
2017-09-11,16740,Pledge of Allegiance to the Flag of the United States of America,Procedural,,https://viennavadata.org/meeting/2017-09-11.html
2017-09-11,16741,Roll Call,Procedural,,https://viennavadata.org/meeting/2017-09-11.html
2017-09-11,16742,Approval of the Minutes,Minutes,,https://viennavadata.org/meeting/2017-09-11.html
2017-09-11,16743,Receipt of petitions and communications from the Public,Procedural,,https://viennavadata.org/meeting/2017-09-11.html
2017-09-11,16744,Reports/Presentations,Procedural,,https://viennavadata.org/meeting/2017-09-11.html
2017-09-11,16754,Proclamation for Constitution Week,Proclamations & Recognitions,,https://viennavadata.org/meeting/2017-09-11.html
2017-09-11,16755,Proclamation for Lymphoma Awareness Day and Blood Cancer Awareness Month,Proclamations & Recognitions,,https://viennavadata.org/meeting/2017-09-11.html
2017-09-11,16767,Proclamation for 9-11 Remembrance,Proclamations & Recognitions,,https://viennavadata.org/meeting/2017-09-11.html
2017-09-11,16768,Presentation of Certificate of Achievement for Excellence in Financial Reporting,"Budget, Taxes & Finance",,https://viennavadata.org/meeting/2017-09-11.html
2017-09-11,16762,Vienna Community Center Update,Parks & Recreation,,https://viennavadata.org/meeting/2017-09-11.html
2017-09-11,16745,Report and Inquiries of Council Members,Procedural,,https://viennavadata.org/meeting/2017-09-11.html
2017-09-11,16746,Report of the Town Manager,Procedural,,https://viennavadata.org/meeting/2017-09-11.html
2017-09-11,16747,Report of the Mayor,Procedural,,https://viennavadata.org/meeting/2017-09-11.html
2017-09-11,16748,Proposals for Additional Items to the Agenda,Procedural,,https://viennavadata.org/meeting/2017-09-11.html
2017-09-11,16749,Closed Session,Procedural,7 Aye,https://viennavadata.org/meeting/2017-09-11.html
2017-09-11,16752,Regular Business,Procedural,,https://viennavadata.org/meeting/2017-09-11.html
2017-09-11,16753,Request approval of MOU between Town of Vienna and Vienna Business Association for 2017 Oktoberfest,"Community, Arts & Events",7 Aye,https://viennavadata.org/meeting/2017-09-11.html
2017-09-11,16765,Request approval of Memorandum of Understanding between the Morton and Spaperri Family Foundation and the Town of Vienna for native and pollinator plantings on the Vienna Community Center property.,Parks & Recreation,7 Aye,https://viennavadata.org/meeting/2017-09-11.html
2017-09-11,16766,The Northern Virginia Regional Gang Task Force payment,Public Safety,7 Aye,https://viennavadata.org/meeting/2017-09-11.html
2017-09-11,16757,Request approval for additional FY17 spending with Double H Locates,"Budget, Taxes & Finance",,https://viennavadata.org/meeting/2017-09-11.html
2017-09-11,16758,Request approval for FY2018 spending with National Asphalt Manufacturing Corporation.,"Budget, Taxes & Finance",7 Aye,https://viennavadata.org/meeting/2017-09-11.html
2017-09-11,16759,"Intent to adopt ordinance amendments as recommended by the Planning Commission, staff, and Town Council regarding the Definitions section of the Zoning Ordinance, Article 2, Section 18.4","Land Use, Zoning & Development",7 Aye,https://viennavadata.org/meeting/2017-09-11.html
2017-09-11,16760,Council referral to the Planning Commission to amend BZA voting requirements per Section 18-241- Decisions of Board - to assure that any BZA action results from the vote of a “majority of the membership of the board” consistent with State of Virginia Code (15.2-2312).,"Land Use, Zoning & Development",7 Aye,https://viennavadata.org/meeting/2017-09-11.html
2017-09-11,16761,Approval of an advisory Design Guidelines Steering Committee for the Maple Avenue Commercial Zone,"Land Use, Zoning & Development","5 Aye, 2 Nay",https://viennavadata.org/meeting/2017-09-11.html
2017-09-11,16763,Request appropriation of previously approved funds for Keller Brothers,"Budget, Taxes & Finance",7 Aye,https://viennavadata.org/meeting/2017-09-11.html
2017-09-11,16764,Renewal of Tyler Munis Financial System software,"Budget, Taxes & Finance",7 Aye,https://viennavadata.org/meeting/2017-09-11.html
2017-09-11,16756,Proposed Lease to CELLCO PARTNERSHIP dba Verizon Wireless for Cellular Antennae Installation on Tapawingo/Frederick Street SW Water Tower,"Water, Sewer & Stormwater",7 Aye,https://viennavadata.org/meeting/2017-09-11.html
2017-09-11,16769,Meeting Adjournment,Procedural,7 Aye,https://viennavadata.org/meeting/2017-09-11.html
2017-09-11,16770,"THE TOWN OF VIENNA IS COMMITTED TO FULL COMPLIANCE WITH THE AMERICANS WITH DISABILITIES ACT STANDARDS. TRANSLATION SERVICES, ASSISTANCE OR ACCOMMODATION REQUESTS FROM PERSONS WITH DISABILITIES ARE TO BE REQUESTED NOT LESS THAN 3 WORKING DAYS BEFORE THE DAY OF THE EVENT. PLEASE CALL (703) 255-6304, OR 711 VIRGINIA RELAY SERVICE FOR THE HEARING IMPAIRED.",Procedural,,https://viennavadata.org/meeting/2017-09-11.html
2017-09-11,16866,Closed Session,Procedural,,https://viennavadata.org/meeting/2017-09-11.html
2017-09-11,16867,Request approval for additional FY17 spending with Double H Locates,"Budget, Taxes & Finance",7 Aye,https://viennavadata.org/meeting/2017-09-11.html
2017-08-21,16665,"Invocation: Pastor Kyungsuk Cho, Wesley United Methodist Church",Procedural,,https://viennavadata.org/meeting/2017-08-21.html
2017-08-21,16666,Pledge of Allegiance to the Flag of the United States of America,Procedural,,https://viennavadata.org/meeting/2017-08-21.html
2017-08-21,16667,Roll Call,Procedural,,https://viennavadata.org/meeting/2017-08-21.html
2017-08-21,16668,Approval of the Minutes:,Minutes,,https://viennavadata.org/meeting/2017-08-21.html
2017-08-21,16696,"Approval of the Regular Council Meeting minutes of July 10, 2017 and the Work Session Minutes of May 15, 2017.",Minutes,7 Aye,https://viennavadata.org/meeting/2017-08-21.html
2017-08-21,16669,Receipt of petitions and communications from the Public,Procedural,,https://viennavadata.org/meeting/2017-08-21.html
2017-08-21,16670,Reports/Presentations,Procedural,,https://viennavadata.org/meeting/2017-08-21.html
2017-08-21,16687,Vienna Community Center Proposed Ecological Enhancement and Education Program,Parks & Recreation,,https://viennavadata.org/meeting/2017-08-21.html
2017-08-21,16681,Proclamation for National Payroll Week,Proclamations & Recognitions,,https://viennavadata.org/meeting/2017-08-21.html
2017-08-21,16686,Vienna Community Center Update,Parks & Recreation,,https://viennavadata.org/meeting/2017-08-21.html
2017-08-21,16671,Report and Inquiries of Council Members,Procedural,,https://viennavadata.org/meeting/2017-08-21.html
2017-08-21,16672,Report of the Town Manager,Procedural,,https://viennavadata.org/meeting/2017-08-21.html
2017-08-21,16673,Report of the Mayor,Procedural,,https://viennavadata.org/meeting/2017-08-21.html
2017-08-21,16674,Proposals for Additional Items to the Agenda,Procedural,7 Aye,https://viennavadata.org/meeting/2017-08-21.html
2017-08-21,16712,Proposals for Additional Items to the Agenda,Procedural,,https://viennavadata.org/meeting/2017-08-21.html
2017-08-21,16675,Closed Session,Procedural,,https://viennavadata.org/meeting/2017-08-21.html
2017-08-21,16676,Public Hearings,Procedural,,https://viennavadata.org/meeting/2017-08-21.html
2017-08-21,16684,"Public hearing to consider recommended changes from Planning Commission, staff, and Town Council regarding the Definitions section of the Zoning Ordinance, Article 2, Section 18.4","Land Use, Zoning & Development","6 Aye, 1 Nay",https://viennavadata.org/meeting/2017-08-21.html
2017-08-21,16678,Regular Business,Procedural,,https://viennavadata.org/meeting/2017-08-21.html
2017-08-21,16691,"Review of a proposed six-lot subdivision and final plat application by Mashie Drive, LLC as well as Planning Commission’s recommendation for approval of re-subdivision of four existing lots into six new lots in the RS-16 zone with two waivers requested.","Land Use, Zoning & Development","6 Aye, 1 Nay",https://viennavadata.org/meeting/2017-08-21.html
2017-08-21,16695,"Consideration of Planning Commission recommendation to Town Council on a request for site plan modifications for yard setbacks, maximum lot coverage, and building setbacks for a proposed townhouse condominium development on property located at 135 Center Street S, in the RM-2, Multi-Family, Low Density zone (proposed addresses are 135 Center Street S to 159 Center Street S and 101 Locust Street SW to 107 Locust Street SW). Application filed by John Sekas of Sekas Homes, Ltd on behalf of Willow Creek Estates, LC, owner.","Land Use, Zoning & Development",7 Aye,https://viennavadata.org/meeting/2017-08-21.html
2017-08-21,16682,"Adoption of changes to the rezoning protest vote provision in the Zoning Ordinance, Article 24 - Rezoning and Amendments, Section 18-248 - Protest against proposed change.","Land Use, Zoning & Development",7 Aye,https://viennavadata.org/meeting/2017-08-21.html
2017-08-21,16694,Adoption of Town Logo Concept,Governance & Administration,"6 Aye, 1 Nay",https://viennavadata.org/meeting/2017-08-21.html
2017-08-21,16693,Contract Renewal for Printing and Mail Preparation of Town’s Monthly Newsletter.,Contracts & Purchasing,7 Aye,https://viennavadata.org/meeting/2017-08-21.html
2017-08-21,16688,"Request CIP spending with Mity Lite for the purchase of chairs, tables, and carts for the Vienna Community Center",Parks & Recreation,7 Aye,https://viennavadata.org/meeting/2017-08-21.html
2017-08-21,16689,"Request approval to increase MVP Sports contract for parks and recreation camps through June 30, 2017 in excess of $20,000, per terms and conditions of RFP 15-01.",Parks & Recreation,7 Aye,https://viennavadata.org/meeting/2017-08-21.html
2017-08-21,16690,"Request Approval to Publish Annual Report of Delinquent Real Estate Properties as of June 30, 2017",Procedural,7 Aye,https://viennavadata.org/meeting/2017-08-21.html
2017-08-21,16692,Award of Capital Lease Contract (IFB 18-07) for Financing of FY 17-18 Vehicle and Equipment Replacement Program,Contracts & Purchasing,7 Aye,https://viennavadata.org/meeting/2017-08-21.html
2017-08-21,16679,"Request approval for additional FY17 spending with Broad Run Recycling, LLC","Water, Sewer & Stormwater",7 Aye,https://viennavadata.org/meeting/2017-08-21.html
2017-08-21,16680,"Request approval for spending $100,000 with E.E. Lyons Construction for water main and appurtenances improvements within the Town’s water service area","Water, Sewer & Stormwater",7 Aye,https://viennavadata.org/meeting/2017-08-21.html
2017-08-21,16683,Request approval of vehicle purchases within the Vehicle Replacement Program for FY18,Contracts & Purchasing,7 Aye,https://viennavadata.org/meeting/2017-08-21.html
2017-08-21,16685,Supplemental Invoice for Town Attorney Charges.,"Budget, Taxes & Finance",7 Aye,https://viennavadata.org/meeting/2017-08-21.html
2017-08-21,16707,Closed Session,Procedural,7 Aye,https://viennavadata.org/meeting/2017-08-21.html
2017-08-21,16697,Meeting Adjournment,Procedural,,https://viennavadata.org/meeting/2017-08-21.html
2017-08-21,16698,"THE TOWN OF VIENNA IS COMMITTED TO FULL COMPLIANCE WITH THE AMERICANS WITH DISABILITIES ACT STANDARDS. TRANSLATION SERVICES, ASSISTANCE OR ACCOMMODATION REQUESTS FROM PERSONS WITH DISABILITIES ARE TO BE REQUESTED NOT LESS THAN 3 WORKING DAYS BEFORE THE DAY OF THE EVENT. PLEASE CALL (703) 255-6304, OR 711 VIRGINIA RELAY SERVICE FOR THE HEARING IMPAIRED.",Procedural,,https://viennavadata.org/meeting/2017-08-21.html
2017-07-10,16494,"Invocation: Reverend Corky Eddins, Christ Church Vienna",Procedural,,https://viennavadata.org/meeting/2017-07-10.html
2017-07-10,16495,Pledge of Allegiance to the Flag of the United States of America,Procedural,,https://viennavadata.org/meeting/2017-07-10.html
2017-07-10,16496,Roll Call,Procedural,,https://viennavadata.org/meeting/2017-07-10.html
2017-07-10,16497,Approval of the Minutes:,Minutes,,https://viennavadata.org/meeting/2017-07-10.html
2017-07-10,16520,"Approval of the Regular Council Meeting Minutes of June 5, 2017 and the Work Session  Minutes of March 6, 2017, March 18, 2017, March 20, 2017 and April 3, 2017.",Minutes,7 Aye,https://viennavadata.org/meeting/2017-07-10.html
2017-07-10,16498,Receipt of petitions and communications from the Public,Procedural,,https://viennavadata.org/meeting/2017-07-10.html
2017-07-10,16499,Reports/Presentations,Procedural,,https://viennavadata.org/meeting/2017-07-10.html
2017-07-10,16516,Vienna Community Center Update,Parks & Recreation,,https://viennavadata.org/meeting/2017-07-10.html
2017-07-10,16500,Report and Inquiries of Council Members,Procedural,,https://viennavadata.org/meeting/2017-07-10.html
2017-07-10,16501,Report of the Town Manager,Procedural,,https://viennavadata.org/meeting/2017-07-10.html
2017-07-10,16502,Report of the Mayor,Procedural,,https://viennavadata.org/meeting/2017-07-10.html
2017-07-10,16503,Proposals for Additional Items to the Agenda,Procedural,,https://viennavadata.org/meeting/2017-07-10.html
2017-07-10,16504,Closed Session,Procedural,"6 Aye, 1 Abstain",https://viennavadata.org/meeting/2017-07-10.html
2017-07-10,16505,Public Hearings,Procedural,,https://viennavadata.org/meeting/2017-07-10.html
2017-07-10,16517,"Public hearing to consider Planning Commission-recommended changes to the protest vote provision in the Zoning Ordinance, Article 24 - Rezoning and Amendments, Section 18-248 - Protest against proposed change.","Land Use, Zoning & Development",7 Aye,https://viennavadata.org/meeting/2017-07-10.html
2017-07-10,16519,"Public hearing to grant a 10-year license for use of a right-of-way to Mobilitie, LLC",Grants & Intergovernmental,7 Aye,https://viennavadata.org/meeting/2017-07-10.html
2017-07-10,16506,Consent Agenda,Consent Agenda,,https://viennavadata.org/meeting/2017-07-10.html
2017-07-10,16507,Regular Business,Procedural,,https://viennavadata.org/meeting/2017-07-10.html
2017-07-10,16508,"Review of proposed re-subdivision application by Mashie Drive, LLC., re-subdividing four existing lots into seven new lots in the RS-16 Zone./ Review of an alternative layout for a 6 lot subdivision on a cul-de-sac off Mashie Drive.","Land Use, Zoning & Development",7 Aye,https://viennavadata.org/meeting/2017-07-10.html
2017-07-10,16515,Request approval of Planning and Zoning Department’s Work Plan for Zoning Code Changes,"Land Use, Zoning & Development",7 Aye,https://viennavadata.org/meeting/2017-07-10.html
2017-07-10,16521,"Request to forward Chapter 18: Zoning Article 11: C-1 Local Commercial Zone Regulations, Section 72: Permitted Uses to the Planning Commission for its review","Land Use, Zoning & Development",7 Aye,https://viennavadata.org/meeting/2017-07-10.html
2017-07-10,16510,Request award of IFB 18-03 and FY18 spending for slurry seal application as needed with Slurry Pavers,"Budget, Taxes & Finance",7 Aye,https://viennavadata.org/meeting/2017-07-10.html
2017-07-10,16511,Request to approve emergency purchase of two A/C units and additional FY17 spending with Advanced Building Services,Public Safety,7 Aye,https://viennavadata.org/meeting/2017-07-10.html
2017-07-10,16512,Request to purchase traffic cabinets from J.O. Herbert Co.,"Streets, Sidewalks & Transportation",7 Aye,https://viennavadata.org/meeting/2017-07-10.html
2017-07-10,16513,Request Approval of Resolution for Issuance of Vehicle and Equipment Replacement Financing Request for Proposals for FY 2017-18,Contracts & Purchasing,7 Aye,https://viennavadata.org/meeting/2017-07-10.html
2017-07-10,16518,Adoption of Brand Positioning Statement,Governance & Administration,7 Aye,https://viennavadata.org/meeting/2017-07-10.html
2017-07-10,16514,"Intent to Adopt Amendments to Chapter 6, Finance and Taxation, Article 8, Procurement",Town Code & Ordinances,7 Aye,https://viennavadata.org/meeting/2017-07-10.html
2017-07-10,16529,"Intent to Adopt proposed ordinance to amend the Code of the Town of Vienna, Chapter 9, Motor Vehicles and Traffic, Article 1, In General, Section 9-3, Adoption of State Code, of the Code of the Town of Vienna.","Streets, Sidewalks & Transportation",7 Aye,https://viennavadata.org/meeting/2017-07-10.html
2017-07-10,16509,"Intent to Adopt proposed ordinance to amend the Code of the Town of Vienna, Chapter 9, Motor Vehicles and Traffic, Article 1, In General, Section 9-3, Adoption of State Code, of the Code of the Town of Vienna.","Streets, Sidewalks & Transportation",,https://viennavadata.org/meeting/2017-07-10.html
2017-07-10,16524,Adopt Resolution and Policy on Electronic Participation of Members of the Town Council of The Town of Vienna.,Governance & Administration,7 Aye,https://viennavadata.org/meeting/2017-07-10.html
2017-07-10,16522,Meeting Adjournment,Procedural,7 Aye,https://viennavadata.org/meeting/2017-07-10.html
2017-07-10,16523,"THE TOWN OF VIENNA IS COMMITTED TO FULL COMPLIANCE WITH THE AMERICANS WITH DISABILITIES ACT STANDARDS. TRANSLATION SERVICES, ASSISTANCE OR ACCOMMODATION REQUESTS FROM PERSONS WITH DISABILITIES ARE TO BE REQUESTED NOT LESS THAN 3 WORKING DAYS BEFORE THE DAY OF THE EVENT. PLEASE CALL (703) 255-6304, OR 711 VIRGINIA RELAY SERVICE FOR THE HEARING IMPAIRED.",Procedural,,https://viennavadata.org/meeting/2017-07-10.html
2017-06-05,16448,Swearing-in of re-elected Council Members - Judge Kassabian,Proclamations & Recognitions,,https://viennavadata.org/meeting/2017-06-05.html
2017-06-05,16388,"Invocation: Reverend Kristen McBrayer, Emmaus United Church of Christ",Procedural,,https://viennavadata.org/meeting/2017-06-05.html
2017-06-05,16389,Pledge of Allegiance to the Flag of the United States of America,Procedural,,https://viennavadata.org/meeting/2017-06-05.html
2017-06-05,16390,Roll Call,Procedural,,https://viennavadata.org/meeting/2017-06-05.html
2017-06-05,16391,Approval of the Minutes:,Minutes,,https://viennavadata.org/meeting/2017-06-05.html
2017-06-05,16423,"Approval of the Minutes of the Regular Council Meeting of May 22, 2017.",Minutes,7 Aye,https://viennavadata.org/meeting/2017-06-05.html
2017-06-05,16392,Receipt of petitions and communications from the Public,Procedural,,https://viennavadata.org/meeting/2017-06-05.html
2017-06-05,16393,Reports/Presentations,Procedural,,https://viennavadata.org/meeting/2017-06-05.html
2017-06-05,16402,Proclamation designating July 2017 as Parks and Recreation month,Proclamations & Recognitions,,https://viennavadata.org/meeting/2017-06-05.html
2017-06-05,16428,Proclamation recognizing the 275th Anniversary of Fairfax County Government,Proclamations & Recognitions,,https://viennavadata.org/meeting/2017-06-05.html
2017-06-05,16420,Town Business Liaison (TBLC) Survey Results,Economic Development,,https://viennavadata.org/meeting/2017-06-05.html
2017-06-05,16427,Proclamation recognizing the 75th Anniversary of the Vienna Host Lions Club.,Proclamations & Recognitions,,https://viennavadata.org/meeting/2017-06-05.html
2017-06-05,16394,Report and Inquiries of Council Members,Procedural,,https://viennavadata.org/meeting/2017-06-05.html
2017-06-05,16395,Report of the Town Manager,Procedural,,https://viennavadata.org/meeting/2017-06-05.html
2017-06-05,16396,Report of the Mayor,Procedural,,https://viennavadata.org/meeting/2017-06-05.html
2017-06-05,16397,Proposals for Additional Items to the Agenda,Procedural,,https://viennavadata.org/meeting/2017-06-05.html
2017-06-05,16398,Closed Session,Procedural,"6 Aye, 1 Abstain",https://viennavadata.org/meeting/2017-06-05.html
2017-06-05,16399,Public Hearings,Procedural,,https://viennavadata.org/meeting/2017-06-05.html
2017-06-05,16417,"Public hearing to adopt an ordinance to amend and vacate boundary lines of abutting Linncrest Lot 2, to include the adjacent 2,790 square foot parcel, Westwood View Lot A, on property located at 503 Creek Crossing NE in the RS-16 zoning district (16,000 sf; 2.7DU/AC).","Land Use, Zoning & Development",7 Aye,https://viennavadata.org/meeting/2017-06-05.html
2017-06-05,16400,Consent Agenda,Consent Agenda,7 Aye,https://viennavadata.org/meeting/2017-06-05.html
2017-06-05,16410,FY 2018 funding of contracts issued by other jurisdictions,Contracts & Purchasing,,https://viennavadata.org/meeting/2017-06-05.html
2017-06-05,16411,FY 2018 funding and renewals of Town contracts,Contracts & Purchasing,,https://viennavadata.org/meeting/2017-06-05.html
2017-06-05,16403,"Request approval for of the fifth-year contract payment not to exceed $77,820 to New World Systems for the standard software maintenance agreement for computer-aided dispatch, law enforcement records management, and mobile data system","Budget, Taxes & Finance",,https://viennavadata.org/meeting/2017-06-05.html
2017-06-05,16404,"Renewal of annual audit contract with Robinson, Farmer, Cox Associates PLLC","Budget, Taxes & Finance",,https://viennavadata.org/meeting/2017-06-05.html
2017-06-05,16405,Service Agreement Renewal for Outsourced Bill Printing with Datamatx,Contracts & Purchasing,,https://viennavadata.org/meeting/2017-06-05.html
2017-06-05,16406,Contract Renewal for SunGard Public Sector ASP Hosting Fees,Contracts & Purchasing,,https://viennavadata.org/meeting/2017-06-05.html
2017-06-05,16415,Request approval to ride Fairfax County Schools contract 4400006677 for cell and mobile device service with Sprint.,Grants & Intergovernmental,,https://viennavadata.org/meeting/2017-06-05.html
2017-06-05,16416,"Request approval to continue to ride VITA Contract VA-140331-DELL for purchase of computers, laptops, and maintenance contracts for servers for FY18",Contracts & Purchasing,,https://viennavadata.org/meeting/2017-06-05.html
2017-06-05,16412,"Request approval for use of FY18 funds with Granicus, Inc., using Town of Vienna contract approved by Council on 12/15/2014 and executed by the Town Manager dated 12/16/2014 and the amended contract dated 2/10/17 for the continued use of Granicus, Inc. for agenda management suite, boards and commissions module, and HD video streaming services",Governance & Administration,,https://viennavadata.org/meeting/2017-06-05.html
2017-06-05,16401,Regular Business,Procedural,,https://viennavadata.org/meeting/2017-06-05.html
2017-06-05,16418,"Schedule a public hearing on July 10, 2017 to consider Planning Commission recommended changes to the protest vote provision in the Zoning Ordinance, Article 24 - Rezoning and Amendments, Section 18-248 - Protest against proposed change.","Land Use, Zoning & Development",7 Aye,https://viennavadata.org/meeting/2017-06-05.html
2017-06-05,16408,Award Maple Ave. Design Guidelines RFP 17-03 to Lardner/Klein Landscape Architects,Contracts & Purchasing,7 Aye,https://viennavadata.org/meeting/2017-06-05.html
2017-06-05,16419,"Request approval to appropriate previously approved funds to Keller Brothers, Inc. for project expenditures for the Vienna Community Center renovation and expansion project",Parks & Recreation,7 Aye,https://viennavadata.org/meeting/2017-06-05.html
2017-06-05,16407,"Intent to Adopt Amendment to Chapter 6, Article 3 of the Town Code of Vienna - Cigarette Tax","Budget, Taxes & Finance",,https://viennavadata.org/meeting/2017-06-05.html
2017-06-05,16409,"Request approval for additional FY17 spending with Double H Locates for $16,000","Budget, Taxes & Finance",7 Aye,https://viennavadata.org/meeting/2017-06-05.html
2017-06-05,16413,"Request to Amend to Chapter 6, Finance and Taxation, Article 8, Procurement, of the Vienna Town Code",Town Code & Ordinances,,https://viennavadata.org/meeting/2017-06-05.html
2017-06-05,16443,"Intent to Adopt Amendment to Chapter 6, Article 3 of the Town Code of Vienna - Cigarette Tax","Budget, Taxes & Finance","6 Aye, 1 Nay",https://viennavadata.org/meeting/2017-06-05.html
2017-06-05,16444,"Request to Amend to Chapter 6, Finance and Taxation, Article 8, Procurement, of the Vienna Town Code",Town Code & Ordinances,7 Aye,https://viennavadata.org/meeting/2017-06-05.html
2017-06-05,16414,Appointment of Town Officials for Fiscal Year 2017-18,Appointments & Resignations,7 Aye,https://viennavadata.org/meeting/2017-06-05.html
2017-06-05,16430,"Set a public hearing to grant a ten-year license for use of a right-of-way to Mobilitie, LLC.",Grants & Intergovernmental,7 Aye,https://viennavadata.org/meeting/2017-06-05.html
2017-06-05,16446,"Set a public hearing to grant a ten-year license for use of a right-of-way to Mobilitie, LLC.",Grants & Intergovernmental,7 Aye,https://viennavadata.org/meeting/2017-06-05.html
2017-06-05,16425,"THE TOWN OF VIENNA IS COMMITTED TO FULL COMPLIANCE WITH THE AMERICANS WITH DISABILITIES ACT STANDARDS. TRANSLATION SERVICES, ASSISTANCE OR ACCOMMODATION REQUESTS FROM PERSONS WITH DISABILITIES ARE TO BE REQUESTED NOT LESS THAN 3 WORKING DAYS BEFORE THE DAY OF THE EVENT. PLEASE CALL (703) 255-6304, OR 711 VIRGINIA RELAY SERVICE FOR THE HEARING IMPAIRED.",Procedural,,https://viennavadata.org/meeting/2017-06-05.html
2017-06-05,16493,Request to re-set the Public Hearing for definitions.,"Land Use, Zoning & Development",7 Aye,https://viennavadata.org/meeting/2017-06-05.html
2017-06-05,16424,Meeting Adjournment,Procedural,7 Aye,https://viennavadata.org/meeting/2017-06-05.html
2017-05-22,16358,"Invocation: Reverend Lyndon Shakespeare, PhD., Episcopal Church of the Holy Comforter",Procedural,,https://viennavadata.org/meeting/2017-05-22.html
2017-05-22,16359,Pledge of Allegiance to the Flag of the United States of America,Procedural,,https://viennavadata.org/meeting/2017-05-22.html
2017-05-22,16360,Roll Call,Procedural,,https://viennavadata.org/meeting/2017-05-22.html
2017-05-22,16361,Approval of the Minutes:,Minutes,,https://viennavadata.org/meeting/2017-05-22.html
2017-05-22,16379,"Approval of the Minutes of the Regular Council Meetings of April 24, 2017 and May 8, 2017 and the Work Session Minutes of February 13, 2017.",Minutes,7 Aye,https://viennavadata.org/meeting/2017-05-22.html
2017-05-22,16362,Receipt of petitions and communications from the Public,Procedural,,https://viennavadata.org/meeting/2017-05-22.html
2017-05-22,16363,Reports/Presentations,Procedural,,https://viennavadata.org/meeting/2017-05-22.html
2017-05-22,16373,Proclamation for Men’s Health Week,Proclamations & Recognitions,7 Aye,https://viennavadata.org/meeting/2017-05-22.html
2017-05-22,16364,Report and Inquiries of Council Members,Procedural,,https://viennavadata.org/meeting/2017-05-22.html
2017-05-22,16365,Report of the Town Manager,Procedural,,https://viennavadata.org/meeting/2017-05-22.html
2017-05-22,16366,Report of the Mayor,Procedural,,https://viennavadata.org/meeting/2017-05-22.html
2017-05-22,16367,Proposals for Additional Items to the Agenda,Procedural,7 Aye,https://viennavadata.org/meeting/2017-05-22.html
2017-05-22,16368,Closed Session,Procedural,7 Aye,https://viennavadata.org/meeting/2017-05-22.html
2017-05-22,16369,Public Hearings,Procedural,,https://viennavadata.org/meeting/2017-05-22.html
2017-05-22,16374,"Public Hearing to Amend Chapter 6, Article 3 of the Town Code of Vienna - Cigarette Tax","Budget, Taxes & Finance","6 Aye, 1 Nay",https://viennavadata.org/meeting/2017-05-22.html
2017-05-22,16371,Regular Business,Procedural,,https://viennavadata.org/meeting/2017-05-22.html
2017-05-22,16378,Request approval of Memorandum of Understanding between Vienna Little League and Town of Vienna for use of Yeonas Park during the Fourth of July 2017 entertainment and fireworks show.,Parks & Recreation,7 Aye,https://viennavadata.org/meeting/2017-05-22.html
2017-05-22,16372,"Schedule a public hearing on July 10, 2017 to consider draft Planning Commission-recommended changes to the Definitions section of the Zoning Ordinance Article 2, Section 18.4","Land Use, Zoning & Development",7 Aye,https://viennavadata.org/meeting/2017-05-22.html
2017-05-22,16377,"Intent to adopt amendments to the parking section of the Town Code, Chapter 18, Article 16, Section 18-127 to Section 18-137.1, Off-Street Parking and Loading Areas","Streets, Sidewalks & Transportation",7 Aye,https://viennavadata.org/meeting/2017-05-22.html
2017-05-22,16375,Request approval of Transportation Safety Commission-recommended pedestrian improvements along Tapawingo Road SW,"Streets, Sidewalks & Transportation",7 Aye,https://viennavadata.org/meeting/2017-05-22.html
2017-05-22,16380,Meeting Adjournment,Procedural,7 Aye,https://viennavadata.org/meeting/2017-05-22.html
2017-05-22,16381,"THE TOWN OF VIENNA IS COMMITTED TO FULL COMPLIANCE WITH THE AMERICANS WITH DISABILITIES ACT STANDARDS. TRANSLATION SERVICES, ASSISTANCE OR ACCOMMODATION REQUESTS FROM PERSONS WITH DISABILITIES ARE TO BE REQUESTED NOT LESS THAN 3 WORKING DAYS BEFORE THE DAY OF THE EVENT. PLEASE CALL (703) 255-6304, OR 711 VIRGINIA RELAY SERVICE FOR THE HEARING IMPAIRED.",Procedural,,https://viennavadata.org/meeting/2017-05-22.html
2017-05-08,16309,"Invocation: Reverend Corey Gibson, First Baptist Church of Vienna",Procedural,,https://viennavadata.org/meeting/2017-05-08.html
2017-05-08,16310,Pledge of Allegiance to the Flag of the United States of America,Procedural,,https://viennavadata.org/meeting/2017-05-08.html
2017-05-08,16311,Roll Call,Procedural,,https://viennavadata.org/meeting/2017-05-08.html
2017-05-08,16312,Approval of the Minutes:,Minutes,,https://viennavadata.org/meeting/2017-05-08.html
2017-05-08,16331,"Approval of the Minutes of the April 17, 2017 Council Meeting.",Minutes,,https://viennavadata.org/meeting/2017-05-08.html
2017-05-08,16334,"Approval of the Minutes of the April 17, 2017 Council Meeting.",Minutes,7 Aye,https://viennavadata.org/meeting/2017-05-08.html
2017-05-08,16313,Receipt of petitions and communications from the Public,Procedural,,https://viennavadata.org/meeting/2017-05-08.html
2017-05-08,16314,Reports/Presentations,Procedural,,https://viennavadata.org/meeting/2017-05-08.html
2017-05-08,16315,Report and Inquiries of Council Members,Procedural,,https://viennavadata.org/meeting/2017-05-08.html
2017-05-08,16316,Report of the Town Manager,Procedural,,https://viennavadata.org/meeting/2017-05-08.html
2017-05-08,16317,Report of the Mayor,Procedural,,https://viennavadata.org/meeting/2017-05-08.html
2017-05-08,16318,Proposals for Additional Items to the Agenda,Procedural,,https://viennavadata.org/meeting/2017-05-08.html
2017-05-08,16319,Closed Session,Procedural,7 Aye,https://viennavadata.org/meeting/2017-05-08.html
2017-05-08,16322,Regular Business,Procedural,,https://viennavadata.org/meeting/2017-05-08.html
2017-05-08,16323,"Request approval to appropriate previously approved funds to Keller Brothers, RRMM Lukmire Architects, Triad Engineering, Inc. and contingency for the Vienna Community Center renovation and expansion project.",Parks & Recreation,7 Aye,https://viennavadata.org/meeting/2017-05-08.html
2017-05-08,16324,Request to pass Resolution and to approve the installation of a security fence at the Wall Street water storage tank and pump station.,"Water, Sewer & Stormwater",7 Aye,https://viennavadata.org/meeting/2017-05-08.html
2017-05-08,16325,Intent to Adopt the FY 2017-18 Operating Budget,"Budget, Taxes & Finance",7 Aye,https://viennavadata.org/meeting/2017-05-08.html
2017-05-08,16326,Intent to Adopt FY 2017-18 Water and Sewer Rates,"Water, Sewer & Stormwater",7 Aye,https://viennavadata.org/meeting/2017-05-08.html
2017-05-08,16327,Intent to Adopt the Real Estate Tax Rate for FY2017-18,"Budget, Taxes & Finance",7 Aye,https://viennavadata.org/meeting/2017-05-08.html
2017-05-08,16328,Meeting Adjournment,Procedural,7 Aye,https://viennavadata.org/meeting/2017-05-08.html
2017-04-24,16273,"Invocation:Reverend Garry Genser, Vienna Seventh-day Adventist Church",Procedural,,https://viennavadata.org/meeting/2017-04-24.html
2017-04-24,16274,Pledge of Allegiance to the Flag of the United States of America,Procedural,,https://viennavadata.org/meeting/2017-04-24.html
2017-04-24,16275,Roll Call,Procedural,,https://viennavadata.org/meeting/2017-04-24.html
2017-04-24,16276,Approval of the Minutes: No minutes for approval,Minutes,,https://viennavadata.org/meeting/2017-04-24.html
2017-04-24,16277,Receipt of petitions and communications from the Public,Procedural,,https://viennavadata.org/meeting/2017-04-24.html
2017-04-24,16278,Reports/Presentations,Procedural,,https://viennavadata.org/meeting/2017-04-24.html
2017-04-24,16295,Update of the I-66 Expansion Project by Susan Shaw of VDOT.,Grants & Intergovernmental,,https://viennavadata.org/meeting/2017-04-24.html
2017-04-24,16287,Proclamation for Arbor Day,Proclamations & Recognitions,7 Aye,https://viennavadata.org/meeting/2017-04-24.html
2017-04-24,16279,Report and Inquiries of Council Members,Procedural,,https://viennavadata.org/meeting/2017-04-24.html
2017-04-24,16280,Report of the Town Manager,Procedural,,https://viennavadata.org/meeting/2017-04-24.html
2017-04-24,16281,Report of the Mayor,Procedural,,https://viennavadata.org/meeting/2017-04-24.html
2017-04-24,16282,Proposals for Additional Items to the Agenda,Procedural,,https://viennavadata.org/meeting/2017-04-24.html
2017-04-24,16283,Closed Session,Procedural,"2 Abstain, 5 Aye",https://viennavadata.org/meeting/2017-04-24.html
2017-04-24,16284,Public Hearings,Procedural,,https://viennavadata.org/meeting/2017-04-24.html
2017-04-24,16293,Public Hearing for FY 2017-18 Proposed Real Estate Tax Rate,"Budget, Taxes & Finance",7 Aye,https://viennavadata.org/meeting/2017-04-24.html
2017-04-24,16290,"Public hearing continued to consider Planning Commission- and Council-recommended changes to the parking section of the Town Code Chapter 18, Article 16, Section 18-127 to Section 18-137.1, Off-Street Parking and Loading Areas","Streets, Sidewalks & Transportation","6 Aye, 1 Nay",https://viennavadata.org/meeting/2017-04-24.html
2017-04-24,16298,Regular Agenda,Procedural,,https://viennavadata.org/meeting/2017-04-24.html
2017-04-24,16292,Set public hearing to increase cigarette tax rate,"Budget, Taxes & Finance",7 Aye,https://viennavadata.org/meeting/2017-04-24.html
2017-04-24,16288,"Request to approve additional FY17 spending with J.O. Herbert Co., Inc. for traffic signal components","Streets, Sidewalks & Transportation","6 Aye, 1 Nay",https://viennavadata.org/meeting/2017-04-24.html
2017-04-24,16291,"Request approval to spend $5,450 on a sweeper attachment to go with A770 Skid-Steer Loader VRP #144",Contracts & Purchasing,7 Aye,https://viennavadata.org/meeting/2017-04-24.html
2017-04-24,16294,Request approval of an amended agreement with Fairfax County for Wolftrap Creek Stream Restoration,"Environment, Trees & Sustainability",7 Aye,https://viennavadata.org/meeting/2017-04-24.html
2017-04-24,16296,Meeting Adjournment,Procedural,,https://viennavadata.org/meeting/2017-04-24.html
2017-04-24,16297,"THE TOWN OF VIENNA IS COMMITTED TO FULL COMPLIANCE WITH THE AMERICANS WITH DISABILITIES ACT STANDARDS. TRANSLATION SERVICES, ASSISTANCE OR ACCOMMODATION REQUESTS FROM PERSONS WITH DISABILITIES ARE TO BE REQUESTED NOT LESS THAN 3 WORKING DAYS BEFORE THE DAY OF THE EVENT. PLEASE CALL (703) 255-6304, OR 711 VIRGINIA RELAY SERVICE FOR THE HEARING IMPAIRED.",Procedural,,https://viennavadata.org/meeting/2017-04-24.html
2017-04-17,16240,"Invocation: Reverend Martin Pickett, Faith Encounters Community Church",Procedural,,https://viennavadata.org/meeting/2017-04-17.html
2017-04-17,16241,Pledge of Allegiance to the Flag of the United States of America,Procedural,,https://viennavadata.org/meeting/2017-04-17.html
2017-04-17,16242,Roll Call,Procedural,,https://viennavadata.org/meeting/2017-04-17.html
2017-04-17,16243,Approval of the Minutes:,Minutes,,https://viennavadata.org/meeting/2017-04-17.html
2017-04-17,16262,"Approval of the Regular Minutes of April 3, 2017 and the Work Session Minutes of January 23, 2017.",Minutes,7 Aye,https://viennavadata.org/meeting/2017-04-17.html
2017-04-17,16244,Receipt of petitions and communications from the Public,Procedural,,https://viennavadata.org/meeting/2017-04-17.html
2017-04-17,16245,Reports/Presentations,Procedural,,https://viennavadata.org/meeting/2017-04-17.html
2017-04-17,16256,Recognition of 2016 Solarize Vienna Program for Eco-Efficient Homes.,Proclamations & Recognitions,,https://viennavadata.org/meeting/2017-04-17.html
2017-04-17,16261,Proclamation for Volunteer Recognition Day 4-18-2017.,Proclamations & Recognitions,"6 Aye, 1 Absent",https://viennavadata.org/meeting/2017-04-17.html
2017-04-17,16246,Report and Inquiries of Council Members,Procedural,,https://viennavadata.org/meeting/2017-04-17.html
2017-04-17,16247,Report of the Town Manager,Procedural,,https://viennavadata.org/meeting/2017-04-17.html
2017-04-17,16248,Report of the Mayor,Procedural,,https://viennavadata.org/meeting/2017-04-17.html
2017-04-17,16249,Proposals for Additional Items to the Agenda,Procedural,,https://viennavadata.org/meeting/2017-04-17.html
2017-04-17,16250,Closed Session,Procedural,"6 Aye, 1 Abstain",https://viennavadata.org/meeting/2017-04-17.html
2017-04-17,16251,Public Hearings,Procedural,,https://viennavadata.org/meeting/2017-04-17.html
2017-04-17,16258,Public Hearing for FY2017-18 Water and Sewer Rates,"Water, Sewer & Stormwater",7 Aye,https://viennavadata.org/meeting/2017-04-17.html
2017-04-17,16259,Public Hearing on FY 2017-2018 Proposed Budget,"Budget, Taxes & Finance",7 Aye,https://viennavadata.org/meeting/2017-04-17.html
2017-04-17,16253,Regular Business,Procedural,,https://viennavadata.org/meeting/2017-04-17.html
2017-04-17,16260,Request to increase FY17 spending with GRI Cedar Park LLC for lease of space at Cedar Park Shopping Center for the Parks and Recreation Department during the Vienna Community Center renovation and expansion project,Parks & Recreation,7 Aye,https://viennavadata.org/meeting/2017-04-17.html
2017-04-17,16254,"Request to increase funds for John Marshall Drive NW Sidewalk and Road Reconstruction, IFB 16-06.","Streets, Sidewalks & Transportation",7 Aye,https://viennavadata.org/meeting/2017-04-17.html
2017-04-17,16255,Request increased funding for Glyndon St NE Sidewalk Construction IFB 14-25,"Streets, Sidewalks & Transportation",7 Aye,https://viennavadata.org/meeting/2017-04-17.html
2017-04-17,16257,Award survey and design contract for Church Street NE Sidewalk Extension Project,"Streets, Sidewalks & Transportation",7 Aye,https://viennavadata.org/meeting/2017-04-17.html
2017-04-17,16263,Meeting Adjournment,Procedural,7 Aye,https://viennavadata.org/meeting/2017-04-17.html
2017-04-17,16264,"THE TOWN OF VIENNA IS COMMITTED TO FULL COMPLIANCE WITH THE AMERICANS WITH DISABILITIES ACT STANDARDS. TRANSLATION SERVICES, ASSISTANCE OR ACCOMMODATION REQUESTS FROM PERSONS WITH DISABILITIES ARE TO BE REQUESTED NOT LESS THAN 3 WORKING DAYS BEFORE THE DAY OF THE EVENT. PLEASE CALL (703) 255-6304, OR 711 VIRGINIA RELAY SERVICE FOR THE HEARING IMPAIRED.",Procedural,,https://viennavadata.org/meeting/2017-04-17.html
2017-04-03,16192,"Invocation: Reverend Brett Isernhagen, Epiphany United Methodist Church",Procedural,,https://viennavadata.org/meeting/2017-04-03.html
2017-04-03,16193,Pledge of Allegiance to the Flag of the United States of America,Procedural,,https://viennavadata.org/meeting/2017-04-03.html
2017-04-03,16194,Roll Call,Procedural,,https://viennavadata.org/meeting/2017-04-03.html
2017-04-03,16195,Approval of the Minutes:,Minutes,,https://viennavadata.org/meeting/2017-04-03.html
2017-04-03,16217,"Approval of the minutes of the Regular Council Meetings of February 27, 2017, March 13, 2017, and the Work Session minutes of December 12, 2016.",Minutes,,https://viennavadata.org/meeting/2017-04-03.html
2017-04-03,16196,Receipt of petitions and communications from the Public,Procedural,,https://viennavadata.org/meeting/2017-04-03.html
2017-04-03,16197,Reports/Presentations,Procedural,,https://viennavadata.org/meeting/2017-04-03.html
2017-04-03,16198,Report and Inquiries of Council Members,Procedural,,https://viennavadata.org/meeting/2017-04-03.html
2017-04-03,16199,Report of the Town Manager,Procedural,,https://viennavadata.org/meeting/2017-04-03.html
2017-04-03,16200,Report of the Mayor,Procedural,,https://viennavadata.org/meeting/2017-04-03.html
2017-04-03,16201,Proposals for Additional Items to the Agenda,Procedural,,https://viennavadata.org/meeting/2017-04-03.html
2017-04-03,16202,Closed Session,Procedural,7 Aye,https://viennavadata.org/meeting/2017-04-03.html
2017-04-03,16203,Public Hearings,Procedural,,https://viennavadata.org/meeting/2017-04-03.html
2017-04-03,16213,"Public hearing to consider Planning Commission-recommended changes to the parking section of the Town Code Chapter 18, Article 16, Section 18-127 to Sec 18-137.1, Off-Street Parking and Loading Areas","Streets, Sidewalks & Transportation",7 Aye,https://viennavadata.org/meeting/2017-04-03.html
2017-04-03,16205,Regular Business,Procedural,,https://viennavadata.org/meeting/2017-04-03.html
2017-04-03,16214,"Request to award a contract with Trialogue Studio for brand creation research and positioning statement for a cost of $38,100",Contracts & Purchasing,7 Aye,https://viennavadata.org/meeting/2017-04-03.html
2017-04-03,16216,Request approval to amend the 2016 Vienna First Night Memorandum of Understanding between the Town of Vienna and Vienna Business Association,"Community, Arts & Events",7 Aye,https://viennavadata.org/meeting/2017-04-03.html
2017-04-03,16206,Request fiscal year 2017 spending and award of IFB 17-13 for Mueller Fire Hydrants - As Needed to Water Works Supply,"Water, Sewer & Stormwater",7 Aye,https://viennavadata.org/meeting/2017-04-03.html
2017-04-03,16207,Request FY17 spending with Pavement Management Services for pavement condition rating services,"Budget, Taxes & Finance",7 Aye,https://viennavadata.org/meeting/2017-04-03.html
2017-04-03,16208,Request award of IFB 17-15 Marshall Road Sidewalk Improvements,"Streets, Sidewalks & Transportation",7 Aye,https://viennavadata.org/meeting/2017-04-03.html
2017-04-03,16209,Request to increase FY17 spending with Ferguson Waterworks for water division supplies,"Water, Sewer & Stormwater",7 Aye,https://viennavadata.org/meeting/2017-04-03.html
2017-04-03,16210,Request to increase FY17 spending with Shannon Baum Signs for road sign materials,"Budget, Taxes & Finance",7 Aye,https://viennavadata.org/meeting/2017-04-03.html
2017-04-03,16211,Request approval of Stormwater Local Assistance Fund (SLAF) Grant Agreement No. 15-23 for Wolftrap Creek Stream Restoration,"Environment, Trees & Sustainability",7 Aye,https://viennavadata.org/meeting/2017-04-03.html
2017-04-03,16212,Request to award IFB 17-16 for Maple Avenue Repaving contract,"Streets, Sidewalks & Transportation",7 Aye,https://viennavadata.org/meeting/2017-04-03.html
2017-04-03,16215,"Request to increase FY17 spending with Elswick & Elswick, dba Greentree, for tree maintenance and removal","Environment, Trees & Sustainability",7 Aye,https://viennavadata.org/meeting/2017-04-03.html
2017-04-03,16218,Meeting Adjournment,Procedural,,https://viennavadata.org/meeting/2017-04-03.html
2017-04-03,16219,"THE TOWN OF VIENNA IS COMMITTED TO FULL COMPLIANCE WITH THE AMERICANS WITH DISABILITIES ACT STANDARDS. TRANSLATION SERVICES, ASSISTANCE OR ACCOMMODATION REQUESTS FROM PERSONS WITH DISABILITIES ARE TO BE REQUESTED NOT LESS THAN 3 WORKING DAYS BEFORE THE DAY OF THE EVENT. PLEASE CALL (703) 255-6304, OR 711 VIRGINIA RELAY SERVICE FOR THE HEARING IMPAIRED.",Procedural,,https://viennavadata.org/meeting/2017-04-03.html
2017-03-13,16098,"Invocation: Reverend Corky Eddins, Christ Church Vienna",Procedural,,https://viennavadata.org/meeting/2017-03-13.html
2017-03-13,16099,Pledge of Allegiance to the Flag of the United States of America,Procedural,,https://viennavadata.org/meeting/2017-03-13.html
2017-03-13,16100,Roll Call,Procedural,,https://viennavadata.org/meeting/2017-03-13.html
2017-03-13,16101,Approval of the Minutes:,Minutes,,https://viennavadata.org/meeting/2017-03-13.html
2017-03-13,16126,"Approval of the Work Session Minutes of November 14, 2016",Minutes,7 Aye,https://viennavadata.org/meeting/2017-03-13.html
2017-03-13,16141,Receipt of petitions and communications from the Public,Procedural,,https://viennavadata.org/meeting/2017-03-13.html
2017-03-13,16142,Reports/Presentations,Procedural,,https://viennavadata.org/meeting/2017-03-13.html
2017-03-13,16143,Report and Inquiries of Council Members,Procedural,,https://viennavadata.org/meeting/2017-03-13.html
2017-03-13,16144,Report of the Town Manager,Procedural,,https://viennavadata.org/meeting/2017-03-13.html
2017-03-13,16145,Report of the Mayor,Procedural,,https://viennavadata.org/meeting/2017-03-13.html
2017-03-13,16146,Proposals for Additional Items to the Agenda,Procedural,,https://viennavadata.org/meeting/2017-03-13.html
2017-03-13,16147,Closed Session,Procedural,7 Aye,https://viennavadata.org/meeting/2017-03-13.html
2017-03-13,16139,Regular Business,Procedural,,https://viennavadata.org/meeting/2017-03-13.html
2017-03-13,16128,Adoption of Multi-Jurisdictional Hazardous Mitigation Plan Update,"Environment, Trees & Sustainability",7 Aye,https://viennavadata.org/meeting/2017-03-13.html
2017-03-13,16130,New World Upgrade,Contracts & Purchasing,"6 Aye, 1 Nay",https://viennavadata.org/meeting/2017-03-13.html
2017-03-13,16135,Review and approval of artist contract for “Taking Flight” public art statue.,"Community, Arts & Events",7 Aye,https://viennavadata.org/meeting/2017-03-13.html
2017-03-13,16136,Request approval for installation of the “Taking Flight” public art statue at the Vienna Community Center,Parks & Recreation,7 Aye,https://viennavadata.org/meeting/2017-03-13.html
2017-03-13,16127,"Request Approval of Instructor/Contractors For Parks And Recreation Classes Through June 30, 2017 In Excess Of $20,000 Per Terms And Conditions of RFP 15-01.",Parks & Recreation,7 Aye,https://viennavadata.org/meeting/2017-03-13.html
2017-03-13,16137,"Request approval to award contract to Total Mobility, LLD dba 101 Mobility for replacement of a vertical lift at the Bowman House.",Contracts & Purchasing,7 Aye,https://viennavadata.org/meeting/2017-03-13.html
2017-03-13,16129,Intent to Adopt Amendments to the 2016-17 Budget,"Budget, Taxes & Finance",7 Aye,https://viennavadata.org/meeting/2017-03-13.html
2017-03-13,16131,Request to Set a Public Hearing for the FY18 Operating Budget,"Budget, Taxes & Finance",7 Aye,https://viennavadata.org/meeting/2017-03-13.html
2017-03-13,16132,Request to Set Public Hearing for Proposed Water & Sewer Rates,"Water, Sewer & Stormwater",7 Aye,https://viennavadata.org/meeting/2017-03-13.html
2017-03-13,16133,Request to Set a Public Hearing for the FY18 Real Estate Tax Rate,"Budget, Taxes & Finance",7 Aye,https://viennavadata.org/meeting/2017-03-13.html
2017-03-13,16134,"Schedule a public hearing on April 3, 2017 to consider draft Planning Commission-recommended changes to the parking section of the Zoning Ordinance.","Land Use, Zoning & Development",7 Aye,https://viennavadata.org/meeting/2017-03-13.html
2017-03-13,16148,Meeting Adjournment,Procedural,,https://viennavadata.org/meeting/2017-03-13.html
2017-03-13,16125,"THE TOWN OF VIENNA IS COMMITTED TO FULL COMPLIANCE WITH THE AMERICANS WITH DISABILITIES ACT STANDARDS. TRANSLATION SERVICES, ASSISTANCE OR ACCOMMODATION REQUESTS FROM PERSONS WITH DISABILITIES ARE TO BE REQUESTED NOT LESS THAN 3 WORKING DAYS BEFORE THE DAY OF THE EVENT. PLEASE CALL (703) 255-6304, OR 711 VIRGINIA RELAY SERVICE FOR THE HEARING IMPAIRED.",Procedural,,https://viennavadata.org/meeting/2017-03-13.html
2017-02-06,15995,"Invocation: Reverend Craig Burns, Vienna Assembly of God",Procedural,,https://viennavadata.org/meeting/2017-02-06.html
2017-02-06,15996,Pledge of Allegiance to the Flag of the United States of America,Procedural,,https://viennavadata.org/meeting/2017-02-06.html
2017-02-06,15997,Roll Call,Procedural,,https://viennavadata.org/meeting/2017-02-06.html
2017-02-06,15998,Approval of the Minutes:,Minutes,,https://viennavadata.org/meeting/2017-02-06.html
2017-02-06,16011,"Approval of the Minutes of the Regular Council Meeting of January 30, 2017.",Minutes,7 Aye,https://viennavadata.org/meeting/2017-02-06.html
2017-02-06,15999,Receipt of petitions and communications from the Public,Procedural,,https://viennavadata.org/meeting/2017-02-06.html
2017-02-06,16000,Reports/Presentations,Procedural,,https://viennavadata.org/meeting/2017-02-06.html
2017-02-06,16001,Report and Inquiries of Council Members,Procedural,,https://viennavadata.org/meeting/2017-02-06.html
2017-02-06,16002,Report of the Town Manager,Procedural,,https://viennavadata.org/meeting/2017-02-06.html
2017-02-06,16003,Report of the Mayor,Procedural,,https://viennavadata.org/meeting/2017-02-06.html
2017-02-06,16004,Proposals for Additional Items to the Agenda,Procedural,,https://viennavadata.org/meeting/2017-02-06.html
2017-02-06,16005,Closed Session,Procedural,7 Aye,https://viennavadata.org/meeting/2017-02-06.html
2017-02-06,16008,Regular Business,Procedural,,https://viennavadata.org/meeting/2017-02-06.html
2017-02-06,16009,Adoption of the Deferred Compensation Plan [457(b)] of the Commonwealth of Virginia,Grants & Intergovernmental,7 Aye,https://viennavadata.org/meeting/2017-02-06.html
2017-02-06,16010,Increase funds for the Vienna Community Center renovation and expansion project,Parks & Recreation,7 Aye,https://viennavadata.org/meeting/2017-02-06.html
2017-02-06,16050,Resolution supporting re-districting Reform,Grants & Intergovernmental,7 Aye,https://viennavadata.org/meeting/2017-02-06.html
2017-02-06,16013,"THE TOWN OF VIENNA IS COMMITTED TO FULL COMPLIANCE WITH THE AMERICANS WITH DISABILITIES ACT STANDARDS. TRANSLATION SERVICES, ASSISTANCE OR ACCOMMODATION REQUESTS FROM PERSONS WITH DISABILITIES ARE TO BE REQUESTED NOT LESS THAN 3 WORKING DAYS BEFORE THE DAY OF THE EVENT. PLEASE CALL (703) 255-6304, OR 711 VIRGINIA RELAY SERVICE FOR THE HEARING IMPAIRED.",Procedural,,https://viennavadata.org/meeting/2017-02-06.html
2017-02-06,16051,Resolution opposing SB1282,Grants & Intergovernmental,7 Aye,https://viennavadata.org/meeting/2017-02-06.html
2017-02-06,16043,Closed Session,Procedural,7 Aye,https://viennavadata.org/meeting/2017-02-06.html
2017-02-06,16012,Meeting Adjournment,Procedural,,https://viennavadata.org/meeting/2017-02-06.html
2017-01-30,15968,"Invocation: Reverend Garry Genser, Vienna Seventh-day Adventist Church",Procedural,,https://viennavadata.org/meeting/2017-01-30.html
2017-01-30,15969,Pledge of Allegiance to the Flag of the United States of America,Procedural,,https://viennavadata.org/meeting/2017-01-30.html
2017-01-30,15970,Roll Call,Procedural,,https://viennavadata.org/meeting/2017-01-30.html
2017-01-30,15971,Approval of the Minutes:,Minutes,,https://viennavadata.org/meeting/2017-01-30.html
2017-01-30,15988,"Approval of the minutes of the Regular Council Meeting of December 5, 2016, January 9, 2017 and the Work Session Minutes of October 17, 2016.",Minutes,7 Aye,https://viennavadata.org/meeting/2017-01-30.html
2017-01-30,15972,Receipt of petitions and communications from the Public,Procedural,,https://viennavadata.org/meeting/2017-01-30.html
2017-01-30,15973,Reports/Presentations,Procedural,,https://viennavadata.org/meeting/2017-01-30.html
2017-01-30,15974,Report and Inquiries of Council Members,Procedural,,https://viennavadata.org/meeting/2017-01-30.html
2017-01-30,15975,Report of the Town Manager,Procedural,,https://viennavadata.org/meeting/2017-01-30.html
2017-01-30,15976,Report of the Mayor,Procedural,,https://viennavadata.org/meeting/2017-01-30.html
2017-01-30,15977,Proposals for Additional Items to the Agenda,Procedural,,https://viennavadata.org/meeting/2017-01-30.html
2017-01-30,15978,Closed Session,Procedural,7 Aye,https://viennavadata.org/meeting/2017-01-30.html
2017-01-30,15981,Regular Business,Procedural,,https://viennavadata.org/meeting/2017-01-30.html
2017-01-30,15984,Request to Procure Upgraded HD Encoder/Recorder for Granicus Archive Videos,Contracts & Purchasing,7 Aye,https://viennavadata.org/meeting/2017-01-30.html
2017-01-30,15987,"Request for approval of a Modification and Addendum to Contract IFB 16-04, construction contract with Keller Brothers Inc. for the Vienna Community Center renovation and expansion related to the substantial completion date and associated general conditions payment claims.",Parks & Recreation,7 Aye,https://viennavadata.org/meeting/2017-01-30.html
2017-01-30,15986,Request to approve additional FY17 spending with HD Supply.,"Budget, Taxes & Finance",7 Aye,https://viennavadata.org/meeting/2017-01-30.html
2017-01-30,15982,"Increase funds for Follin Lane Construction Contract with Jeffery Stack, Inc., IFB 16-02",Contracts & Purchasing,7 Aye,https://viennavadata.org/meeting/2017-01-30.html
2017-01-30,15983,Request to increase spending with Meridian Enterprise Office Solutions for scanning services,"Budget, Taxes & Finance",7 Aye,https://viennavadata.org/meeting/2017-01-30.html
2017-01-30,15985,Set a Public Hearing to amend General Fund and Water and Sewer Fund Budgets for Capital Lease Proceeds and Vehicle Purchases,"Water, Sewer & Stormwater",7 Aye,https://viennavadata.org/meeting/2017-01-30.html
2017-01-30,15992,Second Closed Session,Procedural,7 Aye,https://viennavadata.org/meeting/2017-01-30.html
2017-01-30,15989,Meeting Adjournment,Procedural,,https://viennavadata.org/meeting/2017-01-30.html
2017-01-30,15990,"THE TOWN OF VIENNA IS COMMITTED TO FULL COMPLIANCE WITH THE AMERICANS WITH DISABILITIES ACT STANDARDS. TRANSLATION SERVICES, ASSISTANCE OR ACCOMMODATION REQUESTS FROM PERSONS WITH DISABILITIES ARE TO BE REQUESTED NOT LESS THAN 3 WORKING DAYS BEFORE THE DAY OF THE EVENT. PLEASE CALL (703) 255-6304, OR 711 VIRGINIA RELAY SERVICE FOR THE HEARING IMPAIRED.",Procedural,,https://viennavadata.org/meeting/2017-01-30.html
2017-01-09,15920,"Invocation: Reverend Johnny Kurcina, Christ Church Vienna",Procedural,,https://viennavadata.org/meeting/2017-01-09.html
2017-01-09,15921,Pledge of Allegiance to the Flag of the United States of America,Procedural,,https://viennavadata.org/meeting/2017-01-09.html
2017-01-09,15922,Roll Call,Procedural,,https://viennavadata.org/meeting/2017-01-09.html
2017-01-09,15923,Approval of the Minutes:,Minutes,,https://viennavadata.org/meeting/2017-01-09.html
2017-01-09,15941,"Approval of the Minutes of the Regular Meeting of November 21, 2016.",Minutes,7 Aye,https://viennavadata.org/meeting/2017-01-09.html
2017-01-09,15924,Receipt of petitions and communications from the Public,Procedural,,https://viennavadata.org/meeting/2017-01-09.html
2017-01-09,15925,Reports/Presentations,Procedural,,https://viennavadata.org/meeting/2017-01-09.html
2017-01-09,15937,Presentation of Comprehensive Annual Financial Report,"Budget, Taxes & Finance",,https://viennavadata.org/meeting/2017-01-09.html
2017-01-09,15936,Presentation on Employee 457 Deferred Compensation Plan Conversion.,Governance & Administration,,https://viennavadata.org/meeting/2017-01-09.html
2017-01-09,15926,Report and Inquiries of Council Members,Procedural,,https://viennavadata.org/meeting/2017-01-09.html
2017-01-09,15927,Report of the Town Manager,Procedural,,https://viennavadata.org/meeting/2017-01-09.html
2017-01-09,15928,Report of the Mayor,Procedural,,https://viennavadata.org/meeting/2017-01-09.html
2017-01-09,15929,Proposals for Additional Items to the Agenda,Procedural,,https://viennavadata.org/meeting/2017-01-09.html
2017-01-09,15930,Closed Session,Procedural,7 Aye,https://viennavadata.org/meeting/2017-01-09.html
2017-01-09,15933,Regular Business,Procedural,,https://viennavadata.org/meeting/2017-01-09.html
2017-01-09,15935,Request approval of the Vienna Sustainability Challenge,"Environment, Trees & Sustainability",7 Aye,https://viennavadata.org/meeting/2017-01-09.html
2017-01-09,15934,Request to purchase a Monroe anti-icing system (brine system spreader),Contracts & Purchasing,7 Aye,https://viennavadata.org/meeting/2017-01-09.html
2017-01-09,15939,"Award professional services contract to Urban, LTD for provision of project management services for the Community Center Renovation and Expansion Project",Parks & Recreation,7 Aye,https://viennavadata.org/meeting/2017-01-09.html
2017-01-09,15940,"Defer Public Hearings originally set for January 9, 2017 to a later date to be determined by staff, to consider Zoning Ordinance - Chapter 18 amendments to the RM-2 Zone, Definitions, and Parking Requirements.","Land Use, Zoning & Development",7 Aye,https://viennavadata.org/meeting/2017-01-09.html
2017-01-09,15938,Intent to adopt Zoning Ordinance amendments to the Maple Avenue Commercial Zone (MAC),"Land Use, Zoning & Development",7 Aye,https://viennavadata.org/meeting/2017-01-09.html
2017-01-09,15942,Meeting Adjournment,Procedural,7 Aye,https://viennavadata.org/meeting/2017-01-09.html
2017-01-09,15943,"THE TOWN OF VIENNA IS COMMITTED TO FULL COMPLIANCE WITH THE AMERICANS WITH DISABILITIES ACT STANDARDS. TRANSLATION SERVICES, ASSISTANCE OR ACCOMMODATION REQUESTS FROM PERSONS WITH DISABILITIES ARE TO BE REQUESTED NOT LESS THAN 3 WORKING DAYS BEFORE THE DAY OF THE EVENT. PLEASE CALL (703) 255-6304, OR 711 VIRGINIA RELAY SERVICE FOR THE HEARING IMPAIRED.",Procedural,,https://viennavadata.org/meeting/2017-01-09.html
2016-12-05,15895,"Invocation: Stan Merrick, Local Spiritual Assembly of the Baha'is",Procedural,,https://viennavadata.org/meeting/2016-12-05.html
2016-12-05,15875,Pledge of Allegiance to the Flag of the United States of America,Procedural,,https://viennavadata.org/meeting/2016-12-05.html
2016-12-05,15876,Roll Call,Procedural,,https://viennavadata.org/meeting/2016-12-05.html
2016-12-05,15877,Approval of the Minutes: No minutes for approval,Minutes,,https://viennavadata.org/meeting/2016-12-05.html
2016-12-05,15878,Receipt of petitions and communications from the Public,Procedural,,https://viennavadata.org/meeting/2016-12-05.html
2016-12-05,15879,Reports/Presentations,Procedural,,https://viennavadata.org/meeting/2016-12-05.html
2016-12-05,15891,Presentation of the Fairfax County Environmental Excellence Award,"Environment, Trees & Sustainability",,https://viennavadata.org/meeting/2016-12-05.html
2016-12-05,15880,Report and Inquiries of Council Members,Procedural,,https://viennavadata.org/meeting/2016-12-05.html
2016-12-05,15881,Report of the Town Manager,Procedural,,https://viennavadata.org/meeting/2016-12-05.html
2016-12-05,15882,Report of the Mayor,Procedural,,https://viennavadata.org/meeting/2016-12-05.html
2016-12-05,15883,Proposals for Additional Items to the Agenda,Procedural,,https://viennavadata.org/meeting/2016-12-05.html
2016-12-05,15884,Closed Session,Procedural,7 Aye,https://viennavadata.org/meeting/2016-12-05.html
2016-12-05,15885,Public Hearings,Procedural,,https://viennavadata.org/meeting/2016-12-05.html
2016-12-05,15889,Public hearing to consider Zoning Ordinance amendments to the Maple Avenue Commercial Zone (MAC),"Land Use, Zoning & Development",7 Aye,https://viennavadata.org/meeting/2016-12-05.html
2016-12-05,15887,Regular Business,Procedural,,https://viennavadata.org/meeting/2016-12-05.html
2016-12-05,15892,The Fairfax County School Board (FFCSB) seeks approval to provide an additional public-use trailer as a temporary classroom at Cedar Lane School. The school is located at 101 Cedar Lane SW and is further identified as Fairfax County Tax Map Parcel 49-1-(2)-3.,"Budget, Taxes & Finance",7 Aye,https://viennavadata.org/meeting/2016-12-05.html
2016-12-05,15888,Approve FY17 spending with Espina Paving Inc.,"Streets, Sidewalks & Transportation",7 Aye,https://viennavadata.org/meeting/2016-12-05.html
2016-12-05,15890,The Vienna Public Art Commission requests approval for deposit on a public art piece to honor Mayor M. Jane Seeman and all Vienna volunteers.,Proclamations & Recognitions,7 Aye,https://viennavadata.org/meeting/2016-12-05.html
2016-12-05,15893,Authorize Expenditure of Funds for Expert Consultants in a Matter Related to Potential Litigation.,Contracts & Purchasing,,https://viennavadata.org/meeting/2016-12-05.html
2016-12-05,15916,Authorize Expenditure of Funds for Expert Consultants in a Matter Related to Potential Litigation.,Contracts & Purchasing,7 Aye,https://viennavadata.org/meeting/2016-12-05.html
2016-12-05,15894,Meeting Adjournment,Procedural,,https://viennavadata.org/meeting/2016-12-05.html
2016-11-21,15842,"Invocation: Rev. Brenda L. Burns, Licensed Minister, Assemblies of God",Procedural,,https://viennavadata.org/meeting/2016-11-21.html
2016-11-21,15843,Pledge of Allegiance to the Flag of the United States of America,Procedural,,https://viennavadata.org/meeting/2016-11-21.html
2016-11-21,15844,Roll Call,Procedural,,https://viennavadata.org/meeting/2016-11-21.html
2016-11-21,15845,Approval of the Minutes:,Minutes,,https://viennavadata.org/meeting/2016-11-21.html
2016-11-21,15867,"Approval of the Minutes of the Regular Council Meeting of October 24, 2016 and November 7, 2016.",Minutes,7 Aye,https://viennavadata.org/meeting/2016-11-21.html
2016-11-21,15846,Receipt of petitions and communications from the Public,Procedural,,https://viennavadata.org/meeting/2016-11-21.html
2016-11-21,15847,Reports/Presentations,Procedural,,https://viennavadata.org/meeting/2016-11-21.html
2016-11-21,15870,Bicycle Friendly Community Designation Award,"Streets, Sidewalks & Transportation",,https://viennavadata.org/meeting/2016-11-21.html
2016-11-21,15848,Report and Inquiries of Council Members,Procedural,,https://viennavadata.org/meeting/2016-11-21.html
2016-11-21,15849,Report of the Town Manager,Procedural,,https://viennavadata.org/meeting/2016-11-21.html
2016-11-21,15850,Report of the Mayor,Procedural,,https://viennavadata.org/meeting/2016-11-21.html
2016-11-21,15851,Proposals for Additional Items to the Agenda,Procedural,,https://viennavadata.org/meeting/2016-11-21.html
2016-11-21,15852,Closed Session,Procedural,7 Aye,https://viennavadata.org/meeting/2016-11-21.html
2016-11-21,15855,Regular Business,Procedural,,https://viennavadata.org/meeting/2016-11-21.html
2016-11-21,15866,Receipt of Public Comment and Input for the 2017 Legislative Agenda,Grants & Intergovernmental,7 Aye,https://viennavadata.org/meeting/2016-11-21.html
2016-11-21,15864,The Fairfax County School Board (FFCSB) seeks approval to provide an additional public-use trailer as a temporary classroom at Cedar Lane School. The school is located at 101 Cedar Lane SW and is further identified as Fairfax County Tax Map Parcel 49-1-(2)-3.,"Budget, Taxes & Finance",7 Aye,https://viennavadata.org/meeting/2016-11-21.html
2016-11-21,15865,Re-set a public hearing for Zoning Ordinance amendments to the MAC,"Land Use, Zoning & Development",7 Aye,https://viennavadata.org/meeting/2016-11-21.html
2016-11-21,15862,"Request to set a Public Hearing for Zoning Ordinance amendments to RM-2 Zone Definitions and Parking Requirements for January 9, 2017","Land Use, Zoning & Development","6 Aye, 1 Nay",https://viennavadata.org/meeting/2016-11-21.html
2016-11-21,15856,Request approval of a vehicle addition and purchase within the Vehicle Replacement Program,Contracts & Purchasing,"5 Aye, 2 Nay",https://viennavadata.org/meeting/2016-11-21.html
2016-11-21,15857,Purchase McCain Traffic Controllers and GPS modules for traffic signals,"Streets, Sidewalks & Transportation",7 Aye,https://viennavadata.org/meeting/2016-11-21.html
2016-11-21,15858,Request to increase funds for Glyndon Street NE Drainage Study,"Water, Sewer & Stormwater",7 Aye,https://viennavadata.org/meeting/2016-11-21.html
2016-11-21,15859,Request approval of vehicle purchases within the Vehicle Replacement Program,Contracts & Purchasing,7 Aye,https://viennavadata.org/meeting/2016-11-21.html
2016-11-21,15860,Request to increase funds for Nutley Street and Courthouse Road Signal and Sidewalk,"Streets, Sidewalks & Transportation",7 Aye,https://viennavadata.org/meeting/2016-11-21.html
2016-11-21,15861,Request Additional Funds for Tyler Munis Utility Billing Conversion,Contracts & Purchasing,7 Aye,https://viennavadata.org/meeting/2016-11-21.html
2016-11-21,15863,Request for additional experienced accounting staff from Robert Half/Accountemps Company,Governance & Administration,7 Aye,https://viennavadata.org/meeting/2016-11-21.html
2016-11-21,15948,Second Closed Session,Procedural,7 Aye,https://viennavadata.org/meeting/2016-11-21.html
2016-11-21,15868,Meeting Adjournment,Procedural,,https://viennavadata.org/meeting/2016-11-21.html
2016-11-21,15869,"THE TOWN OF VIENNA IS COMMITTED TO FULL COMPLIANCE WITH THE AMERICANS WITH DISABILITIES ACT STANDARDS. TRANSLATION SERVICES, ASSISTANCE OR ACCOMMODATION REQUESTS FROM PERSONS WITH DISABILITIES ARE TO BE REQUESTED NOT LESS THAN 3 WORKING DAYS BEFORE THE DAY OF THE EVENT. PLEASE CALL (703) 255-6304, OR 711 VIRGINIA RELAY SERVICE FOR THE HEARING IMPAIRED.",Procedural,,https://viennavadata.org/meeting/2016-11-21.html
2016-11-07,15799,Invocation: The Local Spiritual Assembly of the Baha'is.,Procedural,,https://viennavadata.org/meeting/2016-11-07.html
2016-11-07,15800,Pledge of Allegiance to the Flag of the United States of America,Procedural,,https://viennavadata.org/meeting/2016-11-07.html
2016-11-07,15801,Roll Call,Procedural,,https://viennavadata.org/meeting/2016-11-07.html
2016-11-07,15802,Approval of the Minutes: No minutes for approval,Minutes,,https://viennavadata.org/meeting/2016-11-07.html
2016-11-07,15803,Receipt of petitions and communications from the Public,Procedural,,https://viennavadata.org/meeting/2016-11-07.html
2016-11-07,15804,Reports/Presentations,Procedural,,https://viennavadata.org/meeting/2016-11-07.html
2016-11-07,15820,2016 Halloween Parade Awards,Proclamations & Recognitions,,https://viennavadata.org/meeting/2016-11-07.html
2016-11-07,15805,Report and Inquiries of Council Members,Procedural,,https://viennavadata.org/meeting/2016-11-07.html
2016-11-07,15806,Report of the Town Manager,Procedural,,https://viennavadata.org/meeting/2016-11-07.html
2016-11-07,15807,Report of the Mayor,Procedural,,https://viennavadata.org/meeting/2016-11-07.html
2016-11-07,15808,Proposals for Additional Items to the Agenda,Procedural,,https://viennavadata.org/meeting/2016-11-07.html
2016-11-07,15809,Closed Session,Procedural,"6 Aye, 1 Absent",https://viennavadata.org/meeting/2016-11-07.html
2016-11-07,15812,Regular Business,Procedural,,https://viennavadata.org/meeting/2016-11-07.html
2016-11-07,15814,Request Council appropriation of FY 2015-16 encumbrance balances and carry-forward funds into the FY 2016-17 General Fund budget,"Budget, Taxes & Finance","6 Aye, 1 Absent",https://viennavadata.org/meeting/2016-11-07.html
2016-11-07,15813,Intent to Adopt FY2016-17 Water and Sewer Rates,"Water, Sewer & Stormwater","6 Aye, 1 Absent",https://viennavadata.org/meeting/2016-11-07.html
2016-11-07,15816,Intent to adopt amended Planning and Zoning Development Review Fees,"Land Use, Zoning & Development","6 Aye, 1 Absent",https://viennavadata.org/meeting/2016-11-07.html
2016-11-07,15815,"The Fairfax County School Board (FFCSB) seeks approval to provide an additional public-use trailer as a temporary classroom at Cedar Lane School.  The school is located at 101 Cedar Lane, SW and is further identified as Fairfax County Tax Map Parcel 49-1-(2)-3.","Budget, Taxes & Finance","5 Aye, 1 Absent, 1 Nay",https://viennavadata.org/meeting/2016-11-07.html
2016-11-07,15817,Request to approve amended cooperative agreement with Fairfax County to share stormwater service district fees,"Water, Sewer & Stormwater","6 Aye, 1 Absent",https://viennavadata.org/meeting/2016-11-07.html
2016-11-07,15818,Meeting Adjournment,Procedural,,https://viennavadata.org/meeting/2016-11-07.html
2016-11-07,15819,"THE TOWN OF VIENNA IS COMMITTED TO FULL COMPLIANCE WITH THE AMERICANS WITH DISABILITIES ACT STANDARDS. TRANSLATION SERVICES, ASSISTANCE OR ACCOMMODATION REQUESTS FROM PERSONS WITH DISABILITIES ARE TO BE REQUESTED NOT LESS THAN 3 WORKING DAYS BEFORE THE DAY OF THE EVENT. PLEASE CALL (703) 255-6304, OR 711 VIRGINIA RELAY SERVICE FOR THE HEARING IMPAIRED.",Procedural,,https://viennavadata.org/meeting/2016-11-07.html
2016-10-24,15771,"Invocation: Reverend Craig Burns, Vienna Assembly of God",Procedural,,https://viennavadata.org/meeting/2016-10-24.html
2016-10-24,15772,Pledge of Allegiance to the Flag of the United States of America,Procedural,,https://viennavadata.org/meeting/2016-10-24.html
2016-10-24,15773,Roll Call,Procedural,,https://viennavadata.org/meeting/2016-10-24.html
2016-10-24,15774,Approval of the Minutes:,Minutes,,https://viennavadata.org/meeting/2016-10-24.html
2016-10-24,15794,"Approval of Minutes for the Regular Council Meeting of October 3, 2016 and the Work Session of September 19, 2016.",Minutes,7 Aye,https://viennavadata.org/meeting/2016-10-24.html
2016-10-24,15775,Receipt of petitions and communications from the Public,Procedural,,https://viennavadata.org/meeting/2016-10-24.html
2016-10-24,15776,Reports/Presentations,Procedural,,https://viennavadata.org/meeting/2016-10-24.html
2016-10-24,15785,Recognition of Vienna State Champions.,Proclamations & Recognitions,,https://viennavadata.org/meeting/2016-10-24.html
2016-10-24,15777,Report and Inquiries of Council Members,Procedural,,https://viennavadata.org/meeting/2016-10-24.html
2016-10-24,15778,Report of the Town Manager,Procedural,,https://viennavadata.org/meeting/2016-10-24.html
2016-10-24,15779,Report of the Mayor,Procedural,,https://viennavadata.org/meeting/2016-10-24.html
2016-10-24,15780,Proposals for Additional Items to the Agenda,Procedural,,https://viennavadata.org/meeting/2016-10-24.html
2016-10-24,15781,Closed Session,Procedural,,https://viennavadata.org/meeting/2016-10-24.html
2016-10-24,15782,Public Hearings,Procedural,,https://viennavadata.org/meeting/2016-10-24.html
2016-10-24,15792,Public Hearing for Intent to Adopt FY2016-17 Water and Sewer Rates.,"Water, Sewer & Stormwater",7 Aye,https://viennavadata.org/meeting/2016-10-24.html
2016-10-24,15791,Public Hearing to consider amending Planning and Zoning Development Review Fees,"Land Use, Zoning & Development",7 Aye,https://viennavadata.org/meeting/2016-10-24.html
2016-10-24,15784,Regular Business,Procedural,,https://viennavadata.org/meeting/2016-10-24.html
2016-10-24,15793,Setting a public hearing for Zoning Ordinance amendments to the MAC,"Land Use, Zoning & Development",7 Aye,https://viennavadata.org/meeting/2016-10-24.html
2016-10-24,15795,"Proposed amendments to the Town of Vienna Zoning Code, Sec. 18-248 - Protest against proposed change","Land Use, Zoning & Development",7 Aye,https://viennavadata.org/meeting/2016-10-24.html
2016-10-24,15786,Request to award traffic engineering services for Signal Modification Plans at Maple Avenue and Park Street to Rinker Design and Associations (RDA),Parks & Recreation,7 Aye,https://viennavadata.org/meeting/2016-10-24.html
2016-10-24,15787,"Request to award IFB 17-06 and request FY17 spending with RJ Merkel, Inc. for Traffic Marking","Streets, Sidewalks & Transportation",7 Aye,https://viennavadata.org/meeting/2016-10-24.html
2016-10-24,15788,"Request approval to spend an additional $3,200 for an upgraded trailer for VRP vehicle #101.",Contracts & Purchasing,7 Aye,https://viennavadata.org/meeting/2016-10-24.html
2016-10-24,15789,Request to approve amended cooperative agreement with Fairfax County to share stormwater service district fees,"Water, Sewer & Stormwater",7 Aye,https://viennavadata.org/meeting/2016-10-24.html
2016-10-24,15790,Request to Set a Public Hearing for the 2017 Legislative Agenda,Grants & Intergovernmental,7 Aye,https://viennavadata.org/meeting/2016-10-24.html
2016-10-24,15871,Second Closed Session,Procedural,7 Aye,https://viennavadata.org/meeting/2016-10-24.html
2016-10-24,15796,Meeting Adjournment,Procedural,,https://viennavadata.org/meeting/2016-10-24.html
2016-10-24,15797,"THE TOWN OF VIENNA IS COMMITTED TO FULL COMPLIANCE WITH THE AMERICANS WITH DISABILITIES ACT STANDARDS. TRANSLATION SERVICES, ASSISTANCE OR ACCOMMODATION REQUESTS FROM PERSONS WITH DISABILITIES ARE TO BE REQUESTED NOT LESS THAN 3 WORKING DAYS BEFORE THE DAY OF THE EVENT. PLEASE CALL (703) 255-6304, OR 711 VIRGINIA RELAY SERVICE FOR THE HEARING IMPAIRED.",Procedural,,https://viennavadata.org/meeting/2016-10-24.html
2016-10-03,15722,"Invocation: Reverend Corky Eddins, Christ Church Vienna",Procedural,,https://viennavadata.org/meeting/2016-10-03.html
2016-10-03,15723,Pledge of Allegiance to the Flag of the United States of America,Procedural,,https://viennavadata.org/meeting/2016-10-03.html
2016-10-03,15724,Roll Call,Procedural,,https://viennavadata.org/meeting/2016-10-03.html
2016-10-03,15725,Approval of the Minutes:,Minutes,,https://viennavadata.org/meeting/2016-10-03.html
2016-10-03,15746,"Approval of the Regular Council Meeting minutes of September 26, 2016",Minutes,7 Aye,https://viennavadata.org/meeting/2016-10-03.html
2016-10-03,15726,Receipt of petitions and communications from the Public,Procedural,,https://viennavadata.org/meeting/2016-10-03.html
2016-10-03,15727,Reports/Presentations,Procedural,,https://viennavadata.org/meeting/2016-10-03.html
2016-10-03,15728,Report and Inquiries of Council Members,Procedural,,https://viennavadata.org/meeting/2016-10-03.html
2016-10-03,15729,Report of the Town Manager,Procedural,,https://viennavadata.org/meeting/2016-10-03.html
2016-10-03,15730,Report of the Mayor,Procedural,,https://viennavadata.org/meeting/2016-10-03.html
2016-10-03,15731,Proposals for Additional Items to the Agenda,Procedural,,https://viennavadata.org/meeting/2016-10-03.html
2016-10-03,15768,Report of the Town Attorney,Procedural,,https://viennavadata.org/meeting/2016-10-03.html
2016-10-03,15732,Closed Session,Procedural,7 Aye,https://viennavadata.org/meeting/2016-10-03.html
2016-10-03,15735,Regular Business,Procedural,,https://viennavadata.org/meeting/2016-10-03.html
2016-10-03,15742,Request approval to hold the Solarize NOVA program,"Environment, Trees & Sustainability",7 Aye,https://viennavadata.org/meeting/2016-10-03.html
2016-10-03,15743,2017 Town Council & Budget Calendar Dates,"Budget, Taxes & Finance",7 Aye,https://viennavadata.org/meeting/2016-10-03.html
2016-10-03,15736,"Request approval for spending $135,000 with AM-Liner East, Inc. for rehabilitation of sanitary sewer pipes throughout the service area.","Water, Sewer & Stormwater",7 Aye,https://viennavadata.org/meeting/2016-10-03.html
2016-10-03,15737,Request FY17 spending with Arthur Construction,"Budget, Taxes & Finance",7 Aye,https://viennavadata.org/meeting/2016-10-03.html
2016-10-03,15738,"Request approval to spend $9,785 on an 84” snow blower to go with VRP #144.",Contracts & Purchasing,7 Aye,https://viennavadata.org/meeting/2016-10-03.html
2016-10-03,15739,Request award of IFB 17-07 Mill Street NE Reconstruction,"Streets, Sidewalks & Transportation",7 Aye,https://viennavadata.org/meeting/2016-10-03.html
2016-10-03,15740,Approve FY18 VDOT Revenue Sharing Resolutions,"Budget, Taxes & Finance",7 Aye,https://viennavadata.org/meeting/2016-10-03.html
2016-10-03,15741,Approve FY18 Transportation Alternative Project Funding Resolutions,"Streets, Sidewalks & Transportation",7 Aye,https://viennavadata.org/meeting/2016-10-03.html
2016-10-03,15745,"THE TOWN OF VIENNA IS COMMITTED TO FULL COMPLIANCE WITH THE AMERICANS WITH DISABILITIES ACT STANDARDS. TRANSLATION SERVICES, ASSISTANCE OR ACCOMMODATION REQUESTS FROM PERSONS WITH DISABILITIES ARE TO BE REQUESTED NOT LESS THAN 3 WORKING DAYS BEFORE THE DAY OF THE EVENT. PLEASE CALL (703) 255-6304, OR 711 VIRGINIA RELAY SERVICE FOR THE HEARING IMPAIRED.",Procedural,,https://viennavadata.org/meeting/2016-10-03.html
2016-10-03,15770,Second Closed Session,Procedural,7 Aye,https://viennavadata.org/meeting/2016-10-03.html
2016-10-03,15744,Meeting Adjournment,Procedural,7 (no value recorded),https://viennavadata.org/meeting/2016-10-03.html
2016-09-26,15684,Invocation:  Mrs. Kelly Yazdani and her son Noah Yazdani of the Local Spiritual Assembly of the Baha'is of the Town of Vienna,Procedural,,https://viennavadata.org/meeting/2016-09-26.html
2016-09-26,15685,Pledge of Allegiance to the Flag of the United States of America,Procedural,,https://viennavadata.org/meeting/2016-09-26.html
2016-09-26,15686,Roll Call,Procedural,,https://viennavadata.org/meeting/2016-09-26.html
2016-09-26,15687,Approval of the Minutes:,Minutes,,https://viennavadata.org/meeting/2016-09-26.html
2016-09-26,15702,"Approval of the Regular Meeting Minutes of September 12, 2016.",Minutes,7 Aye,https://viennavadata.org/meeting/2016-09-26.html
2016-09-26,15688,Receipt of petitions and communications from the Public,Procedural,,https://viennavadata.org/meeting/2016-09-26.html
2016-09-26,15689,Reports/Presentations,Procedural,,https://viennavadata.org/meeting/2016-09-26.html
2016-09-26,15690,Report and Inquiries of Council Members,Procedural,,https://viennavadata.org/meeting/2016-09-26.html
2016-09-26,15691,Report of the Town Manager,Procedural,,https://viennavadata.org/meeting/2016-09-26.html
2016-09-26,15692,Report of the Mayor,Procedural,,https://viennavadata.org/meeting/2016-09-26.html
2016-09-26,15693,Proposals for Additional Items to the Agenda,Procedural,,https://viennavadata.org/meeting/2016-09-26.html
2016-09-26,15694,Closed Session,Procedural,7 Aye,https://viennavadata.org/meeting/2016-09-26.html
2016-09-26,15697,Regular Business,Procedural,,https://viennavadata.org/meeting/2016-09-26.html
2016-09-26,15698,Award of Concrete Curb Contract at Nelson Drive and 329 Adahi Road SE Developer Projects,Contracts & Purchasing,7 Aye,https://viennavadata.org/meeting/2016-09-26.html
2016-09-26,15699,"Award of IFB 17-04 to National Asphalt for Cold Mix, Tack, and Reclaimed Asphalt Pavement (RAP) in the amount of $89,700.",Contracts & Purchasing,7 Aye,https://viennavadata.org/meeting/2016-09-26.html
2016-09-26,15700,Approval of Capital Improvement Plan through 2034,"Budget, Taxes & Finance",7 Aye,https://viennavadata.org/meeting/2016-09-26.html
2016-09-26,15701,"Request approval of first amendment to the lease between GRI Cedar Park, LLC and the Town for relocation of the Parks and Recreation Department during the community center project",Parks & Recreation,7 Aye,https://viennavadata.org/meeting/2016-09-26.html
2016-09-26,15703,Meeting Adjournment,Procedural,7 Aye,https://viennavadata.org/meeting/2016-09-26.html
2016-09-26,15704,"THE TOWN OF VIENNA IS COMMITTED TO FULL COMPLIANCE WITH THE AMERICANS WITH DISABILITIES ACT STANDARDS. TRANSLATION SERVICES, ASSISTANCE OR ACCOMMODATION REQUESTS FROM PERSONS WITH DISABILITIES ARE TO BE REQUESTED NOT LESS THAN 3 WORKING DAYS BEFORE THE DAY OF THE EVENT. PLEASE CALL (703) 255-6304, OR 711 VIRGINIA RELAY SERVICE FOR THE HEARING IMPAIRED.",Procedural,,https://viennavadata.org/meeting/2016-09-26.html
2016-09-12,15636,"Invocation: Rev. John Giunta, MA, FRC, SI, Interfaith Minister and Chaplain at American Legion Post 180",Procedural,,https://viennavadata.org/meeting/2016-09-12.html
2016-09-12,15637,Pledge of Allegiance to the Flag of the United States of America,Procedural,,https://viennavadata.org/meeting/2016-09-12.html
2016-09-12,15638,Roll Call,Procedural,,https://viennavadata.org/meeting/2016-09-12.html
2016-09-12,15639,Approval of the Minutes:,Minutes,,https://viennavadata.org/meeting/2016-09-12.html
2016-09-12,15659,"Approval of the minutes for the Regular Council Meeting of August 22, 2016 and the Work Session of June 13, 2016.",Minutes,7 (no value recorded),https://viennavadata.org/meeting/2016-09-12.html
2016-09-12,15640,Receipt of petitions and communications from the Public,Procedural,,https://viennavadata.org/meeting/2016-09-12.html
2016-09-12,15641,Reports/Presentations,Procedural,,https://viennavadata.org/meeting/2016-09-12.html
2016-09-12,15650,Recognition of the Creators of a Sustainable Garden.,Proclamations & Recognitions,,https://viennavadata.org/meeting/2016-09-12.html
2016-09-12,15651,Proclamation for Constitution Week.,Proclamations & Recognitions,,https://viennavadata.org/meeting/2016-09-12.html
2016-09-12,15655,Proclamation for Blood Cancer Awareness Month and Lymphoma Awareness Day 2016.,Proclamations & Recognitions,,https://viennavadata.org/meeting/2016-09-12.html
2016-09-12,15662,Proclamation for Green Hedges School 75th Anniversary.,Proclamations & Recognitions,,https://viennavadata.org/meeting/2016-09-12.html
2016-09-12,15642,Report and Inquiries of Council Members,Procedural,,https://viennavadata.org/meeting/2016-09-12.html
2016-09-12,15643,Report of the Town Manager,Procedural,,https://viennavadata.org/meeting/2016-09-12.html
2016-09-12,15644,Report of the Mayor,Procedural,,https://viennavadata.org/meeting/2016-09-12.html
2016-09-12,15645,Proposals for Additional Items to the Agenda,Procedural,,https://viennavadata.org/meeting/2016-09-12.html
2016-09-12,15646,Closed Session,Procedural,7 Aye,https://viennavadata.org/meeting/2016-09-12.html
2016-09-12,15649,Regular Business,Procedural,,https://viennavadata.org/meeting/2016-09-12.html
2016-09-12,15656,"Request approval to enter into contract for a Classification and Compensation study with Springsted Incorporated, Mechanicsville, Virginia.",Governance & Administration,7 Aye,https://viennavadata.org/meeting/2016-09-12.html
2016-09-12,15653,Request approval of vehicle purchases within the Vehicle Replacement Program,Contracts & Purchasing,7 Aye,https://viennavadata.org/meeting/2016-09-12.html
2016-09-12,15654,"Award of IFB 17-09 to Broad Run Recycling, LLC for construction and demolition waste disposal","Water, Sewer & Stormwater",7 Aye,https://viennavadata.org/meeting/2016-09-12.html
2016-09-12,15657,"Request award of IFB 16-12, Beulah Road Phase II",Contracts & Purchasing,7 Aye,https://viennavadata.org/meeting/2016-09-12.html
2016-09-12,15658,Award of Capital Lease Contract (IFB 17-08) for Financing of FY 16-17 Vehicle and Equipment Replacement Program,Contracts & Purchasing,7 Aye,https://viennavadata.org/meeting/2016-09-12.html
2016-09-12,15660,Meeting Adjournment,Procedural,,https://viennavadata.org/meeting/2016-09-12.html
2016-09-12,15661,"THE TOWN OF VIENNA IS COMMITTED TO FULL COMPLIANCE WITH THE AMERICANS WITH DISABILITIES ACT STANDARDS. TRANSLATION SERVICES, ASSISTANCE OR ACCOMMODATION REQUESTS FROM PERSONS WITH DISABILITIES ARE TO BE REQUESTED NOT LESS THAN 3 WORKING DAYS BEFORE THE DAY OF THE EVENT. PLEASE CALL (703) 255-6304, OR 711 VIRGINIA RELAY SERVICE FOR THE HEARING IMPAIRED.",Procedural,,https://viennavadata.org/meeting/2016-09-12.html
2016-08-22,15587,"Invocation: Reverend John Giunta, MA, FRC, SI, and Interfaith Minister",Procedural,,https://viennavadata.org/meeting/2016-08-22.html
2016-08-22,15588,Pledge of Allegiance to the Flag of the United States of America,Procedural,,https://viennavadata.org/meeting/2016-08-22.html
2016-08-22,15589,Roll Call,Procedural,,https://viennavadata.org/meeting/2016-08-22.html
2016-08-22,15590,Approval of Minutes:,Minutes,,https://viennavadata.org/meeting/2016-08-22.html
2016-08-22,15619,"Approval of the Minutes of the Regular Council Meeting of June 9, 2016 and July 11, 2016.",Minutes,,https://viennavadata.org/meeting/2016-08-22.html
2016-08-22,15591,Receipt of petitions and communications from the Public,Procedural,,https://viennavadata.org/meeting/2016-08-22.html
2016-08-22,15592,Reports/Presentations,Procedural,,https://viennavadata.org/meeting/2016-08-22.html
2016-08-22,15616,Proclamation for 9-11,Proclamations & Recognitions,,https://viennavadata.org/meeting/2016-08-22.html
2016-08-22,15620,Proclamation for National Payroll Week 2016.,Proclamations & Recognitions,,https://viennavadata.org/meeting/2016-08-22.html
2016-08-22,15593,Report and Inquiries of Council Members,Procedural,,https://viennavadata.org/meeting/2016-08-22.html
2016-08-22,15594,Report of the Town Manager,Procedural,,https://viennavadata.org/meeting/2016-08-22.html
2016-08-22,15595,Report of the Mayor,Procedural,,https://viennavadata.org/meeting/2016-08-22.html
2016-08-22,15596,Proposals for Additional Items to the Agenda,Procedural,,https://viennavadata.org/meeting/2016-08-22.html
2016-08-22,15597,Closed Session,Procedural,7 Aye,https://viennavadata.org/meeting/2016-08-22.html
2016-08-22,15598,Public Hearings,Procedural,,https://viennavadata.org/meeting/2016-08-22.html
2016-08-22,15623,Public Hearing for 120 Church Street NE Alley Vacation.  APPLICATION AND REQUEST FOR VACATION HAS BEEN WITHDRAWN,"Land Use, Zoning & Development",,https://viennavadata.org/meeting/2016-08-22.html
2016-08-22,15600,Regular Business,Procedural,,https://viennavadata.org/meeting/2016-08-22.html
2016-08-22,15609,"Council to consider allowing continued use of temporary classroom trailers at Louise Archer Elementary School, 324 Nutley Street NW, located on 8.12 acres of land on the west side of Nutley Street NW in the block between its intersection with Knoll and Orchard streets.","Streets, Sidewalks & Transportation",7 Aye,https://viennavadata.org/meeting/2016-08-22.html
2016-08-22,15607,Award contract for Town Hall flooring improvements.,Town Facilities & Property,7 Aye,https://viennavadata.org/meeting/2016-08-22.html
2016-08-22,15608,Intent to adopt proposed amendments to Section 1-12 of the Town Code to increase Planning and Zoning Development Review Fees.,"Land Use, Zoning & Development",7 Aye,https://viennavadata.org/meeting/2016-08-22.html
2016-08-22,15612,Request approval of a revised MOU between the Town of Vienna and Vienna Business Association for 2016 Oktoberfest.,"Community, Arts & Events",7 Aye,https://viennavadata.org/meeting/2016-08-22.html
2016-08-22,15613,Request approval of an MOU between the Town of Vienna and Vienna Business Association for First Night Vienna 2016-17,"Community, Arts & Events",7 Aye,https://viennavadata.org/meeting/2016-08-22.html
2016-08-22,15601,Request approval to purchase a bobcat with snow blower for snow removal from sidewalks,"Streets, Sidewalks & Transportation",7 Aye,https://viennavadata.org/meeting/2016-08-22.html
2016-08-22,15618,"Increase funds for Follin Lane Construction Contract with Jeffery Stack, Inc. IFB 16-02.",Contracts & Purchasing,7 Aye,https://viennavadata.org/meeting/2016-08-22.html
2016-08-22,15615,Request to increase funds for IFB 14-15 UPC 103593 - Train Station Sidewalk project,"Streets, Sidewalks & Transportation",7 Aye,https://viennavadata.org/meeting/2016-08-22.html
2016-08-22,15614,Request to increase funds for IFB 14-22 UPC 103851 - Traffic Signals Rebuilds,"Streets, Sidewalks & Transportation",7 Aye,https://viennavadata.org/meeting/2016-08-22.html
2016-08-22,15610,"Request approval to spend $22,179 to replace DPW Vehicle #40 within the VRP",Contracts & Purchasing,7 Aye,https://viennavadata.org/meeting/2016-08-22.html
2016-08-22,15606,Approve Ninovan and Talahi Roads SE Drainage Improvements Design Contract.,"Water, Sewer & Stormwater",7 Aye,https://viennavadata.org/meeting/2016-08-22.html
2016-08-22,15602,"Award On-Call Water Main & Appurtenances Improvement Contract to E.E. Lyons Construction Co., Inc.","Water, Sewer & Stormwater",7 Aye,https://viennavadata.org/meeting/2016-08-22.html
2016-08-22,15603,"Request Approval to Publish Annual Report of Delinquent Real Estate Properties as of June 30, 2016.",Procedural,7 Aye,https://viennavadata.org/meeting/2016-08-22.html
2016-08-22,15604,"Renewal of Annual Audit Contract with Robinson, Farmer, Cox Associates PLLC","Budget, Taxes & Finance",7 Aye,https://viennavadata.org/meeting/2016-08-22.html
2016-08-22,15605,Request expenditure for temporary experienced accounting staff from Robert Half/Accountemps Company,Contracts & Purchasing,7 Aye,https://viennavadata.org/meeting/2016-08-22.html
2016-08-22,15611,Contract Renewal for Munis Financial Software Support,"Budget, Taxes & Finance",7 Aye,https://viennavadata.org/meeting/2016-08-22.html
2016-08-22,15617,Munis Project Funding Request to Address Corrections and Modifications,Contracts & Purchasing,7 Aye,https://viennavadata.org/meeting/2016-08-22.html
2016-08-22,15621,Meeting Adjournment,Procedural,7 Aye,https://viennavadata.org/meeting/2016-08-22.html
2016-08-22,15622,"THE TOWN OF VIENNA IS COMMITTED TO FULL COMPLIANCE WITH THE AMERICANS WITH DISABILITIES ACT STANDARDS. TRANSLATION SERVICES, ASSISTANCE OR ACCOMMODATION REQUESTS FROM PERSONS WITH DISABILITIES ARE TO BE REQUESTED NOT LESS THAN 3 WORKING DAYS BEFORE THE DAY OF THE EVENT. PLEASE CALL (703) 255-6304, OR 711 VIRGINIA RELAY SERVICE FOR THE HEARING IMPAIRED.",Procedural,,https://viennavadata.org/meeting/2016-08-22.html
2016-07-11,15489,"Invocation: Rev. John P. Giunta, Interfaith Minister and Chaplain of the American Legion",Procedural,,https://viennavadata.org/meeting/2016-07-11.html
2016-07-11,15490,Pledge of Allegiance to the Flag of the United States of America,Procedural,,https://viennavadata.org/meeting/2016-07-11.html
2016-07-11,15491,Roll Call,Procedural,,https://viennavadata.org/meeting/2016-07-11.html
2016-07-11,15492,Approval of the Minutes:,Minutes,,https://viennavadata.org/meeting/2016-07-11.html
2016-07-11,15521,"Approval of the Work Session Minutes of May 16, 2016.",Minutes,,https://viennavadata.org/meeting/2016-07-11.html
2016-07-11,15493,Receipt of petitions and communications from the Public,Procedural,,https://viennavadata.org/meeting/2016-07-11.html
2016-07-11,15494,Reports/Presentations,Procedural,,https://viennavadata.org/meeting/2016-07-11.html
2016-07-11,15520,Recognition of 2015 Solarize Vienna Program for Eco-Efficient Homes.,Proclamations & Recognitions,,https://viennavadata.org/meeting/2016-07-11.html
2016-07-11,15495,Report and Inquiries of Council Members,Procedural,,https://viennavadata.org/meeting/2016-07-11.html
2016-07-11,15496,Report of the Town Manager,Procedural,,https://viennavadata.org/meeting/2016-07-11.html
2016-07-11,15497,Report of the Mayor,Procedural,,https://viennavadata.org/meeting/2016-07-11.html
2016-07-11,15498,Proposals for Additional Items to the Agenda,Procedural,,https://viennavadata.org/meeting/2016-07-11.html
2016-07-11,15499,Closed Session,Procedural,,https://viennavadata.org/meeting/2016-07-11.html
2016-07-11,15502,Regular Business,Procedural,,https://viennavadata.org/meeting/2016-07-11.html
2016-07-11,15518,Award IFB17-01 to Day & Night Printing for Printing and Mail Preparation of Vienna Voice.,Contracts & Purchasing,7 Aye,https://viennavadata.org/meeting/2016-07-11.html
2016-07-11,15519,Request approval of MOU between the Town of Vienna and Vienna Business Association for 2016 Oktoberfest,"Community, Arts & Events",7 Aye,https://viennavadata.org/meeting/2016-07-11.html
2016-07-11,15513,"Amendment to the motion to increase funds for the Vienna Community Center renovation project, originally presented as agenda item #16-150 at the June 6, 2016 Council Meeting.",Parks & Recreation,7 Aye,https://viennavadata.org/meeting/2016-07-11.html
2016-07-11,15512,Service Agreement Renewal for Outsourced Bill Printing with Datamatx,Contracts & Purchasing,7 Aye,https://viennavadata.org/meeting/2016-07-11.html
2016-07-11,15514,Contract Renewal for SunGard Public Sector ASP Hosting Fees,Contracts & Purchasing,7 Aye,https://viennavadata.org/meeting/2016-07-11.html
2016-07-11,15515,Request Approval of Resolution for Issuance of Vehicle and Equipment Replacement Financing Request for Proposals for FY2017,Contracts & Purchasing,,https://viennavadata.org/meeting/2016-07-11.html
2016-07-11,15569,Request Approval of Resolution for Issuance of Vehicle and Equipment Replacement Financing Request for Proposals for FY2017,Contracts & Purchasing,7 Aye,https://viennavadata.org/meeting/2016-07-11.html
2016-07-11,15516,"Town Council will consider sending Zoning Ordinance amendments to the MAC, RM-2 Zone, and Parking Requirements to the Planning Commission for review and recommended changes and updates.","Land Use, Zoning & Development","6 Aye, 1 Nay",https://viennavadata.org/meeting/2016-07-11.html
2016-07-11,15517,"Consideration of approval by Town Council of a final plat for a proposed re-subdivision into two lots of existing Parcel 1, First Addition to Beulah Heights, on property located at 409 Beulah Road NE and in the RS-12.5, Single-Family Detached Residential zone.","Land Use, Zoning & Development",7 Aye,https://viennavadata.org/meeting/2016-07-11.html
2016-07-11,15503,FY2017 funding and renewals of Town contracts,Contracts & Purchasing,7 Aye,https://viennavadata.org/meeting/2016-07-11.html
2016-07-11,15504,Award Park and Locust Streets SE Mini Roundabout Construction Contract,Parks & Recreation,7 Aye,https://viennavadata.org/meeting/2016-07-11.html
2016-07-11,15505,"Request approval for spending $25,000 with Petroleum Management for the Northside stormwater vault cleaning.","Water, Sewer & Stormwater",7 Aye,https://viennavadata.org/meeting/2016-07-11.html
2016-07-11,15506,"Request approval for additional FY16 spending with Double H Locates in the amount of $20,000","Budget, Taxes & Finance",7 Aye,https://viennavadata.org/meeting/2016-07-11.html
2016-07-11,15507,FY2017 funding with National Asphalt,Contracts & Purchasing,7 Aye,https://viennavadata.org/meeting/2016-07-11.html
2016-07-11,15508,Award On-Call Roadway Maintenance funding to Sagres Construction,Contracts & Purchasing,7 Aye,https://viennavadata.org/meeting/2016-07-11.html
2016-07-11,15509,"FY2017 funding with Service Tire Truck Centers in the amount of $30,000",Contracts & Purchasing,7 Aye,https://viennavadata.org/meeting/2016-07-11.html
2016-07-11,15510,"Request award of IFB 16-11, Cottage Street Sidewalk Construction","Streets, Sidewalks & Transportation",7 Aye,https://viennavadata.org/meeting/2016-07-11.html
2016-07-11,15511,"Award Asphalt Milling, Overlay, and Traffic Marking Contract to Arthur Construction","Streets, Sidewalks & Transportation",7 Aye,https://viennavadata.org/meeting/2016-07-11.html
2016-07-11,15524,Addendum to the Town Manager’s Employee Agreement,Governance & Administration,7 Aye,https://viennavadata.org/meeting/2016-07-11.html
2016-07-11,15586,Consideration of approval of the Bicycle Friendly Community application,"Streets, Sidewalks & Transportation",7 Aye,https://viennavadata.org/meeting/2016-07-11.html
2016-07-11,15522,Meeting Adjournment,Procedural,,https://viennavadata.org/meeting/2016-07-11.html
2016-07-11,15523,"THE TOWN OF VIENNA IS COMMITTED TO FULL COMPLIANCE WITH THE AMERICANS WITH DISABILITIES ACT STANDARDS. TRANSLATION SERVICES, ASSISTANCE OR ACCOMMODATION REQUESTS FROM PERSONS WITH DISABILITIES ARE TO BE REQUESTED NOT LESS THAN 3 WORKING DAYS BEFORE THE DAY OF THE EVENT. PLEASE CALL (703) 255-6304, OR 711 VIRGINIA RELAY SERVICE FOR THE HEARING IMPAIRED.",Procedural,,https://viennavadata.org/meeting/2016-07-11.html
2016-06-06,15409,"Invocation: Reverend Johnny Kurcina, Christ Church Vienna",Procedural,,https://viennavadata.org/meeting/2016-06-06.html
2016-06-06,15410,Pledge of Allegiance to the Flag of the United States of America,Procedural,,https://viennavadata.org/meeting/2016-06-06.html
2016-06-06,15487,,Procedural,,https://viennavadata.org/meeting/2016-06-06.html
2016-06-06,15411,Roll Call,Procedural,7 (no value recorded),https://viennavadata.org/meeting/2016-06-06.html
2016-06-06,15412,Approval of the Minutes:,Minutes,,https://viennavadata.org/meeting/2016-06-06.html
2016-06-06,15413,Receipt of petitions and communications from the Public,Procedural,,https://viennavadata.org/meeting/2016-06-06.html
2016-06-06,15414,Reports/Presentations,Procedural,,https://viennavadata.org/meeting/2016-06-06.html
2016-06-06,15444,Recognition of Council Member Edythe Frankel Kelleher,Proclamations & Recognitions,,https://viennavadata.org/meeting/2016-06-06.html
2016-06-06,15431,Swearing-in of Newly Elected Officials by Judge Kassabian.,Proclamations & Recognitions,,https://viennavadata.org/meeting/2016-06-06.html
2016-06-06,15438,Presentation of the Green Business Awards.,Proclamations & Recognitions,,https://viennavadata.org/meeting/2016-06-06.html
2016-06-06,15415,Report and Inquiries of Council Members,Procedural,,https://viennavadata.org/meeting/2016-06-06.html
2016-06-06,15416,Report of the Town Manager,Procedural,,https://viennavadata.org/meeting/2016-06-06.html
2016-06-06,15417,Report of the Mayor,Procedural,,https://viennavadata.org/meeting/2016-06-06.html
2016-06-06,15418,Proposals for Additional Items to the Agenda,Procedural,,https://viennavadata.org/meeting/2016-06-06.html
2016-06-06,15419,Closed Session,Procedural,7 Aye,https://viennavadata.org/meeting/2016-06-06.html
2016-06-06,15421,Consent Agenda,Consent Agenda,,https://viennavadata.org/meeting/2016-06-06.html
2016-06-06,15420,Public Hearings,Procedural,,https://viennavadata.org/meeting/2016-06-06.html
2016-06-06,15459,Approval of the Consent Agenda,Consent Agenda,7 Aye,https://viennavadata.org/meeting/2016-06-06.html
2016-06-06,15424,FY2017 funding of contracts issued by other jurisdictions,Contracts & Purchasing,7 Aye,https://viennavadata.org/meeting/2016-06-06.html
2016-06-06,15428,Request approval to ride Fairfax County Schools contract 4400006677 for cell and mobile device service with Sprint.,Grants & Intergovernmental,7 Aye,https://viennavadata.org/meeting/2016-06-06.html
2016-06-06,15435,"Request approval for of the fourth year contract payment not to exceed $74,115.00 to New World Systems for the Standard Service Maintenance Agreement for the Computer Aided Dispatch, Law Enforcement Records Management and Mobile Data system from New World Systems Corporation",Public Safety,7 Aye,https://viennavadata.org/meeting/2016-06-06.html
2016-06-06,15429,"Request approval to continue to ride VITA Contract VA-140331-DELL for the purchase of computers, laptops, and maintenance contracts for servers for FY17",Contracts & Purchasing,7 Aye,https://viennavadata.org/meeting/2016-06-06.html
2016-06-06,15430,"Request approval for the use of FY17 funds with Granicus, Inc. using Town of Vienna contract approved by Council on 12/15/2014 and executed by the Town Manager dated 12/16/2014 for the continued use of Granicus, Inc. for Agenda Management Suite, Boards and Commissions Module, and Video Streaming.",Governance & Administration,7 Aye,https://viennavadata.org/meeting/2016-06-06.html
2016-06-06,15422,Regular Business,Procedural,,https://viennavadata.org/meeting/2016-06-06.html
2016-06-06,15441,Intent to Adopt the FY 2016-17 Budget.,"Budget, Taxes & Finance","6 Aye, 1 Nay",https://viennavadata.org/meeting/2016-06-06.html
2016-06-06,15437,"Consider approval of Vienna Market rezoning and site plan application following the May 23, 2016 public hearing",Procedural,"5 Aye, 2 Nay",https://viennavadata.org/meeting/2016-06-06.html
2016-06-06,15436,Northern Virginia Regional Gang Task Force payment.,Public Safety,7 Aye,https://viennavadata.org/meeting/2016-06-06.html
2016-06-06,15423,Set alley vacation Public Hearing 106 Ayr Hill Avenue NW,"Land Use, Zoning & Development",7 Aye,https://viennavadata.org/meeting/2016-06-06.html
2016-06-06,15425,"Award IFB 16-15, Town Hall Roof Replacement",Town Facilities & Property,"6 Aye, 1 Nay",https://viennavadata.org/meeting/2016-06-06.html
2016-06-06,15426,Request approval of FY16 spending with Waste Management Recycle America,"Budget, Taxes & Finance",7 Aye,https://viennavadata.org/meeting/2016-06-06.html
2016-06-06,15427,Request approval of emergency catch basin repair at corner of Roland Street SW and Nutley Street SW,"Streets, Sidewalks & Transportation",7 Aye,https://viennavadata.org/meeting/2016-06-06.html
2016-06-06,15432,"Request for Approval of Summer Contractual Instructors for Parks and Recreation Classes and Camps through August 31, 2016 In Excess Of $20,000 per Terms and Conditions of RFP 15-01.",Parks & Recreation,7 Aye,https://viennavadata.org/meeting/2016-06-06.html
2016-06-06,15433,Increase funds for the Vienna Community Center renovation and expansion project,Parks & Recreation,7 Aye,https://viennavadata.org/meeting/2016-06-06.html
2016-06-06,15434,Appointment of Town Officials for Fiscal Year 2016-2017,Appointments & Resignations,7 Aye,https://viennavadata.org/meeting/2016-06-06.html
2016-06-06,15439,Meeting Adjournment,Procedural,,https://viennavadata.org/meeting/2016-06-06.html
2016-06-06,15440,"THE TOWN OF VIENNA IS COMMITTED TO FULL COMPLIANCE WITH THE AMERICANS WITH DISABILITIES ACT STANDARDS. TRANSLATION SERVICES, ASSISTANCE OR ACCOMMODATION REQUESTS FROM PERSONS WITH DISABILITIES ARE TO BE REQUESTED NOT LESS THAN 3 WORKING DAYS BEFORE THE DAY OF THE EVENT. PLEASE CALL (703) 255-6304, OR 711 VIRGINIA RELAY SERVICE FOR THE HEARING IMPAIRED.",Procedural,,https://viennavadata.org/meeting/2016-06-06.html
2016-05-23,15373,"Invocation: Renee Stepp, Youth Pastor for Vienna Seventh-Day Adventist Church",Procedural,,https://viennavadata.org/meeting/2016-05-23.html
2016-05-23,15374,Pledge of Allegiance to the Flag of the United States of America,Procedural,,https://viennavadata.org/meeting/2016-05-23.html
2016-05-23,15375,Roll Call,Procedural,,https://viennavadata.org/meeting/2016-05-23.html
2016-05-23,15376,Approval of the Minutes:,Minutes,,https://viennavadata.org/meeting/2016-05-23.html
2016-05-23,15397,"Approval of the Minutes for the Regular Council Meeting of April 18, 2016.",Minutes,7 Aye,https://viennavadata.org/meeting/2016-05-23.html
2016-05-23,15377,Receipt of petitions and communications from the Public,Procedural,,https://viennavadata.org/meeting/2016-05-23.html
2016-05-23,15378,Reports/Presentations,Procedural,,https://viennavadata.org/meeting/2016-05-23.html
2016-05-23,15379,Report and Inquiries of Council Members,Procedural,,https://viennavadata.org/meeting/2016-05-23.html
2016-05-23,15380,Report of the Town Manager,Procedural,,https://viennavadata.org/meeting/2016-05-23.html
2016-05-23,15381,Report of the Mayor,Procedural,,https://viennavadata.org/meeting/2016-05-23.html
2016-05-23,15382,Proposals for Additional Items to the Agenda,Procedural,,https://viennavadata.org/meeting/2016-05-23.html
2016-05-23,15383,Closed Session,Procedural,7 Aye,https://viennavadata.org/meeting/2016-05-23.html
2016-05-23,15384,Public Hearings,Procedural,,https://viennavadata.org/meeting/2016-05-23.html
2016-05-23,15395,Joint Public Hearing with Planning Commission to consider approval of an update to the Town of Vienna Comprehensive Plan,"Land Use, Zoning & Development",,https://viennavadata.org/meeting/2016-05-23.html
2016-05-23,15392,Public Hearing to consider the rezoning and site plan application for Vienna Market Rezoning Application,"Land Use, Zoning & Development",7 Aye,https://viennavadata.org/meeting/2016-05-23.html
2016-05-23,15394,Public Hearing to consider amending Planning and Zoning Development Review Fees,"Land Use, Zoning & Development",,https://viennavadata.org/meeting/2016-05-23.html
2016-05-23,15386,Regular Business,Procedural,,https://viennavadata.org/meeting/2016-05-23.html
2016-05-23,15393,Request approval of Transportation Safety Commission-recommended bike Corral along Church Street,"Streets, Sidewalks & Transportation",7 Aye,https://viennavadata.org/meeting/2016-05-23.html
2016-05-23,15396,Intent to adopt a Zoning Ordinance amendment to allow cash contribution proffers and non-cash proffers as permitted by and consistent with State code Section 15.2­-2301.1,"Land Use, Zoning & Development",7 Aye,https://viennavadata.org/meeting/2016-05-23.html
2016-05-23,15388,Intent to Adopt the FY 2016-17 Budget.,"Budget, Taxes & Finance",7 Aye,https://viennavadata.org/meeting/2016-05-23.html
2016-05-23,15389,Intent to Adopt FY2016-17 Water and Sewer Rates.,"Water, Sewer & Stormwater","6 Aye, 1 Nay",https://viennavadata.org/meeting/2016-05-23.html
2016-05-23,15387,Intent to Adopt the Real Estate Tax Rate for FY16-17,"Budget, Taxes & Finance","6 Aye, 1 Nay",https://viennavadata.org/meeting/2016-05-23.html
2016-05-23,15390,350 Church Street NE Performance Bond Reduction Request.,"Streets, Sidewalks & Transportation",7 Aye,https://viennavadata.org/meeting/2016-05-23.html
2016-05-23,15391,"Request for approval of 304 & 308 Adahi Road SE, Performance Bond Reduction Request.","Budget, Taxes & Finance",,https://viennavadata.org/meeting/2016-05-23.html
2016-05-23,15398,Meeting Adjournment,Procedural,,https://viennavadata.org/meeting/2016-05-23.html
2016-05-23,15399,"THE TOWN OF VIENNA IS COMMITTED TO FULL COMPLIANCE WITH THE AMERICANS WITH DISABILITIES ACT STANDARDS. TRANSLATION SERVICES, ASSISTANCE OR ACCOMMODATION REQUESTS FROM PERSONS WITH DISABILITIES ARE TO BE REQUESTED NOT LESS THAN 3 WORKING DAYS BEFORE THE DAY OF THE EVENT. PLEASE CALL (703) 255-6304, OR 711 VIRGINIA RELAY SERVICE FOR THE HEARING IMPAIRED.",Procedural,,https://viennavadata.org/meeting/2016-05-23.html
2016-05-09,15291,"Invocation: Reverend Dr. Mark Edwards, Emmanuel Lutheran Church, Vienna",Procedural,,https://viennavadata.org/meeting/2016-05-09.html
2016-05-09,15488,"Invocation: Reverend Dr. Mark Edwards, Emmanuel Lutheran Church, Vienna",Procedural,,https://viennavadata.org/meeting/2016-05-09.html
2016-05-09,15292,Pledge of Allegiance to the Flag of the United States of America,Procedural,,https://viennavadata.org/meeting/2016-05-09.html
2016-05-09,15293,Roll Call,Procedural,,https://viennavadata.org/meeting/2016-05-09.html
2016-05-09,15347,Rollcall,Procedural,,https://viennavadata.org/meeting/2016-05-09.html
2016-05-09,15294,Approval of the Minutes:,Minutes,,https://viennavadata.org/meeting/2016-05-09.html
2016-05-09,15316,"Approval of the Regular Council Meeting of April 4, 2016, the Work Session of April 11, 2016, and the approval of the Work Session of February 8, 2016, as amended.",Minutes,7 Aye,https://viennavadata.org/meeting/2016-05-09.html
2016-05-09,15295,Receipt of petitions and communications from the Public,Procedural,,https://viennavadata.org/meeting/2016-05-09.html
2016-05-09,15296,Reports/Presentations,Procedural,,https://viennavadata.org/meeting/2016-05-09.html
2016-05-09,15297,Report and Inquiries of Council Members,Procedural,,https://viennavadata.org/meeting/2016-05-09.html
2016-05-09,15298,Report of the Town Manager,Procedural,,https://viennavadata.org/meeting/2016-05-09.html
2016-05-09,15299,Report of the Mayor,Procedural,,https://viennavadata.org/meeting/2016-05-09.html
2016-05-09,15300,Proposals for Additional Items to the Agenda,Procedural,,https://viennavadata.org/meeting/2016-05-09.html
2016-05-09,15301,Closed Session,Procedural,7 Aye,https://viennavadata.org/meeting/2016-05-09.html
2016-05-09,15302,Public Hearings,Procedural,,https://viennavadata.org/meeting/2016-05-09.html
2016-05-09,15311,Public Hearing on a Recommendation to the Town Council on a Zoning Ordinance amendment to allow cash contribution proffers and non-cash proffers as permitted by and consistent with State code Section 15.2­-2301.1,"Land Use, Zoning & Development",7 Aye,https://viennavadata.org/meeting/2016-05-09.html
2016-05-09,15312,Public hearing to consider a Rezoning and Site Plan for Flagship Carwash Center for Maple Avenue Commercial (MAC) zone.,"Land Use, Zoning & Development",,https://viennavadata.org/meeting/2016-05-09.html
2016-05-09,15350,Public hearing to consider a Rezoning and Site Plan for Flagship Carwash Center for Maple Avenue Commercial (MAC) zone.,"Land Use, Zoning & Development",7 Aye,https://viennavadata.org/meeting/2016-05-09.html
2016-05-09,15306,Public Hearing for FY 2016-17 Proposed Real Estate Tax Rate,"Budget, Taxes & Finance","5 Aye, 2 Nay",https://viennavadata.org/meeting/2016-05-09.html
2016-05-09,15304,Regular Business,Procedural,,https://viennavadata.org/meeting/2016-05-09.html
2016-05-09,15315,"Proposed Renewal of Agreement between the Northern Virginia Regional Park Authority, the Northern Virginia Model Railroaders, Inc. and the Town of Vienna for the operation of the W&OD Trial Vienna Railroad Station.",Parks & Recreation,7 Aye,https://viennavadata.org/meeting/2016-05-09.html
2016-05-09,15308,"Set a Public Hearing for May 23, 2016 to Consider Amending Planning and Zoning Development Review Fees","Land Use, Zoning & Development",,https://viennavadata.org/meeting/2016-05-09.html
2016-05-09,15313,"Request approval of a Master Sign Plan for 144 Church St NW, in the C-1B Pedestrian Commercial zoning district; filed by Steve Bukont, property owner.","Land Use, Zoning & Development",7 Aye,https://viennavadata.org/meeting/2016-05-09.html
2016-05-09,15352,"Set a Public Hearing for May 23, 2016 to Consider Amending Planning and Zoning Development Review Fees","Land Use, Zoning & Development","6 Aye, 1 Nay",https://viennavadata.org/meeting/2016-05-09.html
2016-05-09,15305,Set alley vacation Public Hearing for 120 Church Street NE,"Land Use, Zoning & Development",7 Aye,https://viennavadata.org/meeting/2016-05-09.html
2016-05-09,15307,Water main break contracted asphalt repairs.,"Water, Sewer & Stormwater",7 Aye,https://viennavadata.org/meeting/2016-05-09.html
2016-05-09,15314,VDOT Resolutions:  Beulah Road Phase II Fund Transfer and FY2013 Revenue-Sharing Grant Funding Confirmation,"Budget, Taxes & Finance",7 Aye,https://viennavadata.org/meeting/2016-05-09.html
2016-05-09,15317,Meeting Adjournment,Procedural,,https://viennavadata.org/meeting/2016-05-09.html
2016-05-09,15318,"THE TOWN OF VIENNA IS COMMITTED TO FULL COMPLIANCE WITH THE AMERICANS WITH DISABILITIES ACT STANDARDS. TRANSLATION SERVICES, ASSISTANCE OR ACCOMMODATION REQUESTS FROM PERSONS WITH DISABILITIES ARE TO BE REQUESTED NOT LESS THAN 3 WORKING DAYS BEFORE THE DAY OF THE EVENT. PLEASE CALL (703) 255-6304, OR 711 VIRGINIA RELAY SERVICE FOR THE HEARING IMPAIRED.",Procedural,,https://viennavadata.org/meeting/2016-05-09.html
2016-04-18,15252,Invocation: Councilwoman Edythe Frankel Kelleher,Procedural,,https://viennavadata.org/meeting/2016-04-18.html
2016-04-18,15253,Pledge of Allegiance to the Flag of the United States of America,Procedural,,https://viennavadata.org/meeting/2016-04-18.html
2016-04-18,15254,Roll Call,Procedural,,https://viennavadata.org/meeting/2016-04-18.html
2016-04-18,15255,Approval of the Minutes:,Minutes,,https://viennavadata.org/meeting/2016-04-18.html
2016-04-18,15281,"Approval of the Work Session Minutes of March 28, 2016.",Minutes,7 Aye,https://viennavadata.org/meeting/2016-04-18.html
2016-04-18,15256,Receipt of petitions and communications from the Public,Procedural,,https://viennavadata.org/meeting/2016-04-18.html
2016-04-18,15257,Reports/Presentations,Procedural,,https://viennavadata.org/meeting/2016-04-18.html
2016-04-18,15285,Presentation by Senator Chap Peterson to present a State Senate Resolution in Honor of Mr. James Riddle,Proclamations & Recognitions,,https://viennavadata.org/meeting/2016-04-18.html
2016-04-18,15274,MS-4 Stormwater Management Activities Annual Update,"Water, Sewer & Stormwater",,https://viennavadata.org/meeting/2016-04-18.html
2016-04-18,15284,Proclamation for Arbor Day,Proclamations & Recognitions,,https://viennavadata.org/meeting/2016-04-18.html
2016-04-18,15266,Proclamation for Men’s Health Week.,Proclamations & Recognitions,7 Aye,https://viennavadata.org/meeting/2016-04-18.html
2016-04-18,15258,Report and Inquiries of Council Members,Procedural,,https://viennavadata.org/meeting/2016-04-18.html
2016-04-18,15259,Report of the Town Manager,Procedural,,https://viennavadata.org/meeting/2016-04-18.html
2016-04-18,15260,Report of the Mayor,Procedural,,https://viennavadata.org/meeting/2016-04-18.html
2016-04-18,15261,Proposals for Additional Items to the Agenda,Procedural,"6 Aye, 1 Nay",https://viennavadata.org/meeting/2016-04-18.html
2016-04-18,15262,Closed Session,Procedural,7 Aye,https://viennavadata.org/meeting/2016-04-18.html
2016-04-18,15263,Public Hearings,Procedural,,https://viennavadata.org/meeting/2016-04-18.html
2016-04-18,15268,Public Hearing for Adoption of an Ordinance to Vacate a Portion of Public Alley behind 102 Ayr Hill Avenue NW,Town Code & Ordinances,7 Aye,https://viennavadata.org/meeting/2016-04-18.html
2016-04-18,15265,Regular Business,Procedural,,https://viennavadata.org/meeting/2016-04-18.html
2016-04-18,15275,Approve additional spending with Virginia Paving Company,"Streets, Sidewalks & Transportation",7 Aye,https://viennavadata.org/meeting/2016-04-18.html
2016-04-18,15276,Request to approve additional FY16 spending with RJ Merkel,"Budget, Taxes & Finance",7 Aye,https://viennavadata.org/meeting/2016-04-18.html
2016-04-18,15277,Onondio Cove Subdivision Partial Bond Reduction Request,"Land Use, Zoning & Development",7 Aye,https://viennavadata.org/meeting/2016-04-18.html
2016-04-18,15267,Northside Property Yard water quality conceptual design contract award.,"Water, Sewer & Stormwater",7 Aye,https://viennavadata.org/meeting/2016-04-18.html
2016-04-18,15278,Request approval of Transportation Safety Commission-recommended pedestrian improvements along Beulah Rd NE,"Streets, Sidewalks & Transportation",7 Aye,https://viennavadata.org/meeting/2016-04-18.html
2016-04-18,15279,Request approval of MOU between Vienna Little League and Town of Vienna for use of Yeonas Park during the 2016 July 4th fireworks display,Parks & Recreation,7 Aye,https://viennavadata.org/meeting/2016-04-18.html
2016-04-18,15280,Increase funds to the Vienna Community Center renovation and expansion project,Parks & Recreation,7 Aye,https://viennavadata.org/meeting/2016-04-18.html
2016-04-18,15271,Increase Award for Datamatx Outsourced Bill Printing and Postage.,Contracts & Purchasing,7 Aye,https://viennavadata.org/meeting/2016-04-18.html
2016-04-18,15269,Request to Set a Public Hearing on Amending the Town Code to Allow for Cash Proffers:,"Land Use, Zoning & Development",7 Aye,https://viennavadata.org/meeting/2016-04-18.html
2016-04-18,15270,"Request to set a Public Hearing for Vienna Market Rezoning Application for May 23, 2016.","Land Use, Zoning & Development",7 Aye,https://viennavadata.org/meeting/2016-04-18.html
2016-04-18,15272,"Request to set a Public Hearing for May 9, 2016 to Consider the Flagship Carwash Rezoning","Land Use, Zoning & Development",7 Aye,https://viennavadata.org/meeting/2016-04-18.html
2016-04-18,15273,Approval of Tyler Technologies Inc. Contract for Permits & Code Enforcement Software with Related Goods and Services,Contracts & Purchasing,7 Aye,https://viennavadata.org/meeting/2016-04-18.html
2016-04-18,19109,"Set a public hearing for the Comprehensive Paln for May 23, 2016","Land Use, Zoning & Development","6 Aye, 1 Nay",https://viennavadata.org/meeting/2016-04-18.html
2016-04-18,15282,Meeting Adjournment,Procedural,,https://viennavadata.org/meeting/2016-04-18.html
2016-04-18,15283,"THE TOWN OF VIENNA IS COMMITTED TO FULL COMPLIANCE WITH THE AMERICANS WITH DISABILITIES ACT STANDARDS. TRANSLATION SERVICES, ASSISTANCE OR ACCOMMODATION REQUESTS FROM PERSONS WITH DISABILITIES ARE TO BE REQUESTED NOT LESS THAN 3 WORKING DAYS BEFORE THE DAY OF THE EVENT. PLEASE CALL (703) 255-6304, OR 711 VIRGINIA RELAY SERVICE FOR THE HEARING IMPAIRED.",Procedural,,https://viennavadata.org/meeting/2016-04-18.html
2016-04-04,15163,"Invocation: Reverend Corky Eddins, Christ Church Vienna",Procedural,,https://viennavadata.org/meeting/2016-04-04.html
2016-04-04,15164,Pledge of Allegiance to the Flag of the United States of America,Procedural,,https://viennavadata.org/meeting/2016-04-04.html
2016-04-04,15165,Roll Call,Procedural,,https://viennavadata.org/meeting/2016-04-04.html
2016-04-04,15166,Approval of the Minutes:,Minutes,,https://viennavadata.org/meeting/2016-04-04.html
2016-04-04,15189,"Approval of the Regular Meeting Minutes of March 7, 2016, the Work Session minutes of February 8, 2016, March 14, 2016 and March 19, 2016.",Minutes,7 Aye,https://viennavadata.org/meeting/2016-04-04.html
2016-04-04,15167,Receipt of petitions and communications from the Public,Procedural,,https://viennavadata.org/meeting/2016-04-04.html
2016-04-04,15168,Reports/Presentations,Procedural,,https://viennavadata.org/meeting/2016-04-04.html
2016-04-04,15179,Recognition of 2015 Solarize Vienna Program for Eco-Efficient Homes.,Proclamations & Recognitions,,https://viennavadata.org/meeting/2016-04-04.html
2016-04-04,15188,Proclamation honoring Kathy Georgen.,Proclamations & Recognitions,7 Aye,https://viennavadata.org/meeting/2016-04-04.html
2016-04-04,15190,Proclamation for Local Government Education Week.,Proclamations & Recognitions,7 Aye,https://viennavadata.org/meeting/2016-04-04.html
2016-04-04,15193,Proclamation for Volunteer Recognition Day.,Proclamations & Recognitions,7 Aye,https://viennavadata.org/meeting/2016-04-04.html
2016-04-04,15169,Report and Inquiries of Council Members,Procedural,,https://viennavadata.org/meeting/2016-04-04.html
2016-04-04,15170,Report of the Town Manager,Procedural,,https://viennavadata.org/meeting/2016-04-04.html
2016-04-04,15171,Report of the Mayor,Procedural,,https://viennavadata.org/meeting/2016-04-04.html
2016-04-04,15172,Proposals for Additional Items to the Agenda,Procedural,,https://viennavadata.org/meeting/2016-04-04.html
2016-04-04,15173,Closed Session,Procedural,"4 Abstain, 3 Aye",https://viennavadata.org/meeting/2016-04-04.html
2016-04-04,15174,Public Hearings,Procedural,,https://viennavadata.org/meeting/2016-04-04.html
2016-04-04,15184,Public Hearing for FY2016-2017 Water and Sewer Rates,"Water, Sewer & Stormwater","6 Aye, 1 Nay",https://viennavadata.org/meeting/2016-04-04.html
2016-04-04,15185,Public Hearing on FY 2016-2017 Proposed Budget.,"Budget, Taxes & Finance","4 Aye, 3 Nay",https://viennavadata.org/meeting/2016-04-04.html
2016-04-04,15176,Regular Business,Procedural,,https://viennavadata.org/meeting/2016-04-04.html
2016-04-04,15186,Request to Defer the April 18 Public Hearing on the FY17 Real Estate Tax Rate to May 9,"Budget, Taxes & Finance",7 Aye,https://viennavadata.org/meeting/2016-04-04.html
2016-04-04,15181,Adoption of Restated Agreement for ICMA-RC 401(a) Governmental Money Purchase Plan,Contracts & Purchasing,7 Aye,https://viennavadata.org/meeting/2016-04-04.html
2016-04-04,15177,FY2013 Revenue-Sharing Grant Extension.,"Budget, Taxes & Finance",7 Aye,https://viennavadata.org/meeting/2016-04-04.html
2016-04-04,15183,Request to approve additional FY16 spending with HD Supply.,"Budget, Taxes & Finance",7 Aye,https://viennavadata.org/meeting/2016-04-04.html
2016-04-04,15182,Approval of Arrowood Parc water main emergency repair,"Water, Sewer & Stormwater",7 Aye,https://viennavadata.org/meeting/2016-04-04.html
2016-04-04,15180,Set alley vacation Public Hearing 102 Ayr Hill Avenue NW.,"Land Use, Zoning & Development",7 Aye,https://viennavadata.org/meeting/2016-04-04.html
2016-04-04,15178,"Request Approval of Instructor/Contractors For Parks And Recreation Classes Through June 30, 2016 In Excess Of $20,000 Per Terms And Conditions of RFP 15-01.",Parks & Recreation,7 Aye,https://viennavadata.org/meeting/2016-04-04.html
2016-04-04,15187,Request approval of Vienna Community Center renovation and expansion contingency fund payment to Keller Brothers.,Parks & Recreation,7 Aye,https://viennavadata.org/meeting/2016-04-04.html
2016-04-04,15191,Meeting Adjournment,Procedural,7 Aye,https://viennavadata.org/meeting/2016-04-04.html
2016-04-04,15192,"THE TOWN OF VIENNA IS COMMITTED TO FULL COMPLIANCE WITH THE AMERICANS WITH DISABILITIES ACT STANDARDS. TRANSLATION SERVICES, ASSISTANCE OR ACCOMMODATION REQUESTS FROM PERSONS WITH DISABILITIES ARE TO BE REQUESTED NOT LESS THAN 3 WORKING DAYS BEFORE THE DAY OF THE EVENT. PLEASE CALL (703) 255-6304, OR 711 VIRGINIA RELAY SERVICE FOR THE HEARING IMPAIRED.",Procedural,,https://viennavadata.org/meeting/2016-04-04.html
2016-03-07,15076,"Invocation: Dr. Beth Neubauer, Emmanuel Lutheran Church",Procedural,,https://viennavadata.org/meeting/2016-03-07.html
2016-03-07,15077,Pledge of Allegiance to the Flag of the United States of America,Procedural,,https://viennavadata.org/meeting/2016-03-07.html
2016-03-07,15078,Roll Call,Procedural,,https://viennavadata.org/meeting/2016-03-07.html
2016-03-07,15079,Approval of the Minutes:,Minutes,,https://viennavadata.org/meeting/2016-03-07.html
2016-03-07,15103,"Approval of the Regular Minutes of February 22, 2016 and the Work Session Minutes of January 11, 2016.",Minutes,"1 Absent, 6 Aye",https://viennavadata.org/meeting/2016-03-07.html
2016-03-07,15080,Receipt of petitions and communications from the Public,Procedural,,https://viennavadata.org/meeting/2016-03-07.html
2016-03-07,15081,Reports/Presentations,Procedural,,https://viennavadata.org/meeting/2016-03-07.html
2016-03-07,15082,Report and Inquiries of Council Members,Procedural,,https://viennavadata.org/meeting/2016-03-07.html
2016-03-07,15083,Report of the Town Manager,Procedural,,https://viennavadata.org/meeting/2016-03-07.html
2016-03-07,15084,Report of the Mayor,Procedural,,https://viennavadata.org/meeting/2016-03-07.html
2016-03-07,15085,Proposals for Additional Items to the Agenda,Procedural,,https://viennavadata.org/meeting/2016-03-07.html
2016-03-07,15086,Closed Session,Procedural,"1 Absent, 6 Aye",https://viennavadata.org/meeting/2016-03-07.html
2016-03-07,15087,Public Hearings,Procedural,,https://viennavadata.org/meeting/2016-03-07.html
2016-03-07,15105,Public Hearing for Adoption of an Ordinance to Vacate a Portion of Public Alley behind 105 Wilmar Place NW,Town Code & Ordinances,"1 Absent, 6 Aye",https://viennavadata.org/meeting/2016-03-07.html
2016-03-07,15089,Regular Business,Procedural,,https://viennavadata.org/meeting/2016-03-07.html
2016-03-07,15090,Purchase of Water Valve Maintenance Trailer,"Water, Sewer & Stormwater","1 Absent, 6 Aye",https://viennavadata.org/meeting/2016-03-07.html
2016-03-07,15091,Nutley Street SW Culvert Replacement Design Contract Increase,"Streets, Sidewalks & Transportation","1 Absent, 6 Aye",https://viennavadata.org/meeting/2016-03-07.html
2016-03-07,15098,Award of RFP 16-03 construction testing and inspection services to TRIAD Engineering.,Contracts & Purchasing,"1 Absent, 6 Aye",https://viennavadata.org/meeting/2016-03-07.html
2016-03-07,15095,Request approval of Vienna Community Center renovation and expansion contingency fund payment to Keller Brothers,Parks & Recreation,"1 Absent, 6 Aye",https://viennavadata.org/meeting/2016-03-07.html
2016-03-07,15096,Request approval of Vienna Community Center renovation and expansion contingency fund payment to Lukmire Partnership.,Parks & Recreation,"1 Absent, 6 Aye",https://viennavadata.org/meeting/2016-03-07.html
2016-03-07,15097,"Request approval of Vienna Community Center Renovation and Expansion contingency fund payment to R. E. Lee Electric Co., Inc.",Parks & Recreation,"1 Absent, 6 Aye",https://viennavadata.org/meeting/2016-03-07.html
2016-03-07,15094,Request to Set a Public Hearing for the FY17 Operating Budget,"Budget, Taxes & Finance","1 Absent, 6 Aye",https://viennavadata.org/meeting/2016-03-07.html
2016-03-07,15092,Request to Set Public Hearing for Proposed Water & Sewer Rate,"Water, Sewer & Stormwater","1 Absent, 6 Aye",https://viennavadata.org/meeting/2016-03-07.html
2016-03-07,15093,Request to Set a Public Hearing for the FY17 Real Estate Tax Rate,"Budget, Taxes & Finance","1 Absent, 6 Aye",https://viennavadata.org/meeting/2016-03-07.html
2016-03-07,15099,Meeting Adjournment,Procedural,"1 Absent, 6 Aye",https://viennavadata.org/meeting/2016-03-07.html
2016-03-07,15100,"THE TOWN OF VIENNA IS COMMITTED TO FULL COMPLIANCE WITH THE AMERICANS WITH DISABILITIES ACT STANDARDS. TRANSLATION SERVICES, ASSISTANCE OR ACCOMMODATION REQUESTS FROM PERSONS WITH DISABILITIES ARE TO BE REQUESTED NOT LESS THAN 3 WORKING DAYS BEFORE THE DAY OF THE EVENT. PLEASE CALL (703) 255-6304, OR 711 VIRGINIA RELAY SERVICE FOR THE HEARING IMPAIRED.",Procedural,,https://viennavadata.org/meeting/2016-03-07.html
2016-02-22,15051,Invocation: Pastor Garry Genser of Vienna Seventh-Day Adventist Church,Procedural,,https://viennavadata.org/meeting/2016-02-22.html
2016-02-22,15052,Pledge of Allegiance to the Flag of the United States of America,Procedural,,https://viennavadata.org/meeting/2016-02-22.html
2016-02-22,15053,Roll Call,Procedural,,https://viennavadata.org/meeting/2016-02-22.html
2016-02-22,15054,Approval of the Minutes:,Minutes,,https://viennavadata.org/meeting/2016-02-22.html
2016-02-22,15071,"Approval of the Minutes of the Regular Council Meeting of February 1, 2016 and the Work Session Minutes of December 7, 2015.",Minutes,7 Aye,https://viennavadata.org/meeting/2016-02-22.html
2016-02-22,15055,Receipt of petitions and communications from the Public,Procedural,,https://viennavadata.org/meeting/2016-02-22.html
2016-02-22,15056,Reports/Presentations,Procedural,,https://viennavadata.org/meeting/2016-02-22.html
2016-02-22,15068,Transaction 2040 Briefing,"Streets, Sidewalks & Transportation",,https://viennavadata.org/meeting/2016-02-22.html
2016-02-22,15057,Report and Inquiries of Council Members,Procedural,,https://viennavadata.org/meeting/2016-02-22.html
2016-02-22,15058,Report of the Town Manager,Procedural,,https://viennavadata.org/meeting/2016-02-22.html
2016-02-22,15059,Report of the Mayor,Procedural,,https://viennavadata.org/meeting/2016-02-22.html
2016-02-22,15060,Proposals for Additional Items to the Agenda,Procedural,,https://viennavadata.org/meeting/2016-02-22.html
2016-02-22,15061,Closed Session,Procedural,7 Aye,https://viennavadata.org/meeting/2016-02-22.html
2016-02-22,15062,Public Hearings,Procedural,,https://viennavadata.org/meeting/2016-02-22.html
2016-02-22,15066,Public Hearing for Amendment of FY16 Operating Budget,"Budget, Taxes & Finance",7 Aye,https://viennavadata.org/meeting/2016-02-22.html
2016-02-22,15064,Regular Business,Procedural,,https://viennavadata.org/meeting/2016-02-22.html
2016-02-22,15065,Request approval of Vienna Community Center renovation and expansion contingency fund payment to Lukmire Partnership.,Parks & Recreation,7 Aye,https://viennavadata.org/meeting/2016-02-22.html
2016-02-22,15067,Request approval of Vienna Community Center renovation and expansion contingency fund payment to Keller Brothers,Parks & Recreation,7 Aye,https://viennavadata.org/meeting/2016-02-22.html
2016-02-22,15072,Request approval of Dominion Virginia Power’s consent agreement for right-of-way encroachment for the Vienna Community Center renovation and expansion project,Parks & Recreation,7 Aye,https://viennavadata.org/meeting/2016-02-22.html
2016-02-22,15106,Second Closed Session,Procedural,,https://viennavadata.org/meeting/2016-02-22.html
2016-02-22,15069,Meeting Adjournment,Procedural,,https://viennavadata.org/meeting/2016-02-22.html
2016-02-22,15070,"THE TOWN OF VIENNA IS COMMITTED TO FULL COMPLIANCE WITH THE AMERICANS WITH DISABILITIES ACT STANDARDS. TRANSLATION SERVICES, ASSISTANCE OR ACCOMMODATION REQUESTS FROM PERSONS WITH DISABILITIES ARE TO BE REQUESTED NOT LESS THAN 3 WORKING DAYS BEFORE THE DAY OF THE EVENT. PLEASE CALL (703) 255-6304, OR 711 VIRGINIA RELAY SERVICE FOR THE HEARING IMPAIRED.",Procedural,,https://viennavadata.org/meeting/2016-02-22.html
2016-02-01,14994,"Invocation: Reverend Craig Burns, Vienna Assembly of God",Procedural,,https://viennavadata.org/meeting/2016-02-01.html
2016-02-01,14995,Pledge of Allegiance to the Flag of the United States of America,Procedural,,https://viennavadata.org/meeting/2016-02-01.html
2016-02-01,14996,Roll Call,Procedural,,https://viennavadata.org/meeting/2016-02-01.html
2016-02-01,14997,Approval of the Minutes:,Minutes,,https://viennavadata.org/meeting/2016-02-01.html
2016-02-01,15018,"Minutes of the Regular Council Meeting of January 4, 2016, January 25, 2016 and the Work Session Minutes of November 9, 2015.",Minutes,,https://viennavadata.org/meeting/2016-02-01.html
2016-02-01,14998,Receipt of petitions and communications from the Public,Procedural,,https://viennavadata.org/meeting/2016-02-01.html
2016-02-01,14999,Reports/Presentations,Procedural,,https://viennavadata.org/meeting/2016-02-01.html
2016-02-01,15010,Community Enhancement Commission Holiday Awards,Proclamations & Recognitions,,https://viennavadata.org/meeting/2016-02-01.html
2016-02-01,15013,Presentation of Comprehensive Annual Financial Report,"Budget, Taxes & Finance",,https://viennavadata.org/meeting/2016-02-01.html
2016-02-01,15000,Report and Inquiries of Council Members,Procedural,,https://viennavadata.org/meeting/2016-02-01.html
2016-02-01,15001,Report of the Town Manager,Procedural,,https://viennavadata.org/meeting/2016-02-01.html
2016-02-01,15002,Report of the Mayor,Procedural,,https://viennavadata.org/meeting/2016-02-01.html
2016-02-01,15003,Proposals for Additional Items to the Agenda,Procedural,7 Aye,https://viennavadata.org/meeting/2016-02-01.html
2016-02-01,15004,Closed Session,Procedural,7 Aye,https://viennavadata.org/meeting/2016-02-01.html
2016-02-01,15007,Regular Business,Procedural,,https://viennavadata.org/meeting/2016-02-01.html
2016-02-01,15009,Request approval of Vienna Community Center renovation and expansion contingency fund payment to Keller Brothers.,Parks & Recreation,7 Aye,https://viennavadata.org/meeting/2016-02-01.html
2016-02-01,15019,Request approval of Vienna Community Center renovation and expansion contingency fund payment to Keller Brothers.,Parks & Recreation,7 Aye,https://viennavadata.org/meeting/2016-02-01.html
2016-02-01,15011,Request approval of Vienna Community Center renovation and expansion contingency fund payment to Lukmire Partnership.,Parks & Recreation,7 Aye,https://viennavadata.org/meeting/2016-02-01.html
2016-02-01,15012,"Request to Set The Date to Amend The Fiscal Year 2016 Operating Budget, Public Hearing for February 22, 2016.","Budget, Taxes & Finance",7 Aye,https://viennavadata.org/meeting/2016-02-01.html
2016-02-01,15014,Award of Concrete Curb Contract at two Park Street SE Developer Projects.,Parks & Recreation,7 Aye,https://viennavadata.org/meeting/2016-02-01.html
2016-02-01,15008,"Creek Crossing Road NE Sidewalk Project, Fairfax County MOU.","Streets, Sidewalks & Transportation",7 Aye,https://viennavadata.org/meeting/2016-02-01.html
2016-02-01,15015,Set alley vacation Public Hearing 105 Wilmar Place NW.,"Land Use, Zoning & Development",7 Aye,https://viennavadata.org/meeting/2016-02-01.html
2016-02-01,15016,"Award contract to Amec Foster Wheeler, Inc. for stormwater MS-4 Permit compliance activities.","Water, Sewer & Stormwater",7 Aye,https://viennavadata.org/meeting/2016-02-01.html
2016-02-01,15017,Approve spending with Quarles Fuel.,"Budget, Taxes & Finance",7 Aye,https://viennavadata.org/meeting/2016-02-01.html
2016-02-01,15020,Request approval of purchase of upgraded water meter reading equipment.,"Water, Sewer & Stormwater",7 Aye,https://viennavadata.org/meeting/2016-02-01.html
2016-02-01,15048,Ordinance amendment,Town Code & Ordinances,,https://viennavadata.org/meeting/2016-02-01.html
2016-02-01,15049,Second Closed Session,Procedural,,https://viennavadata.org/meeting/2016-02-01.html
2016-02-01,15021,Meeting Adjournment,Procedural,,https://viennavadata.org/meeting/2016-02-01.html
2016-02-01,15022,"THE TOWN OF VIENNA IS COMMITTED TO FULL COMPLIANCE WITH THE AMERICANS WITH DISABILITIES ACT STANDARDS. TRANSLATION SERVICES, ASSISTANCE OR ACCOMMODATION REQUESTS FROM PERSONS WITH DISABILITIES ARE TO BE REQUESTED NOT LESS THAN 3 WORKING DAYS BEFORE THE DAY OF THE EVENT. PLEASE CALL (703) 255-6304, OR 711 VIRGINIA RELAY SERVICE FOR THE HEARING IMPAIRED.",Procedural,7 (no value recorded),https://viennavadata.org/meeting/2016-02-01.html
2016-01-25,14970,"Invocation: Pastor Garry Genser, Vienna Seventh-Day Adventist Church",Procedural,,https://viennavadata.org/meeting/2016-01-25.html
2016-01-25,14971,Pledge of Allegiance to the Flag of the United States of America,Procedural,,https://viennavadata.org/meeting/2016-01-25.html
2016-01-25,14972,Roll Call,Procedural,,https://viennavadata.org/meeting/2016-01-25.html
2016-01-25,14973,Approval of the Minutes:,Minutes,,https://viennavadata.org/meeting/2016-01-25.html
2016-01-25,14991,"Minutes of the Regular Council Meeting of January 4, 2016 and the Work Session Minutes of November 9, 2015.",Minutes,,https://viennavadata.org/meeting/2016-01-25.html
2016-01-25,14974,Receipt of petitions and communications from the Public,Procedural,,https://viennavadata.org/meeting/2016-01-25.html
2016-01-25,14975,Reports/Presentations,Procedural,,https://viennavadata.org/meeting/2016-01-25.html
2016-01-25,14984,Presentation of Comprehensive Annual Financial Report,"Budget, Taxes & Finance",,https://viennavadata.org/meeting/2016-01-25.html
2016-01-25,14976,Report and Inquiries of Council Members,Procedural,,https://viennavadata.org/meeting/2016-01-25.html
2016-01-25,14977,Report of the Town Manager,Procedural,,https://viennavadata.org/meeting/2016-01-25.html
2016-01-25,14978,Report of the Mayor,Procedural,,https://viennavadata.org/meeting/2016-01-25.html
2016-01-25,14979,Proposals for Additional Items to the Agenda,Procedural,,https://viennavadata.org/meeting/2016-01-25.html
2016-01-25,14980,Closed Session,Procedural,,https://viennavadata.org/meeting/2016-01-25.html
2016-01-25,14983,Regular Business,Procedural,,https://viennavadata.org/meeting/2016-01-25.html
2016-01-25,14990,Request approval of Vienna Community Center renovation and expansion contingency fund payment to Keller Brothers.,Parks & Recreation,,https://viennavadata.org/meeting/2016-01-25.html
2016-01-25,14986,Set alley vacation Public Hearing 105 Wilmar Place NW.,"Land Use, Zoning & Development",,https://viennavadata.org/meeting/2016-01-25.html
2016-01-25,14985,Award of Concrete Curb Contract at two Park Street SE Developer Projects.,Parks & Recreation,,https://viennavadata.org/meeting/2016-01-25.html
2016-01-25,14987,"Award contract to Amec Foster Wheeler, Inc. for stormwater MS-4 Permit compliance activities.","Water, Sewer & Stormwater",,https://viennavadata.org/meeting/2016-01-25.html
2016-01-25,14988,Approve spending with Quarles Fuel.,"Budget, Taxes & Finance",,https://viennavadata.org/meeting/2016-01-25.html
2016-01-25,14989,Request approval of purchase of upgraded water meter reading equipment.,"Water, Sewer & Stormwater",,https://viennavadata.org/meeting/2016-01-25.html
2016-01-25,14992,Meeting Adjournment,Procedural,,https://viennavadata.org/meeting/2016-01-25.html
2016-01-25,14993,"THE TOWN OF VIENNA IS COMMITTED TO FULL COMPLIANCE WITH THE AMERICANS WITH DISABILITIES ACT STANDARDS. TRANSLATION SERVICES, ASSISTANCE OR ACCOMMODATION REQUESTS FROM PERSONS WITH DISABILITIES ARE TO BE REQUESTED NOT LESS THAN 3 WORKING DAYS BEFORE THE DAY OF THE EVENT. PLEASE CALL (703) 255-6304, OR 711 VIRGINIA RELAY SERVICE FOR THE HEARING IMPAIRED.",Procedural,,https://viennavadata.org/meeting/2016-01-25.html
2016-01-04,14907,"Invocation: Reverend Johnny Kurcina, Christ Church Vienna",Procedural,,https://viennavadata.org/meeting/2016-01-04.html
2016-01-04,14908,Pledge of Allegiance to the Flag of the United States of America,Procedural,,https://viennavadata.org/meeting/2016-01-04.html
2016-01-04,14909,Roll Call,Procedural,,https://viennavadata.org/meeting/2016-01-04.html
2016-01-04,14910,Approval of the Minutes:,Minutes,,https://viennavadata.org/meeting/2016-01-04.html
2016-01-04,14927,"Regular Minutes of December 14, 2015.",Minutes,7 Aye,https://viennavadata.org/meeting/2016-01-04.html
2016-01-04,14911,Receipt of petitions and communications from the Public,Procedural,,https://viennavadata.org/meeting/2016-01-04.html
2016-01-04,14912,Reports/Presentations,Procedural,,https://viennavadata.org/meeting/2016-01-04.html
2016-01-04,14913,Report and Inquiries of Council Members,Procedural,,https://viennavadata.org/meeting/2016-01-04.html
2016-01-04,14914,Report of the Town Manager,Procedural,,https://viennavadata.org/meeting/2016-01-04.html
2016-01-04,14915,Report of the Mayor,Procedural,,https://viennavadata.org/meeting/2016-01-04.html
2016-01-04,14916,Proposals for Additional Items to the Agenda,Procedural,,https://viennavadata.org/meeting/2016-01-04.html
2016-01-04,14917,Closed Session,Procedural,7 Aye,https://viennavadata.org/meeting/2016-01-04.html
2016-01-04,14920,Regular Business,Procedural,,https://viennavadata.org/meeting/2016-01-04.html
2016-01-04,14921,"Street Dedication Acceptance, Pleasant Street SW.","Streets, Sidewalks & Transportation",7 Aye,https://viennavadata.org/meeting/2016-01-04.html
2016-01-04,14922,"Purchase of two dump trucks, IFB 16-13.",Contracts & Purchasing,7 Aye,https://viennavadata.org/meeting/2016-01-04.html
2016-01-04,14923,Request approval of Vienna Community Center renovation and expansion contingency fund payment to Keller Brothers.,Parks & Recreation,7 Aye,https://viennavadata.org/meeting/2016-01-04.html
2016-01-04,14924,Meeting Adjournment,Procedural,,https://viennavadata.org/meeting/2016-01-04.html
2015-12-14,14874,Invocation: Mr. Iman Ferdowski of the Local Spiritual Assembly of the Baha'is of the Town of Vienna,Procedural,,https://viennavadata.org/meeting/2015-12-14.html
2015-12-14,14875,Pledge of Allegiance to the Flag of the United States of America,Procedural,,https://viennavadata.org/meeting/2015-12-14.html
2015-12-14,14876,Roll Call,Procedural,,https://viennavadata.org/meeting/2015-12-14.html
2015-12-14,14877,Approval of the Minutes:,Minutes,,https://viennavadata.org/meeting/2015-12-14.html
2015-12-14,14897,"Approval of the Minutes of the Regular Council Meeting of November 16, 2015 and the Work Session Minutes of October 26, 2015.",Minutes,7 Aye,https://viennavadata.org/meeting/2015-12-14.html
2015-12-14,14878,Receipt of petitions and communications from the Public,Procedural,,https://viennavadata.org/meeting/2015-12-14.html
2015-12-14,14879,Reports/Presentations,Procedural,,https://viennavadata.org/meeting/2015-12-14.html
2015-12-14,14880,Report and Inquiries of Council Members,Procedural,,https://viennavadata.org/meeting/2015-12-14.html
2015-12-14,14881,Report of the Town Manager,Procedural,,https://viennavadata.org/meeting/2015-12-14.html
2015-12-14,14882,Report of the Mayor,Procedural,,https://viennavadata.org/meeting/2015-12-14.html
2015-12-14,14883,Proposals for Additional Items to the Agenda,Procedural,,https://viennavadata.org/meeting/2015-12-14.html
2015-12-14,14884,Closed Session,Procedural,7 Aye,https://viennavadata.org/meeting/2015-12-14.html
2015-12-14,14887,Regular Business,Procedural,,https://viennavadata.org/meeting/2015-12-14.html
2015-12-14,14890,"Request for approval on a final plat for the proposed two-lot subdivision of existing Parcel 1, First Addition to Beulah Heights, on property located at 409 Beulah Road NE and in the RS-12.5, Single-Family Detached Residential and RS-16, Single-Family Detached Residential zones. (Recommended new addresses are 409 and 411 Beulah Road NE).","Land Use, Zoning & Development",7 Aye,https://viennavadata.org/meeting/2015-12-14.html
2015-12-14,14894,Versailles Gallery Signage.,"Land Use, Zoning & Development",7 Aye,https://viennavadata.org/meeting/2015-12-14.html
2015-12-14,14896,Proposed Resolution and Requirement for Conflict of Interest Disclosure Affidavits for use by Applicants in Land Development Activity.,Governance & Administration,7 Aye,https://viennavadata.org/meeting/2015-12-14.html
2015-12-14,14889,Salt Brine Memorandum of Understanding.,Contracts & Purchasing,7 Aye,https://viennavadata.org/meeting/2015-12-14.html
2015-12-14,14891,"Request to award IFB 16-09, Maple Ave Paving Contract.","Streets, Sidewalks & Transportation",7 Aye,https://viennavadata.org/meeting/2015-12-14.html
2015-12-14,14893,301 & 303 Niblick Drive SE Performance Bond Reduction Request.,"Budget, Taxes & Finance",7 Aye,https://viennavadata.org/meeting/2015-12-14.html
2015-12-14,14895,Increase funds to Follin Lane SE reconstruction contracts.,Contracts & Purchasing,7 Aye,https://viennavadata.org/meeting/2015-12-14.html
2015-12-14,14892,"Request approval of payment to Keller Brothers, Inc. from contingency funds for project expenditures for the Vienna Community Center renovation and expansion.",Parks & Recreation,7 Aye,https://viennavadata.org/meeting/2015-12-14.html
2015-12-14,14906,Second Closed Session,Procedural,7 Aye,https://viennavadata.org/meeting/2015-12-14.html
2015-12-14,14898,Meeting Adjournment,Procedural,,https://viennavadata.org/meeting/2015-12-14.html
2015-12-14,14899,"THE TOWN OF VIENNA IS COMMITTED TO FULL COMPLIANCE WITH THE AMERICANS WITH DISABILITIES ACT STANDARDS. TRANSLATION SERVICES, ASSISTANCE OR ACCOMMODATION REQUESTS FROM PERSONS WITH DISABILITIES ARE TO BE REQUESTED NOT LESS THAN 3 WORKING DAYS BEFORE THE DAY OF THE EVENT. PLEASE CALL (703) 255-6304, OR 711 VIRGINIA RELAY SERVICE FOR THE HEARING IMPAIRED.",Procedural,,https://viennavadata.org/meeting/2015-12-14.html
2015-11-02,14771,"Invocation: Reverend Johnny Kurcina, Christ Church Vienna",Procedural,,https://viennavadata.org/meeting/2015-11-02.html
2015-11-02,14772,Pledge of Allegiance to the Flag of the United States of America,Procedural,,https://viennavadata.org/meeting/2015-11-02.html
2015-11-02,14773,Roll Call,Procedural,,https://viennavadata.org/meeting/2015-11-02.html
2015-11-02,14774,Approval of the Minutes:,Minutes,,https://viennavadata.org/meeting/2015-11-02.html
2015-11-02,14790,"Regular Minutes of October 19, 2015.",Minutes,7 Aye,https://viennavadata.org/meeting/2015-11-02.html
2015-11-02,14775,Receipt of petitions and communications from the Public,Procedural,,https://viennavadata.org/meeting/2015-11-02.html
2015-11-02,14776,Reports/Presentations,Procedural,,https://viennavadata.org/meeting/2015-11-02.html
2015-11-02,14777,Report and Inquiries of Council Members,Procedural,,https://viennavadata.org/meeting/2015-11-02.html
2015-11-02,14793,Report and Inquiries of Council Members,Procedural,,https://viennavadata.org/meeting/2015-11-02.html
2015-11-02,14778,Report of the Town Manager,Procedural,,https://viennavadata.org/meeting/2015-11-02.html
2015-11-02,14779,Report of the Mayor,Procedural,,https://viennavadata.org/meeting/2015-11-02.html
2015-11-02,14780,Proposals for Additional Items to the Agenda,Procedural,,https://viennavadata.org/meeting/2015-11-02.html
2015-11-02,14781,Closed Session,Procedural,7 Aye,https://viennavadata.org/meeting/2015-11-02.html
2015-11-02,14784,Regular Business,Procedural,,https://viennavadata.org/meeting/2015-11-02.html
2015-11-02,14789,Memorandum of Understanding between the Town of Vienna and Faith Baptist Church.,Contracts & Purchasing,7 Aye,https://viennavadata.org/meeting/2015-11-02.html
2015-11-02,14785,Request approval of vehicle purchases within the Vehicle Replacement Program.,Contracts & Purchasing,7 Aye,https://viennavadata.org/meeting/2015-11-02.html
2015-11-02,14786,Request replacement of vehicle #93 within the Vehicle Replacement Program.,Contracts & Purchasing,7 Aye,https://viennavadata.org/meeting/2015-11-02.html
2015-11-02,14787,Increase FY16 spending with Ferguson Waterworks,"Budget, Taxes & Finance",7 Aye,https://viennavadata.org/meeting/2015-11-02.html
2015-11-02,14788,Request to Increase funding for implementation of Tyler Munis software,Contracts & Purchasing,7 Aye,https://viennavadata.org/meeting/2015-11-02.html
2015-11-02,14791,Meeting Adjournment,Procedural,7 Aye,https://viennavadata.org/meeting/2015-11-02.html
2015-11-02,14792,"THE TOWN OF VIENNA IS COMMITTED TO FULL COMPLIANCE WITH THE AMERICANS WITH DISABILITIES ACT STANDARDS. TRANSLATION SERVICES, ASSISTANCE OR ACCOMMODATION REQUESTS FROM PERSONS WITH DISABILITIES ARE TO BE REQUESTED NOT LESS THAN 3 WORKING DAYS BEFORE THE DAY OF THE EVENT. PLEASE CALL (703) 255-6304, OR 711 VIRGINIA RELAY SERVICE FOR THE HEARING IMPAIRED.",Procedural,,https://viennavadata.org/meeting/2015-11-02.html
2015-10-19,14720,"Invocation: John Russo, Local Spiritual Assembly of the Bahai', Vienna",Procedural,,https://viennavadata.org/meeting/2015-10-19.html
2015-10-19,14721,Pledge of Allegiance to the Flag of the United States of America,Procedural,,https://viennavadata.org/meeting/2015-10-19.html
2015-10-19,14722,Roll Call,Procedural,,https://viennavadata.org/meeting/2015-10-19.html
2015-10-19,14723,Approval of the Minutes:,Minutes,,https://viennavadata.org/meeting/2015-10-19.html
2015-10-19,14746,"Minutes of the Regular Council Meeting of September 28, 2015.",Minutes,7 Aye,https://viennavadata.org/meeting/2015-10-19.html
2015-10-19,14724,Receipt of petitions and communications from the Public,Procedural,,https://viennavadata.org/meeting/2015-10-19.html
2015-10-19,14725,Reports/Presentations,Procedural,,https://viennavadata.org/meeting/2015-10-19.html
2015-10-19,14736,Proclamation for National American Indian Heritage Month.,Proclamations & Recognitions,7 Aye,https://viennavadata.org/meeting/2015-10-19.html
2015-10-19,14726,Report and Inquiries of Council Members,Procedural,,https://viennavadata.org/meeting/2015-10-19.html
2015-10-19,14727,Report of the Town Manager,Procedural,,https://viennavadata.org/meeting/2015-10-19.html
2015-10-19,14728,Report of the Mayor,Procedural,,https://viennavadata.org/meeting/2015-10-19.html
2015-10-19,14729,Proposals for Additional Items to the Agenda,Procedural,7 (no value recorded),https://viennavadata.org/meeting/2015-10-19.html
2015-10-19,14730,Closed Session,Procedural,"5 Aye, 2 Abstain",https://viennavadata.org/meeting/2015-10-19.html
2015-10-19,14733,Regular Business,Procedural,,https://viennavadata.org/meeting/2015-10-19.html
2015-10-19,14741,Approval of 2016 Town Council Meeting Schedule and Calendar,Governance & Administration,7 Aye,https://viennavadata.org/meeting/2015-10-19.html
2015-10-19,14742,Memorandum of Understanding between the Town of Vienna and Faith Baptist Church.,Contracts & Purchasing,7 Aye,https://viennavadata.org/meeting/2015-10-19.html
2015-10-19,14734,Consideration of a Melody Lane Safe Routes to School Sidewalk Grant Application,"Streets, Sidewalks & Transportation",7 Aye,https://viennavadata.org/meeting/2015-10-19.html
2015-10-19,14735,Consideration of a Marshall Road SW Revenue Sharing Grant Application.,"Budget, Taxes & Finance",7 Aye,https://viennavadata.org/meeting/2015-10-19.html
2015-10-19,14737,Request to award Nutley & West Street NW sidewalk design contract.,"Streets, Sidewalks & Transportation",7 Aye,https://viennavadata.org/meeting/2015-10-19.html
2015-10-19,14738,"Request approval for FY16 road salt purchases from Cargill, Inc.",Contracts & Purchasing,7 Aye,https://viennavadata.org/meeting/2015-10-19.html
2015-10-19,14740,Purchase of replacement Town Manager’s vehicle within the Vehicle Replacement Program.,Governance & Administration,7 Aye,https://viennavadata.org/meeting/2015-10-19.html
2015-10-19,14739,Request to Set a Public Hearing for Issuance of Bonds & Notice of Intent to Adopt an Ordinance Resolution,Town Code & Ordinances,7 Aye,https://viennavadata.org/meeting/2015-10-19.html
2015-10-19,14743,"Consideration of adoption of a Proposed Ordinance to amend Chapter 2, Administration, of the Code of the Town of Vienna, Adding a New Article 7 and New Sections 2-69 to 2-71 to Establish Procedures for the Disposition and Disposal of Property Seized by the Police in Accordance with Virginia Code Section 15.2-1719 (1950 as amended).",Public Safety,"6 Aye, 1 Nay",https://viennavadata.org/meeting/2015-10-19.html
2015-10-19,14744,Meeting Adjournment,Procedural,,https://viennavadata.org/meeting/2015-10-19.html
2015-10-19,14745,"THE TOWN OF VIENNA IS COMMITTED TO FULL COMPLIANCE WITH THE AMERICANS WITH DISABILITIES ACT STANDARDS. TRANSLATION SERVICES, ASSISTANCE OR ACCOMMODATION REQUESTS FROM PERSONS WITH DISABILITIES ARE TO BE REQUESTED NOT LESS THAN 3 WORKING DAYS BEFORE THE DAY OF THE EVENT. PLEASE CALL (703) 255-6304, OR 711 VIRGINIA RELAY SERVICE FOR THE HEARING IMPAIRED.",Procedural,,https://viennavadata.org/meeting/2015-10-19.html
2015-09-28,14689,"Invocation: Reverend Johnny Kurcina, Christ Church Vienna",Procedural,,https://viennavadata.org/meeting/2015-09-28.html
2015-09-28,14690,Pledge of Allegiance to the Flag of the United States of America,Procedural,,https://viennavadata.org/meeting/2015-09-28.html
2015-09-28,14691,Roll Call,Procedural,,https://viennavadata.org/meeting/2015-09-28.html
2015-09-28,14692,Approval of the Minutes:,Minutes,,https://viennavadata.org/meeting/2015-09-28.html
2015-09-28,14719,"Approval of the Regular Meeting Minutes of September 14, 2015 and the Work Session of September 21, 2015.",Minutes,,https://viennavadata.org/meeting/2015-09-28.html
2015-09-28,14693,Receipt of petitions and communications from the Public,Procedural,,https://viennavadata.org/meeting/2015-09-28.html
2015-09-28,14694,Reports/Presentations,Procedural,,https://viennavadata.org/meeting/2015-09-28.html
2015-09-28,14695,Report and Inquiries of Council Members,Procedural,,https://viennavadata.org/meeting/2015-09-28.html
2015-09-28,14696,Report of the Town Manager,Procedural,,https://viennavadata.org/meeting/2015-09-28.html
2015-09-28,14697,Report of the Mayor,Procedural,,https://viennavadata.org/meeting/2015-09-28.html
2015-09-28,14698,Proposals for Additional Items to the Agenda,Procedural,,https://viennavadata.org/meeting/2015-09-28.html
2015-09-28,14699,Closed Session,Procedural,,https://viennavadata.org/meeting/2015-09-28.html
2015-09-28,14702,Regular Business,Procedural,,https://viennavadata.org/meeting/2015-09-28.html
2015-09-28,14704,"Request For Approval of Fall Contractors for Parks and Recreation Classes through December 31, 2015 In Excess of $20,000 per Terms and Conditions of RFP 15-01.",Parks & Recreation,7 Aye,https://viennavadata.org/meeting/2015-09-28.html
2015-09-28,14716,Request to ride Aepa/Fairfax County Contract (Aepa Ifb #012c) #4400002721 for Replacement of the Synthetic Turf at Waters Field.,Grants & Intergovernmental,7 Aye,https://viennavadata.org/meeting/2015-09-28.html
2015-09-28,14712,Approval of Capital Improvement Plan Through 2034.,"Budget, Taxes & Finance",7 Aye,https://viennavadata.org/meeting/2015-09-28.html
2015-09-28,14713,Memorandum of Understanding between the Town of Vienna and Faith Baptist Church.,Contracts & Purchasing,7 Aye,https://viennavadata.org/meeting/2015-09-28.html
2015-09-28,14714,"Consideration of a Proposed Ordinance and request to Advertise an Intent to Adopt to Amend Chapter 2, Administration, of the Code of the Town of Vienna, Adding a New Article 7 and New Sections 2-69 to 2-71 to Establish Procedures for the Disposition and Disposal of Property Seized by the Police in Accordance with Virginia Code Section 15.2-1719 (1950 as amended).",Public Safety,"6 Aye, 1 Nay",https://viennavadata.org/meeting/2015-09-28.html
2015-09-28,14703,Request to review and accept the Public Infrastructure Manual,"Streets, Sidewalks & Transportation",7 Aye,https://viennavadata.org/meeting/2015-09-28.html
2015-09-28,14705,"Award alteration of Town Hall rear parking lot engineering contract to Urban, Ltd.","Streets, Sidewalks & Transportation",7 Aye,https://viennavadata.org/meeting/2015-09-28.html
2015-09-28,14706,Request to increase funding for Village Green Shopping Center Storm Drainage Design Contract.,"Water, Sewer & Stormwater",7 Aye,https://viennavadata.org/meeting/2015-09-28.html
2015-09-28,14707,"Approval of IFB 16-05, Janitorial Services for Vienna Town Hall and Vienna Police Department.",Public Safety,7 Aye,https://viennavadata.org/meeting/2015-09-28.html
2015-09-28,14708,Change Public Works Inspector Position from Part-Time to Full-Time.,Governance & Administration,7 Aye,https://viennavadata.org/meeting/2015-09-28.html
2015-09-28,14709,Award On-Call Roadway Maintenance Contract to Sagres Construction.,Contracts & Purchasing,7 Aye,https://viennavadata.org/meeting/2015-09-28.html
2015-09-28,14710,"Request approval of spending with Whitman, Requardt and Associates, LLP for Construction Management Support.","Budget, Taxes & Finance",7 Aye,https://viennavadata.org/meeting/2015-09-28.html
2015-09-28,14711,Consideration of Maple Avenue and Park Street Traffic Signal Reconstruction Grant.,Parks & Recreation,7 Aye,https://viennavadata.org/meeting/2015-09-28.html
2015-09-28,14717,Meeting Adjournment,Procedural,,https://viennavadata.org/meeting/2015-09-28.html
2015-09-28,14718,"THE TOWN OF VIENNA IS COMMITTED TO FULL COMPLIANCE WITH THE AMERICANS WITH DISABILITIES ACT STANDARDS. TRANSLATION SERVICES, ASSISTANCE OR ACCOMMODATION REQUESTS FROM PERSONS WITH DISABILITIES ARE TO BE REQUESTED NOT LESS THAN 3 WORKING DAYS BEFORE THE DAY OF THE EVENT. PLEASE CALL (703) 255-6304, OR 711 VIRGINIA RELAY SERVICE FOR THE HEARING IMPAIRED.",Procedural,,https://viennavadata.org/meeting/2015-09-28.html
2015-09-14,14645,"Invocation: John Russo, Local Spiritual Assembly of the Baha'is.",Procedural,,https://viennavadata.org/meeting/2015-09-14.html
2015-09-14,14646,Pledge of Allegiance to the Flag of the United States of America,Procedural,,https://viennavadata.org/meeting/2015-09-14.html
2015-09-14,14647,Roll Call,Procedural,,https://viennavadata.org/meeting/2015-09-14.html
2015-09-14,14688,Rollcall,Procedural,,https://viennavadata.org/meeting/2015-09-14.html
2015-09-14,14648,Approval of the Minutes:,Minutes,,https://viennavadata.org/meeting/2015-09-14.html
2015-09-14,14667,"Minutes of the Regular Council Meeting of August 24, 2015.",Minutes,"6 Aye, 1 Absent",https://viennavadata.org/meeting/2015-09-14.html
2015-09-14,14649,Receipt of petitions and communications from the Public,Procedural,,https://viennavadata.org/meeting/2015-09-14.html
2015-09-14,14650,Reports/Presentations,Procedural,,https://viennavadata.org/meeting/2015-09-14.html
2015-09-14,14666,Recognize Local State Sports Champions/Finalist.,Proclamations & Recognitions,,https://viennavadata.org/meeting/2015-09-14.html
2015-09-14,14661,Proclamation for September 11th Commemoration.,Proclamations & Recognitions,,https://viennavadata.org/meeting/2015-09-14.html
2015-09-14,14660,Proclamation for Constitution Week.,Proclamations & Recognitions,,https://viennavadata.org/meeting/2015-09-14.html
2015-09-14,14665,Proclamation for Bicyclist and Pedestrian Awareness Month.,Proclamations & Recognitions,,https://viennavadata.org/meeting/2015-09-14.html
2015-09-14,14651,Report and Inquiries of Council Members,Procedural,,https://viennavadata.org/meeting/2015-09-14.html
2015-09-14,14652,Report of the Town Manager,Procedural,,https://viennavadata.org/meeting/2015-09-14.html
2015-09-14,14653,Report of the Mayor,Procedural,,https://viennavadata.org/meeting/2015-09-14.html
2015-09-14,14654,Proposals for Additional Items to the Agenda,Procedural,,https://viennavadata.org/meeting/2015-09-14.html
2015-09-14,14655,Closed Session,Procedural,,https://viennavadata.org/meeting/2015-09-14.html
2015-09-14,14656,Public Hearings,Procedural,,https://viennavadata.org/meeting/2015-09-14.html
2015-09-14,14657,Consent Agenda,Consent Agenda,,https://viennavadata.org/meeting/2015-09-14.html
2015-09-14,14658,Regular Business,Procedural,,https://viennavadata.org/meeting/2015-09-14.html
2015-09-14,14662,Request for procurement of Audio/Visual Upgrades for Cable Access Channel.,Contracts & Purchasing,"6 Aye, 1 Absent",https://viennavadata.org/meeting/2015-09-14.html
2015-09-14,14663,Approval of Additional Expense for Human Circuit for Annual Maintenance Support.,Contracts & Purchasing,"6 Aye, 1 Absent",https://viennavadata.org/meeting/2015-09-14.html
2015-09-14,14664,Award contract for John Marshall Drive NW sidewalk construction.,"Streets, Sidewalks & Transportation","6 Aye, 1 Absent",https://viennavadata.org/meeting/2015-09-14.html
2015-09-14,14659,Defer the Town Manager vehicle purchase under the Vehicle Replacement Program.,Governance & Administration,"6 Aye, 1 Absent",https://viennavadata.org/meeting/2015-09-14.html
2015-09-14,14668,Meeting Adjournment,Procedural,"6 Aye, 1 Absent",https://viennavadata.org/meeting/2015-09-14.html
2015-09-14,14669,"THE TOWN OF VIENNA IS COMMITTED TO FULL COMPLIANCE WITH THE AMERICANS WITH DISABILITIES ACT STANDARDS. TRANSLATION SERVICES, ASSISTANCE OR ACCOMMODATION REQUESTS FROM PERSONS WITH DISABILITIES ARE TO BE REQUESTED NOT LESS THAN 3 WORKING DAYS BEFORE THE DAY OF THE EVENT. PLEASE CALL (703) 255-6304, OR 711 VIRGINIA RELAY SERVICE FOR THE HEARING IMPAIRED.",Procedural,,https://viennavadata.org/meeting/2015-09-14.html
2015-07-06,14585,Swearing in of Newly Elected Officials,Proclamations & Recognitions,,https://viennavadata.org/meeting/2015-07-06.html
2015-07-06,14550,"Invocation:Reverend Corky Eddins, Christ Church Vienna",Procedural,,https://viennavadata.org/meeting/2015-07-06.html
2015-07-06,14551,Pledge of Allegiance to the Flag of the United States of America,Procedural,,https://viennavadata.org/meeting/2015-07-06.html
2015-07-06,14552,Roll Call,Procedural,,https://viennavadata.org/meeting/2015-07-06.html
2015-07-06,14553,Approval of the Minutes:,Minutes,,https://viennavadata.org/meeting/2015-07-06.html
2015-07-06,14582,"Regular Meetings Minutes of May 11, 2015, June 1, 2015 and the Work Session Minutes of June 8, 2015.",Minutes,"6 Aye, 1 Abstain",https://viennavadata.org/meeting/2015-07-06.html
2015-07-06,14554,Receipt of petitions and communications from the Public,Procedural,,https://viennavadata.org/meeting/2015-07-06.html
2015-07-06,14555,Reports/Presentations,Procedural,,https://viennavadata.org/meeting/2015-07-06.html
2015-07-06,14556,Report and Inquiries of Council Members,Procedural,,https://viennavadata.org/meeting/2015-07-06.html
2015-07-06,14557,Report of the Town Manager,Procedural,,https://viennavadata.org/meeting/2015-07-06.html
2015-07-06,14558,Report of the Mayor,Procedural,,https://viennavadata.org/meeting/2015-07-06.html
2015-07-06,14559,Proposals for Additional Items to the Agenda,Procedural,,https://viennavadata.org/meeting/2015-07-06.html
2015-07-06,14560,Closed Session,Procedural,7 Aye,https://viennavadata.org/meeting/2015-07-06.html
2015-07-06,14561,Public Hearings,Procedural,,https://viennavadata.org/meeting/2015-07-06.html
2015-07-06,14564,"Public Hearing on a Proposed Ordinance to Amend the Code of the Town Of Vienna, Chapter 18, Zoning, Article 2, Definitions and Article 23, Board of Zoning Appeals, Updating Variance Standards Consistent With the Code of Virginia.","Land Use, Zoning & Development",7 Aye,https://viennavadata.org/meeting/2015-07-06.html
2015-07-06,14567,"Public Hearing for consideration of a proposed ordinance to amend the Code of the Town of Vienna, Chapter 9, Motor Vehicles and Traffic, Article 1, In General, Section 9-3, Adoption of State Code, of the Code of the Town of Vienna.","Streets, Sidewalks & Transportation",7 Aye,https://viennavadata.org/meeting/2015-07-06.html
2015-07-06,14568,Public Hearing on the proposed Adoption of an Ordinance Authorizing the Collection of E-Summons Fees.,Town Code & Ordinances,7 Aye,https://viennavadata.org/meeting/2015-07-06.html
2015-07-06,14569,Public Hearing and Proposed Adoption of an Ordinance re-locating the polling place for Town elections.,Town Code & Ordinances,7 Aye,https://viennavadata.org/meeting/2015-07-06.html
2015-07-06,14562,Consent Agenda,Consent Agenda,,https://viennavadata.org/meeting/2015-07-06.html
2015-07-06,14563,Regular Business,Procedural,,https://viennavadata.org/meeting/2015-07-06.html
2015-07-06,14565,"Request for Approval of Summer Instructor Contractors for Parks and Recreation Classes through August 31, 2015 in Excess of $20,000 per Terms and Conditions of RFP15-01.",Parks & Recreation,7 Aye,https://viennavadata.org/meeting/2015-07-06.html
2015-07-06,14581,Request Approval of a License Agreement between the Town of Vienna and NOVA Parks for the Community Center Renovation and Expansion Project related to the Washington and Old Dominion Trail Relocation and Improvements.,Parks & Recreation,7 Aye,https://viennavadata.org/meeting/2015-07-06.html
2015-07-06,14578,Request Approval of MOU between the Town Of Vienna and the Vienna Business Association for First Night 2015-16.,"Community, Arts & Events",7 Aye,https://viennavadata.org/meeting/2015-07-06.html
2015-07-06,14580,Request Approval of Lease between First Washington Realty and the Town for Parks and Recreation Department Relocation Expenses during the Community Center Project.,Parks & Recreation,,https://viennavadata.org/meeting/2015-07-06.html
2015-07-06,14570,Police radio purchase,Public Safety,7 Aye,https://viennavadata.org/meeting/2015-07-06.html
2015-07-06,14572,Authorization of Building Construction Project Manager Position.,Governance & Administration,7 Aye,https://viennavadata.org/meeting/2015-07-06.html
2015-07-06,14573,Award Follin Lane SE Reconstruction contract.,Contracts & Purchasing,7 Aye,https://viennavadata.org/meeting/2015-07-06.html
2015-07-06,14574,Old Courthouse Road NE Fairfax County Agreement and Design Contract Award.,Grants & Intergovernmental,7 Aye,https://viennavadata.org/meeting/2015-07-06.html
2015-07-06,14575,Request approval of Am-Liner Contract Increase.,Contracts & Purchasing,7 Aye,https://viennavadata.org/meeting/2015-07-06.html
2015-07-06,14576,Increase Virginia Paving Contract.,"Streets, Sidewalks & Transportation",7 Aye,https://viennavadata.org/meeting/2015-07-06.html
2015-07-06,14601,Request Approval of Lease between First Washington Realty and the Town for Parks and Recreation Department Relocation Expenses during the Community Center Project.,Parks & Recreation,7 Aye,https://viennavadata.org/meeting/2015-07-06.html
2015-07-06,14602,Town property restoration adjacent to Caboose Brewery.,Parks & Recreation,7 Aye,https://viennavadata.org/meeting/2015-07-06.html
2015-07-06,14577,Town property restoration adjacent to Caboose Brewery.,Parks & Recreation,,https://viennavadata.org/meeting/2015-07-06.html
2015-07-06,14603,Award Ayito Road SE Sidewalk and Road Reconstruction Contract.,"Streets, Sidewalks & Transportation",7 Aye,https://viennavadata.org/meeting/2015-07-06.html
2015-07-06,14571,Supplemental Invoice for Town Attorney Charges.,"Budget, Taxes & Finance",7 Aye,https://viennavadata.org/meeting/2015-07-06.html
2015-07-06,14579,Award Ayito Road SE Sidewalk and Road Reconstruction Contract.,"Streets, Sidewalks & Transportation",,https://viennavadata.org/meeting/2015-07-06.html
2015-07-06,14566,Appointment of Town Officials for Fiscal Year 2015-2016,Appointments & Resignations,7 Aye,https://viennavadata.org/meeting/2015-07-06.html
2015-07-06,14583,Meeting Adjournment,Procedural,7 Aye,https://viennavadata.org/meeting/2015-07-06.html
2015-06-08,14531,Roll Call,Procedural,,https://viennavadata.org/meeting/2015-06-08.html
2015-06-08,14542,Regular Business,Procedural,,https://viennavadata.org/meeting/2015-06-08.html
2015-06-08,14544,Set a Closed Session for Board and Commission Interviews.,Procedural,,https://viennavadata.org/meeting/2015-06-08.html
2015-06-08,14545,Meeting Adjournment,Procedural,,https://viennavadata.org/meeting/2015-06-08.html
2015-06-01,14450,"Invocation: Councilman Emil D. Attanasi, Town of Vienna",Procedural,,https://viennavadata.org/meeting/2015-06-01.html
2015-06-01,14451,Pledge of Allegiance to the Flag of the United States of America,Procedural,,https://viennavadata.org/meeting/2015-06-01.html
2015-06-01,14452,Roll Call,Procedural,,https://viennavadata.org/meeting/2015-06-01.html
2015-06-01,14453,Approval of the Minutes:,Minutes,,https://viennavadata.org/meeting/2015-06-01.html
2015-06-01,14479,"Work Session Minutes of March 21, 2015, March 23, 2015, April 20, 2015 and May 18, 2015.",Minutes,,https://viennavadata.org/meeting/2015-06-01.html
2015-06-01,14454,Receipt of petitions and communications from the Public,Procedural,,https://viennavadata.org/meeting/2015-06-01.html
2015-06-01,14455,Reports/Presentations,Procedural,,https://viennavadata.org/meeting/2015-06-01.html
2015-06-01,14478,"Presentation by Senator Chap Peterson to Former Council Member, Laurie Cole.",Proclamations & Recognitions,,https://viennavadata.org/meeting/2015-06-01.html
2015-06-01,14482,Proclamation for the Vienna Rotary’s 50th Anniversary.,Proclamations & Recognitions,,https://viennavadata.org/meeting/2015-06-01.html
2015-06-01,14483,Proclamation for the Vienna Woman’s Club 60th Anniversary.,Proclamations & Recognitions,,https://viennavadata.org/meeting/2015-06-01.html
2015-06-01,14484,Proclamation for the Vienna Optimist Club’s 60th Anniversary.,Proclamations & Recognitions,,https://viennavadata.org/meeting/2015-06-01.html
2015-06-01,14456,Report and Inquiries of Council Members,Procedural,,https://viennavadata.org/meeting/2015-06-01.html
2015-06-01,14457,Report of the Town Manager,Procedural,,https://viennavadata.org/meeting/2015-06-01.html
2015-06-01,14458,Report of the Mayor,Procedural,,https://viennavadata.org/meeting/2015-06-01.html
2015-06-01,14459,Proposals for Additional Items to the Agenda,Procedural,,https://viennavadata.org/meeting/2015-06-01.html
2015-06-01,14460,Closed Session,Procedural,7 Aye,https://viennavadata.org/meeting/2015-06-01.html
2015-06-01,14461,Public Hearings,Procedural,,https://viennavadata.org/meeting/2015-06-01.html
2015-06-01,14503,Consent Agenda,Consent Agenda,,https://viennavadata.org/meeting/2015-06-01.html
2015-06-01,14547,Approval of the Consent Agenda,Consent Agenda,7 Aye,https://viennavadata.org/meeting/2015-06-01.html
2015-06-01,14464,New World Systems payment for the Standard Service Maintenance Agreement,"Budget, Taxes & Finance",7 Aye,https://viennavadata.org/meeting/2015-06-01.html
2015-06-01,14468,Request approval to continue riding Fairfax County Schools Contract 4400001435 for Cell and Mobile Device Service with Sprint.,Grants & Intergovernmental,7 Aye,https://viennavadata.org/meeting/2015-06-01.html
2015-06-01,14473,FY 2016 funding and renewals of Town contracts.,Contracts & Purchasing,7 Aye,https://viennavadata.org/meeting/2015-06-01.html
2015-06-01,14471,"Request approval to continue to ride VITA Contract VA-140331-DELL for the purchase of computers, laptops and maintenance contracts for servers.",Contracts & Purchasing,7 Aye,https://viennavadata.org/meeting/2015-06-01.html
2015-06-01,14472,"Request approval for the use of FY16 funds with Granicus, Inc. using revised contract approved by Council on 12/15/2014 and executed by the Town Manager dated 12/16/2014 for the continued use of Granicus, Inc. for Agenda Management Suite, Boards and Commissions Module, and Video Streaming.",Governance & Administration,7 Aye,https://viennavadata.org/meeting/2015-06-01.html
2015-06-01,14469,FY 2016 funding of contracts issued by other jurisdictions.,Contracts & Purchasing,7 Aye,https://viennavadata.org/meeting/2015-06-01.html
2015-06-01,14475,"Renewal of IFB 13-14, Tree Removal and Maintenance","Environment, Trees & Sustainability",7 Aye,https://viennavadata.org/meeting/2015-06-01.html
2015-06-01,14462,Regular Business,Procedural,,https://viennavadata.org/meeting/2015-06-01.html
2015-06-01,14476,"Request Approval of MOU between Vienna Little League and the Town of Vienna for the Annual Use of Yeonas Park - July 3, 2015 Fireworks Spectator Location.",Parks & Recreation,7 Aye,https://viennavadata.org/meeting/2015-06-01.html
2015-06-01,14470,"Request for approval of a Final Plat for the two-lot resubdivision of existing Lot 55, Part of Ayr Hill Chancery, located at 412 Glyndon Street NE and in the RS-12.5, Single-Family Detached Residential zone (recommended new addresses of 410 and 412 Glyndon Street NE).  Application filed by Jordan Land Design, LLC, Engineer on behalf of Dennis E. and Christina Rice, owners.","Land Use, Zoning & Development",,https://viennavadata.org/meeting/2015-06-01.html
2015-06-01,14477,Request Approval of MOU between the Town of Vienna and the Vienna Business Association for 2015 Oktoberfest,"Community, Arts & Events",7 Aye,https://viennavadata.org/meeting/2015-06-01.html
2015-06-01,14522,"Request for approval of a Final Plat for the two-lot resubdivision of existing Lot 55, Part of Ayr Hill Chancery, located at 412 Glyndon Street NE and in the RS-12.5, Single-Family Detached Residential zone (recommended new addresses of 410 and 412 Glyndon Street NE).  Application filed by Jordan Land Design, LLC, Engineer on behalf of Dennis E. and Christina Rice, owners.","Land Use, Zoning & Development",7 Aye,https://viennavadata.org/meeting/2015-06-01.html
2015-06-01,14463,Request to Refer Variance Standards Ordinance to The Planning Commission.,"Land Use, Zoning & Development",7 Aye,https://viennavadata.org/meeting/2015-06-01.html
2015-06-01,14466,"Request to Set Public Hearing on a Proposed Ordinance to Amend the Code of the Town of Vienna, Chapter 18, Zoning, Article 2, Definitions and Article 23, Board of Zoning Appeals, Updating Variance Standards Consistent with the Code of Virginia.","Land Use, Zoning & Development",7 Aye,https://viennavadata.org/meeting/2015-06-01.html
2015-06-01,14465,Northern Virginia Regional Gang Task Force payment.,Public Safety,7 Aye,https://viennavadata.org/meeting/2015-06-01.html
2015-06-01,14467,Stormwater Management - TMDL Action Plan,"Water, Sewer & Stormwater",7 Aye,https://viennavadata.org/meeting/2015-06-01.html
2015-06-01,14474,Purchase street light components from Rexel Electrical Supply.,"Streets, Sidewalks & Transportation",,https://viennavadata.org/meeting/2015-06-01.html
2015-06-01,14485,Request to Endorse I-66 Corridor Improvements Environmental Assessment Study Resolution.,"Environment, Trees & Sustainability",,https://viennavadata.org/meeting/2015-06-01.html
2015-06-01,14523,Request to Endorse I-66 Corridor Improvements Environmental Assessment Study Resolution.,"Environment, Trees & Sustainability",7 Aye,https://viennavadata.org/meeting/2015-06-01.html
2015-06-01,14524,Purchase street light components from Rexel Electrical Supply.,"Streets, Sidewalks & Transportation",7 Aye,https://viennavadata.org/meeting/2015-06-01.html
2015-06-01,14481,"THE TOWN OF VIENNA IS COMMITTED TO FULL COMPLIANCE WITH THE AMERICANS WITH DISABILITIES ACT STANDARDS. TRANSLATION SERVICES, ASSISTANCE OR ACCOMMODATION REQUESTS FROM PERSONS WITH DISABILITIES ARE TO BE REQUESTED NOT LESS THAN 3 WORKING DAYS BEFORE THE DAY OF THE EVENT. PLEASE CALL (703) 255-6304, OR 711 VIRGINIA RELAY SERVICE FOR THE HEARING IMPAIRED.",Procedural,,https://viennavadata.org/meeting/2015-06-01.html
2015-06-01,14480,Meeting Adjournment,Procedural,,https://viennavadata.org/meeting/2015-06-01.html
2015-05-11,14409,Invocation: Cantor Rachel Rhodes of Temple Rodef Shalom,Procedural,,https://viennavadata.org/meeting/2015-05-11.html
2015-05-11,14411,Roll Call,Procedural,,https://viennavadata.org/meeting/2015-05-11.html
2015-05-11,14410,Pledge of Allegiance to the Flag of the United States of America,Procedural,,https://viennavadata.org/meeting/2015-05-11.html
2015-05-11,14412,Approval of the Minutes:,Minutes,,https://viennavadata.org/meeting/2015-05-11.html
2015-05-11,14431,"Regular Meeting Minutes of April 13, 2015 and April 27, 2015.",Minutes,,https://viennavadata.org/meeting/2015-05-11.html
2015-05-11,14413,Receipt of petitions and communications from the Public,Procedural,,https://viennavadata.org/meeting/2015-05-11.html
2015-05-11,14414,Reports/Presentations,Procedural,,https://viennavadata.org/meeting/2015-05-11.html
2015-05-11,14415,Report and Inquiries of Council Members,Procedural,,https://viennavadata.org/meeting/2015-05-11.html
2015-05-11,14416,Report of the Town Manager,Procedural,,https://viennavadata.org/meeting/2015-05-11.html
2015-05-11,14417,Report of the Mayor,Procedural,,https://viennavadata.org/meeting/2015-05-11.html
2015-05-11,14418,Proposals for Additional Items to the Agenda,Procedural,,https://viennavadata.org/meeting/2015-05-11.html
2015-05-11,14419,Closed Session,Procedural,7 Aye,https://viennavadata.org/meeting/2015-05-11.html
2015-05-11,14420,Public Hearings,Procedural,,https://viennavadata.org/meeting/2015-05-11.html
2015-05-11,14421,Regular Business,Procedural,,https://viennavadata.org/meeting/2015-05-11.html
2015-05-11,14423,"Request for Approval of Instructor Contractors for Parks and Recreation Classes through June 30, 2015 in Excess of $20,000 per Terms and Conditions of RFP15-01.",Parks & Recreation,7 Aye,https://viennavadata.org/meeting/2015-05-11.html
2015-05-11,14422,Request to award Ayr Hill Avenue NE sidewalk design contract.,"Streets, Sidewalks & Transportation",7 Aye,https://viennavadata.org/meeting/2015-05-11.html
2015-05-11,14424,Intent to Adopt the Real Estate Tax Rate for Fy15/16.,"Budget, Taxes & Finance",7 Aye,https://viennavadata.org/meeting/2015-05-11.html
2015-05-11,14425,Intent to Adopt FY2015-2016 Water and Sewer Rates,"Water, Sewer & Stormwater",7 Aye,https://viennavadata.org/meeting/2015-05-11.html
2015-05-11,14438,Intent to Adopt the FY 2015-2016 Budget.,"Budget, Taxes & Finance","5 Aye, 2 Nay",https://viennavadata.org/meeting/2015-05-11.html
2015-05-11,14427,Request Approval of Resolution for Issuance of Vehicle and Equipment Replacement Financing.,Contracts & Purchasing,7 Aye,https://viennavadata.org/meeting/2015-05-11.html
2015-05-11,14426,Intent to Adopt the FY 2015-2016 Budget.,"Budget, Taxes & Finance",,https://viennavadata.org/meeting/2015-05-11.html
2015-05-11,14428,"Authorization of the expenditure for annual auditing fee with Robinson, Farmer, Cox Associates.","Budget, Taxes & Finance",7 Aye,https://viennavadata.org/meeting/2015-05-11.html
2015-05-11,14429,Service Agreement Renewal for Outsourced Bill Printing with Datamatx.,Contracts & Purchasing,7 Aye,https://viennavadata.org/meeting/2015-05-11.html
2015-05-11,14430,Contract Renewal for Sungard Public Sector ASP Hosting Fees,Contracts & Purchasing,7 Aye,https://viennavadata.org/meeting/2015-05-11.html
2015-05-11,14432,Meeting Adjournment,Procedural,7 Aye,https://viennavadata.org/meeting/2015-05-11.html
2015-05-11,14433,,Procedural,,https://viennavadata.org/meeting/2015-05-11.html
2015-04-27,14375,"Invocation: Reverend Dr. Beth Spitzner-Neubauer, Emmanual Lutheran Church, 2589 Chain Bridge Road",Procedural,,https://viennavadata.org/meeting/2015-04-27.html
2015-04-27,14376,Pledge of Allegiance to the Flag of the United States of America,Procedural,,https://viennavadata.org/meeting/2015-04-27.html
2015-04-27,14377,Roll Call,Procedural,,https://viennavadata.org/meeting/2015-04-27.html
2015-04-27,14378,Approval of the Minutes:  None,Minutes,,https://viennavadata.org/meeting/2015-04-27.html
2015-04-27,14379,Receipt of petitions and communications from the Public,Procedural,,https://viennavadata.org/meeting/2015-04-27.html
2015-04-27,14380,Reports/Presentations,Procedural,,https://viennavadata.org/meeting/2015-04-27.html
2015-04-27,14397,Community Enhancement Commission Green Home Award,Contracts & Purchasing,,https://viennavadata.org/meeting/2015-04-27.html
2015-04-27,14403,Proclamation for Arbor Day.,Proclamations & Recognitions,,https://viennavadata.org/meeting/2015-04-27.html
2015-04-27,14381,Report and Inquiries of Council Members,Procedural,,https://viennavadata.org/meeting/2015-04-27.html
2015-04-27,14382,Report of the Town Manager,Procedural,,https://viennavadata.org/meeting/2015-04-27.html
2015-04-27,14383,Report of the Mayor,Procedural,,https://viennavadata.org/meeting/2015-04-27.html
2015-04-27,14384,Proposals for Additional Items to the Agenda,Procedural,,https://viennavadata.org/meeting/2015-04-27.html
2015-04-27,14385,Closed Session,Procedural,"6 Aye, 1 Absent",https://viennavadata.org/meeting/2015-04-27.html
2015-04-27,14386,Public Hearings,Procedural,,https://viennavadata.org/meeting/2015-04-27.html
2015-04-27,14399,Public Hearing for FY 2015/16 Proposed Real Estate Tax Rate,"Budget, Taxes & Finance","6 Aye, 1 Absent",https://viennavadata.org/meeting/2015-04-27.html
2015-04-27,14400,Public Hearing for FY2015-2016 Water and Sewer Rates,"Water, Sewer & Stormwater","6 Aye, 1 Absent",https://viennavadata.org/meeting/2015-04-27.html
2015-04-27,14387,Regular Business,Procedural,,https://viennavadata.org/meeting/2015-04-27.html
2015-04-27,14388,The Police Department requests approval to purchase in-car video for the patrol cruiser fleet.,Public Safety,"6 Aye, 1 Absent",https://viennavadata.org/meeting/2015-04-27.html
2015-04-27,14389,301 & 303 Niblick Drive SE Subdivision Partial Bond Reduction Request,"Land Use, Zoning & Development","6 Aye, 1 Absent",https://viennavadata.org/meeting/2015-04-27.html
2015-04-27,14390,Park and Locust  Street SE Mini-Roundabout Design Award.,Parks & Recreation,"6 Aye, 1 Absent",https://viennavadata.org/meeting/2015-04-27.html
2015-04-27,14394,John Marshall and Holmes Drive NW additional intersection design.,"Streets, Sidewalks & Transportation","6 Aye, 1 Absent",https://viennavadata.org/meeting/2015-04-27.html
2015-04-27,14391,Westbriar Drive NE Sidewalk Construction Contract Award.,"Streets, Sidewalks & Transportation","6 Aye, 1 Absent",https://viennavadata.org/meeting/2015-04-27.html
2015-04-27,14392,Approve MOU with Fairfax County and Award a Design Contract to Stantec for a Wolftrap Creek Stream Restoration Phase II Project.,"Environment, Trees & Sustainability","6 Aye, 1 Absent",https://viennavadata.org/meeting/2015-04-27.html
2015-04-27,14393,"Request to approve FY15 spending with Espina Paving, Inc.","Streets, Sidewalks & Transportation","6 Aye, 1 Absent",https://viennavadata.org/meeting/2015-04-27.html
2015-04-27,14395,Request to approve additional FY15 spending with HD Supply.,"Budget, Taxes & Finance","6 Aye, 1 Absent",https://viennavadata.org/meeting/2015-04-27.html
2015-04-27,14396,Award of IFB 15-10 Fuel Management and Dispensing System Replacement Contract,Contracts & Purchasing,"6 Aye, 1 Absent",https://viennavadata.org/meeting/2015-04-27.html
2015-04-27,14398,"Adoption of a proposed ordinance to re-number the Code of the Town of Vienna, Chapter 18, Zoning, Article 14, CMP Industrial Park Regulations, Section 18-95.1 Applicability and Purpose.","Land Use, Zoning & Development","6 Aye, 1 Absent",https://viennavadata.org/meeting/2015-04-27.html
2015-04-27,14444,Meeting Adjournment,Procedural,,https://viennavadata.org/meeting/2015-04-27.html
2015-04-27,14402,"THE TOWN OF VIENNA IS COMMITTED TO FULL COMPLIANCE WITH THE AMERICANS WITH DISABILITIES ACT STANDARDS. TRANSLATION SERVICES, ASSISTANCE OR ACCOMMODATION REQUESTS FROM PERSONS WITH DISABILITIES ARE TO BE REQUESTED NOT LESS THAN 3 WORKING DAYS BEFORE THE DAY OF THE EVENT. PLEASE CALL (703) 255-6304, OR 711 VIRGINIA RELAY SERVICE FOR THE HEARING IMPAIRED.",Procedural,,https://viennavadata.org/meeting/2015-04-27.html
2015-04-13,14312,"Invocation: Reverend Craig Burns, Vienna Assembly of God",Procedural,,https://viennavadata.org/meeting/2015-04-13.html
2015-04-13,14313,Pledge of Allegiance to the Flag of the United States of America,Procedural,,https://viennavadata.org/meeting/2015-04-13.html
2015-04-13,14314,Roll Call,Procedural,7 Aye,https://viennavadata.org/meeting/2015-04-13.html
2015-04-13,14315,Approval of the Minutes:,Minutes,,https://viennavadata.org/meeting/2015-04-13.html
2015-04-13,14338,"Approval of the Regular Meeting Minutes of February 23, 2015 and March 16, 2015 and the Work Session Minutes of February 9, 2015 and March 9, 2015.",Minutes,7 Aye,https://viennavadata.org/meeting/2015-04-13.html
2015-04-13,14316,Receipt of petitions and communications from the Public,Procedural,,https://viennavadata.org/meeting/2015-04-13.html
2015-04-13,14317,Reports/Presentations,Procedural,,https://viennavadata.org/meeting/2015-04-13.html
2015-04-13,14339,Proclamation for Volunteer Recognition Day.,Proclamations & Recognitions,,https://viennavadata.org/meeting/2015-04-13.html
2015-04-13,14318,Report and Inquiries of Council Members,Procedural,,https://viennavadata.org/meeting/2015-04-13.html
2015-04-13,14319,Report of the Town Manager,Procedural,,https://viennavadata.org/meeting/2015-04-13.html
2015-04-13,14320,Report of the Mayor,Procedural,,https://viennavadata.org/meeting/2015-04-13.html
2015-04-13,14321,Proposals for Additional Items to the Agenda,Procedural,,https://viennavadata.org/meeting/2015-04-13.html
2015-04-13,14322,Closed Session,Procedural,7 Aye,https://viennavadata.org/meeting/2015-04-13.html
2015-04-13,14323,Public Hearings,Procedural,,https://viennavadata.org/meeting/2015-04-13.html
2015-04-13,14337,Public Hearing on FY 2015-2016 Proposed Budget.,"Budget, Taxes & Finance",7 Aye,https://viennavadata.org/meeting/2015-04-13.html
2015-04-13,14324,Regular Business,Procedural,,https://viennavadata.org/meeting/2015-04-13.html
2015-04-13,14333,Increase Expenditure for Datamatx for Water and Sewer Outsourced Bill Printing and Postage.,"Water, Sewer & Stormwater",7 Aye,https://viennavadata.org/meeting/2015-04-13.html
2015-04-13,14332,Request the Award of Contact RFP 15-04 For Auditing Services.,"Budget, Taxes & Finance",7 Aye,https://viennavadata.org/meeting/2015-04-13.html
2015-04-13,14325,"Request for Approval of a final plat for Onondio Cove, a resubdivision of six contiguous parcels within Block 10, Onon’dio Subdivision, into eight lots and located between the Washington and Old Dominion Trail and Ninovan and Tapawingo Roads SE, and in the RS-12.5, Single-Family Detached Residential zone (recommended new addresses are 902, 913, 914, 915, 916, 918, 920 and 921 Ninovan Road SE).  Application filed by Joshua Marshall, Land Design Consultants, on behalf of Satpal Singh Sahni and Carolyn Jackson Sahni, property owners.","Land Use, Zoning & Development",7 Aye,https://viennavadata.org/meeting/2015-04-13.html
2015-04-13,14326,"Request for Approval for the Vacation of A Portion of Ninovan Road SE, East of Tapawingo Road and Adjacent to 911 Ninovan Road SE.","Land Use, Zoning & Development",7 Aye,https://viennavadata.org/meeting/2015-04-13.html
2015-04-13,14328,"Proposed ordinance to re-number the Code of the Town of Vienna, Chapter 18, Zoning, Article 14, CMP Industrial Park Regulations, Section 18-95.1 Applicability and Purpose.","Land Use, Zoning & Development",7 Aye,https://viennavadata.org/meeting/2015-04-13.html
2015-04-13,14329,"Adoption of a proposed Ordinance to amend the Code of the Town of Vienna, Chapter 17, Subdivisions, Article 5, Improvements, Section 17-67.1 Dedication of Sidewalks for Single-Lot Development; and Section 17-67.2 Completion of Sidewalks for Single-Lot Development.","Streets, Sidewalks & Transportation",7 Aye,https://viennavadata.org/meeting/2015-04-13.html
2015-04-13,14330,Adoption of a proposed Pedestrian Master Plan.,"Streets, Sidewalks & Transportation",7 Aye,https://viennavadata.org/meeting/2015-04-13.html
2015-04-13,14327,Consideration of Solid Waste Management Plan 5-Year Update.,"Water, Sewer & Stormwater",7 Aye,https://viennavadata.org/meeting/2015-04-13.html
2015-04-13,14331,"Award contract to Advanced Building Services, Inc. (ABS) for Town Hall HVAC System Operations and Maintenance Needs",Town Facilities & Property,7 Aye,https://viennavadata.org/meeting/2015-04-13.html
2015-04-13,14334,Approval of Transportation Safety Commission recommended lane striping at the 400 block of Center Street N.,"Streets, Sidewalks & Transportation",7 Aye,https://viennavadata.org/meeting/2015-04-13.html
2015-04-13,14335,Request Withdrawal of Consideration of Vacation of a Portion of Locust Street SE Adjacent to Vienna Elementary School and Waters Field,"Land Use, Zoning & Development",7 Aye,https://viennavadata.org/meeting/2015-04-13.html
2015-04-13,14336,Request Approval of Additional A&E Fees for the Redesign of the Vienna Community Center Gymnasium and Site Work,Parks & Recreation,7 Aye,https://viennavadata.org/meeting/2015-04-13.html
2015-04-13,14340,Meeting Adjournment,Procedural,,https://viennavadata.org/meeting/2015-04-13.html
2015-04-13,14341,"THE TOWN OF VIENNA IS COMMITTED TO FULL COMPLIANCE WITH THE AMERICANS WITH DISABILITIES ACT STANDARDS. TRANSLATION SERVICES, ASSISTANCE OR ACCOMMODATION REQUESTS FROM PERSONS WITH DISABILITIES ARE TO BE REQUESTED NOT LESS THAN 3 WORKING DAYS BEFORE THE DAY OF THE EVENT. PLEASE CALL (703) 255-6304, OR 711 VIRGINIA RELAY SERVICE FOR THE HEARING IMPAIRED.",Procedural,,https://viennavadata.org/meeting/2015-04-13.html
2015-02-23,14178,"Invocation: Rev. Johnny Kurcina, Christ Church Vienna",Procedural,,https://viennavadata.org/meeting/2015-02-23.html
2015-02-23,14179,Pledge of Allegiance to the Flag of the United States of America,Procedural,,https://viennavadata.org/meeting/2015-02-23.html
2015-02-23,14180,Roll Call,Procedural,,https://viennavadata.org/meeting/2015-02-23.html
2015-02-23,14181,Approval of the Minutes:,Minutes,,https://viennavadata.org/meeting/2015-02-23.html
2015-02-23,14198,"Approval of the Minutes of the Regular Council Meeting of January 26, 2015 and the Work Session of January 12, 2015.",Minutes,7 (no value recorded),https://viennavadata.org/meeting/2015-02-23.html
2015-02-23,14182,Receipt of petitions and communications from the Public,Procedural,,https://viennavadata.org/meeting/2015-02-23.html
2015-02-23,14183,Reports/Presentations,Procedural,,https://viennavadata.org/meeting/2015-02-23.html
2015-02-23,14197,Proclamation for 125th Anniversary of Vienna.,Proclamations & Recognitions,,https://viennavadata.org/meeting/2015-02-23.html
2015-02-23,14184,Report and Inquiries of Council Members,Procedural,,https://viennavadata.org/meeting/2015-02-23.html
2015-02-23,14185,Report of the Town Manager,Procedural,,https://viennavadata.org/meeting/2015-02-23.html
2015-02-23,14186,Report of the Mayor,Procedural,,https://viennavadata.org/meeting/2015-02-23.html
2015-02-23,14187,Proposals for Additional Items to the Agenda,Procedural,,https://viennavadata.org/meeting/2015-02-23.html
2015-02-23,14188,Closed Session,Procedural,7 Aye,https://viennavadata.org/meeting/2015-02-23.html
2015-02-23,14189,Public Hearings,Procedural,,https://viennavadata.org/meeting/2015-02-23.html
2015-02-23,14191,Public Hearing for Navy Federal Credit Union Pedestrian Bridge Air Rights License and Agreement.,"Streets, Sidewalks & Transportation",7 Aye,https://viennavadata.org/meeting/2015-02-23.html
2015-02-23,14190,Regular Business,Procedural,,https://viennavadata.org/meeting/2015-02-23.html
2015-02-23,14193,"Request for Approval of a site plan and certain site plan modifications for the construction of a new office building, entryways, parking areas, pedestrian bridge and a parking structure for Navy Federal Credit Union Campus Expansion on property located at 1041 Electric Avenue SE, and in the CMP-Planned Industrial zone. Application filed by Aaron Vinson, Walter L. Phillips, Incorporated and J3 Design Collective, Inc., on behalf of Navy Federal Credit Union, owner.","Land Use, Zoning & Development",7 Aye,https://viennavadata.org/meeting/2015-02-23.html
2015-02-23,14194,Establish Vienna Public Art Commission.,Governance & Administration,7 Aye,https://viennavadata.org/meeting/2015-02-23.html
2015-02-23,14195,Request Adoption of a Solarize Nova Resolution.,"Environment, Trees & Sustainability",7 Aye,https://viennavadata.org/meeting/2015-02-23.html
2015-02-23,14196,"Consideration of Vacation of a Portion of Locust Street SE Adjacent to Vienna Elementary School and Waters Field, Acquire Appraisal and Appoint Viewers.",Appointments & Resignations,7 Aye,https://viennavadata.org/meeting/2015-02-23.html
2015-02-23,14192,Award contract to Alban CAT for the Northside Property Yard emergency generator.,Public Safety,7 Aye,https://viennavadata.org/meeting/2015-02-23.html
2015-02-23,14199,Meeting Adjournment,Procedural,,https://viennavadata.org/meeting/2015-02-23.html
2015-02-23,14200,"THE TOWN OF VIENNA IS COMMITTED TO FULL COMPLIANCE WITH THE AMERICANS WITH DISABILITIES ACT STANDARDS. TRANSLATION SERVICES, ASSISTANCE OR ACCOMMODATION REQUESTS FROM PERSONS WITH DISABILITIES ARE TO BE REQUESTED NOT LESS THAN 3 WORKING DAYS BEFORE THE DAY OF THE EVENT. PLEASE CALL (703) 255-6304, OR 711 VIRGINIA RELAY SERVICE FOR THE HEARING IMPAIRED.",Procedural,,https://viennavadata.org/meeting/2015-02-23.html
2015-02-02,14125,"Invocation: The Reverend Corky Eddins, Christ Church Vienna",Procedural,,https://viennavadata.org/meeting/2015-02-02.html
2015-02-02,14126,Pledge of Allegiance to the Flag of the United States of America,Procedural,,https://viennavadata.org/meeting/2015-02-02.html
2015-02-02,14127,Roll Call,Procedural,,https://viennavadata.org/meeting/2015-02-02.html
2015-02-02,14128,Approval of the Minutes:,Minutes,,https://viennavadata.org/meeting/2015-02-02.html
2015-02-02,14129,Receipt of petitions and communications from the Public,Procedural,,https://viennavadata.org/meeting/2015-02-02.html
2015-02-02,14130,Reports/Presentations,Procedural,,https://viennavadata.org/meeting/2015-02-02.html
2015-02-02,14131,Report and Inquiries of Council Members,Procedural,,https://viennavadata.org/meeting/2015-02-02.html
2015-02-02,14132,Report of the Town Manager,Procedural,,https://viennavadata.org/meeting/2015-02-02.html
2015-02-02,14133,Report of the Mayor,Procedural,,https://viennavadata.org/meeting/2015-02-02.html
2015-02-02,14134,Proposals for Additional Items to the Agenda,Procedural,,https://viennavadata.org/meeting/2015-02-02.html
2015-02-02,14135,Closed Session,Procedural,7 Aye,https://viennavadata.org/meeting/2015-02-02.html
2015-02-02,14136,Public Hearings,Procedural,,https://viennavadata.org/meeting/2015-02-02.html
2015-02-02,14138,"Public Hearing for Vacation of a Portion of Ninovan Road SE, east of Tapawingo Road and adjacent to 911 Ninovan Road SE.","Land Use, Zoning & Development",7 Aye,https://viennavadata.org/meeting/2015-02-02.html
2015-02-02,14140,Public Hearing for Establishing Vienna Public Arts Commission.,Governance & Administration,7 Aye,https://viennavadata.org/meeting/2015-02-02.html
2015-02-02,14137,Regular Business,Procedural,,https://viennavadata.org/meeting/2015-02-02.html
2015-02-02,14143,"Request to Set Public Hearing for Air Rights License Agreement for Navy Federal Credit Union Pedestrian Bridge and Other Certain Improvements for February 23, 2015.","Streets, Sidewalks & Transportation",7 Aye,https://viennavadata.org/meeting/2015-02-02.html
2015-02-02,14139,Adahi Road SE Sidewalk Contract Award.,"Streets, Sidewalks & Transportation",7 Aye,https://viennavadata.org/meeting/2015-02-02.html
2015-02-02,14141,Request to award a sewer lining contract to AM-Liner.,"Water, Sewer & Stormwater",7 Aye,https://viennavadata.org/meeting/2015-02-02.html
2015-02-02,14142,Request to award a water main replacement contract.,"Water, Sewer & Stormwater",7 Aye,https://viennavadata.org/meeting/2015-02-02.html
2015-02-02,14148,Second Closed Session.,Procedural,7 Aye,https://viennavadata.org/meeting/2015-02-02.html
2015-02-02,14149,Closed Session,Procedural,,https://viennavadata.org/meeting/2015-02-02.html
2015-02-02,14144,Meeting Adjournment,Procedural,,https://viennavadata.org/meeting/2015-02-02.html
2015-02-02,14145,"THE TOWN OF VIENNA IS COMMITTED TO FULL COMPLIANCE WITH THE AMERICANS WITH DISABILITIES ACT STANDARDS. TRANSLATION SERVICES, ASSISTANCE OR ACCOMMODATION REQUESTS FROM PERSONS WITH DISABILITIES ARE TO BE REQUESTED NOT LESS THAN 3 WORKING DAYS BEFORE THE DAY OF THE EVENT. PLEASE CALL (703) 255-6304, OR 711 VIRGINIA RELAY SERVICE FOR THE HEARING IMPAIRED.",Procedural,,https://viennavadata.org/meeting/2015-02-02.html
2015-01-26,14100,"Invocation: Reverend Craig Burns, Vienna Assembly of God",Procedural,,https://viennavadata.org/meeting/2015-01-26.html
2015-01-26,14101,Pledge of Allegiance to the Flag of the United States of America,Procedural,,https://viennavadata.org/meeting/2015-01-26.html
2015-01-26,14102,Roll Call,Procedural,,https://viennavadata.org/meeting/2015-01-26.html
2015-01-26,14103,Approval of the Minutes:,Minutes,,https://viennavadata.org/meeting/2015-01-26.html
2015-01-26,14119,"Approval of the minutes of the Regular Council Meeting of January 5, 2015 and the Work Session Minutes of December 8, 2014.",Minutes,"6 Aye, 1 Absent",https://viennavadata.org/meeting/2015-01-26.html
2015-01-26,14104,Receipt of petitions and communications from the Public,Procedural,,https://viennavadata.org/meeting/2015-01-26.html
2015-01-26,14105,Reports/Presentations,Procedural,,https://viennavadata.org/meeting/2015-01-26.html
2015-01-26,14106,Report and Inquiries of Council Members,Procedural,,https://viennavadata.org/meeting/2015-01-26.html
2015-01-26,14107,Report of the Town Manager,Procedural,,https://viennavadata.org/meeting/2015-01-26.html
2015-01-26,14108,Report of the Mayor,Procedural,,https://viennavadata.org/meeting/2015-01-26.html
2015-01-26,14109,Proposals for Additional Items to the Agenda,Procedural,,https://viennavadata.org/meeting/2015-01-26.html
2015-01-26,14110,Closed Session,Procedural,"6 Aye, 1 Absent",https://viennavadata.org/meeting/2015-01-26.html
2015-01-26,14111,Public Hearings,Procedural,,https://viennavadata.org/meeting/2015-01-26.html
2015-01-26,14112,Regular Business,Procedural,,https://viennavadata.org/meeting/2015-01-26.html
2015-01-26,14113,"Request to set Public Hearing on a proposed Ordinance to amend the Code of the Town of Vienna, Chapter 17, Subdivisions, Article 5, Improvements, Section 17-67.1 Dedication of Sidewalks for Single-Lot Development; and Section 17-67.2 Completion of Sidewalks for Single-Lot Development.","Streets, Sidewalks & Transportation","6 Aye, 1 Absent",https://viennavadata.org/meeting/2015-01-26.html
2015-01-26,14115,Request to set Public Hearing on a proposed Pedestrian Master Plan.,"Streets, Sidewalks & Transportation","6 Aye, 1 Absent",https://viennavadata.org/meeting/2015-01-26.html
2015-01-26,14116,"Award contract to Amec Foster Wheeler, Inc. for stormwater MS-4 Permit compliance activities","Water, Sewer & Stormwater","6 Aye, 1 Absent",https://viennavadata.org/meeting/2015-01-26.html
2015-01-26,14114,"Request for approval of Instructor Contractors for Parks and Recreation Classes for the Winter Session in Excess of $20,000",Parks & Recreation,"6 Aye, 1 Absent",https://viennavadata.org/meeting/2015-01-26.html
2015-01-26,14118,"Request Waiver of Purchasing Regulations for the Installation of the Glyndon Park Baseball Field Lights and Approve Contract To RE Lee In The Amount Of $57,723.",Parks & Recreation,"6 Aye, 1 Absent",https://viennavadata.org/meeting/2015-01-26.html
2015-01-26,14117,Request to Increase A&E Fees for the Vienna Community Center Renovation and Expansion Project,Parks & Recreation,"6 Aye, 1 Absent",https://viennavadata.org/meeting/2015-01-26.html
2015-01-26,14177,Second Closed Session,Procedural,"6 Aye, 1 Absent",https://viennavadata.org/meeting/2015-01-26.html
2015-01-26,14120,Meeting Adjournment,Procedural,,https://viennavadata.org/meeting/2015-01-26.html
2015-01-26,14121,"THE TOWN OF VIENNA IS COMMITTED TO FULL COMPLIANCE WITH THE AMERICANS WITH DISABILITIES ACT STANDARDS. TRANSLATION SERVICES, ASSISTANCE OR ACCOMMODATION REQUESTS FROM PERSONS WITH DISABILITIES ARE TO BE REQUESTED NOT LESS THAN 3 WORKING DAYS BEFORE THE DAY OF THE EVENT. PLEASE CALL (703) 255-6304, OR 711 VIRGINIA RELAY SERVICE FOR THE HEARING IMPAIRED.",Procedural,,https://viennavadata.org/meeting/2015-01-26.html
2015-01-05,14076,"Invocation: Reverend Craig Burns, Vienna Assembly of God",Procedural,,https://viennavadata.org/meeting/2015-01-05.html
2015-01-05,14077,Pledge of Allegiance to the Flag of the United States of America,Procedural,,https://viennavadata.org/meeting/2015-01-05.html
2015-01-05,14078,Roll Call,Procedural,,https://viennavadata.org/meeting/2015-01-05.html
2015-01-05,14079,Approval of the Minutes:,Minutes,,https://viennavadata.org/meeting/2015-01-05.html
2015-01-05,14093,"Minutes of the Regular Council Meeting of December 15, 2014.",Minutes,7 Aye,https://viennavadata.org/meeting/2015-01-05.html
2015-01-05,14080,Receipt of petitions and communications from the Public,Procedural,,https://viennavadata.org/meeting/2015-01-05.html
2015-01-05,14081,Reports/Presentations,Procedural,,https://viennavadata.org/meeting/2015-01-05.html
2015-01-05,14082,Report and Inquiries of Council Members,Procedural,,https://viennavadata.org/meeting/2015-01-05.html
2015-01-05,14083,Report of the Town Manager,Procedural,,https://viennavadata.org/meeting/2015-01-05.html
2015-01-05,14084,Report of the Mayor,Procedural,,https://viennavadata.org/meeting/2015-01-05.html
2015-01-05,14085,Proposals for Additional Items to the Agenda,Procedural,,https://viennavadata.org/meeting/2015-01-05.html
2015-01-05,14086,Closed Session,Procedural,7 Aye,https://viennavadata.org/meeting/2015-01-05.html
2015-01-05,14087,Public Hearings,Procedural,,https://viennavadata.org/meeting/2015-01-05.html
2015-01-05,14088,Regular Business,Procedural,,https://viennavadata.org/meeting/2015-01-05.html
2015-01-05,14092,Request Approval for Sole Source Purchase of LED Baseball Field Lights For Glyndon Park from Musco Lighting.,Parks & Recreation,7 Aye,https://viennavadata.org/meeting/2015-01-05.html
2015-01-05,14089,Request to set Public Hearing for Vacation of a Portion of Ninovan Road SE East of Tapawingo Road and adjacent to 911 Ninovan Road SE.,"Land Use, Zoning & Development","3 Nay, 4 Aye",https://viennavadata.org/meeting/2015-01-05.html
2015-01-05,14090,Tapawingo & Cottage Street SW Sidewalk Construction Contract Award.,"Streets, Sidewalks & Transportation",7 Aye,https://viennavadata.org/meeting/2015-01-05.html
2015-01-05,14091,"Setting of Public Hearing for Vienna Arts Commission for February 2, 2015.","Community, Arts & Events",7 Aye,https://viennavadata.org/meeting/2015-01-05.html
2015-01-05,14096,Second Closed Session,Procedural,7 Aye,https://viennavadata.org/meeting/2015-01-05.html
2015-01-05,14094,Meeting Adjournment,Procedural,,https://viennavadata.org/meeting/2015-01-05.html
2015-01-05,14095,"THE TOWN OF VIENNA IS COMMITTED TO FULL COMPLIANCE WITH THE AMERICANS WITH DISABILITIES ACT STANDARDS. TRANSLATION SERVICES, ASSISTANCE OR ACCOMMODATION REQUESTS FROM PERSONS WITH DISABILITIES ARE TO BE REQUESTED NOT LESS THAN 3 WORKING DAYS BEFORE THE DAY OF THE EVENT. PLEASE CALL (703) 255-6304, OR 711 VIRGINIA RELAY SERVICE FOR THE HEARING IMPAIRED.",Procedural,,https://viennavadata.org/meeting/2015-01-05.html
2014-12-15,14045,Invocation: Councilmember Emil Attanasi,Procedural,,https://viennavadata.org/meeting/2014-12-15.html
2014-12-15,14046,Pledge of Allegiance to the Flag of the United States of America,Procedural,,https://viennavadata.org/meeting/2014-12-15.html
2014-12-15,14047,Roll Call,Procedural,,https://viennavadata.org/meeting/2014-12-15.html
2014-12-15,14048,Approval of the Minutes:,Minutes,,https://viennavadata.org/meeting/2014-12-15.html
2014-12-15,14066,"Regular Meeting of November 17, 2014 and the Work Session of November 10, 2014.",Minutes,7 Aye,https://viennavadata.org/meeting/2014-12-15.html
2014-12-15,14049,Receipt of petitions and communications from the Public,Procedural,,https://viennavadata.org/meeting/2014-12-15.html
2014-12-15,14050,Reports/Presentations,Procedural,,https://viennavadata.org/meeting/2014-12-15.html
2014-12-15,14069,Proclamation for Childhood Cancer Awareness Week,Proclamations & Recognitions,,https://viennavadata.org/meeting/2014-12-15.html
2014-12-15,14051,Report and Inquiries of Council Members,Procedural,,https://viennavadata.org/meeting/2014-12-15.html
2014-12-15,14052,Report of the Town Manager,Procedural,,https://viennavadata.org/meeting/2014-12-15.html
2014-12-15,14053,Report of the Mayor,Procedural,,https://viennavadata.org/meeting/2014-12-15.html
2014-12-15,14054,Proposals for Additional Items to the Agenda,Procedural,,https://viennavadata.org/meeting/2014-12-15.html
2014-12-15,14055,Closed Session,Procedural,,https://viennavadata.org/meeting/2014-12-15.html
2014-12-15,14056,Public Hearings,Procedural,,https://viennavadata.org/meeting/2014-12-15.html
2014-12-15,14057,Regular Business,Procedural,,https://viennavadata.org/meeting/2014-12-15.html
2014-12-15,14059,"Request for approval of a final plat for the proposed resubdivision into two lots of existing Parcel 60, Part of Ayr Hill Chancery, on property located at 340 Park Street NE and in the RS-12.5, Single-Family Detached Residential zone (recommended new addresses are 340 and 344 Park Street NE).  Application filed by Jordan Land Design LLC, on behalf of 340 Park Street LLC, property owner.","Land Use, Zoning & Development",7 Aye,https://viennavadata.org/meeting/2014-12-15.html
2014-12-15,14060,Request to purchase a vehicle under the Vehicle Replacement Program.,Contracts & Purchasing,7 Aye,https://viennavadata.org/meeting/2014-12-15.html
2014-12-15,14061,Request approval of Transportation Safety Commission recommended traffic calming and pedestrian safety measures on Marshall Road SW.,"Streets, Sidewalks & Transportation",,https://viennavadata.org/meeting/2014-12-15.html
2014-12-15,14062,Manhole Riser Rings Contract Award.,Contracts & Purchasing,7 Aye,https://viennavadata.org/meeting/2014-12-15.html
2014-12-15,14064,Endorsement of a Kingsley Road SW CMAQ Walk to Metro sidewalk grant application.,"Streets, Sidewalks & Transportation","5 Aye, 2 Nay",https://viennavadata.org/meeting/2014-12-15.html
2014-12-15,14065,Request Permission to Revise Contract with Granicus to add the Boards and Commission Module.,Contracts & Purchasing,7 Aye,https://viennavadata.org/meeting/2014-12-15.html
2014-12-15,14063,"Request to Accept the Comprehensive Annual Financial Report for Fiscal Year Ending June 30, 2014","Budget, Taxes & Finance",7 Aye,https://viennavadata.org/meeting/2014-12-15.html
2014-12-15,14075,Second Closed Session,Procedural,,https://viennavadata.org/meeting/2014-12-15.html
2014-12-15,14067,Meeting Adjournment,Procedural,,https://viennavadata.org/meeting/2014-12-15.html
2014-12-15,14068,"THE TOWN OF VIENNA IS COMMITTED TO FULL COMPLIANCE WITH THE AMERICANS WITH DISABILITIES ACT STANDARDS. TRANSLATION SERVICES, ASSISTANCE OR ACCOMMODATION REQUESTS FROM PERSONS WITH DISABILITIES ARE TO BE REQUESTED NOT LESS THAN 3 WORKING DAYS BEFORE THE DAY OF THE EVENT. PLEASE CALL (703) 255-6304, OR 711 VIRGINIA RELAY SERVICE FOR THE HEARING IMPAIRED.",Procedural,,https://viennavadata.org/meeting/2014-12-15.html
2014-11-17,13988,"Invocation: Reverend Garry Genser, Vienna Seventh-day Adventist Church",Procedural,,https://viennavadata.org/meeting/2014-11-17.html
2014-11-17,13989,Pledge of Allegiance to the Flag of the United States of America,Procedural,,https://viennavadata.org/meeting/2014-11-17.html
2014-11-17,13990,Roll Call,Procedural,,https://viennavadata.org/meeting/2014-11-17.html
2014-11-17,13991,Approval of the Minutes:,Minutes,,https://viennavadata.org/meeting/2014-11-17.html
2014-11-17,14013,"Regular Meeting Minutes of October 20, 2014, October 27, 2014 and November 3, 2014.",Minutes,7 Aye,https://viennavadata.org/meeting/2014-11-17.html
2014-11-17,13992,Receipt of petitions and communications from the Public,Procedural,,https://viennavadata.org/meeting/2014-11-17.html
2014-11-17,13993,Reports/Presentations,Procedural,,https://viennavadata.org/meeting/2014-11-17.html
2014-11-17,14001,Presentation of Community Enhancement Commission Beauty and Sustainability Awards,Proclamations & Recognitions,,https://viennavadata.org/meeting/2014-11-17.html
2014-11-17,13994,Report and Inquiries of Council Members,Procedural,,https://viennavadata.org/meeting/2014-11-17.html
2014-11-17,13995,Report of the Town Manager,Procedural,,https://viennavadata.org/meeting/2014-11-17.html
2014-11-17,13996,Report of the Mayor,Procedural,,https://viennavadata.org/meeting/2014-11-17.html
2014-11-17,13997,Proposals for Additional Items to the Agenda,Procedural,,https://viennavadata.org/meeting/2014-11-17.html
2014-11-17,13998,Closed Session,Procedural,,https://viennavadata.org/meeting/2014-11-17.html
2014-11-17,13999,Public Hearings,Procedural,,https://viennavadata.org/meeting/2014-11-17.html
2014-11-17,14005,"Public Hearing on a Request for Approval of a Revised Site Plan and certain Site Plan Modifications for the expansion of the Vienna Community Center on property principally located at 120 Cherry Street, SE, along with a limited portion of 130 Cherry Street, SE, in the PR-Park & Recreation zone and a portion of the W & O D Trail property zoned RM-2, Multi-Family Low Density.  Application filed by Adtek Engineers, Inc. and the Department of Parks and Recreation, Agents for the Town of Vienna, owner.","Land Use, Zoning & Development",7 Aye,https://viennavadata.org/meeting/2014-11-17.html
2014-11-17,14009,Public Hearing on the 2015 Legislative Priorities.,Grants & Intergovernmental,7 Aye,https://viennavadata.org/meeting/2014-11-17.html
2014-11-17,14000,Regular Business,Procedural,,https://viennavadata.org/meeting/2014-11-17.html
2014-11-17,14010,"Request to Award RFP 15-02, Commissioning Services for the Vienna Community Center Expansion and Renovation.",Parks & Recreation,7 Aye,https://viennavadata.org/meeting/2014-11-17.html
2014-11-17,14002,Janitorial Services Contract Renewal and FY15 expenditure approval.,Contracts & Purchasing,7 Aye,https://viennavadata.org/meeting/2014-11-17.html
2014-11-17,14003,Maple Avenue Traffic Signal Reconstruction Contract Award.,"Streets, Sidewalks & Transportation",7 Aye,https://viennavadata.org/meeting/2014-11-17.html
2014-11-17,14004,Endorsement of a Fairfax Water SCADA Installation Project.,"Water, Sewer & Stormwater",7 Aye,https://viennavadata.org/meeting/2014-11-17.html
2014-11-17,14007,Award Town Hall HVAC Maintenance Contract.,Town Facilities & Property,7 Aye,https://viennavadata.org/meeting/2014-11-17.html
2014-11-17,14008,Adopt a VDOT Land Use Permit Resolution.,"Land Use, Zoning & Development",7 Aye,https://viennavadata.org/meeting/2014-11-17.html
2014-11-17,14011,Paving Contract Increase for Water Main Breaks.,"Water, Sewer & Stormwater",7 Aye,https://viennavadata.org/meeting/2014-11-17.html
2014-11-17,14006,Accept Resignation Of Bridget Halsall From The Town Business Liaison Committee.,Appointments & Resignations,7 Aye,https://viennavadata.org/meeting/2014-11-17.html
2014-11-17,14014,Meeting Adjournment,Procedural,7 Aye,https://viennavadata.org/meeting/2014-11-17.html
2014-11-17,14015,"THE TOWN OF VIENNA IS COMMITTED TO FULL COMPLIANCE WITH THE AMERICANS WITH DISABILITIES ACT STANDARDS. TRANSLATION SERVICES, ASSISTANCE OR ACCOMMODATION REQUESTS FROM PERSONS WITH DISABILITIES ARE TO BE REQUESTED NOT LESS THAN 3 WORKING DAYS BEFORE THE DAY OF THE EVENT. PLEASE CALL (703) 255-6304, OR 711 VIRGINIA RELAY SERVICE FOR THE HEARING IMPAIRED.",Procedural,,https://viennavadata.org/meeting/2014-11-17.html
2014-11-03,13497,"Invocation: John Russo, Vienna Baha'i Community",Procedural,,https://viennavadata.org/meeting/2014-11-03.html
2014-11-03,13498,Pledge of Allegiance to the Flag of the United States of America,Procedural,,https://viennavadata.org/meeting/2014-11-03.html
2014-11-03,13499,Roll Call,Procedural,,https://viennavadata.org/meeting/2014-11-03.html
2014-11-03,13500,Approval of the Minutes:,Minutes,,https://viennavadata.org/meeting/2014-11-03.html
2014-11-03,13516,"Work Session Minutes of October 20, 2014.",Minutes,7 Aye,https://viennavadata.org/meeting/2014-11-03.html
2014-11-03,13501,Receipt of petitions and communications from the Public,Procedural,,https://viennavadata.org/meeting/2014-11-03.html
2014-11-03,13502,Reports/Presentations,Procedural,,https://viennavadata.org/meeting/2014-11-03.html
2014-11-03,13512,2014 Vienna Halloween Parade Awards,Proclamations & Recognitions,,https://viennavadata.org/meeting/2014-11-03.html
2014-11-03,13503,Report and Inquiries of Council Members,Procedural,,https://viennavadata.org/meeting/2014-11-03.html
2014-11-03,13504,Report of the Town Manager,Procedural,,https://viennavadata.org/meeting/2014-11-03.html
2014-11-03,13505,Report of the Mayor,Procedural,,https://viennavadata.org/meeting/2014-11-03.html
2014-11-03,13506,Proposals for Additional Items to the Agenda,Procedural,,https://viennavadata.org/meeting/2014-11-03.html
2014-11-03,13507,Closed Session,Procedural,7 Aye,https://viennavadata.org/meeting/2014-11-03.html
2014-11-03,13508,Public Hearings,Procedural,,https://viennavadata.org/meeting/2014-11-03.html
2014-11-03,13509,Regular Business,Procedural,,https://viennavadata.org/meeting/2014-11-03.html
2014-11-03,13511,Request to Ride Montgomery County Contract for Annual Granicus Maintenance Renewal for Meeting Video Streaming and Agenda Management Software Suites,Contracts & Purchasing,7 Aye,https://viennavadata.org/meeting/2014-11-03.html
2014-11-03,13510,Request to Ride AEPA/Fairfax County Contract to Field Turf USA for Synthetic Turf at Glyndon Park Baseball Field,Parks & Recreation,7 Aye,https://viennavadata.org/meeting/2014-11-03.html
2014-11-03,13513,Request to approve FY15 spending with Cargill Inc. for roadway deicing salt.,"Budget, Taxes & Finance",7 Aye,https://viennavadata.org/meeting/2014-11-03.html
2014-11-03,13514,Meeting Adjournment,Procedural,7 Aye,https://viennavadata.org/meeting/2014-11-03.html
2014-11-03,13515,"THE TOWN OF VIENNA IS COMMITTED TO FULL COMPLIANCE WITH THE AMERICANS WITH DISABILITIES ACT STANDARDS. TRANSLATION SERVICES, ASSISTANCE OR ACCOMMODATION REQUESTS FROM PERSONS WITH DISABILITIES ARE TO BE REQUESTED NOT LESS THAN 3 WORKING DAYS BEFORE THE DAY OF THE EVENT. PLEASE CALL (703) 255-6304, OR 711 VIRGINIA RELAY SERVICE FOR THE HEARING IMPAIRED.",Procedural,,https://viennavadata.org/meeting/2014-11-03.html
2014-11-03,13987,Closed Session,Procedural,7 Aye,https://viennavadata.org/meeting/2014-11-03.html
2014-10-27,13470,"Invocation: Rev. Corky Eddins, Christ Church Vienna",Procedural,,https://viennavadata.org/meeting/2014-10-27.html
2014-10-27,13471,Pledge of Allegiance to the Flag of the United States of America,Procedural,,https://viennavadata.org/meeting/2014-10-27.html
2014-10-27,13472,Roll Call,Procedural,,https://viennavadata.org/meeting/2014-10-27.html
2014-10-27,13473,Approval of the Minutes:,Minutes,,https://viennavadata.org/meeting/2014-10-27.html
2014-10-27,13491,"Minutes of the Regular Meetings of August 18, 2014, September 8, 2014 and September 22, 2014 and the Work Session minutes of September 15, 2014.",Minutes,,https://viennavadata.org/meeting/2014-10-27.html
2014-10-27,13474,Receipt of petitions and communications from the Public,Procedural,,https://viennavadata.org/meeting/2014-10-27.html
2014-10-27,13475,Reports/Presentations,Procedural,,https://viennavadata.org/meeting/2014-10-27.html
2014-10-27,13490,Proclamation for Vienna Business Saturday.,Proclamations & Recognitions,,https://viennavadata.org/meeting/2014-10-27.html
2014-10-27,13476,Report and Inquiries of Council Members,Procedural,,https://viennavadata.org/meeting/2014-10-27.html
2014-10-27,13477,Report of the Town Manager,Procedural,,https://viennavadata.org/meeting/2014-10-27.html
2014-10-27,13478,Report of the Mayor,Procedural,,https://viennavadata.org/meeting/2014-10-27.html
2014-10-27,13479,Proposals for Additional Items to the Agenda,Procedural,,https://viennavadata.org/meeting/2014-10-27.html
2014-10-27,13480,Closed Session,Procedural,,https://viennavadata.org/meeting/2014-10-27.html
2014-10-27,13481,Public Hearings,Procedural,,https://viennavadata.org/meeting/2014-10-27.html
2014-10-27,13483,Public Hearing for alley vacation at 101 Wilmar Place NW.,"Land Use, Zoning & Development",,https://viennavadata.org/meeting/2014-10-27.html
2014-10-27,13494,Public Hearing for alley vacation at 101 Wilmar Place NW.,"Land Use, Zoning & Development",7 Aye,https://viennavadata.org/meeting/2014-10-27.html
2014-10-27,13482,Regular Business,Procedural,,https://viennavadata.org/meeting/2014-10-27.html
2014-10-27,13484,Request to approve Department of Public Works vehicle purchases within the Vehicle Replacement Program.,Contracts & Purchasing,7 Aye,https://viennavadata.org/meeting/2014-10-27.html
2014-10-27,13485,Mill Street Reconstruction Design Contract Increase.,"Streets, Sidewalks & Transportation",7 Aye,https://viennavadata.org/meeting/2014-10-27.html
2014-10-27,13487,Vienna Train Station Sidewalk Construction Contract Increase.,"Streets, Sidewalks & Transportation",7 Aye,https://viennavadata.org/meeting/2014-10-27.html
2014-10-27,13488,"Award asphalt repair and remarking contract to Espina Paving, Inc.","Streets, Sidewalks & Transportation",7 Aye,https://viennavadata.org/meeting/2014-10-27.html
2014-10-27,13486,"Set Date for a Public Hearing on a Request for Approval of a Revised Site Plan and certain Site Plan Modifications for the expansion of the Vienna Community Center on property principally located at 120 Cherry Street, SE, along with a limited portion of 130 Cherry Street, SE, in the PR-Park & Recreation zone and a portion of the W & O D Trail property zoned RM-2, Multi-Family Low Density.  Application filed by Adtek Engineers, Inc. and the Department of Parks and Recreation, Agents for the Town of Vienna, owner.","Land Use, Zoning & Development",7 Aye,https://viennavadata.org/meeting/2014-10-27.html
2014-10-27,13489,Approval of 2015 Town Council Meeting Schedule and Calendar,Governance & Administration,7 Aye,https://viennavadata.org/meeting/2014-10-27.html
2014-10-27,13492,Meeting Adjournment,Procedural,7 Aye,https://viennavadata.org/meeting/2014-10-27.html
2014-10-27,13493,"THE TOWN OF VIENNA IS COMMITTED TO FULL COMPLIANCE WITH THE AMERICANS WITH DISABILITIES ACT STANDARDS. TRANSLATION SERVICES, ASSISTANCE OR ACCOMMODATION REQUESTS FROM PERSONS WITH DISABILITIES ARE TO BE REQUESTED NOT LESS THAN 3 WORKING DAYS BEFORE THE DAY OF THE EVENT. PLEASE CALL (703) 255-6304, OR 711 VIRGINIA RELAY SERVICE FOR THE HEARING IMPAIRED.",Procedural,,https://viennavadata.org/meeting/2014-10-27.html
2014-10-20,13419,"Invocation: Rev. Randy Beeman, Antioch Christian Church",Procedural,,https://viennavadata.org/meeting/2014-10-20.html
2014-10-20,13420,Pledge of Allegiance to the Flag of the United States of America,Procedural,,https://viennavadata.org/meeting/2014-10-20.html
2014-10-20,13421,Roll Call,Procedural,,https://viennavadata.org/meeting/2014-10-20.html
2014-10-20,13422,Approval of the Minutes:,Minutes,,https://viennavadata.org/meeting/2014-10-20.html
2014-10-20,13450,"Minutes of the Regular Meetings of August 18, 2014, September 8, 2014 and September 22, 2014.",Minutes,,https://viennavadata.org/meeting/2014-10-20.html
2014-10-20,13423,Receipt of petitions and communications from the Public,Procedural,,https://viennavadata.org/meeting/2014-10-20.html
2014-10-20,13424,Reports/Presentations,Procedural,,https://viennavadata.org/meeting/2014-10-20.html
2014-10-20,13443,Presentation of Community Enhancement Commission Beauty and Sustainability Awards,Proclamations & Recognitions,,https://viennavadata.org/meeting/2014-10-20.html
2014-10-20,13425,Report and Inquiries of Council Members,Procedural,,https://viennavadata.org/meeting/2014-10-20.html
2014-10-20,13426,Report of the Town Manager,Procedural,,https://viennavadata.org/meeting/2014-10-20.html
2014-10-20,13427,Report of the Mayor,Procedural,,https://viennavadata.org/meeting/2014-10-20.html
2014-10-20,13428,Proposals for Additional Items to the Agenda,Procedural,,https://viennavadata.org/meeting/2014-10-20.html
2014-10-20,13429,Closed Session,Procedural,,https://viennavadata.org/meeting/2014-10-20.html
2014-10-20,13430,Public Hearings,Procedural,,https://viennavadata.org/meeting/2014-10-20.html
2014-10-20,13431,Regular Business,Procedural,,https://viennavadata.org/meeting/2014-10-20.html
2014-10-20,13438,"Adoption of an Ordinance to Amend the Code of the Town of Vienna, Chapter 18, Zoning, Article 2, Section 18-4, Definitions, adding new Definitions, and adding a new Article 13.1 MAC: Maple Avenue Commercial Zone Regulations.","Land Use, Zoning & Development","6 Aye, 1 Nay",https://viennavadata.org/meeting/2014-10-20.html
2014-10-20,13432,"Request for the approval of Site Plan, Building Elevations, Master Sign Plan and certain Site Plan Modifications - all in accordance with the provisions of Sections 18-87.4 through 18-87.6 of the Town Code - for redevelopment of the Arrington Property located at 120 Church Street, NW, in the C-1B Pedestrian Commercial Zone. Filed by Paul Layer Architecture, LLC, agent for Arrington Properties, LLC.","Land Use, Zoning & Development",7 Aye,https://viennavadata.org/meeting/2014-10-20.html
2014-10-20,13435,"Request for Approval of Final Plat for the proposed resubdivision of Lots 37 and 38, Onon’dio Subdivision, into three lots and located at 304 and 308 Adahi Road SE and in the RS-12.5, Single-Family Detached Residential zone (recommended new addresses are 304, 306 and 308 Adahi Road SE).  Application filed by Ashleigh T. Bleeker, Smith Engineering, on behalf of BFR Construction Company, agent for Alexis & Jennifer Skotzo and Parvis Solehi, property owners.","Land Use, Zoning & Development","6 Aye, 1 Recused",https://viennavadata.org/meeting/2014-10-20.html
2014-10-20,13433,Consideration of Vacation of a Portion of Ninovan Road SE East of Tapawingo Road.,"Land Use, Zoning & Development",7 Aye,https://viennavadata.org/meeting/2014-10-20.html
2014-10-20,13436,"Wade Hampton Drive, SW Sidewalk Construction Contract Award.","Streets, Sidewalks & Transportation",7 Aye,https://viennavadata.org/meeting/2014-10-20.html
2014-10-20,13434,Endorsement of a Louise Archer Elementary School Safe Routes to School Sidewalk grant application.,"Streets, Sidewalks & Transportation",7 Aye,https://viennavadata.org/meeting/2014-10-20.html
2014-10-20,13439,Award Orchard Street NW Storm Sewer Contract to Espina Paving.,"Water, Sewer & Stormwater",7 Aye,https://viennavadata.org/meeting/2014-10-20.html
2014-10-20,13441,Marshall Road Sidewalk Design Contract Increase.,"Streets, Sidewalks & Transportation",7 Aye,https://viennavadata.org/meeting/2014-10-20.html
2014-10-20,13442,"Award Follin Lane SE additional engineering services contract to Urban, LTD.",Contracts & Purchasing,7 Aye,https://viennavadata.org/meeting/2014-10-20.html
2014-10-20,13445,Request Approval of Emergency Sewer Repair.,"Water, Sewer & Stormwater",7 Aye,https://viennavadata.org/meeting/2014-10-20.html
2014-10-20,13446,"Award contract for hot-mix asphalt to National Asphalt Manufacturing Corporation, and approve FY15 spending.","Budget, Taxes & Finance",7 Aye,https://viennavadata.org/meeting/2014-10-20.html
2014-10-20,13444,Request approval to renew XO Communications facilities franchise agreement ordinance.,Town Code & Ordinances,7 Aye,https://viennavadata.org/meeting/2014-10-20.html
2014-10-20,13440,Approval of Capital Improvement Plan Through 2030.,"Budget, Taxes & Finance",7 Aye,https://viennavadata.org/meeting/2014-10-20.html
2014-10-20,13437,Request for Approval to Increase the Spending Limit for Council Approval.,"Budget, Taxes & Finance",7 Aye,https://viennavadata.org/meeting/2014-10-20.html
2014-10-20,13447,Set Public Hearing for the 2015 Legislative Agenda.,Grants & Intergovernmental,7 Aye,https://viennavadata.org/meeting/2014-10-20.html
2014-10-20,13448,Meeting Adjournment,Procedural,7 Aye,https://viennavadata.org/meeting/2014-10-20.html
2014-10-20,13449,"THE TOWN OF VIENNA IS COMMITTED TO FULL COMPLIANCE WITH THE AMERICANS WITH DISABILITIES ACT STANDARDS. TRANSLATION SERVICES, ASSISTANCE OR ACCOMMODATION REQUESTS FROM PERSONS WITH DISABILITIES ARE TO BE REQUESTED NOT LESS THAN 3 WORKING DAYS BEFORE THE DAY OF THE EVENT. PLEASE CALL (703) 255-6304, OR 711 VIRGINIA RELAY SERVICE FOR THE HEARING IMPAIRED.",Procedural,,https://viennavadata.org/meeting/2014-10-20.html
2014-09-22,13387,"Invocation: Rev. Dr. Clevester Hawkins, First Baptist Church",Procedural,,https://viennavadata.org/meeting/2014-09-22.html
2014-09-22,13388,Pledge of Allegiance to the Flag of the United States of America,Procedural,,https://viennavadata.org/meeting/2014-09-22.html
2014-09-22,13389,Roll Call,Procedural,,https://viennavadata.org/meeting/2014-09-22.html
2014-09-22,13390,Approval of the Minutes:,Minutes,,https://viennavadata.org/meeting/2014-09-22.html
2014-09-22,13391,Receipt of petitions and communications from the Public,Procedural,,https://viennavadata.org/meeting/2014-09-22.html
2014-09-22,13392,Reports/Presentations,Procedural,,https://viennavadata.org/meeting/2014-09-22.html
2014-09-22,13406,Presentation of Community Enhancement Beauty and Sustainability Awards,Proclamations & Recognitions,,https://viennavadata.org/meeting/2014-09-22.html
2014-09-22,13412,Presentation to Honor Vienna Little League 2014 9/10 American All Stars - AKA “The Red Army”,Proclamations & Recognitions,,https://viennavadata.org/meeting/2014-09-22.html
2014-09-22,13413,Introduction of the Vienna Teen Council,"Community, Arts & Events",,https://viennavadata.org/meeting/2014-09-22.html
2014-09-22,13393,Report and Inquiries of Council Members,Procedural,,https://viennavadata.org/meeting/2014-09-22.html
2014-09-22,13394,Report of the Town Manager,Procedural,,https://viennavadata.org/meeting/2014-09-22.html
2014-09-22,13395,Report of the Mayor,Procedural,,https://viennavadata.org/meeting/2014-09-22.html
2014-09-22,13396,Proposals for Additional Items to the Agenda,Procedural,,https://viennavadata.org/meeting/2014-09-22.html
2014-09-22,13397,Closed Session,Procedural,7 Aye,https://viennavadata.org/meeting/2014-09-22.html
2014-09-22,13398,Public Hearings,Procedural,,https://viennavadata.org/meeting/2014-09-22.html
2014-09-22,13399,Regular Business,Procedural,,https://viennavadata.org/meeting/2014-09-22.html
2014-09-22,13415,"Approval of a Proposed Ordinance to Amend the Code of the Town of Vienna, Chapter 18, Zoning, Article 2, Section 18-4, Definitions, adding new Definitions, and adding a new Article 13.1 MAC: Maple Avenue Commercial Zone Regulations.","Land Use, Zoning & Development","6 Aye, 1 Nay",https://viennavadata.org/meeting/2014-09-22.html
2014-09-22,13400,Transportation Safety Commission recommended crosswalk across Lawyers Road NW at Blair Rd. NW.,"Streets, Sidewalks & Transportation",7 Aye,https://viennavadata.org/meeting/2014-09-22.html
2014-09-22,13407,Request approval of Transportation Safety Commission recommended traffic calming and pedestrian safety signs on Aponi Road SE.,"Streets, Sidewalks & Transportation",7 Aye,https://viennavadata.org/meeting/2014-09-22.html
2014-09-22,13405,Request to approve FY14 and FY15 spending with Double H Locates.,"Budget, Taxes & Finance",7 Aye,https://viennavadata.org/meeting/2014-09-22.html
2014-09-22,13402,Bond Reduction - Wilmar Subdivision at 110 and 112 Ayr Hill Avenue NW.,"Land Use, Zoning & Development",7 Aye,https://viennavadata.org/meeting/2014-09-22.html
2014-09-22,13404,Request to approve an increase in spending for drinking water analysis by Fairfax Water.,"Water, Sewer & Stormwater",7 Aye,https://viennavadata.org/meeting/2014-09-22.html
2014-09-22,13403,Request to set a Public Hearing for alley vacation at 101 Wilmar Place NW.,"Land Use, Zoning & Development",7 Aye,https://viennavadata.org/meeting/2014-09-22.html
2014-09-22,13408,Request for Approval of an MOU between the Town Of Vienna and the Vienna Business Association for First Night 2014-15.,"Community, Arts & Events",7 Aye,https://viennavadata.org/meeting/2014-09-22.html
2014-09-22,13409,Request  Authorization for Mayor to Execute Resolution for Map-21 Transportation Alternatives Project Endorsement Resolution for the Relocation of the Washington and Old Dominion Trail as Part of the Vienna Community Center Renovation and Expansion Project.,Parks & Recreation,7 Aye,https://viennavadata.org/meeting/2014-09-22.html
2014-09-22,13410,"Request for approval of Instructor Contractors for Parks and Recreation Classes for the Fall Session in Excess of $10,000",Parks & Recreation,7 Aye,https://viennavadata.org/meeting/2014-09-22.html
2014-09-22,13411,Award of Capital Lease Contract (IFB 15-02) for the financing of FY14/15 vehicle and equipment replacement.,Contracts & Purchasing,7 Aye,https://viennavadata.org/meeting/2014-09-22.html
2014-09-22,13401,Request to approve vehicle purchases within the Vehicle Replacement Program.,Contracts & Purchasing,7 Aye,https://viennavadata.org/meeting/2014-09-22.html
2014-09-22,13414,Town of Vienna Cooperation Agreement for CDBG and HOME Programs with Fairfax County.,Grants & Intergovernmental,7 Aye,https://viennavadata.org/meeting/2014-09-22.html
2014-09-22,13416,Meeting Adjournment,Procedural,7 Aye,https://viennavadata.org/meeting/2014-09-22.html
2014-09-22,13417,"THE TOWN OF VIENNA IS COMMITTED TO FULL COMPLIANCE WITH THE AMERICANS WITH DISABILITIES ACT STANDARDS. TRANSLATION SERVICES, ASSISTANCE OR ACCOMMODATION REQUESTS FROM PERSONS WITH DISABILITIES ARE TO BE REQUESTED NOT LESS THAN 3 WORKING DAYS BEFORE THE DAY OF THE EVENT. PLEASE CALL (703) 255-6304, OR 711 VIRGINIA RELAY SERVICE FOR THE HEARING IMPAIRED.",Procedural,,https://viennavadata.org/meeting/2014-09-22.html
2014-09-08,13336,"Invocation: Rev. Craig Burns, Vienna Assembly of God",Procedural,,https://viennavadata.org/meeting/2014-09-08.html
2014-09-08,13337,Pledge of Allegiance to the Flag of the United States of America,Procedural,,https://viennavadata.org/meeting/2014-09-08.html
2014-09-08,13338,Roll Call,Procedural,,https://viennavadata.org/meeting/2014-09-08.html
2014-09-08,13339,Approval of the Minutes:,Minutes,,https://viennavadata.org/meeting/2014-09-08.html
2014-09-08,13361,"Work Session Minutes of August 18, 2014.",Minutes,7 Aye,https://viennavadata.org/meeting/2014-09-08.html
2014-09-08,13340,Receipt of petitions and communications from the Public,Procedural,,https://viennavadata.org/meeting/2014-09-08.html
2014-09-08,13341,Reports/Presentations,Procedural,,https://viennavadata.org/meeting/2014-09-08.html
2014-09-08,13367,Proclamation for Constitution Week.,Proclamations & Recognitions,,https://viennavadata.org/meeting/2014-09-08.html
2014-09-08,13365,"Proclamation for September 11, 2001.",Proclamations & Recognitions,,https://viennavadata.org/meeting/2014-09-08.html
2014-09-08,13342,Report and Inquiries of Council Members,Procedural,,https://viennavadata.org/meeting/2014-09-08.html
2014-09-08,13343,Report of the Town Manager,Procedural,,https://viennavadata.org/meeting/2014-09-08.html
2014-09-08,13344,Report of the Mayor,Procedural,,https://viennavadata.org/meeting/2014-09-08.html
2014-09-08,13345,Proposals for Additional Items to the Agenda,Procedural,,https://viennavadata.org/meeting/2014-09-08.html
2014-09-08,13346,Closed Session,Procedural,7 Aye,https://viennavadata.org/meeting/2014-09-08.html
2014-09-08,13347,Public Hearings,Procedural,,https://viennavadata.org/meeting/2014-09-08.html
2014-09-08,13348,Regular Business,Procedural,,https://viennavadata.org/meeting/2014-09-08.html
2014-09-08,13358,"Approval of a Proposed Ordinance to Amend the Code of the Town of Vienna, Chapter 18, Zoning, Article 2, Section 18-4, Definitions, adding new Definitions, and adding a new Article 13.1 MAC: Maple Avenue Commercial Zone Regulations.","Land Use, Zoning & Development",7 Aye,https://viennavadata.org/meeting/2014-09-08.html
2014-09-08,13357,The Northern Virginia Regional Gang Task Force payment.,Public Safety,7 Aye,https://viennavadata.org/meeting/2014-09-08.html
2014-09-08,13355,Request Approval to Ride National Joint Powers (Njpa) Contract #111309-Cdw for the Purchase of Server Maintenance and Supplies.,Contracts & Purchasing,7 Aye,https://viennavadata.org/meeting/2014-09-08.html
2014-09-08,13354,Request Approval to Purchase Four (4) Replacement Panasonic Toughbooks for Police Vehicles.,Public Safety,7 Aye,https://viennavadata.org/meeting/2014-09-08.html
2014-09-08,13356,Request Approval to add additional $3000.00 to Purchase Order 140277 with Presidio Networked Solutions for Network Services Support to Complete Domain Consolidation for Town Network.,Contracts & Purchasing,7 Aye,https://viennavadata.org/meeting/2014-09-08.html
2014-09-08,13349,"Annual Report of Delinquent Real Estate Properties as of June 30, 2014",Procedural,7 Aye,https://viennavadata.org/meeting/2014-09-08.html
2014-09-08,13359,"Approval for Water and Sewer Temporary Service Costs Exceeding $10,000","Water, Sewer & Stormwater",7 Aye,https://viennavadata.org/meeting/2014-09-08.html
2014-09-08,13350,Maple Avenue Service Road Sidewalk Contract Increase.,"Streets, Sidewalks & Transportation","6 Aye, 1 Nay",https://viennavadata.org/meeting/2014-09-08.html
2014-09-08,13351,"Award Nelson Drive NE Drainage Study contract to Urban, Ltd","Water, Sewer & Stormwater",7 Aye,https://viennavadata.org/meeting/2014-09-08.html
2014-09-08,13352,Award a contract to Whitman Requardt for a Water and Sewer Capacity and Growth Study,"Water, Sewer & Stormwater",7 Aye,https://viennavadata.org/meeting/2014-09-08.html
2014-09-08,13353,"Award On-Call Roadway Maintenance Contract to Espina Paving, Inc.","Streets, Sidewalks & Transportation",7 Aye,https://viennavadata.org/meeting/2014-09-08.html
2014-09-08,13360,Supplemental Invoice for Town Attorney Charges.,"Budget, Taxes & Finance",7 Aye,https://viennavadata.org/meeting/2014-09-08.html
2014-09-08,13362,Meeting Adjournment,Procedural,7 Aye,https://viennavadata.org/meeting/2014-09-08.html
2014-09-08,13363,"THE TOWN OF VIENNA IS COMMITTED TO FULL COMPLIANCE WITH THE AMERICANS WITH DISABILITIES ACT STANDARDS. TRANSLATION SERVICES, ASSISTANCE OR ACCOMMODATION REQUESTS FROM PERSONS WITH DISABILITIES ARE TO BE REQUESTED NOT LESS THAN 3 WORKING DAYS BEFORE THE DAY OF THE EVENT. PLEASE CALL (703) 255-6304, OR 711 VIRGINIA RELAY SERVICE FOR THE HEARING IMPAIRED.",Procedural,,https://viennavadata.org/meeting/2014-09-08.html
2014-08-18,13300,"Invocation: Mercury Payton, Town Manager",Procedural,,https://viennavadata.org/meeting/2014-08-18.html
2014-08-18,13301,Pledge of Allegiance to the Flag of the United States of America,Procedural,,https://viennavadata.org/meeting/2014-08-18.html
2014-08-18,13302,Roll Call,Procedural,,https://viennavadata.org/meeting/2014-08-18.html
2014-08-18,13303,Approval of the Minutes:,Minutes,,https://viennavadata.org/meeting/2014-08-18.html
2014-08-18,13328,"Approval of the minutes of the Regular Council Meeting and three Public Hearings of July 7, 2014.",Minutes,,https://viennavadata.org/meeting/2014-08-18.html
2014-08-18,13304,Receipt of petitions and communications from the Public,Procedural,,https://viennavadata.org/meeting/2014-08-18.html
2014-08-18,13305,Reports/Presentations,Procedural,,https://viennavadata.org/meeting/2014-08-18.html
2014-08-18,13322,Proclamation for National Payroll Week.,Proclamations & Recognitions,,https://viennavadata.org/meeting/2014-08-18.html
2014-08-18,13306,Report and Inquiries of Council Members,Procedural,,https://viennavadata.org/meeting/2014-08-18.html
2014-08-18,13307,Report of the Town Manager,Procedural,,https://viennavadata.org/meeting/2014-08-18.html
2014-08-18,13308,Report of the Mayor,Procedural,,https://viennavadata.org/meeting/2014-08-18.html
2014-08-18,13334,Report of the Mayor,Procedural,,https://viennavadata.org/meeting/2014-08-18.html
2014-08-18,13309,Proposals for Additional Items to the Agenda,Procedural,,https://viennavadata.org/meeting/2014-08-18.html
2014-08-18,13310,Closed Session,Procedural,7 Aye,https://viennavadata.org/meeting/2014-08-18.html
2014-08-18,13311,Public Hearings,Procedural,,https://viennavadata.org/meeting/2014-08-18.html
2014-08-18,13320,"Public Hearing on a Proposed Ordinance to Amend the Code of the Town of Vienna, Chapter 18, Zoning, Article 2, Section 18-4, Definitions, adding new Definitions, and adding a new Article 13.1 MAC: Maple Avenue Commercial Zone Regulations.","Land Use, Zoning & Development","1 Nay, 6 Aye",https://viennavadata.org/meeting/2014-08-18.html
2014-08-18,13314,Alley vacation Public Hearing 112 Ayr Hill Avenue NW and 119 Wilmar Place NW.,"Land Use, Zoning & Development","2 Nay, 5 Aye",https://viennavadata.org/meeting/2014-08-18.html
2014-08-18,13312,Regular Business,Procedural,,https://viennavadata.org/meeting/2014-08-18.html
2014-08-18,13313,"Bond Reduction, Birdseye Subdivision 411 and 413 Upham Place NW","Land Use, Zoning & Development",7 Aye,https://viennavadata.org/meeting/2014-08-18.html
2014-08-18,13315,Lullaby & Harmony Drive SE Sidewalk Construction Contract Award.,"Streets, Sidewalks & Transportation",,https://viennavadata.org/meeting/2014-08-18.html
2014-08-18,13335,Lullaby & Harmony Drive SE Sidewalk Construction Contract Award.,"Streets, Sidewalks & Transportation","6 Aye, 1 Nay",https://viennavadata.org/meeting/2014-08-18.html
2014-08-18,13316,"Glyndon Street, NE Sidewalk Construction Contract Award.","Streets, Sidewalks & Transportation",7 Aye,https://viennavadata.org/meeting/2014-08-18.html
2014-08-18,13317,Award Center Street N Drainage Study Contract to Whitman Requardt.,"Water, Sewer & Stormwater",7 Aye,https://viennavadata.org/meeting/2014-08-18.html
2014-08-18,13323,Approve MOU with Fairfax County and Award a Design Contract to Wetlands Studies and Solutions for a Hunters Branch Stream Restoration Project,"Environment, Trees & Sustainability","6 Aye, 1 Nay",https://viennavadata.org/meeting/2014-08-18.html
2014-08-18,13318,Vienna Train Station Sidewalk Construction Contract Award,"Streets, Sidewalks & Transportation",7 Aye,https://viennavadata.org/meeting/2014-08-18.html
2014-08-18,13321,Request Approval for Vermont Systems Inc. Maintenance Agreement for Parks and Recreation Department Rectrac/Webtrac Software Automated Registration and Facility Services.,Parks & Recreation,7 Aye,https://viennavadata.org/meeting/2014-08-18.html
2014-08-18,13327,Request Approval to Submit Conceptual Community Center Renovation and Expansion Site Plan to the Planning Commission.,"Land Use, Zoning & Development",7 Aye,https://viennavadata.org/meeting/2014-08-18.html
2014-08-18,13319,Request Approval of Resolution for Issuance of Vehicle and Equipment Replacement Financing.,Contracts & Purchasing,7 Aye,https://viennavadata.org/meeting/2014-08-18.html
2014-08-18,13325,Catastrophic Leave Request for Jerry Lambert,Governance & Administration,7 Aye,https://viennavadata.org/meeting/2014-08-18.html
2014-08-18,13324,"Adoption of Changes to the Town Code, Chapter 11 - Personnel, related to the 2014 Classification and Compensation Study.",Governance & Administration,7 Aye,https://viennavadata.org/meeting/2014-08-18.html
2014-08-18,13329,Meeting Adjournment,Procedural,,https://viennavadata.org/meeting/2014-08-18.html
2014-08-18,13330,"THE TOWN OF VIENNA IS COMMITTED TO FULL COMPLIANCE WITH THE AMERICANS WITH DISABILITIES ACT STANDARDS. TRANSLATION SERVICES, ASSISTANCE OR ACCOMMODATION REQUESTS FROM PERSONS WITH DISABILITIES ARE TO BE REQUESTED NOT LESS THAN 3 WORKING DAYS BEFORE THE DAY OF THE EVENT. PLEASE CALL (703) 255-6304, OR 711 VIRGINIA RELAY SERVICE FOR THE HEARING IMPAIRED.",Procedural,,https://viennavadata.org/meeting/2014-08-18.html
2014-07-07,13258,"Invocation: Rev. Garry Genser, Vienna Seventh-Day Adventist Church",Procedural,,https://viennavadata.org/meeting/2014-07-07.html
2014-07-07,13259,Pledge of Allegiance to the Flag of the United States of America,Procedural,,https://viennavadata.org/meeting/2014-07-07.html
2014-07-07,13260,Roll Call,Procedural,,https://viennavadata.org/meeting/2014-07-07.html
2014-07-07,13261,Approval of the Minutes:,Minutes,,https://viennavadata.org/meeting/2014-07-07.html
2014-07-07,13277,"Approval of the minutes of the Regular Council meeting of June 16, 2014 and the Work Session minutes of June 9, 2014.",Minutes,"4 Aye, 2 Abstain, 1 Absent",https://viennavadata.org/meeting/2014-07-07.html
2014-07-07,13262,Receipt of petitions and communications from the Public,Procedural,,https://viennavadata.org/meeting/2014-07-07.html
2014-07-07,13263,Reports/Presentations,Procedural,,https://viennavadata.org/meeting/2014-07-07.html
2014-07-07,13264,Report and Inquiries of Council Members,Procedural,,https://viennavadata.org/meeting/2014-07-07.html
2014-07-07,13265,Report of the Town Manager,Procedural,,https://viennavadata.org/meeting/2014-07-07.html
2014-07-07,13266,Report of the Mayor,Procedural,,https://viennavadata.org/meeting/2014-07-07.html
2014-07-07,13267,Proposals for Additional Items to the Agenda,Procedural,,https://viennavadata.org/meeting/2014-07-07.html
2014-07-07,13268,Closed Session,Procedural,"6 Aye, 1 Absent",https://viennavadata.org/meeting/2014-07-07.html
2014-07-07,13269,Public Hearings,Procedural,,https://viennavadata.org/meeting/2014-07-07.html
2014-07-07,13272,"Public Hearing on Town Code, Chapter 11, changes related to the Classification and Compensation Study with Intent to Adopt on August 18, 2014.",Governance & Administration,"6 Aye, 1 Absent",https://viennavadata.org/meeting/2014-07-07.html
2014-07-07,13276,"Public Hearing on a proposed ordinance to amend the Code of the Town of Vienna, Chapter 9, Motor Vehicles and Traffic, Article 1, In General, Section 9-3, Adoption of State Code, of the Code of the Town of Vienna.","Streets, Sidewalks & Transportation","6 Aye, 1 Absent",https://viennavadata.org/meeting/2014-07-07.html
2014-07-07,13273,"Public Hearing on a proposed ordinance to amend the Code of the Town of Vienna, Chapter 18, Zoning, Article 2, Section 18-4, Definitions, adding new Definitions, and adding a new Article 13.1 Mac: Maple Avenue Commercial Zone Regulations.","Land Use, Zoning & Development","6 Aye, 1 Absent",https://viennavadata.org/meeting/2014-07-07.html
2014-07-07,13270,Regular Business,Procedural,,https://viennavadata.org/meeting/2014-07-07.html
2014-07-07,13271,"Request for Approval of Final Plat and Certain Waivers from Town Code requirements for Andrew Minor Subdivision, a proposed three-lot resubdivision of Fairfax County located at 130 Pleasant Street NW and in the RS-16 zone (recommended new addresses are 301, 303 and 305 Salsbury Lane NW).  Application filed by Anthony Venafro, Smith Engineering, agent for Michael W. Covel, owner.","Land Use, Zoning & Development","6 Aye, 1 Absent",https://viennavadata.org/meeting/2014-07-07.html
2014-07-07,13275,Establishment of a Mayor’s Advisory Committee for a Memorial in Honor of the late Mayor M. Jane Seeman,Proclamations & Recognitions,"6 Aye, 1 Absent",https://viennavadata.org/meeting/2014-07-07.html
2014-07-07,13274,"Request to Award LEED Silver Design Fee for the Community Center Renovation and Expansion to the Lukmire Partnership under RFP 14-03 in the Amount Not To Exceed $43,956.",Parks & Recreation,"6 Aye, 1 Absent",https://viennavadata.org/meeting/2014-07-07.html
2014-07-07,13280,"As Part of the Community Center Renovation Project, Request Approval of the Washington & Old Dominion Trail Realignment Concept and Authorize Staff to Negotiate an Agreement with Northern Virginia Regional Park Authority.",Parks & Recreation,"6 Aye, 1 Absent",https://viennavadata.org/meeting/2014-07-07.html
2014-07-07,13281,"Accept resignation of Marshall O. Potter, Jr. from the Board of Zoning Appeals.",Appointments & Resignations,"6 Aye, 1 Absent",https://viennavadata.org/meeting/2014-07-07.html
2014-07-07,13278,Meeting Adjournment,Procedural,,https://viennavadata.org/meeting/2014-07-07.html
2014-07-07,13279,"THE TOWN OF VIENNA IS COMMITTED TO FULL COMPLIANCE WITH THE AMERICANS WITH DISABILITIES ACT STANDARDS. TRANSLATION SERVICES, ASSISTANCE OR ACCOMMODATION REQUESTS FROM PERSONS WITH DISABILITIES ARE TO BE REQUESTED NOT LESS THAN 3 WORKING DAYS BEFORE THE DAY OF THE EVENT. PLEASE CALL (703) 255-6304, OR 711 VIRGINIA RELAY SERVICE FOR THE HEARING IMPAIRED.",Procedural,,https://viennavadata.org/meeting/2014-07-07.html
2014-06-16,13247,Swearing in of Newly Elected Officials,Proclamations & Recognitions,,https://viennavadata.org/meeting/2014-06-16.html
2014-06-16,13211,"Invocation: Rev. Randy Beeman, Antioch Christian Church",Procedural,,https://viennavadata.org/meeting/2014-06-16.html
2014-06-16,13212,Pledge of Allegiance to the Flag of the United States of America,Procedural,,https://viennavadata.org/meeting/2014-06-16.html
2014-06-16,13213,Roll Call,Procedural,,https://viennavadata.org/meeting/2014-06-16.html
2014-06-16,13214,Approval of the Minutes:,Minutes,,https://viennavadata.org/meeting/2014-06-16.html
2014-06-16,13241,"Regular meeting minutes of June 2, 2014.",Minutes,6 Aye,https://viennavadata.org/meeting/2014-06-16.html
2014-06-16,13215,Receipt of petitions and communications from the Public,Procedural,,https://viennavadata.org/meeting/2014-06-16.html
2014-06-16,13216,Reports/Presentations,Procedural,,https://viennavadata.org/meeting/2014-06-16.html
2014-06-16,13248,Presentation to Councilmember Cole.,Proclamations & Recognitions,,https://viennavadata.org/meeting/2014-06-16.html
2014-06-16,13217,Report and Inquiries of Council Members,Procedural,,https://viennavadata.org/meeting/2014-06-16.html
2014-06-16,13218,Report of the Town Manager,Procedural,,https://viennavadata.org/meeting/2014-06-16.html
2014-06-16,13219,Report of the Mayor,Procedural,,https://viennavadata.org/meeting/2014-06-16.html
2014-06-16,13220,Proposals for Additional Items to the Agenda,Procedural,,https://viennavadata.org/meeting/2014-06-16.html
2014-06-16,13221,Closed Session,Procedural,6 Aye,https://viennavadata.org/meeting/2014-06-16.html
2014-06-16,13222,Public Hearings,Procedural,,https://viennavadata.org/meeting/2014-06-16.html
2014-06-16,13223,Regular Business,Procedural,,https://viennavadata.org/meeting/2014-06-16.html
2014-06-16,13246,Appointment to Town Council to Fill Vacancy.,Appointments & Resignations,6 Aye,https://viennavadata.org/meeting/2014-06-16.html
2014-06-16,13245,Approval to Grant a Conservation Easement and Approve a Parking and Easement Agreement with the Northern Virginia Regional Park Authority to Expand the Vienna Train Station Parking Lot.,"Land Use, Zoning & Development",,https://viennavadata.org/meeting/2014-06-16.html
2014-06-16,13224,"Request for a one-year renewal of a Contract with Lardner/Klein Landscape Architects, P.C. and associated firms to provide the services outlined in RFP 12-06 for the Maple Avenue Commercial Corridor Zoning Code Update.","Land Use, Zoning & Development",6 Aye,https://viennavadata.org/meeting/2014-06-16.html
2014-06-16,13227,"Request to set date for a Public Hearing on a proposed Ordinance to amend the Code of the Town of Vienna, Chapter 18, Zoning, Article 2, Section 18-4, Definitions, adding new definitions, and adding a new article 13.1 MAC: Maple Avenue Commercial Zone Regulations.","Land Use, Zoning & Development","5 Aye, 1 Nay",https://viennavadata.org/meeting/2014-06-16.html
2014-06-16,13225,Request approval to purchase a server and storage hardware for the Town Financial and Application Systems.,"Budget, Taxes & Finance",6 Aye,https://viennavadata.org/meeting/2014-06-16.html
2014-06-16,13233,"Request for approval of Instructor Contractors for Parks and Recreation Camps and Classes between July 1, 2014 and August 31, 2014 in Excess of $10,000",Parks & Recreation,6 Aye,https://viennavadata.org/meeting/2014-06-16.html
2014-06-16,13232,"Request to Increase Expenditures for First Serve Tennis, Vienna Woods Studio, Nina Crissey and All Kids Sports and Games, LLC for FY 13/14.",Parks & Recreation,6 Aye,https://viennavadata.org/meeting/2014-06-16.html
2014-06-16,13234,"Request to Award IFB 14-24, Gymnastics Equipment, to Buddy’s All Stars in the amount not to exceed $13,511.95.",Contracts & Purchasing,6 Aye,https://viennavadata.org/meeting/2014-06-16.html
2014-06-16,13236,Request to set Public Hearing for changes to the Chapter 11 of the Town Code regarding Personnel matters.,Town Code & Ordinances,6 Aye,https://viennavadata.org/meeting/2014-06-16.html
2014-06-16,13240,2015 Town Observed Holidays,Governance & Administration,6 Aye,https://viennavadata.org/meeting/2014-06-16.html
2014-06-16,13239,Approval of Memorandum of Understanding for Skillsource Group.,Contracts & Purchasing,"5 Aye, 1 Nay",https://viennavadata.org/meeting/2014-06-16.html
2014-06-16,13238,The Police Department requests approval from the Town Council to Ride the GSA-Federal Supply Schedule (GA-35F-0119P) for the purchase of wireless service for the Department’s communication needs from Verizon Wireless.,Public Safety,6 Aye,https://viennavadata.org/meeting/2014-06-16.html
2014-06-16,13226,Approval of Fairfax Solid Waste Disposal Agreement,"Water, Sewer & Stormwater",6 Aye,https://viennavadata.org/meeting/2014-06-16.html
2014-06-16,13228,Navy Federal Credit Union Crosswalk Signal Agreement.,"Streets, Sidewalks & Transportation",6 Aye,https://viennavadata.org/meeting/2014-06-16.html
2014-06-16,13231,Award contract to AMEC for MS-4 Permit Compliance Services.,Contracts & Purchasing,6 Aye,https://viennavadata.org/meeting/2014-06-16.html
2014-06-16,13235,Set alley vacation Public Hearing 112 Ayr Hill Avenue NW and 119 Wilmar Place NW.,"Land Use, Zoning & Development",6 Aye,https://viennavadata.org/meeting/2014-06-16.html
2014-06-16,13237,Increase Contract with Shannon Baum Signs.,Contracts & Purchasing,6 Aye,https://viennavadata.org/meeting/2014-06-16.html
2014-06-16,13230,Accept Resignation of Melvin R. McCoy From the Planning Commission.,Appointments & Resignations,6 Aye,https://viennavadata.org/meeting/2014-06-16.html
2014-06-16,13229,Appointment of Town Officials for Fiscal Year 2014-2015,Appointments & Resignations,6 Aye,https://viennavadata.org/meeting/2014-06-16.html
2014-06-16,13242,Meeting Adjournment,Procedural,,https://viennavadata.org/meeting/2014-06-16.html
2014-06-16,13243,"THE TOWN OF VIENNA IS COMMITTED TO FULL COMPLIANCE WITH THE AMERICANS WITH DISABILITIES ACT STANDARDS. TRANSLATION SERVICES, ASSISTANCE OR ACCOMMODATION REQUESTS FROM PERSONS WITH DISABILITIES ARE TO BE REQUESTED NOT LESS THAN 3 WORKING DAYS BEFORE THE DAY OF THE EVENT. PLEASE CALL (703) 255-6304, OR 711 VIRGINIA RELAY SERVICE FOR THE HEARING IMPAIRED.",Procedural,,https://viennavadata.org/meeting/2014-06-16.html
2014-06-02,13143,"Invocation: Reverend Johnny Kurcina, Christ Church Vienna",Procedural,,https://viennavadata.org/meeting/2014-06-02.html
2014-06-02,13144,Pledge of Allegiance to the Flag of the United States of America,Procedural,,https://viennavadata.org/meeting/2014-06-02.html
2014-06-02,13181,,Procedural,,https://viennavadata.org/meeting/2014-06-02.html
2014-06-02,13145,Roll Call,Procedural,,https://viennavadata.org/meeting/2014-06-02.html
2014-06-02,13146,Approval of the Minutes,Minutes,,https://viennavadata.org/meeting/2014-06-02.html
2014-06-02,13182,"Approval of the Minutes of the Regular Council Meeting of May 12, 2014 and May 19, 2014.",Minutes,6 (no value recorded),https://viennavadata.org/meeting/2014-06-02.html
2014-06-02,13147,Receipt of petitions and communications from the Public,Procedural,,https://viennavadata.org/meeting/2014-06-02.html
2014-06-02,13148,Reports/Presentations,Procedural,,https://viennavadata.org/meeting/2014-06-02.html
2014-06-02,13149,Report and Inquiries of Council Members,Procedural,,https://viennavadata.org/meeting/2014-06-02.html
2014-06-02,13150,Report of the Town Manager,Procedural,,https://viennavadata.org/meeting/2014-06-02.html
2014-06-02,13184,Report of the Mayor,Procedural,,https://viennavadata.org/meeting/2014-06-02.html
2014-06-02,13151,Report of the Mayor,Procedural,,https://viennavadata.org/meeting/2014-06-02.html
2014-06-02,13152,Proposals for Additional Items to the Agenda,Procedural,,https://viennavadata.org/meeting/2014-06-02.html
2014-06-02,13153,Closed Session,Procedural,,https://viennavadata.org/meeting/2014-06-02.html
2014-06-02,13154,Public Hearings,Procedural,,https://viennavadata.org/meeting/2014-06-02.html
2014-06-02,13178,Public Hearing to Approve Granting a Conservation Easement and Approve a Parking and Easement Agreement with the Northern Virginia Regional Park Authority to Expand the Vienna Train Station Parking Lot.,"Land Use, Zoning & Development",6 Aye,https://viennavadata.org/meeting/2014-06-02.html
2014-06-02,13155,Consent Agenda,Consent Agenda,,https://viennavadata.org/meeting/2014-06-02.html
2014-06-02,13156,The Police Department requests approval from the Town Council to ride the City of Alexandria Contract # RFP 00000057 for the purchase of maintenance and service for the Department’s 800 MHz radio equipment from Wireless Communications Inc.,Public Safety,,https://viennavadata.org/meeting/2014-06-02.html
2014-06-02,13159,"Request approval for second year payment of the second year contract payment not to exceed $67,225.00 to New World Systems for the Standard Service Maintenance Agreement for the Computer Aided Dispatch, Law Enforcement Records Management and Mobile Data system from New World Systems Corporation",Public Safety,,https://viennavadata.org/meeting/2014-06-02.html
2014-06-02,13157,Request approval to ride Commonwealth of Virginia contract # E194-1176 for the purchase of police uniforms and accessories.,Public Safety,,https://viennavadata.org/meeting/2014-06-02.html
2014-06-02,13158,"Request to Renew IFB 13-12, Vienna Parks and Recreation Quarterly Brochure to Silver Communications",Parks & Recreation,,https://viennavadata.org/meeting/2014-06-02.html
2014-06-02,13160,"Request Renewal of IFB 13-14, Tree Maintenance and Removal, to Elswick & Elswick dba Greentree","Environment, Trees & Sustainability",,https://viennavadata.org/meeting/2014-06-02.html
2014-06-02,13161,Renewal of Annual Audit Contract to Robinson Farmer Cox Associates PLLC.,"Budget, Taxes & Finance",,https://viennavadata.org/meeting/2014-06-02.html
2014-06-02,13164,"Request approval to continue to ride VITA Contract VA-140331-DELL for the purchase of computers, laptops and maintenance contracts for servers.",Contracts & Purchasing,,https://viennavadata.org/meeting/2014-06-02.html
2014-06-02,13165,Request approval to continue riding Fairfax County Schools Contract 4400001435 for Cell and Mobile Device Service with Sprint.,Grants & Intergovernmental,,https://viennavadata.org/meeting/2014-06-02.html
2014-06-02,13173,FY 2015 funding and renewals of Town contracts.,Contracts & Purchasing,,https://viennavadata.org/meeting/2014-06-02.html
2014-06-02,13174,FY 2015 funding of contracts issued by other jurisdictions.,Contracts & Purchasing,,https://viennavadata.org/meeting/2014-06-02.html
2014-06-02,13162,Regular Business,Procedural,,https://viennavadata.org/meeting/2014-06-02.html
2014-06-02,13170,Contract Renewal for Sungard Public Sector Asp Hosting Fees,Contracts & Purchasing,6 Aye,https://viennavadata.org/meeting/2014-06-02.html
2014-06-02,13175,Contract award and renewal with Datamatx for outsourced bill printing.,Contracts & Purchasing,6 Aye,https://viennavadata.org/meeting/2014-06-02.html
2014-06-02,13171,Approval of Copier Contract,Contracts & Purchasing,6 Aye,https://viennavadata.org/meeting/2014-06-02.html
2014-06-02,13169,Contract Renewal for Neogov - Online Onboarding System,Contracts & Purchasing,6 Aye,https://viennavadata.org/meeting/2014-06-02.html
2014-06-02,13172,Request to renew CDL drug testing contract RFP12-07 with INOVA Health Systems.,Contracts & Purchasing,6 Aye,https://viennavadata.org/meeting/2014-06-02.html
2014-06-02,13176,2015 VRS Contribution Rate Election,Governance & Administration,6 Aye,https://viennavadata.org/meeting/2014-06-02.html
2014-06-02,13168,Request to purchase Conflict Monitor Tester,Contracts & Purchasing,6 Aye,https://viennavadata.org/meeting/2014-06-02.html
2014-06-02,13163,Purchase water meters from HD Supply Waterworks.,"Water, Sewer & Stormwater",6 Aye,https://viennavadata.org/meeting/2014-06-02.html
2014-06-02,13167,Increase Espina Paving contract.,"Streets, Sidewalks & Transportation",6 Aye,https://viennavadata.org/meeting/2014-06-02.html
2014-06-02,13185,Purchase of Natural Gas Heated Pressure Washer.,Contracts & Purchasing,6 (no value recorded),https://viennavadata.org/meeting/2014-06-02.html
2014-06-02,13166,Purchase of Natural Gas Heated Pressure Washer.,Contracts & Purchasing,,https://viennavadata.org/meeting/2014-06-02.html
2014-06-02,13177,Increase Annual Compensation for Mayor.,Governance & Administration,"5 Aye, 1 Abstain",https://viennavadata.org/meeting/2014-06-02.html
2014-06-02,13179,Meeting Adjournment,Procedural,,https://viennavadata.org/meeting/2014-06-02.html
2014-06-02,13180,"THE TOWN OF VIENNA IS COMMITTED TO FULL COMPLIANCE WITH THE AMERICANS WITH DISABILITIES ACT STANDARDS. TRANSLATION SERVICES, ASSISTANCE OR ACCOMMODATION REQUESTS FROM PERSONS WITH DISABILITIES ARE TO BE REQUESTED NOT LESS THAN 3 WORKING DAYS BEFORE THE DAY OF THE EVENT. PLEASE CALL (703) 255-6304, OR 711 VIRGINIA RELAY SERVICE FOR THE HEARING IMPAIRED.",Procedural,,https://viennavadata.org/meeting/2014-06-02.html
2014-05-19,13117,"Invocation:  Reverend Craig Burns, Vienna Assembly of God, 100 Ayr Hill Avenue, N.E.",Procedural,,https://viennavadata.org/meeting/2014-05-19.html
2014-05-19,13118,Pledge of Allegiance to the Flag of the United States of America,Procedural,,https://viennavadata.org/meeting/2014-05-19.html
2014-05-19,13119,Roll Call,Procedural,,https://viennavadata.org/meeting/2014-05-19.html
2014-05-19,13120,"Approval of the Minutes: Defer approval of the May 12, 2014 minutes until June 2, 2014.",Minutes,,https://viennavadata.org/meeting/2014-05-19.html
2014-05-19,13121,Receipt of petitions and communications from the Public,Procedural,,https://viennavadata.org/meeting/2014-05-19.html
2014-05-19,13122,Reports/Presentations,Procedural,,https://viennavadata.org/meeting/2014-05-19.html
2014-05-19,13123,Report and Inquiries of Council Members,Procedural,,https://viennavadata.org/meeting/2014-05-19.html
2014-05-19,13124,Report of the Town Manager,Procedural,,https://viennavadata.org/meeting/2014-05-19.html
2014-05-19,13125,Report of the Mayor,Procedural,,https://viennavadata.org/meeting/2014-05-19.html
2014-05-19,13126,Proposals for Additional Items to the Agenda,Procedural,,https://viennavadata.org/meeting/2014-05-19.html
2014-05-19,13127,Closed Session,Procedural,"4 Aye, 1 Absent",https://viennavadata.org/meeting/2014-05-19.html
2014-05-19,13129,Regular Business,Procedural,,https://viennavadata.org/meeting/2014-05-19.html
2014-05-19,13136,Appointment to Town Council to Fill Vacancy.,Appointments & Resignations,"4 Aye, 1 Absent",https://viennavadata.org/meeting/2014-05-19.html
2014-05-19,13135,Village Green Shopping Center Storm Drainage Design Contract Award,"Water, Sewer & Stormwater","4 Aye, 1 Absent",https://viennavadata.org/meeting/2014-05-19.html
2014-05-19,13130,"Increase Contract with Ferguson Enterprises, Inc.",Contracts & Purchasing,"4 Aye, 1 Absent",https://viennavadata.org/meeting/2014-05-19.html
2014-05-19,13131,Increase Utility Marking Contract with Double H Locates.,Contracts & Purchasing,"4 Aye, 1 Absent",https://viennavadata.org/meeting/2014-05-19.html
2014-05-19,13132,Award of Concrete Curb Contract at Three Developer Projects.,Contracts & Purchasing,"4 Aye, 1 Absent",https://viennavadata.org/meeting/2014-05-19.html
2014-05-19,13134,"Award Contract to Urban, LTD for Additional Engineering Services for Follin Lane, SE",Contracts & Purchasing,"4 Aye, 1 Absent",https://viennavadata.org/meeting/2014-05-19.html
2014-05-19,13140,Set Public Hearing to Approve Granting a Conservation Easement and Approve a Parking and Easement Agreement with the Northern Virginia Regional Park Authority to Expand the Vienna Train Station Parking Lot.,"Land Use, Zoning & Development","4 Aye, 1 Absent",https://viennavadata.org/meeting/2014-05-19.html
2014-05-19,13133,Approval of VML/VACO Finance Contract.,Contracts & Purchasing,"4 Aye, 1 Absent",https://viennavadata.org/meeting/2014-05-19.html
2014-05-19,13137,Meeting Adjournment,Procedural,,https://viennavadata.org/meeting/2014-05-19.html
2014-05-19,13142,Meeting Adjournment,Procedural,"4 Aye, 1 Absent",https://viennavadata.org/meeting/2014-05-19.html
2014-05-19,13138,"THE TOWN OF VIENNA IS COMMITTED TO FULL COMPLIANCE WITH THE AMERICANS WITH DISABILITIES ACT STANDARDS. TRANSLATION SERVICES, ASSISTANCE OR ACCOMMODATION REQUESTS FROM PERSONS WITH DISABILITIES ARE TO BE REQUESTED NOT LESS THAN 3 WORKING DAYS BEFORE THE DAY OF THE EVENT. PLEASE CALL (703) 255-6304, OR 711 VIRGINIA RELAY SERVICE FOR THE HEARING IMPAIRED.",Procedural,,https://viennavadata.org/meeting/2014-05-19.html
2014-05-12,12886,Invocation: The Baha’i Community of the Town of Vienna,Procedural,,https://viennavadata.org/meeting/2014-05-12.html
2014-05-12,12887,Pledge of Allegiance to the Flag of the United States of America,Procedural,,https://viennavadata.org/meeting/2014-05-12.html
2014-05-12,12888,Roll Call,Procedural,,https://viennavadata.org/meeting/2014-05-12.html
2014-05-12,12889,"Approval of the Minutes: Regular Meeting of April 28, 2014 and the Work Session Minutes of April 21, 2014.",Minutes,,https://viennavadata.org/meeting/2014-05-12.html
2014-05-12,12930,"Approval of the Minutes: Regular Meeting of April 28, 2014 and the Work Session Minutes of April 21, 2014.",Minutes,5 Aye,https://viennavadata.org/meeting/2014-05-12.html
2014-05-12,12890,Receipt of petitions and communications from the Public,Procedural,,https://viennavadata.org/meeting/2014-05-12.html
2014-05-12,12891,Reports/Presentations,Procedural,,https://viennavadata.org/meeting/2014-05-12.html
2014-05-12,12892,Report and Inquiries of Council Members,Procedural,,https://viennavadata.org/meeting/2014-05-12.html
2014-05-12,12893,Report of the Town Manager,Procedural,,https://viennavadata.org/meeting/2014-05-12.html
2014-05-12,12894,Report of the Mayor,Procedural,,https://viennavadata.org/meeting/2014-05-12.html
2014-05-12,12895,Proposals for Additional Items to the Agenda,Procedural,,https://viennavadata.org/meeting/2014-05-12.html
2014-05-12,12896,Closed Session,Procedural,5 Aye,https://viennavadata.org/meeting/2014-05-12.html
2014-05-12,12897,Public Hearings,Procedural,,https://viennavadata.org/meeting/2014-05-12.html
2014-05-12,12898,Regular Business,Procedural,,https://viennavadata.org/meeting/2014-05-12.html
2014-05-12,12901,Intent to adopt the Real Estate Property Tax Rate for Fiscal Year 2014-2015.,"Budget, Taxes & Finance",5 Aye,https://viennavadata.org/meeting/2014-05-12.html
2014-05-12,12911,Intent to Adopt FY2014-2015 Water and Sewer rates,"Water, Sewer & Stormwater",5 Aye,https://viennavadata.org/meeting/2014-05-12.html
2014-05-12,12908,Intent to Adopt the Fiscal Year 2014-2015 Budget,"Budget, Taxes & Finance",5 Aye,https://viennavadata.org/meeting/2014-05-12.html
2014-05-12,12899,Approval of Tyler Technologies Inc. Contract for Administrative Software with Related Goods and Services,Contracts & Purchasing,,https://viennavadata.org/meeting/2014-05-12.html
2014-05-12,12934,Approval of Tyler Technologies Inc. Contract for Administrative Software with Related Goods and Services,Contracts & Purchasing,,https://viennavadata.org/meeting/2014-05-12.html
2014-05-12,12902,Request Approval for Vienna Community Center Emergency Repairs to AC - #2 Compressor from Advanced Building Services.,Parks & Recreation,5 Aye,https://viennavadata.org/meeting/2014-05-12.html
2014-05-12,12903,"Request Approval to Purchase Rectrac/Webtrac Module for On-Line Facility Scheduling From Vermont Systems, Inc.",Contracts & Purchasing,5 Aye,https://viennavadata.org/meeting/2014-05-12.html
2014-05-12,12906,"Adoption of Ordinance to Amend The Vienna Town Code, Chapter 18, Zoning, Article 25, Site Plan Control Provisions, Section 18-251, Where Applicable and Section 18-252, Site Plan Specifications (Addition Of Minimum Tree Canopy Requirements for the Single-Family Detached Residential Zones).","Environment, Trees & Sustainability",5 Aye,https://viennavadata.org/meeting/2014-05-12.html
2014-05-12,12905,"Request to purchase goods under Town of Vienna IFB 13-02, Landscape: Plants, Trees and Related Supplies, to Purchase Trees for Maple Avenue East Service Road Sidewalk Project from Merrifield Garden Center","Environment, Trees & Sustainability",5 Aye,https://viennavadata.org/meeting/2014-05-12.html
2014-05-12,12900,St. Romans Drive Water Main Contract Award.,"Water, Sewer & Stormwater",5 Aye,https://viennavadata.org/meeting/2014-05-12.html
2014-05-12,12904,Award of Concrete Repair Contract to Sagres Construction.,Contracts & Purchasing,,https://viennavadata.org/meeting/2014-05-12.html
2014-05-12,12935,Award of Concrete Repair Contract to Sagres Construction.,Contracts & Purchasing,5 Aye,https://viennavadata.org/meeting/2014-05-12.html
2014-05-12,12907,Intent to Adopt Proposed Stormwater Ordinance Amendments.,"Water, Sewer & Stormwater",5 Aye,https://viennavadata.org/meeting/2014-05-12.html
2014-05-12,12936,Second Closed Session,Procedural,5 Aye,https://viennavadata.org/meeting/2014-05-12.html
2014-05-12,12909,Meeting Adjournment,Procedural,,https://viennavadata.org/meeting/2014-05-12.html
2014-05-12,12910,"THE TOWN OF VIENNA IS COMMITTED TO FULL COMPLIANCE WITH THE AMERICANS WITH DISABILITIES ACT STANDARDS. TRANSLATION SERVICES, ASSISTANCE OR ACCOMMODATION REQUESTS FROM PERSONS WITH DISABILITIES ARE TO BE REQUESTED NOT LESS THAN 3 WORKING DAYS BEFORE THE DAY OF THE EVENT. PLEASE CALL (703) 255-6304, OR 711 VIRGINIA RELAY SERVICE FOR THE HEARING IMPAIRED.",Procedural,,https://viennavadata.org/meeting/2014-05-12.html
2014-04-28,12842,"Invocation: Reverend Randy Beeman, Antioch Christian Church, 1860 Beulah Road, Vienna, VA.",Procedural,,https://viennavadata.org/meeting/2014-04-28.html
2014-04-28,12843,Pledge of Allegiance to the Flag of the United States of America,Procedural,,https://viennavadata.org/meeting/2014-04-28.html
2014-04-28,12844,Roll Call,Procedural,,https://viennavadata.org/meeting/2014-04-28.html
2014-04-28,12845,"Approval of the Minutes: Regular Meeting of April 7, 2014.",Minutes,,https://viennavadata.org/meeting/2014-04-28.html
2014-04-28,12846,Receipt of petitions and communications from the Public,Procedural,,https://viennavadata.org/meeting/2014-04-28.html
2014-04-28,12847,Reports/Presentations,Procedural,,https://viennavadata.org/meeting/2014-04-28.html
2014-04-28,12878,Presentation for Councilmember Polychrones,Proclamations & Recognitions,,https://viennavadata.org/meeting/2014-04-28.html
2014-04-28,12848,Report and Inquiries of Council Members,Procedural,,https://viennavadata.org/meeting/2014-04-28.html
2014-04-28,12849,Report of the Town Manager,Procedural,,https://viennavadata.org/meeting/2014-04-28.html
2014-04-28,12850,Report of the Mayor,Procedural,,https://viennavadata.org/meeting/2014-04-28.html
2014-04-28,12851,Proposals for Additional Items to the Agenda,Procedural,,https://viennavadata.org/meeting/2014-04-28.html
2014-04-28,12852,Closed Session,Procedural,6 Aye,https://viennavadata.org/meeting/2014-04-28.html
2014-04-28,12853,Public Hearings,Procedural,,https://viennavadata.org/meeting/2014-04-28.html
2014-04-28,12871,Public Hearing for FY 2014/15 Proposed Real Estate Tax Rate,"Budget, Taxes & Finance",6 Aye,https://viennavadata.org/meeting/2014-04-28.html
2014-04-28,12872,Public Hearing for FY15 Water and Sewer Rates,"Water, Sewer & Stormwater",6 Aye,https://viennavadata.org/meeting/2014-04-28.html
2014-04-28,12873,Public Hearing for Stormwater Management Ordinance Amendments,"Water, Sewer & Stormwater",6 Aye,https://viennavadata.org/meeting/2014-04-28.html
2014-04-28,12854,Regular Business,Procedural,,https://viennavadata.org/meeting/2014-04-28.html
2014-04-28,12874,Establish the Bicycle Advisory Committee and the Pedestrian Advisory Committee.,"Streets, Sidewalks & Transportation","5 Aye, 1 Nay",https://viennavadata.org/meeting/2014-04-28.html
2014-04-28,12875,Appointments to the Bicycle Advisory Committee (BAC) and the Pedestrian Advisory Committee (PAC).,"Streets, Sidewalks & Transportation","5 Aye, 1 Abstain",https://viennavadata.org/meeting/2014-04-28.html
2014-04-28,12876,"Request to Award RFP 14-03, Vienna Community Center Expansion and Renovation Architectural & Engineering Services to The Lukmire Partnership",Parks & Recreation,6 Aye,https://viennavadata.org/meeting/2014-04-28.html
2014-04-28,12862,Request To Approve Tree Vienna Donation Program,"Environment, Trees & Sustainability",6 Aye,https://viennavadata.org/meeting/2014-04-28.html
2014-04-28,12863,Request Approval to Enter Into Discussion with Vienna Youth Inc. For Potential Community Center Renovation and Expansion Partnership,Parks & Recreation,6 Aye,https://viennavadata.org/meeting/2014-04-28.html
2014-04-28,12867,"Request for Approval of Instructor Contractors for Parks and Recreation Classes and Programs In Excess of $10,000 Each for FY14",Parks & Recreation,6 Aye,https://viennavadata.org/meeting/2014-04-28.html
2014-04-28,12858,"Approval of a Proposed Ordinance to Amend the Vienna Town Code, Chapter 18, Zoning, Article 25, Site Plan Control Provisions, Section 18-251, Where Applicable and Section 18-252, Site Plan Specifications (Addition Of Minimum Tree Canopy Requirements For The Single-Family Detached Residential Zones).","Environment, Trees & Sustainability",6 Aye,https://viennavadata.org/meeting/2014-04-28.html
2014-04-28,12859,Request to award a contract for On-Call Environmental Professional Services to AMEC,"Environment, Trees & Sustainability",6 Aye,https://viennavadata.org/meeting/2014-04-28.html
2014-04-28,12855,Request to approve Traffic Signal Review and Optimization study.,"Streets, Sidewalks & Transportation",6 Aye,https://viennavadata.org/meeting/2014-04-28.html
2014-04-28,12861,Annual Audit Fee to Robinson Farmer Cox Associates PLLC,"Budget, Taxes & Finance",6 Aye,https://viennavadata.org/meeting/2014-04-28.html
2014-04-28,12869,Meeting Adjournment,Procedural,,https://viennavadata.org/meeting/2014-04-28.html
2014-04-28,12870,"THE TOWN OF VIENNA IS COMMITTED TO FULL COMPLIANCE WITH THE AMERICANS WITH DISABILITIES ACT STANDARDS. TRANSLATION SERVICES, ASSISTANCE OR ACCOMMODATION REQUESTS FROM PERSONS WITH DISABILITIES ARE TO BE REQUESTED NOT LESS THAN 3 WORKING DAYS BEFORE THE DAY OF THE EVENT. PLEASE CALL (703) 255-6304, OR 711 VIRGINIA RELAY SERVICE FOR THE HEARING IMPAIRED.",Procedural,,https://viennavadata.org/meeting/2014-04-28.html
2014-04-07,12781,"Invocation: Rev. Laura Horton-Ludwig, Unitarian Universalist Congregation of Fairfax",Procedural,,https://viennavadata.org/meeting/2014-04-07.html
2014-04-07,12782,Pledge of Allegiance to the Flag of the United States of America,Procedural,,https://viennavadata.org/meeting/2014-04-07.html
2014-04-07,12783,Roll Call,Procedural,6 Aye,https://viennavadata.org/meeting/2014-04-07.html
2014-04-07,12784,"Approval of the Minutes: Regular Council Meeting of March 17, 2014, Work Session of March 10, 2014, and Budget Work Sessions of March 22 and 24, 2014.",Minutes,6 Aye,https://viennavadata.org/meeting/2014-04-07.html
2014-04-07,12785,Receipt of petitions and communications from the Public,Procedural,,https://viennavadata.org/meeting/2014-04-07.html
2014-04-07,12786,Reports/Presentations,Procedural,,https://viennavadata.org/meeting/2014-04-07.html
2014-04-07,12811,Proclamation for Volunteeer Recognition Day,Proclamations & Recognitions,,https://viennavadata.org/meeting/2014-04-07.html
2014-04-07,12787,Report and Inquiries of Council Members,Procedural,,https://viennavadata.org/meeting/2014-04-07.html
2014-04-07,12788,Report of the Town Manager,Procedural,,https://viennavadata.org/meeting/2014-04-07.html
2014-04-07,12789,Report of the Mayor,Procedural,,https://viennavadata.org/meeting/2014-04-07.html
2014-04-07,12790,Proposals for Additional Items to the Agenda,Procedural,,https://viennavadata.org/meeting/2014-04-07.html
2014-04-07,12791,Closed Session,Procedural,"4 Aye, 2 Abstain",https://viennavadata.org/meeting/2014-04-07.html
2014-04-07,12812,Appointment of Mayor,Appointments & Resignations,,https://viennavadata.org/meeting/2014-04-07.html
2014-04-07,12798,Request to Appoint Mayor,Appointments & Resignations,6 Aye,https://viennavadata.org/meeting/2014-04-07.html
2014-04-07,12792,Public Hearings,Procedural,,https://viennavadata.org/meeting/2014-04-07.html
2014-04-07,12806,Public Hearing on FY 2014-2015 Proposed Budget.,"Budget, Taxes & Finance",6 Aye,https://viennavadata.org/meeting/2014-04-07.html
2014-04-07,12802,"Public Hearing on a Proposed Ordinance to Amend the Vienna Town Code, Chapter 18, Zoning, Article 25, Site Plan Control Provisions, Section 18-251, Where Applicable and Section 18-252, Site Plan Specifications (Addition Of Minimum Tree Canopy Requirements For The Single-Family Detached Residential Zones).","Environment, Trees & Sustainability",6 Aye,https://viennavadata.org/meeting/2014-04-07.html
2014-04-07,12793,Regular Business,Procedural,,https://viennavadata.org/meeting/2014-04-07.html
2014-04-07,12796,Request to award Beulah Road Phase II sidewalk design contract.,"Streets, Sidewalks & Transportation",,https://viennavadata.org/meeting/2014-04-07.html
2014-04-07,12818,Request to award Beulah Road Phase II sidewalk design contract.,"Streets, Sidewalks & Transportation","5 Aye, 1 Nay",https://viennavadata.org/meeting/2014-04-07.html
2014-04-07,12797,Request for approval of Cottage Street SW Sidewalk design contract.,"Streets, Sidewalks & Transportation",6 Aye,https://viennavadata.org/meeting/2014-04-07.html
2014-04-07,12795,Request acceptance of Maple Avenue traffic signal easements.,"Land Use, Zoning & Development",6 Aye,https://viennavadata.org/meeting/2014-04-07.html
2014-04-07,12805,Request to increase current Rice Tire Company contract.,Contracts & Purchasing,6 Aye,https://viennavadata.org/meeting/2014-04-07.html
2014-04-07,12800,Request approval to purchase sand for road treatment during inclement weather.,Contracts & Purchasing,6 Aye,https://viennavadata.org/meeting/2014-04-07.html
2014-04-07,12801,Request to increase the BPO with Superior Paving Corporation.,"Streets, Sidewalks & Transportation",6 Aye,https://viennavadata.org/meeting/2014-04-07.html
2014-04-07,12807,Request to set a public hearing for Stormwater Management ordinance amendments.,"Water, Sewer & Stormwater",6 Aye,https://viennavadata.org/meeting/2014-04-07.html
2014-04-07,12803,Recommend approval of Memorandum of Understanding (MOU) between the Town of Vienna and the Vienna Business Association for the 2014 Vienna Oktoberfest.,"Community, Arts & Events",6 Aye,https://viennavadata.org/meeting/2014-04-07.html
2014-04-07,12804,Request For approval of MOU Between Vienna Little League and the Town of Vienna for the use of Yeonas Park During the 2014 July 4th fireworks display.,Parks & Recreation,6 Aye,https://viennavadata.org/meeting/2014-04-07.html
2014-04-07,12799,"Request for additional $10,000 for tree and stump removal under IFB 13-14, Elswick & Elswick DBA Greentree.","Environment, Trees & Sustainability",6 Aye,https://viennavadata.org/meeting/2014-04-07.html
2014-04-07,12794,Request approval of Town of Vienna telephone upgrade to Voice over Internet Protocol (VoIP).,Contracts & Purchasing,6 Aye,https://viennavadata.org/meeting/2014-04-07.html
2014-04-07,12808,Meeting Adjournment,Procedural,6 Aye,https://viennavadata.org/meeting/2014-04-07.html
2014-04-07,12809,"THE TOWN OF VIENNA IS COMMITTED TO FULL COMPLIANCE WITH THE AMERICANS WITH DISABILITIES ACT STANDARDS. TRANSLATION SERVICES, ASSISTANCE OR ACCOMMODATION REQUESTS FROM PERSONS WITH DISABILITIES ARE TO BE REQUESTED NOT LESS THAN 3 WORKING DAYS BEFORE THE DAY OF THE EVENT. PLEASE CALL (703) 255-6304, OR 711 VIRGINIA RELAY SERVICE FOR THE HEARING IMPAIRED.",Procedural,,https://viennavadata.org/meeting/2014-04-07.html
2014-03-24,12775,Regular Business,Procedural,,https://viennavadata.org/meeting/2014-03-24.html
2014-03-24,12779,FY 14/15 Budget Work Session,"Budget, Taxes & Finance",,https://viennavadata.org/meeting/2014-03-24.html
2014-03-24,12776,Meeting Adjournment,Procedural,,https://viennavadata.org/meeting/2014-03-24.html
2014-03-24,12777,"THE TOWN OF VIENNA IS COMMITTED TO FULL COMPLIANCE WITH THE AMERICANS WITH DISABILITIES ACT STANDARDS. TRANSLATION SERVICES, ASSISTANCE OR ACCOMMODATION REQUESTS FROM PERSONS WITH DISABILITIES ARE TO BE REQUESTED NOT LESS THAN 3 WORKING DAYS BEFORE THE DAY OF THE EVENT. PLEASE CALL (703) 255-6304, OR 711 VIRGINIA RELAY SERVICE FOR THE HEARING IMPAIRED.",Procedural,,https://viennavadata.org/meeting/2014-03-24.html
2014-03-22,12759,Regular Business,Procedural,,https://viennavadata.org/meeting/2014-03-22.html
2014-03-22,12760,FY 14/15 Budget Work Session,"Budget, Taxes & Finance",,https://viennavadata.org/meeting/2014-03-22.html
2014-03-22,12761,Meeting Adjournment,Procedural,,https://viennavadata.org/meeting/2014-03-22.html
2014-03-22,12762,"THE TOWN OF VIENNA IS COMMITTED TO FULL COMPLIANCE WITH THE AMERICANS WITH DISABILITIES ACT STANDARDS. TRANSLATION SERVICES, ASSISTANCE OR ACCOMMODATION REQUESTS FROM PERSONS WITH DISABILITIES ARE TO BE REQUESTED NOT LESS THAN 3 WORKING DAYS BEFORE THE DAY OF THE EVENT. PLEASE CALL (703) 255-6304, OR 711 VIRGINIA RELAY SERVICE FOR THE HEARING IMPAIRED.",Procedural,,https://viennavadata.org/meeting/2014-03-22.html
2014-03-17,12618,"Invocation:  Rev. David Jordan-Haas, Vienna Presbyterian Church",Procedural,,https://viennavadata.org/meeting/2014-03-17.html
2014-03-17,12619,Pledge of Allegiance to the Flag of the United States of America,Procedural,,https://viennavadata.org/meeting/2014-03-17.html
2014-03-17,12620,Roll Call,Procedural,,https://viennavadata.org/meeting/2014-03-17.html
2014-03-17,12621,"Approval of the Minutes:  Regular Council Meeting of February 24, 2014 and Work Session of February 10, 2014",Minutes,6 Aye,https://viennavadata.org/meeting/2014-03-17.html
2014-03-17,12622,Receipt of petitions and communications from the Public,Procedural,,https://viennavadata.org/meeting/2014-03-17.html
2014-03-17,12656,"Invocation: Rev. David Jordan-Haas, Vienna Presbyterian Church",Procedural,,https://viennavadata.org/meeting/2014-03-17.html
2014-03-17,12623,Reports/Presentations,Procedural,,https://viennavadata.org/meeting/2014-03-17.html
2014-03-17,12624,Report and Inquiries of Council Members,Procedural,,https://viennavadata.org/meeting/2014-03-17.html
2014-03-17,12625,Report of the Town Manager,Procedural,,https://viennavadata.org/meeting/2014-03-17.html
2014-03-17,12626,Report of the Vice- Mayor,Procedural,,https://viennavadata.org/meeting/2014-03-17.html
2014-03-17,12627,Proposals for Additional Items to the Agenda,Procedural,,https://viennavadata.org/meeting/2014-03-17.html
2014-03-17,12628,Closed Session,Procedural,6 Aye,https://viennavadata.org/meeting/2014-03-17.html
2014-03-17,12655,Closed Session,Procedural,6 Aye,https://viennavadata.org/meeting/2014-03-17.html
2014-03-17,12629,Public Hearings,Procedural,,https://viennavadata.org/meeting/2014-03-17.html
2014-03-17,12637,Public Hearing to consider a request to renew Qwest Communications/dba Centurylink communications facilities franchise agreement ordinance.,Town Code & Ordinances,6 Aye,https://viennavadata.org/meeting/2014-03-17.html
2014-03-17,12630,Regular Business,Procedural,,https://viennavadata.org/meeting/2014-03-17.html
2014-03-17,12636,"Proposed amendments to the Code of the Town of Vienna, Chapter 18, Zoning, Article 2, Section 18-4 adding new definitions, and adding a new article 13.1 MAC: Maple Avenue Commercial Zone Regulations.","Land Use, Zoning & Development",6 Aye,https://viennavadata.org/meeting/2014-03-17.html
2014-03-17,12634,Request for an increase in the Maple Avenue commercial corridor zoning code contract.,"Land Use, Zoning & Development",6 Aye,https://viennavadata.org/meeting/2014-03-17.html
2014-03-17,12633,Request to approve AT&T proposed collocation at Town of Vienna Tapawingo Water Tank lease agreement.,"Water, Sewer & Stormwater",6 Aye,https://viennavadata.org/meeting/2014-03-17.html
2014-03-17,12638,"Request to set date for Public Hearing on a proposed ordinance to amend the Vienna Town Code, Chapter 18, requiring minimum tree canopy requirements for the single-family detached residential zones.","Environment, Trees & Sustainability",6 Aye,https://viennavadata.org/meeting/2014-03-17.html
2014-03-17,12631,Request to accept Wade Hampton Drive sidewalk easements.,"Land Use, Zoning & Development",6 Aye,https://viennavadata.org/meeting/2014-03-17.html
2014-03-17,12632,Request to award Beulah Road Phase II sidewalk design contract.,"Streets, Sidewalks & Transportation","1 Nay, 5 Aye",https://viennavadata.org/meeting/2014-03-17.html
2014-03-17,12635,"Request to award emergency sewer repair contract, Vienna Shopping Center.","Water, Sewer & Stormwater",6 Aye,https://viennavadata.org/meeting/2014-03-17.html
2014-03-17,12639,Request to set Public Hearing date for FY 2014-2015 Budget.,"Budget, Taxes & Finance",6 Aye,https://viennavadata.org/meeting/2014-03-17.html
2014-03-17,12640,Request to set date for Public Hearing for FY 2014-2015 Water and Sewer rates.,"Water, Sewer & Stormwater",6 Aye,https://viennavadata.org/meeting/2014-03-17.html
2014-03-17,12641,Request to set date of Public Hearing for FY 2014-2015 Real Estate Tax rate.,"Budget, Taxes & Finance",6 Aye,https://viennavadata.org/meeting/2014-03-17.html
2014-03-17,12642,Request to approve supplemental legal fees for services rendered.,"Budget, Taxes & Finance",6 Aye,https://viennavadata.org/meeting/2014-03-17.html
2014-03-17,12644,Meeting Recessed to Closed Session,Procedural,,https://viennavadata.org/meeting/2014-03-17.html
2014-03-17,12651,Closed Session,Procedural,6 Aye,https://viennavadata.org/meeting/2014-03-17.html
2014-03-17,12780,Meeting Adjournment,Procedural,6 (no value recorded),https://viennavadata.org/meeting/2014-03-17.html
2014-03-17,12645,"THE TOWN OF VIENNA IS COMMITTED TO FULL COMPLIANCE WITH THE AMERICANS WITH DISABILITIES ACT STANDARDS. TRANSLATION SERVICES, ASSISTANCE OR ACCOMMODATION REQUESTS FROM PERSONS WITH DISABILITIES ARE TO BE REQUESTED NOT LESS THAN 3 WORKING DAYS BEFORE THE DAY OF THE EVENT. PLEASE CALL (703) 255-6304, OR 711 VIRGINIA RELAY SERVICE FOR THE HEARING IMPAIRED.",Procedural,,https://viennavadata.org/meeting/2014-03-17.html
2014-03-03,12504,"Invocation:Reverend David Jordan-Haas, Vienna Presbyterian Church",Procedural,,https://viennavadata.org/meeting/2014-03-03.html
2014-03-03,12505,Pledge of Allegiance to the Flag of the United States of America,Procedural,,https://viennavadata.org/meeting/2014-03-03.html
2014-03-03,12506,Roll Call,Procedural,,https://viennavadata.org/meeting/2014-03-03.html
2014-03-03,12507,"Approval of the Minutes: Work Session of February 10, 2014",Minutes,,https://viennavadata.org/meeting/2014-03-03.html
2014-03-03,12508,Receipt of petitions and communications from the Public,Procedural,,https://viennavadata.org/meeting/2014-03-03.html
2014-03-03,12509,Reports/Presentations,Procedural,,https://viennavadata.org/meeting/2014-03-03.html
2014-03-03,12510,Report and Inquiries of Council Members,Procedural,,https://viennavadata.org/meeting/2014-03-03.html
2014-03-03,12511,Report of the Town Manager,Procedural,,https://viennavadata.org/meeting/2014-03-03.html
2014-03-03,12512,Report of the Mayor,Procedural,,https://viennavadata.org/meeting/2014-03-03.html
2014-03-03,12513,Proposals for Additional Items to the Agenda,Procedural,,https://viennavadata.org/meeting/2014-03-03.html
2014-03-03,12514,Closed Session,Procedural,,https://viennavadata.org/meeting/2014-03-03.html
2014-03-03,12515,Public Hearings,Procedural,,https://viennavadata.org/meeting/2014-03-03.html
2014-03-03,12516,Regular Business,Procedural,,https://viennavadata.org/meeting/2014-03-03.html
2014-03-03,12517,Request to accept Wade Hampton Drive sidewalk easements.,"Land Use, Zoning & Development",,https://viennavadata.org/meeting/2014-03-03.html
2014-03-03,12518,Request to award Beulah Road Phase II sidewalk design contract.,"Streets, Sidewalks & Transportation",,https://viennavadata.org/meeting/2014-03-03.html
2014-03-03,12520,Request for an increase in the Maple Avenue commercial corridor zoning code contract.,"Land Use, Zoning & Development",,https://viennavadata.org/meeting/2014-03-03.html
2014-03-03,12521,"Proposed amendments to the Code of the Town of Vienna, Chapter 18, Zoning, Article 2, Section 18-4 adding new definitions, and adding a new article 13.1 MAC: Maple Avenue Commercial Zone Regulations.","Land Use, Zoning & Development",,https://viennavadata.org/meeting/2014-03-03.html
2014-03-03,12519,Request to approve AT&T proposed collocation at Town of Vienna Tapawingo Water Tank lease agreement.,"Water, Sewer & Stormwater",,https://viennavadata.org/meeting/2014-03-03.html
2014-03-03,12525,Meeting Adjournment,Procedural,,https://viennavadata.org/meeting/2014-03-03.html
2014-03-03,12526,"THE TOWN OF VIENNA IS COMMITTED TO FULL COMPLIANCE WITH THE AMERICANS WITH DISABILITIES ACT STANDARDS. TRANSLATION SERVICES, ASSISTANCE OR ACCOMMODATION REQUESTS FROM PERSONS WITH DISABILITIES ARE TO BE REQUESTED NOT LESS THAN 3 WORKING DAYS BEFORE THE DAY OF THE EVENT. PLEASE CALL (703) 255-6304, OR 711 VIRGINIA RELAY SERVICE FOR THE HEARING IMPAIRED.",Procedural,,https://viennavadata.org/meeting/2014-03-03.html
2014-02-24,12474,"Invocation: Reverend Craig Burns, Vienna Assembly of God and Pastor David Jordan-Haas of the Vienna Presbyterian Church",Procedural,,https://viennavadata.org/meeting/2014-02-24.html
2014-02-24,12476,Roll Call,Procedural,,https://viennavadata.org/meeting/2014-02-24.html
2014-02-24,12477,"Approval of the Minutes: Regular Meeting of February 3, 2014",Minutes,"6 Aye, 1 Absent",https://viennavadata.org/meeting/2014-02-24.html
2014-02-24,12478,Receipt of petitions and communications from the Public,Procedural,,https://viennavadata.org/meeting/2014-02-24.html
2014-02-24,12475,Reports/Presentations,Procedural,,https://viennavadata.org/meeting/2014-02-24.html
2014-02-24,12479,Reports/Presentations,Procedural,,https://viennavadata.org/meeting/2014-02-24.html
2014-02-24,12501,"Proclamation for DH Scarborough, Vienna Business Association",Proclamations & Recognitions,,https://viennavadata.org/meeting/2014-02-24.html
2014-02-24,12480,Report and Inquiries of Council Members,Procedural,,https://viennavadata.org/meeting/2014-02-24.html
2014-02-24,12489,Swearing in of Officers for the Vienna Volunteer Fire Department,Proclamations & Recognitions,,https://viennavadata.org/meeting/2014-02-24.html
2014-02-24,12481,Report of the Town Manager,Procedural,,https://viennavadata.org/meeting/2014-02-24.html
2014-02-24,12482,Report of the Vice-Mayor,Procedural,,https://viennavadata.org/meeting/2014-02-24.html
2014-02-24,12483,Proposals for Additional Items to the Agenda,Procedural,,https://viennavadata.org/meeting/2014-02-24.html
2014-02-24,12484,Closed Session,Procedural,"6 Aye, 1 Absent",https://viennavadata.org/meeting/2014-02-24.html
2014-02-24,12485,Public Hearings,Procedural,,https://viennavadata.org/meeting/2014-02-24.html
2014-02-24,12486,Regular Business,Procedural,,https://viennavadata.org/meeting/2014-02-24.html
2014-02-24,12490,Request to accept Classification and Compensation Study.,Governance & Administration,"6 Aye, 1 Absent",https://viennavadata.org/meeting/2014-02-24.html
2014-02-24,12487,Request to award Echols Street SE Reconstruction contract to Sagres Construction Corporation.,"Streets, Sidewalks & Transportation","6 Aye, 1 Absent",https://viennavadata.org/meeting/2014-02-24.html
2014-02-24,12503,Request to accept easement at 385 Courthouse Road SW.,"Land Use, Zoning & Development","6 Aye, 1 Absent",https://viennavadata.org/meeting/2014-02-24.html
2014-02-24,12491,"Request approval to renew IFB 12-05, July 4th Fireworks Display
Contract with Bay Fireworks for the 2014 fireworks display at Southside Park.",Parks & Recreation,"6 Aye, 1 Absent",https://viennavadata.org/meeting/2014-02-24.html
2014-02-24,12488,Request to accept easement at 385 Courthouse Road SW.,"Land Use, Zoning & Development",,https://viennavadata.org/meeting/2014-02-24.html
2014-02-24,12492,"Request to set public hearing for Qwest franchise renewal for Monday, March 17, 2014.",Contracts & Purchasing,"6 Aye, 1 Absent",https://viennavadata.org/meeting/2014-02-24.html
2014-02-24,12496,Meeting Adjournment,Procedural,"6 Aye, 1 Absent",https://viennavadata.org/meeting/2014-02-24.html
2014-02-24,12497,"THE TOWN OF VIENNA IS COMMITTED TO FULL COMPLIANCE WITH THE AMERICANS WITH DISABILITIES ACT STANDARDS. TRANSLATION SERVICES, ASSISTANCE OR ACCOMMODATION REQUESTS FROM PERSONS WITH DISABILITIES ARE TO BE REQUESTED NOT LESS THAN 3 WORKING DAYS BEFORE THE DAY OF THE EVENT. PLEASE CALL (703) 255-6304, OR 711 VIRGINIA RELAY SERVICE FOR THE HEARING IMPAIRED.",Procedural,,https://viennavadata.org/meeting/2014-02-24.html
2014-02-03,12432,"Invocation: Reverend Ray Brill, Wesley United Methodist Church",Procedural,,https://viennavadata.org/meeting/2014-02-03.html
2014-02-03,12433,Pledge of Allegiance to the Flag of the United States of America,Procedural,,https://viennavadata.org/meeting/2014-02-03.html
2014-02-03,12434,Roll Call,Procedural,,https://viennavadata.org/meeting/2014-02-03.html
2014-02-03,12435,"Approval of the Minutes: Regular Meeting of January 27, 2014.",Minutes,"6 Aye, 1 Absent",https://viennavadata.org/meeting/2014-02-03.html
2014-02-03,12436,Receipt of petitions and communications from the Public,Procedural,,https://viennavadata.org/meeting/2014-02-03.html
2014-02-03,12437,Reports/Presentations,Procedural,,https://viennavadata.org/meeting/2014-02-03.html
2014-02-03,12447,Community Enhancement Commission Holiday Awards,Proclamations & Recognitions,,https://viennavadata.org/meeting/2014-02-03.html
2014-02-03,12438,Report and Inquiries of Council Members,Procedural,,https://viennavadata.org/meeting/2014-02-03.html
2014-02-03,12439,Report of the Town Manager,Procedural,,https://viennavadata.org/meeting/2014-02-03.html
2014-02-03,12440,Report of the Mayor,Procedural,,https://viennavadata.org/meeting/2014-02-03.html
2014-02-03,12441,Proposals for Additional Items to the Agenda,Procedural,,https://viennavadata.org/meeting/2014-02-03.html
2014-02-03,12442,Closed Session,Procedural,"6 Aye, 1 Absent",https://viennavadata.org/meeting/2014-02-03.html
2014-02-03,12443,Public Hearings,Procedural,,https://viennavadata.org/meeting/2014-02-03.html
2014-02-03,12444,Regular Business,Procedural,,https://viennavadata.org/meeting/2014-02-03.html
2014-02-03,12449,Request to award RFP 14-02 Citizen Survey to ETC Institute.,Governance & Administration,"6 Aye, 1 Absent",https://viennavadata.org/meeting/2014-02-03.html
2014-02-03,12448,Request to support the development of a community learning garden.,"Environment, Trees & Sustainability","6 Aye, 1 Absent",https://viennavadata.org/meeting/2014-02-03.html
2014-02-03,12450,Request to approve Memorandum of Understanding between the Town Of Vienna and the Rotary Club of Vienna for the construction of the Town Green stage roof.,Parks & Recreation,"6 Aye, 1 Absent",https://viennavadata.org/meeting/2014-02-03.html
2014-02-03,12445,Request to approve NVRPA trail connection permission letters.,Parks & Recreation,"6 Aye, 1 Absent",https://viennavadata.org/meeting/2014-02-03.html
2014-02-03,12446,"HB2313 transportation:  Northern Virginia Transportation Authority, Fairfax County, and Vienna memorandum of agreement.","Streets, Sidewalks & Transportation","6 Aye, 1 Absent",https://viennavadata.org/meeting/2014-02-03.html
2014-02-03,12451,Accept Resignation Of Jessica Hurst From The Community Enhancement Commission.,Appointments & Resignations,"6 Aye, 1 Absent",https://viennavadata.org/meeting/2014-02-03.html
2014-02-03,12454,Meeting Adjournment,Procedural,,https://viennavadata.org/meeting/2014-02-03.html
2014-02-03,12455,"THE TOWN OF VIENNA IS COMMITTED TO FULL COMPLIANCE WITH THE AMERICANS WITH DISABILITIES ACT STANDARDS. TRANSLATION SERVICES, ASSISTANCE OR ACCOMMODATION REQUESTS FROM PERSONS WITH DISABILITIES ARE TO BE REQUESTED NOT LESS THAN 3 WORKING DAYS BEFORE THE DAY OF THE EVENT. PLEASE CALL (703) 255-6304, OR 711 VIRGINIA RELAY SERVICE FOR THE HEARING IMPAIRED.",Procedural,,https://viennavadata.org/meeting/2014-02-03.html
2014-01-27,12407,Invocation: Reverend Johnny Kurcina of Christ Church Vienna.,Procedural,,https://viennavadata.org/meeting/2014-01-27.html
2014-01-27,12408,Pledge of Allegiance to the Flag of the United States of America,Procedural,,https://viennavadata.org/meeting/2014-01-27.html
2014-01-27,12409,Roll Call,Procedural,,https://viennavadata.org/meeting/2014-01-27.html
2014-01-27,12410,"Approval of the Minutes: Regular Meeting of January 6, 2014 and the Work Sessions of December 16, 2013, January 6, 2014 and January 13, 2014.",Minutes,"6 Aye, 1 Absent",https://viennavadata.org/meeting/2014-01-27.html
2014-01-27,12411,Receipt of petitions and communications from the Public,Procedural,,https://viennavadata.org/meeting/2014-01-27.html
2014-01-27,12412,Reports/Presentations,Procedural,,https://viennavadata.org/meeting/2014-01-27.html
2014-01-27,12413,Report and Inquiries of Council Members,Procedural,,https://viennavadata.org/meeting/2014-01-27.html
2014-01-27,12414,Report of the Town Manager,Procedural,,https://viennavadata.org/meeting/2014-01-27.html
2014-01-27,12415,Report of the Mayor,Procedural,,https://viennavadata.org/meeting/2014-01-27.html
2014-01-27,12416,Proposals for Additional Items to the Agenda,Procedural,,https://viennavadata.org/meeting/2014-01-27.html
2014-01-27,12417,Closed Session,Procedural,"6 Aye, 1 Absent",https://viennavadata.org/meeting/2014-01-27.html
2014-01-27,12418,Public Hearings,Procedural,,https://viennavadata.org/meeting/2014-01-27.html
2014-01-27,12421,Public hearing for Alley Vacation at 114 Ayr Hill Avenue NW.,"Land Use, Zoning & Development","6 Aye, 1 Absent",https://viennavadata.org/meeting/2014-01-27.html
2014-01-27,12422,Public hearing for alley vacation at 210 Center Street North.,"Land Use, Zoning & Development","6 Aye, 1 Absent",https://viennavadata.org/meeting/2014-01-27.html
2014-01-27,12419,Regular Business,Procedural,,https://viennavadata.org/meeting/2014-01-27.html
2014-01-27,12423,"Request to award Meadow Lane SW and Gibson Drive SW drainage improvement contract to American Contractors, Inc.","Water, Sewer & Stormwater","6 Aye, 1 Absent",https://viennavadata.org/meeting/2014-01-27.html
2014-01-27,12424,Request to award Maple Avenue Service Drive sidewalk construction contract to Sagres Construction Corporation.,"Streets, Sidewalks & Transportation","6 Aye, 1 Absent",https://viennavadata.org/meeting/2014-01-27.html
2014-01-27,12425,"Request to purchase 1100 tons of road deicing salt from International Salt Company, LLC.",Contracts & Purchasing,"6 Aye, 1 Absent",https://viennavadata.org/meeting/2014-01-27.html
2014-01-27,12420,Request for procurement of additional Audio/Video equipment for the Council Chambers.,Contracts & Purchasing,"6 Aye, 1 Absent",https://viennavadata.org/meeting/2014-01-27.html
2014-01-27,12429,Meeting Adjournment,Procedural,"6 Aye, 1 Absent",https://viennavadata.org/meeting/2014-01-27.html
2014-01-27,12430,"THE TOWN OF VIENNA IS COMMITTED TO FULL COMPLIANCE WITH THE AMERICANS WITH DISABILITIES ACT STANDARDS. TRANSLATION SERVICES, ASSISTANCE OR ACCOMMODATION REQUESTS FROM PERSONS WITH DISABILITIES ARE TO BE REQUESTED NOT LESS THAN 3 WORKING DAYS BEFORE THE DAY OF THE EVENT. PLEASE CALL (703) 255-6304, OR 711 VIRGINIA RELAY SERVICE FOR THE HEARING IMPAIRED.",Procedural,,https://viennavadata.org/meeting/2014-01-27.html
2014-01-06,12362,"Invocation: Reverend Craig Burns, Vienna Assembly of God",Procedural,,https://viennavadata.org/meeting/2014-01-06.html
2014-01-06,12363,Pledge of Allegiance to the Flag of the United States of America,Procedural,,https://viennavadata.org/meeting/2014-01-06.html
2014-01-06,12364,Roll Call,Procedural,,https://viennavadata.org/meeting/2014-01-06.html
2014-01-06,12365,"Approval of the Minutes: Regular Meeting of November 18, 2013, December 16, 2013 and the Work Session Minutes of November 11, 2013",Minutes,7 Aye,https://viennavadata.org/meeting/2014-01-06.html
2014-01-06,12366,Receipt of petitions and communications from the Public,Procedural,,https://viennavadata.org/meeting/2014-01-06.html
2014-01-06,12367,Reports/Presentations,Procedural,,https://viennavadata.org/meeting/2014-01-06.html
2014-01-06,12368,Report and Inquiries of Council Members,Procedural,,https://viennavadata.org/meeting/2014-01-06.html
2014-01-06,12369,Report of the Town Manager,Procedural,,https://viennavadata.org/meeting/2014-01-06.html
2014-01-06,12370,Report of the Mayor,Procedural,,https://viennavadata.org/meeting/2014-01-06.html
2014-01-06,12371,Proposals for Additional Items to the Agenda,Procedural,,https://viennavadata.org/meeting/2014-01-06.html
2014-01-06,12372,Closed Session,Procedural,7 Aye,https://viennavadata.org/meeting/2014-01-06.html
2014-01-06,12373,Public Hearings,Procedural,,https://viennavadata.org/meeting/2014-01-06.html
2014-01-06,12382,Request to renew Vienna-Cox franchise agreement.,Contracts & Purchasing,7 Aye,https://viennavadata.org/meeting/2014-01-06.html
2014-01-06,12374,Regular Business,Procedural,,https://viennavadata.org/meeting/2014-01-06.html
2014-01-06,12376,Memorandum of Understanding for Asset Forfeiture Transfer Program,Public Safety,7 (no value recorded),https://viennavadata.org/meeting/2014-01-06.html
2014-01-06,12386,Approval of the Consent Agenda,Consent Agenda,7 Aye,https://viennavadata.org/meeting/2014-01-06.html
2014-01-06,12379,Request to set public hearing for alley vacation at 210 Center Street North.,"Land Use, Zoning & Development",7 Aye,https://viennavadata.org/meeting/2014-01-06.html
2014-01-06,12380,Request to set public hearing for Alley Vacation at 114 Ayr Hill Avenue NW.,"Land Use, Zoning & Development",7 Aye,https://viennavadata.org/meeting/2014-01-06.html
2014-01-06,12381,Request to refer Single Lot Tree Canopy Ordinance to the Planning Commission.,"Environment, Trees & Sustainability",7 Aye,https://viennavadata.org/meeting/2014-01-06.html
2014-01-06,12378,Request to award Beulah Road NE sidewalk construction contract to Sagres Construction.,"Streets, Sidewalks & Transportation",7 Aye,https://viennavadata.org/meeting/2014-01-06.html
2014-01-06,12375,Request approval of easement and license for Ayr Hill Avenue NE sidewalk project.,"Land Use, Zoning & Development",7 Aye,https://viennavadata.org/meeting/2014-01-06.html
2014-01-06,12377,Request to award Nutley Street and Courthouse Road traffic signal and sidewalk contract.,"Streets, Sidewalks & Transportation",7 Aye,https://viennavadata.org/meeting/2014-01-06.html
2014-01-06,12383,Meeting Adjournment,Procedural,,https://viennavadata.org/meeting/2014-01-06.html
2014-01-06,12384,"THE TOWN OF VIENNA IS COMMITTED TO FULL COMPLIANCE WITH THE AMERICANS WITH DISABILITIES ACT STANDARDS. TRANSLATION SERVICES, ASSISTANCE OR ACCOMMODATION REQUESTS FROM PERSONS WITH DISABILITIES ARE TO BE REQUESTED NOT LESS THAN 3 WORKING DAYS BEFORE THE DAY OF THE EVENT. PLEASE CALL (703) 255-6304, OR 711 VIRGINIA RELAY SERVICE FOR THE HEARING IMPAIRED.",Procedural,,https://viennavadata.org/meeting/2014-01-06.html
2013-12-16,12303,Chairperson John Russo of the Vienna Baha'i,Procedural,,https://viennavadata.org/meeting/2013-12-16.html
2013-12-16,12304,Pledge of Allegiance to the Flag of the United States of America,Procedural,,https://viennavadata.org/meeting/2013-12-16.html
2013-12-16,12305,Roll Call,Procedural,,https://viennavadata.org/meeting/2013-12-16.html
2013-12-16,12306,"Regular Meeting of November 18, 2013, the Work Session of November 18, 2013 and December 9, 2013",Minutes,,https://viennavadata.org/meeting/2013-12-16.html
2013-12-16,12307,Receipt of petitions and communications from the Public,Procedural,,https://viennavadata.org/meeting/2013-12-16.html
2013-12-16,12308,Reports/Presentations,Procedural,,https://viennavadata.org/meeting/2013-12-16.html
2013-12-16,12325,Distinguished Budget Presentation Award,"Budget, Taxes & Finance",,https://viennavadata.org/meeting/2013-12-16.html
2013-12-16,12309,Report and Inquiries of Council Members,Procedural,,https://viennavadata.org/meeting/2013-12-16.html
2013-12-16,12310,Report of the Town Manager,Procedural,,https://viennavadata.org/meeting/2013-12-16.html
2013-12-16,12311,Report of the Mayor,Procedural,,https://viennavadata.org/meeting/2013-12-16.html
2013-12-16,12312,Proposals for Additional Items to the Agenda,Procedural,,https://viennavadata.org/meeting/2013-12-16.html
2013-12-16,12313,Closed Session,Procedural,7 Aye,https://viennavadata.org/meeting/2013-12-16.html
2013-12-16,12315,Regular Business,Procedural,,https://viennavadata.org/meeting/2013-12-16.html
2013-12-16,12320,"Request to accept the Comprehensive Annual Financial Report (CAFR) for fiscal year ending June 30, 2013.","Budget, Taxes & Finance",7 Aye,https://viennavadata.org/meeting/2013-12-16.html
2013-12-16,12316,Request to award contract for Center Street South reconstruction.,"Streets, Sidewalks & Transportation",7 Aye,https://viennavadata.org/meeting/2013-12-16.html
2013-12-16,12317,Request to award Nutley Street and Courthouse Road traffic signal and sidewalk contract.,"Streets, Sidewalks & Transportation","5 Aye, 2 Nay",https://viennavadata.org/meeting/2013-12-16.html
2013-12-16,12318,Request to approve Echols Street SE resolution.,"Streets, Sidewalks & Transportation",7 Aye,https://viennavadata.org/meeting/2013-12-16.html
2013-12-16,12319,"Request to award Ninovan Road SE sidewalk construction contract to American Contractors, Inc.","Streets, Sidewalks & Transportation",7 Aye,https://viennavadata.org/meeting/2013-12-16.html
2013-12-16,12321,Meeting Adjournment,Procedural,,https://viennavadata.org/meeting/2013-12-16.html
2013-12-16,12322,"THE TOWN OF VIENNA IS COMMITTED TO FULL COMPLIANCE WITH THE AMERICANS WITH DISABILITIES ACT STANDARDS. TRANSLATION SERVICES, ASSISTANCE OR ACCOMMODATION REQUESTS FROM PERSONS WITH DISABILITIES ARE TO BE REQUESTED NOT LESS THAN 3 WORKING DAYS BEFORE THE DAY OF THE EVENT. PLEASE CALL (703) 255-6304, OR 711 VIRGINIA RELAY SERVICE FOR THE HEARING IMPAIRED.",Procedural,,https://viennavadata.org/meeting/2013-12-16.html
2013-11-18,12202,"Invocation: Rev. Corky Eddins, Christ Church Vienna",Procedural,,https://viennavadata.org/meeting/2013-11-18.html
2013-11-18,12203,Pledge of Allegiance to the Flag of the United States of America,Procedural,,https://viennavadata.org/meeting/2013-11-18.html
2013-11-18,12260,,Procedural,,https://viennavadata.org/meeting/2013-11-18.html
2013-11-18,12204,Roll Call,Procedural,,https://viennavadata.org/meeting/2013-11-18.html
2013-11-18,12205,"Approval of the Minutes: Regular Meetings of October 28, 2013 and November 4, 2013.",Minutes,7 Aye,https://viennavadata.org/meeting/2013-11-18.html
2013-11-18,12206,Receipt of petitions and communications from the Public,Procedural,,https://viennavadata.org/meeting/2013-11-18.html
2013-11-18,12207,Reports/Presentations,Procedural,,https://viennavadata.org/meeting/2013-11-18.html
2013-11-18,12215,Community Enhancement Commission Fall Awards,Proclamations & Recognitions,,https://viennavadata.org/meeting/2013-11-18.html
2013-11-18,12208,Report and Inquiries of Council Members,Procedural,,https://viennavadata.org/meeting/2013-11-18.html
2013-11-18,12209,Report of the Town Manager,Procedural,,https://viennavadata.org/meeting/2013-11-18.html
2013-11-18,12210,Report of the Mayor,Procedural,,https://viennavadata.org/meeting/2013-11-18.html
2013-11-18,12211,Proposals for Additional Items to the Agenda,Procedural,,https://viennavadata.org/meeting/2013-11-18.html
2013-11-18,12212,Closed Session,Procedural,7 Aye,https://viennavadata.org/meeting/2013-11-18.html
2013-11-18,12262,Public Hearings,Procedural,,https://viennavadata.org/meeting/2013-11-18.html
2013-11-18,12257,2014 Legislative Agenda,Grants & Intergovernmental,7 Aye,https://viennavadata.org/meeting/2013-11-18.html
2013-11-18,12214,Regular Business,Procedural,,https://viennavadata.org/meeting/2013-11-18.html
2013-11-18,12218,"Request for approval of a final plat and requested public improvements waiver for the resubdivision of 350 Church Street NE in the RS-16 zone. Filed by Jordan Land Design, LLC, on behalf of 350 Church Street LLC owner.","Land Use, Zoning & Development","6 Aye, 1 Nay",https://viennavadata.org/meeting/2013-11-18.html
2013-11-18,12216,Request to award final design contract for Nutley Street SW culvert replacement.,"Streets, Sidewalks & Transportation","6 Aye, 1 Nay",https://viennavadata.org/meeting/2013-11-18.html
2013-11-18,12261,Request for approval of outside printing costs and postage costs from Datamatx.,Contracts & Purchasing,7 Aye,https://viennavadata.org/meeting/2013-11-18.html
2013-11-18,12220,Request Council appropriation of FY 2012 - 2013 encumbrance balances and carry forward request into the FY 2013 - 2014 General Fund budget.,"Budget, Taxes & Finance",7 Aye,https://viennavadata.org/meeting/2013-11-18.html
2013-11-18,12258,Request to adopt resolution supporting Train Station parking lot agreement.,"Streets, Sidewalks & Transportation",7 Aye,https://viennavadata.org/meeting/2013-11-18.html
2013-11-18,12259,Request to award a contract to RDA for Maple Avenue traffic signal reconstruction design.,"Streets, Sidewalks & Transportation",7 Aye,https://viennavadata.org/meeting/2013-11-18.html
2013-11-18,12219,Request to award a sewer lining contract to AM-Liner.,"Water, Sewer & Stormwater",7 Aye,https://viennavadata.org/meeting/2013-11-18.html
2013-11-18,12221,Meeting Adjournment,Procedural,,https://viennavadata.org/meeting/2013-11-18.html
2013-11-18,12222,"THE TOWN OF VIENNA IS COMMITTED TO FULL COMPLIANCE WITH THE AMERICANS WITH DISABILITIES ACT STANDARDS. TRANSLATION SERVICES, ASSISTANCE OR ACCOMMODATION REQUESTS FROM PERSONS WITH DISABILITIES ARE TO BE REQUESTED NOT LESS THAN 3 WORKING DAYS BEFORE THE DAY OF THE EVENT. PLEASE CALL (703) 255-6304, OR 711 VIRGINIA RELAY SERVICE FOR THE HEARING IMPAIRED.",Procedural,,https://viennavadata.org/meeting/2013-11-18.html
2013-11-04,12152,Invocation: Councilmember Michael J. Polychrones,Procedural,,https://viennavadata.org/meeting/2013-11-04.html
2013-11-04,12153,Pledge of Allegiance to the Flag of the United States of America,Procedural,,https://viennavadata.org/meeting/2013-11-04.html
2013-11-04,12154,Roll Call,Procedural,,https://viennavadata.org/meeting/2013-11-04.html
2013-11-04,12155,Approval of the Minutes:,Minutes,,https://viennavadata.org/meeting/2013-11-04.html
2013-11-04,12170,"Approval of the minutes of the Regular Council meeting of October 7, 2013.",Minutes,"1 Abstain, 6 Aye",https://viennavadata.org/meeting/2013-11-04.html
2013-11-04,12156,Receipt of petitions and communications from the Public,Procedural,,https://viennavadata.org/meeting/2013-11-04.html
2013-11-04,12157,Reports/Presentations,Procedural,,https://viennavadata.org/meeting/2013-11-04.html
2013-11-04,12166,2013 Halloween Parade Awards,Proclamations & Recognitions,,https://viennavadata.org/meeting/2013-11-04.html
2013-11-04,12158,Report and Inquiries of Council Members,Procedural,,https://viennavadata.org/meeting/2013-11-04.html
2013-11-04,12159,Report of the Town Manager,Procedural,,https://viennavadata.org/meeting/2013-11-04.html
2013-11-04,12160,Report of the Mayor,Procedural,,https://viennavadata.org/meeting/2013-11-04.html
2013-11-04,12161,Proposals for Additional Items to the Agenda,Procedural,,https://viennavadata.org/meeting/2013-11-04.html
2013-11-04,12162,Closed Session,Procedural,7 Aye,https://viennavadata.org/meeting/2013-11-04.html
2013-11-04,12164,Regular Business,Procedural,,https://viennavadata.org/meeting/2013-11-04.html
2013-11-04,12165,Request for approval of bank placement and/or bond issuance.,"Budget, Taxes & Finance",7 Aye,https://viennavadata.org/meeting/2013-11-04.html
2013-11-04,12167,Request to award bank contract.,Contracts & Purchasing,7 Aye,https://viennavadata.org/meeting/2013-11-04.html
2013-11-04,12168,Meeting Adjournment,Procedural,,https://viennavadata.org/meeting/2013-11-04.html
2013-11-04,12169,"THE TOWN OF VIENNA IS COMMITTED TO FULL COMPLIANCE WITH THE AMERICANS WITH DISABILITIES ACT STANDARDS. TRANSLATION SERVICES, ASSISTANCE OR ACCOMMODATION REQUESTS FROM PERSONS WITH DISABILITIES ARE TO BE REQUESTED NOT LESS THAN 3 WORKING DAYS BEFORE THE DAY OF THE EVENT. PLEASE CALL (703) 255-6304, OR 711 VIRGINIA RELAY SERVICE FOR THE HEARING IMPAIRED.",Procedural,,https://viennavadata.org/meeting/2013-11-04.html
2013-10-28,12149,Invocation:,Procedural,,https://viennavadata.org/meeting/2013-10-28.html
2013-10-28,12150,Ms. Carol Scruggs of the Baha’i Community of the Town of Vienna,Procedural,,https://viennavadata.org/meeting/2013-10-28.html
2013-10-28,12115,Pledge of Allegiance to the Flag of the United States of America,Procedural,,https://viennavadata.org/meeting/2013-10-28.html
2013-10-28,12116,Roll Call,Procedural,,https://viennavadata.org/meeting/2013-10-28.html
2013-10-28,12117,Approval of the Minutes:,Minutes,,https://viennavadata.org/meeting/2013-10-28.html
2013-10-28,12137,"Approval of the minutes of the Work Session meetings of September 30 and October 21, 2013 and to defer approval of the minutes of the Regular Council Meeting of October 7, 2013 to November 4, 2013.",Minutes,7 Aye,https://viennavadata.org/meeting/2013-10-28.html
2013-10-28,12118,Receipt of petitions and communications from the Public,Procedural,,https://viennavadata.org/meeting/2013-10-28.html
2013-10-28,12119,Reports/Presentations,Procedural,,https://viennavadata.org/meeting/2013-10-28.html
2013-10-28,12120,Report and Inquiries of Council Members,Procedural,,https://viennavadata.org/meeting/2013-10-28.html
2013-10-28,12121,Report of the Town Manager,Procedural,,https://viennavadata.org/meeting/2013-10-28.html
2013-10-28,12122,Report of the Mayor,Procedural,,https://viennavadata.org/meeting/2013-10-28.html
2013-10-28,12123,Proposals for Additional Items to the Agenda,Procedural,,https://viennavadata.org/meeting/2013-10-28.html
2013-10-28,12124,Closed Session,Procedural,7 Aye,https://viennavadata.org/meeting/2013-10-28.html
2013-10-28,12125,Public Hearings,Procedural,,https://viennavadata.org/meeting/2013-10-28.html
2013-10-28,12132,Request to approve the proposed General Obligation Debt Ordinance at the conclusion of the Public Hearing on 2014 Financing of Capital Improvement Projects.,"Budget, Taxes & Finance",7 Aye,https://viennavadata.org/meeting/2013-10-28.html
2013-10-28,12126,Regular Business,Procedural,,https://viennavadata.org/meeting/2013-10-28.html
2013-10-28,12133,Request to endorse the Westbriar Elementary Safe Routes to School Sidewalk grant application.,"Streets, Sidewalks & Transportation",7 Aye,https://viennavadata.org/meeting/2013-10-28.html
2013-10-28,12135,Request to endorse cooperative agreement with Fairfax County to share stormwater service district fees.,"Water, Sewer & Stormwater",7 Aye,https://viennavadata.org/meeting/2013-10-28.html
2013-10-28,12128,Request to adopt the Town of Vienna Capital Improvement Plan for 2014 through 2030.,"Budget, Taxes & Finance",7 Aye,https://viennavadata.org/meeting/2013-10-28.html
2013-10-28,12130,Request to ride Baltimore County Bid No. B-349 Tennis/Basketball Court Renovations for the repair and resurfacing of Glyndon Park tennis courts and basketball court.,Parks & Recreation,7 Aye,https://viennavadata.org/meeting/2013-10-28.html
2013-10-28,12129,Request to approve a contract for Maple Avenue West median improvements.,Contracts & Purchasing,7 Aye,https://viennavadata.org/meeting/2013-10-28.html
2013-10-28,12131,Request to grant permanent and temporary easements to Fairfax Water at the Wall Street water tank.,"Land Use, Zoning & Development",7 Aye,https://viennavadata.org/meeting/2013-10-28.html
2013-10-28,12143,Request to award new Janitorial Services Contract to 2Clean Commercial Cleaning Services.,Contracts & Purchasing,7 Aye,https://viennavadata.org/meeting/2013-10-28.html
2013-10-28,12134,Request to replace Vehicle #44 through the Town’s Vehicle Replacement Program.,Contracts & Purchasing,7 Aye,https://viennavadata.org/meeting/2013-10-28.html
2013-10-28,12145,"Request for authorization to ride Commonwealth of Virginia Contract #E194-736 for the Purchase of a Ford F-150 One-half-ton Pickup Truck from Hall Automotive, Virginia Beach, VA, to replace existing Vehicle #55 in accordance with the Town of Vienna's Vehicle Replacement Program.",Grants & Intergovernmental,7 Aye,https://viennavadata.org/meeting/2013-10-28.html
2013-10-28,12136,Request to accept the resignation of Corinne Abbott from the Community Enhancement Commission.,Appointments & Resignations,7 Aye,https://viennavadata.org/meeting/2013-10-28.html
2013-10-28,12172,Closed Session,Procedural,7 Aye,https://viennavadata.org/meeting/2013-10-28.html
2013-10-28,12138,Meeting Adjournment,Procedural,,https://viennavadata.org/meeting/2013-10-28.html
2013-10-28,12139,"THE TOWN OF VIENNA IS COMMITTED TO FULL COMPLIANCE WITH THE AMERICANS WITH DISABILITIES ACT STANDARDS. TRANSLATION SERVICES, ASSISTANCE OR ACCOMMODATION REQUESTS FROM PERSONS WITH DISABILITIES ARE TO BE REQUESTED NOT LESS THAN 3 WORKING DAYS BEFORE THE DAY OF THE EVENT. PLEASE CALL (703) 255-6304, OR 711 VIRGINIA RELAY SERVICE FOR THE HEARING IMPAIRED.",Procedural,,https://viennavadata.org/meeting/2013-10-28.html
