meeting_date,body,case,title
2026-09-09,Planning Commission,PC26-307,Request for recommendation for a Conditional Use Permit to the Board of Zoning Appeals for Drive-Through Facility at 226 Maple Ave W
2026-09-09,Planning Commission,PC26-306,Selection of Planning Commission Member of Tree Advocacy Committee
2026-09-09,Planning Commission,26-5723,Acceptance of the Meeting Minute
2026-09-01,Windover Heights Board of Review,WHRB26-039,Transportation Study Review
2026-09-01,Windover Heights Board of Review,WHRB26-038,Review of FY2026 Annual Report
2026-09-01,Windover Heights Board of Review,WHRB26-037,WHBR Code Revisions
2026-08-26,Planning Commission,PC26-305,"REQUEST FOR RECOMMENDATION FOR A CONDITIONAL USE PERMIT TO THE BOARD OF ZONING APPEALS FOR SPECIALIZED INSTRUCTION AT 396A MAPLE AVE E IN THE AVENUE EAST (AE) ZONING DISTRICT. APPLICATION FILED BY PINAR TURHAN, CLAY & KILN STUDIOS LLC."
2026-08-26,Planning Commission,PC26-304,Consideration of the Planning Commission draft Annual Report for FISCAL YEAR 2026
2026-08-26,Planning Commission,26-5710,Acceptance of the Meeting Minutes
2026-08-20,Board of Architectural Review,BAR26-709,820 Follin Ln SE & 1007 Electric Ave SE - Navy Federal Credit Union - LED Signs
2026-08-20,Board of Architectural Review,BAR26-708,145 Church St NW - KIN Café - Signs
2026-08-20,Board of Architectural Review,BAR26-707,"131 Church St NW - Karizma Shoppe, LLC - Sign"
2026-07-24,Board of Architectural Review,BAR26-706,527 Maple Ave E - AT&T Telecommunication - Recommendation for Modification of Requirements
2026-07-24,Board of Architectural Review,BAR26-705,527 Maple Ave E - AT&T Telecommunication - Exterior Modification
2026-07-16,Board of Architectural Review,BAR26-704,245 Maple Ave W - Vienna Market - Revision
2026-07-16,Board of Architectural Review,BAR26-703,527 Maple Ave E - AT&T Wireless - Exterior Modifications
2026-07-16,Board of Architectural Review,BAR26-702,527 Maple Ave W - AT&T Wireless - Town Council Recommendation
2026-07-16,Board of Architectural Review,BAR26-701,415 Windover Ave NW - Green Hedges School - Exterior Modifications
2026-07-16,Board of Architectural Review,BAR26-700,820 Follin Ln SE - Navy Federal Credit Union - Exterior Modifications
2026-07-16,Board of Architectural Review,BAR26-699,396 Maple Ave E - Clay & Kiln Club - Signs
2026-07-16,Board of Architectural Review,BAR26-698,145 Church St NW - KIN Café - Sign
2026-07-16,Board of Architectural Review,BAR26-697,523 Maple Ave W - Maple Spa - Sign
2026-07-16,Board of Architectural Review,BAR26-696,523 Maple Ave W - Bagel Street 523 - Sign
2026-07-15,Board of Zoning Appeals,BZA-26163,"Request for approval of a Conditional Use Permit in accordance with Sec. 18-304 of the Town of Vienna Zoning and Subdivision Ordinance for a Conditional Use Permit for Specialized Instruction at 512 Maple Ave W Suite 203, in the AW - Avenue West zoning district."
2026-07-15,Board of Zoning Appeals,BZA-26162,"Request for approval of a variance from Section 18-544.4., Prohibited Signs., of the Town of Vienna Zoning and Subdivision Ordinance, to install 6 LED sign boards with changeable copy on and around parking facilities at the Navy Federal Credit Union campus at 820 Follin Ln SE and 1007 Electric Avenue, in the CP Corporate Park zoning district."
2026-07-15,Board of Zoning Appeals,BZA-26161,"Request for approval of a variance from Section 18-218.2., RS-12.5, Dimensional Standards., Rear Yard, of the Town of Vienna Zoning and Subdivision Ordinance, to construct a deck encroaching into the required rear yard, attached to an existing single-unit dwelling located at 420 Orchard St. NW, in the RS-12.5, Single-Unit Detached Residential zone."
2026-07-08,Planning Commission,PC26-303,Recommendation to the Board of Zoning Appeals for a Conditional Use Permit for Specialized Instruction at 512 Maple Avenue West Suite 203 for Zerkalo Musical Theater
2026-07-08,Planning Commission,26-5675,Acceptance of the Meeting Minutes
2026-06-24,Planning Commission,PC26-302,"Recommendation to Town Council for a Modification of Requirements for height of rooftop architectural features for co-location of a telecommunications wireless facility on an existing building roof, located at 527 Maple Avenue East."
2026-06-24,Planning Commission,26-5666,Acceptance of Meeting Minutes
2026-06-24,Planning Commission,26-5665,"Election of Chair for June 24, 2026, Planning Commission Meeting"
2026-06-18,Board of Architectural Review,BAR26-695,108 Church St NE - Moss - Signs and Exterior Modifications
2026-06-18,Board of Architectural Review,BAR26-694,226 Maple Ave E - Bernstein Management - Exterior Modifications
2026-06-18,Board of Architectural Review,BAR26-693,212 Park St SE- Vienna Family Dentist - Sign
2026-06-18,Board of Architectural Review,BAR26-692,126 Maple Ave W - Mashahweez - Signs
2026-06-18,Board of Architectural Review,BAR26-691,106 Lawyers Rd NW - Weird Brothers Coffee - Signs
2026-06-18,Board of Architectural Review,BAR26-690,421 Maple Ave W - Bakeshop - Sign Revision
2026-06-17,Board of Zoning Appeals,BZA-26159,"415 Windover Ave NW - Continuation of the request to amend an existing Conditional Use Permit to increase number of students from 190 to 210 and staff from 42 to 50, along with associated campus, circulation, buffering, and site improvements. Link to May 20, 2026, BZA materials can be found on the June 17, 2026, Staff Memo."
2026-06-17,Board of Zoning Appeals,BZA-26158,"544 Maple Ave W - Request approval of an application for a CUP pursuant to Sections 18-304 (Accessory Uses Table) and 18-323 (Drive-Through Facilities) of the Town of Vienna Zoning and Subdivision Ordinance. The request is to modify the existing drive-through facility at the McDonald’s restaurant located at 544 Maple Avenue West, in the AW (Area West Commercial) zoning district."
2026-06-17,Board of Architectural Review Work Session,BARWS26-103,245 Maple Ave W - Vienna Market
2026-06-03,Board of Architectural Review Work Session,BARWS26-102,415 Windover Ave NW - Green Hedges - Acoustical Fencing
2026-05-21,Board of Architectural Review,BAR26-689,132 Branch Rd SE - Chef Tan - Exterior Modification
2026-05-21,Board of Architectural Review,BAR26-688,Bakeshop Vienna - 421 Maple Ave E - Sign
2026-05-21,Board of Architectural Review,BAR26-687,Modalika Custom Tailoring - 145 Church St NW - Sign
2026-05-21,Board of Architectural Review,BAR26-686,Whistler’s Ice Cream - 521 Maple Ave W - Sign
2026-05-21,Board of Architectural Review,BAR26-685,541 Marshall Rd SW - Chinese Christian Church - Sign
2026-05-21,Board of Architectural Review,BAR26-683,"Lawyers Rd NW & Windover Ave NW- Salsbury Spring Park
Exterior Modifications & Sign"
2026-05-20,Board of Zoning Appeals,BZA-26155,"415 Windover Ave NW - Request to amend an existing Conditional Use Permit to increase number of students from 190 to 210 and staff from 42 to 50, along with associated campus, circulation, buffering, and site improvements."
2026-05-20,Board of Zoning Appeals,BZA-26154,"421 Church St NE Unit G - Request approval of a Conditional Use Permit for Specialized Instruction. The applicant intends to move a portion of their existing visual arts instruction business, currently located at 320 Maple Avenue East Suite E, to 421 Church Street NE Unit G."
2026-05-13,Planning Commission,PC26-300,Recommendation to Board of Zoning Appeals for a Conditional Use Permit for Specialized Instruction at 421 Church Street NE for New York School of Arts.
2026-05-13,Planning Commission,PC26-299,"Recommendation to Board of Zoning Appeals for a Conditional Use Permit for Modifications to an Existing Drive-Through Facility for the McDonald’s Restaurant Located at 544 Maple Avenue West, in the AW Avenue West zone."
2026-05-13,Planning Commission,PC26-298,Recommendation to the Town Council for Planning Commission Member of the Windover Heights Board of Review
2026-05-13,Planning Commission,26-5595,Acceptance of Meeting Minutes
2026-05-05,Windover Heights Board of Review,WHRB26-034,"Request for a Certificate of Appropriateness for a new fence at the property located at 313 Windover Avenue NW, Docket No. PF-#2118063-WHBR, in the RS-16, Residential single-unit, 16,000 sq. ft. zoning district. The application has been filed by Patrick Ohlhorst of Cloud IX Homes. Elshaday and Leah Belay are the property owners."
2026-05-05,Windover Heights Board of Review,BZA-26157,"Request for a Certificate of Appropriateness for a new fence at the property located at 348 Windover Avenue NW, Docket No. PF-#2134148-WHBR, in the RS-16, Residential single-unit, 16,000 sq. ft. zoning district. The application has been filed by Davis Chau of GeoEnv Engineers, who is both the applicant and the property owner."
2026-05-05,Windover Heights Board of Review,BZA-26156,"Request for a Certificate of Appropriateness for improvements at Salsbury Spring Park, Docket No. PF-#2134722-WHBR, in the RS-16, Residential single-unit, 16,000 sq. ft. zoning district. The application has been filed by Leslie Herman, Town of Vienna Director of Parks and Recreation, and the property owner is the Town of Vienna."
2026-04-22,Board of Architectural Review Work Session,BARWS26-101,144 Maple Ave E - Town Green Amphitheater - BAR Work Session
2026-04-20,Planning Commission Work Session,26-5534,Joint Town Council and Planning Commission Work Session - Draft 2026 Comprehensive Plan Update
2026-04-08,Board of Architectural Review Work Session,BARWS26-100,Board of Architectural Review - Sign & Lighting Design Guidelines
2026-04-07,Windover Heights Board of Review,WHRB26-031,"Request for a Certificate of Appropriateness for a new fence and arbor at 200 Walnut Lane NW, Docket No. PF-2067085-WHBR, in the RS-16, single-unit detached residential zoning district. The application has been filed by Shauna Scott, the property owner."
2026-03-19,Board of Architectural Review,BAR26-681,1007 Electric Ave SE - Navy Federal Credit Union Exterior Modifications
2026-03-19,Board of Architectural Review,BAR26-680,Lighting Update
2026-03-19,Board of Architectural Review,BAR26-678,901 Follin Ln SE - Navy Federal Credit Union Signs
2026-03-19,Board of Architectural Review,BAR26-676,121 Maple Ave W - Gilded Pet Spa - Signs and Awning
2026-03-19,Board of Architectural Review,BAR26-675,107 Center St. N - Nailbox by Savior Signs
2026-03-19,Board of Architectural Review,BAR26-674,120 Church St NE - The Casey Sampson Team Sign
2026-03-19,Board of Architectural Review,BAR26-673,541 Marshall Rd SW - Chinese Christian Church Sign.
2026-03-19,Board of Architectural Review,BAR26-672,374 Maple Ave E - Matthews Law Sign
2026-03-18,Board of Zoning Appeals,BZA-26151,Variance - 203 Albea Court NE
2026-03-11,Planning Commission,PC26-297,Annual Renewal of Resolution and Policy on Electronic Participation of Members of the Planning Commission
2026-03-11,Planning Commission,PC26-296,Review of Planning Commission Bylaws and Rules of Procedure
2026-03-11,Planning Commission,PC26-295,"Recommendation to Town Council on Request for Modifications of Site Plan Requirements Related to Parking for Bear Branch Tavern, located at 133 Maple Avenue E."
2026-03-11,Planning Commission,26-5498,Acceptance of Meeting Minutes
2026-02-25,Planning Commission,PC26-293,Draft 2026 Comprehensive Plan Update - Final Review and Recommendation to Town Council
2026-02-25,Planning Commission,PC26-292,"Recommendation to Town Council on request for modifications of site plan requirements related to lot coverage. (25% permitted; 48.5% proposed) for First Baptist Church of Vienna, located at 450 Orchard St NW."
2026-02-25,Planning Commission,26-5469,Acceptance of Meeting Minutes
2026-02-19,Board of Architectural Review,BAR26-671,144 Maple Ave E - Town Green - Exterior Modification
2026-02-19,Board of Architectural Review,BAR26-670,120 Cherry St SE - Caffi Field - Exterior Modification
2026-02-19,Board of Architectural Review,BAR26-669,450 Orchard St NW - First Baptist Church -- Exterior Modification
2026-02-19,Board of Architectural Review,BAR26-668,134 Maple Ave W - Signs
2026-02-19,Board of Architectural Review,BAR26-667,256 Maple Ave E - Shipley Do-nuts Signs
2026-02-19,Board of Architectural Review,BAR26-666,405 Maple Ave E - Brazilian Honey Pot
2026-02-19,Board of Architectural Review,BAR26-665,264 Cedar Ln SE - Vienna Ace Sign
2026-02-19,Board of Architectural Review,BAR26-664,386 Maple Ave E - Joseph Moton Building Sign
2026-02-11,Planning Commission,PC26-291,"Recommendations to Board of Zoning Appeals on request to amend an existing Conditional Use Permit, and to Town Council on request for modifications of site plan requirements, for Green Hedges School, located at 415 Windover Ave NW, in the RS-12.5 Zoning District."
2026-02-11,Planning Commission,PC26-290,"Draft 2026 Comprehensive Plan Update - Town-Business Liaison Committee Comments, Discussion and Direction to Staff"
2026-02-03,Windover Heights Board of Review,WHRB26-032,"Request for a Certificate of Appropriateness to renovate the single-unit detached home and construct a new three-car garage on the property located at 364 Windover Avenue NW, Docket No. PF-2009676-26-WHBR, in the RS-12.5, Residential single-unit, 12.500 sq. ft. zoning district. The application has been filed by Kiley Wilfong Cullen and Justin Cullen of Ven Studio Architects. Timothy Chapman is the property owner."
2026-02-03,Windover Heights Board of Review,WHRB26-029,"Request for a Certificate of Appropriateness for the revised color palette at the new single-unit detached home on the property located at 313 Windover Avenue NW, Docket No. PF-1759881-2025-WHBR, in the RS-16, Residential single-unit, 16,000 sq. ft. zoning district. The application has been filed by Patrick Ohlhorst of Cloud IX Homes. Elshaday and Leah Belay are the property owners."
2026-01-28,Planning Commission,PC26-289,"Recommendations to Board of Zoning Appeals on request to amend an existing Conditional Use Permit, and to Town Council on request for modifications of site plan requirements for Green Hedges School, located at 415 Windover Ave NW, in the RS-12.5 Zoning District."
2026-01-28,Planning Commission,PC26-288,Draft 2026 Comprehensive Plan Update - Town-Business Liaison Committee Comments and Discussion
2026-01-22,Board of Architectural Review Work Session,BARWS26-099,264 Cedar Ln SE - BAR Work Session - Sign
2026-01-21,Board of Zoning Appeals,BZA-26150,438-440 Mill St NE - Request approval of a Conditional Use Permit (CUP) for private indoor recreational use at 432-436 Mill Street NE to include 438-440 Mill Street NE in the Mill District zone.
2026-01-21,Board of Zoning Appeals,BZA-26149,"301 Center St S. - Consider an application concerning the Town-owned property at 301 Center Street South, commonly referred to as “the Annex,” for a Conditional Use Permit (CUP) to authorize a range of short-term governmental and community uses."
2026-01-15,Board of Architectural Review,BAR26-662,121 Maple Ave W - The Gilded Pet Spa - Exterior Modifications
2026-01-15,Board of Architectural Review,BAR26-661,800 Maple Ave E - Westwood Country Club - Exterior Modifications
2026-01-15,Board of Architectural Review,BAR26-660,404 Pine St SE - Classic Cottages - Exterior Modifications
2026-01-15,Board of Architectural Review,BAR26-659,330 Dominion Rd NE - Metro Motor Collision - Sign
2026-01-14,Planning Commission,PC26-287,"Recommendations to Board of Zoning Appeals on request to amend an existing Conditional Use Permit, and to Town Council on request for modifications of site plan requirements for Green Hedges School, located at 415 Windover Ave NW, in the RS-12.5 Zoning District."
2026-01-14,Planning Commission,PC26-286,Draft 2026 Comprehensive Plan Update - Town-Business Liaison Committee Comments and Discussion
2026-01-14,Planning Commission,PC26-285,Request for recommendation to the Board of Zoning Appeals for a Conditional Use Permit for a private indoor recreational use at 432-436 Mill Street NE to include 438-440 Mill Street NE in the Mill District zone.
2026-01-14,Planning Commission,26-5412,Acceptance of the Meeting Minutes
2025-12-18,Board of Architectural Review,BAR25-658,411 Maple Ave E - Dunkin & Baskin Robbins - Exterior Modifications
2025-12-18,Board of Architectural Review,BAR25-657,411 Maple Ave E - Dunkin & Baskin Robbins - Signs
2025-12-18,Board of Architectural Review,BAR25-656,820 Follin Ln SE - NFCU - Exterior Modifications (Pavilion)
2025-12-18,Board of Architectural Review,BAR25-655,442 Maple Ave E - Clarity - Exterior Modification
2025-12-18,Board of Architectural Review,BAR25-654,105 Park St SE - Marcillo Astrology - Signs
2025-12-18,Board of Architectural Review,BAR25-653,386 Maple Ave E - Sign
2025-12-10,Planning Commission,PC25-284,Draft 2026 Comprehensive Plan Update - Public Comments and Discussion
2025-12-10,Planning Commission,PC25-283,Public Hearing on Proposed Updates to Chapter 18 - Zoning and Subdivision in Response to State Code Changes and Other Items
2025-12-10,Planning Commission,PC25-282,Election of Planning Commission Officers
2025-12-10,Planning Commission,PC25-281,"Recommendation to Board of Zoning Appeals for a Conditional Use Permit for a series of governmental and public outdoor parks and recreational uses for the property located at 301 Center Street South, zoned RS-10 (Single-Unit Residential, 10,000 sq. ft.)."
2025-12-10,Planning Commission,25-5374,Acceptance of the Meeting Minutes
2025-12-02,Windover Heights Board of Review Work Session,WHRB26-033,Salsbury Spring Park - Work Session for Proposed Improvements
2025-12-02,Windover Heights Board of Review,WHRB25-027,"Request for a Certificate of Appropriateness for a new fence on 200 Walnut Lane NW along its side yard with Lawyers Road NW, Docket No. PF-#1936838-WHBR, in the RS-16, single-unit detached residential zoning district. The application has been filed by Shauna Scott, the property owner."
2025-11-20,Board of Architectural Review,BAR25-652,515 Maple Ave E - Sekas Mixed Use - Revision - Landscape Plans
2025-11-20,Board of Architectural Review,BAR25-651,330 Dominion Rd NE - Metro Motor Collision - Exterior Modification
2025-11-20,Board of Architectural Review,BAR25-650,1001 Park St SE - Cunningham Park - Exterior Modification - Lights
2025-11-20,Board of Architectural Review,BAR25-649,100 Ayr Hill Ave NE - Ayr Hill Church - Signs
2025-11-20,Board of Architectural Review,BAR25-648,346 Maple Ave W - Charming Nail Spa - Sign
2025-11-20,Board of Architectural Review,BAR25-647,359 Maple Ave E - Giant Foods - Signs
2025-11-20,Board of Architectural Review,BAR25-646,208 Dominion Rd NE - Toastique - Sign
2025-11-20,Board of Architectural Review,BAR25-645,155 Maple Ave W - Bing Bings Dumpling - Sign
2025-11-20,Board of Architectural Review,BAR25-644,111 A Park St NE- Residential - Exterior Modification - Solar Panels
2025-11-20,Board of Architectural Review,BAR25-643,127 A Park St NE- Residential - Exterior Modification - Solar Panels
2025-11-20,Board of Architectural Review,BAR25-642,119 A Park St NE - Residential - Exterior Modification -Solar Panels
2025-11-20,Board of Architectural Review,BAR25-641,121 A Park St NE -Residential - Exterior Modification - Solar Panels
2025-11-19,Board of Zoning Appeals,BZA-25148,"Request for approval of a variance from Section 18-219.2., RS-10, Dimensional Standards., Rear Yard, of the Town of Vienna Zoning and Subdivision Ordinance, to construct a covered deck to be attached to an existing dwelling located at 806 Plum Street SW, in the RS-10, Single-Unit Detached Residential zone."
2025-11-12,Planning Commission,PC25-280,Public Hearing for the Draft 2026 Comprehensive Plan Update
2025-11-12,Planning Commission,25-5339,Acceptance of the Meeting Minutes
2025-10-29,Board of Architectural Review Work Session,BARWS25-098,527 Maple Ave E - Smart Link - AT&T Telecommunications - Exterior Modification - Work Session
2025-10-21,Windover Heights Board of Review,WHRB25-026,Windover Heights Transportation Safety Study Plan
2025-10-21,Windover Heights Board of Review,WHRB25-025,Board Members’ Discussion Items
2025-10-21,Windover Heights Board of Review,WHRB25-024,Discussion of Revisions to WHBR Application and Webpage
2025-10-21,Windover Heights Board of Review,WHRB25-023,Discussion of 2026 Draft Comprehensive Plan
2025-10-16,Board of Architectural Review,BAR25-640,515 Maple Ave E - Sekas Homes - Exterior Modification - Mixed Use
2025-10-16,Board of Architectural Review,BAR25-639,176 Maple Ave W - Electric Bull - Sign
2025-10-16,Board of Architectural Review,BAR25-638,513 Maple Ave - Sunshine Mobile Shop - Signs
2025-10-15,Board of Zoning Appeals,BZA-25147,"Request for approval of a variance from Section 18-219.2. RS-10 Dimensional Standards., Rear Yard, of the Town of Vienna Zoning Code, to construct a covered deck, attached to an existing dwelling located at 644 Tazewell Road NW, in the RS-10, Single-Unit Detached Residential zone."
2025-10-15,Board of Zoning Appeals,BZA-25146,"Request for approval of a variance from Section 18-465.1.C.,Fences., to allow a fence greater than 4 feet within the side yard setback to maintain an existing fence on the property at 609 Alma Street SE, in the RS-10, Single-Unit Detached Residential zone."
2025-10-08,Planning Commission,PC25-279,Introduction to the Planning Commission regarding Proposed Updates to Chapter 18 - Zoning and Subdivision in Response to State Code Changes and Other Items
2025-10-08,Planning Commission,PC25-278,"[WITHDRAWN] Request for recommendation for an amendment to a conditional use permit to the Board of Zoning Appeals for childcare for Wesley United Methodist Church at 711 Spring Street SE, in the RS-10, Residential - Single-Unit, 10,000 sq. ft. zone."
2025-10-08,Planning Commission,PC25-277,"Recommendation to Board of Zoning Appeals for a Conditional Use Permit for a series of governmental and public outdoor parks and recreational uses, and to Town Council for Modifications of Requirements related to lot coverage for the property located at 301 Center Street South, zoned RS-10 (Single-Unit Residential, 10,000 sq. ft.)."
2025-10-08,Planning Commission,25-5288,Acceptance of the Meeting Minutes
2025-09-24,Planning Commission Work Session,PCWS25-159,"Work Session on updated concept plans for amendments to both the Conditional Use Permit and the site plan for Green Hedges School, located at 415 Windover Ave NW"
2025-09-24,Planning Commission,PC25-276,Draft Comprehensive Plan
2025-09-24,Planning Commission,PC25-275,Consideration of the Planning Commission draft Annual Report for FISCAL YEAR 2025
2025-09-24,Planning Commission,25-5276,Acceptance of the Meeting Minutes
2025-09-23,Board of Architectural Review Work Session,BARWS25-097,515 Maple Ave E - Sekas Homes - Exterior Modifications - Work Session
2025-09-18,Board of Architectural Review,BAR25-637,502 Maple Ave W - Yousefi Building - Exterior Modifications
2025-09-18,Board of Architectural Review,BAR25-636,352 Maple Ave E - Wiygul Automotive Clinic - Signs & Exterior Modification
2025-09-18,Board of Architectural Review,BAR25-635,332 Maple Ave E - Burke & Herbert Bank - Signs
2025-09-18,Board of Architectural Review,BAR25-634,136 Maple Ave W - Pump24 Vienna - Sign
2025-09-18,Board of Architectural Review,BAR25-633,264 Cedar Ln SE - ACE - sign
2025-09-18,Board of Architectural Review,BAR25-632,155 Glyndon St SE - Blooming Nail & Spa - Signs
2025-09-17,Board of Zoning Appeals,BZA-25145,"*POSTPONED* Request for approval of a variance from Section 18-219.2. RS-10 Dimensional Standards., Rear Yard, of the Town of Vienna Zoning Code, to construct a covered deck, attached to an existing dwelling located at 644 Tazewell Rd NW, in the RS-10, Single-Unit Detached Residential zone."
2025-09-17,Board of Zoning Appeals,BZA-25144,"Request for approval of a conditional use permit for massage as an accessory use for Heart Tree Yoga & Myofascial Release LLC, in accordance with Section 18-305 of the Town of Vienna Zoning and Subdivision Ordinance, at a residential property located at 605 Upham Place NW, in the RS-10, Residential – Single-Unit, 10,000 sq. ft. zone."
2025-09-17,Board of Zoning Appeals,BZA-25143,"*WITHDRAWN* Request for approval of a variance from Section 18-238.4.C.i.b. of the Chesapeake Bay Preservation Areas Overlay (CB-O), Performance Criteria, of the Town of Vienna Zoning Code, to construct a deck, attached to an existing dwelling located at 404 Welles Street SE, in the RS-16, Single-Unit Detached Residential zone."
2025-09-10,Planning Commission,PC25-274,"Request for recommendation for a conditional use permit to the Board of Zoning Appeals for massage as an accessory use for Heart Tree Yoga & Myofascial Release LLC at a residential property located at 605 Upham Place NW, in the RS-10, residential – single-unit, 10,000 sq. ft. zone."
2025-09-10,Planning Commission,PC25-273,Consideration of the draft FISCAL YEAR 2025 Annual Report for the Planning Commission
2025-09-10,Planning Commission,25-5227,Acceptance of Meeting Minutes
2025-09-09,Windover Heights Board of Review,WHRB25-022,Consideration of the draft FISCAL YEAR 2025 Annual Report for Heights Board of Review
2025-08-27,Planning Commission Work Session,PCWS25-158,Comprehensive Plan - Review Draft of Consolidated Text with Initial Formatting
2025-08-21,Board of Architectural Review,BAR25-631,820 Follin Ln SE - NFCU - Exterior Modification ( Auditorium)
2025-08-21,Board of Architectural Review,BAR25-630,820 Follin Ln SE - NFCU - Signs
2025-08-21,Board of Architectural Review,BAR25-629,820 Follin Ln SE - NFCU - Exterior Modifications (Charging Stations)
2025-08-21,Board of Architectural Review,BAR25-628,1315 Ross Dr SW - Southside Park - Exterior Modifications
2025-08-21,Board of Architectural Review,BAR25-627,303 Maple Ave W - SmileWorx - Sign
2025-08-21,Board of Architectural Review,BAR25-626,155 Glyndon St SE - Blooming Nail & Spa - Sign
2025-08-21,Board of Architectural Review,BAR25-625,167 Glyndon St SE - Texas Donuts - Sign
2025-08-21,Board of Architectural Review,BAR25-624,264 Cedar Ln SE - Ace Hardware - Sign
2025-08-21,Board of Architectural Review,BAR25-623,302 Maple Ave W - Frame Coffee - Sign
2025-08-21,Board of Architectural Review,BAR25-622,146 Church St NE - Church & Mill Interior Design - Sign
2025-08-05,Windover Heights Board of Review,WHRB25-021,"Request for a Certificate of Appropriateness for the proposed new single-unit detached home on the property located at 313 Windover Avenue NW, Docket No. PF-1759881-WHBR, in the RS-16, Residential single-unit, 16,000 sq. ft. zoning district. The application has been filed by Patrick Ohlhorst of Cloud IX Homes on behalf of Elshaday and Leah Belay property owners."
2025-07-31,Board of Architectural Review Work Session,BARWS25-096,"515 Maple Ave E - Sekas Homes, LTD (mixed-use development) -Exterior Modifications - Work Session"
2025-07-17,Board of Architectural Review,BAR25-621,Town Council Draft Strategic Plan
2025-07-17,Board of Architectural Review,BAR25-620,352 Maple Ave W - Train - Revision - Sign and Exterior Modification
2025-07-17,Board of Architectural Review,BAR25-619,237 Maple Ave E - Brusters - Outdoor Dining
2025-07-17,Board of Architectural Review,BAR25-618,235 Maple Ave E - Pizza Vienna - Outdoor Dining
2025-07-17,Board of Architectural Review,BAR25-617,136 Maple Ave W - Pure Green - Signs
2025-07-17,Board of Architectural Review,BAR25-616,264 E Cedar Ln SE - Cedar Park Shopping Center - Exterior Modification
2025-07-16,Board of Zoning Appeals,BZA-25141,"Request for approval of a Conditional Use Permit, per Sec. 18-304., to allow Specialized Instruction for a ceramics studio and classes at 390 B Maple Ave E, for Clay & Kiln Studio LLC, in the AE zone."
2025-07-16,Board of Zoning Appeals,BZA-25140,"Request for approval of a variance from Section 18-218.2. RS-12.5 Dimensional Standards., Rear Yard, of the Town of Vienna Zoning Code, to construct an addition and modify an existing cantilevered structure at the rear of a dwelling located at 320 Westview Ct. NE, in the RS-12.5, Single-Unit Detached Residential zone."
2025-07-16,Board of Architectural Review Work Session,BARWS25-095,352 Maple Ave E - Wiygul Automotive Clinic - Exterior Modifications - Work Session
2025-07-09,Planning Commission Work Session,PCWS25-157,Comprehensive Plan - Review drafts of chapters
2025-07-01,Windover Heights Board of Review,WHRB25-019,"Request for a Certificate of Appropriateness for fence installation on property located at 288 Windover Avenue NW, per Sec. 18-840.1.B, Docket No WHBR-1759879, in the RS-16, single-family detached residential zoning district. Application filed by Patrick Ohlhorst of Cloud IX Homes, LLC on behalf of Micheal and Mary Parks, owners."
2025-07-01,Windover Heights Board of Review,WHRB25-018,Review Town Council Draft Strategic Plan
2025-07-01,Windover Heights Board of Review,25-5389,"313 Windover Avenue NW - Work Session
Design Review - New Single-Unit Dwelling"
2025-07-01,Windover Heights Board of Review Work Session,25-5389,"313 Windover Avenue NW - Work Session
Design Review - New Single-Unit Dwelling"
2025-06-25,Planning Commission Work Session,PCWS25-156,"Comprehensive Plan Work Session - Review Second Draft of Chapters 3 and 7, and first Draft of Revised Future Land Use Map"
2025-06-25,Planning Commission,PC25-272,"Request for recommendation to the Town Council on proposed site plan for 1007 Electric Ave SE, Navy Federal Credit Union, for the installation of two-way drive-through ATM facility."
2025-06-25,Planning Commission,PC25-271,"Request for recommendation for a Conditional Use Permit to the Board of Zoning Appeals for Specialized Instruction at 390-B Maple Ave E in the Avenue East (AE) zoning district. Application filed by Pinar Turhan, Clay & Kiln Studios LLC."
2025-06-25,Planning Commission,25-5168,Acceptance of Meeting Minutes
2025-06-18,Board of Zoning Appeals,BZA-25139,"Request by The Gift of Language Center for a Conditional Use Permit, per Section 18-304, to allow a Family Day Home for up to 12 children (ages 2-5) at 209 Berry St SE, in the RS-16 zone."
2025-06-18,Board of Zoning Appeals,BZA-25138,"Request by Future Innovators of Vienna, LLC (iCode Vienna) for a Conditional Use Permit, per Section 18-304, to allow Specialized Instruction at 419-B Maple Ave E, in the Avenue East Gateway (AE) District."
2025-06-12,Board of Architectural Review,BAR25-615,127-133 Park St NE - Grove on Park - Exterior Modifications - Revision
2025-06-12,Board of Architectural Review,BAR25-614,1007 Electric Ave SE - Navy Federal Credit Union - ATM - Exterior Modification
2025-06-12,Board of Architectural Review,BAR25-613,352 Maple Ave W - Train - Exterior Modification - Revision
2025-06-12,Board of Architectural Review,BAR25-612,212 Park St SE - Vienna Family Dentist - Exterior Modifications
2025-06-12,Board of Architectural Review,BAR25-611,501 Church St NE - Klondyke LLC - Exterior Modification
2025-06-12,Board of Architectural Review,BAR25-610,448 Maple Ave E - Silva & Son - Sign
2025-06-12,Board of Architectural Review,BAR25-609,527 Maple Ave W - Mah Boutique - Sign
2025-06-11,Planning Commission Work Session,PCWS25-155,Town of Vienna Strategic Vision - Draft
2025-06-11,Planning Commission Work Session,PCWS25-154,Comprehensive Plan: Review of Future Land Use Map
2025-06-11,Planning Commission Work Session,PCWS25-153,"Comprehensive Plan Work Session - Review Second Draft of Chapters 2, 6, and 8"
2025-06-11,Planning Commission,PC25-270,"Request by The Gift of Language Center for a recommendation to the Board of Zoning Appeals for a Conditional Use Permit to allow a Family Day Home for up to 12 children (ages 2-5) at 209 Berry St SE, in the RS-16 zone."
2025-06-03,Windover Heights Board of Review,WHRB25-017,"Request for a Certificate of Appropriateness for proposed exterior modifications on property located at 212 West Street NW, Docket No. WHBR-1739816-25, in the RS-16, single-unit detached residential zoning district. The application has been filed by Bobby Han of AW4B, the Architect of Record."
2025-06-03,Windover Heights Board of Review,WHRB25-016,"Request for a Certificate of Appropriateness for New Single Family Detached Dwelling located at 348 Windover Avenue NW, per Sec. 18-840.1.A, Docket No WHBR-1516610-25, in the RS-16, single-family detached residential zoning district; filed by David Chau of Geoenv Engineers, on behalf of 348 Windover LLC, property owner."
2025-05-28,Planning Commission Work Session,PCWS25-152,Comprehensive Plan Work Session - Review First Draft of Land Use Chapter
2025-05-28,Planning Commission,PC25-269,"Request for recommendation for a Conditional Use Permit to the Board of Zoning Appeals for Specialized Instruction at 419-B Maple Ave E in the Avenue East (AE) zoning district. Application filed by David Dilly, Future Innovators of Vienna."
2025-05-28,Board of Architectural Review,BAR25-608,127-133 Park St NE - The Grove on Park (formerly Vienna Courts) - Exterior Modification - Revision
2025-05-21,Board of Zoning Appeals,BZA-25137,"Request for a variance from Sec. 18-219.2 Rear Yard Setback, of the Town of Vienna Zoning and Subdivision Ordinance, to allow a second story addition to encroach into the rear yard setback of an existing non-conforming house located at 204 Tapawingo Rd SW, in the RS- 10, Residential Single-Unit,10,000 sq. ft. zone."
2025-05-15,Board of Architectural Review,BAR25-607,**Deferred**127-133 Park St NE - Grove on Park - Exterior Modifications - Revision
2025-05-15,Board of Architectural Review,BAR25-606,820 Follin Ln SE - Navy Federal Credit Union - Mural
2025-05-15,Board of Architectural Review,BAR25-605,354 Maple Ave W - Manita Music - Sign & Exterior Modifications
2025-05-15,Board of Architectural Review,BAR25-604,160 Maple Ave W - Seray - Exterior Modifications - Revision
2025-05-15,Board of Architectural Review,BAR25-603,212 Park St SE - Vienna Family Dentist - Exterior Modifications
2025-05-15,Board of Architectural Review,BAR25-602,400 Courthouse Rd SW - Meadow Ln Park - Exterior Modifications
2025-05-15,Board of Architectural Review,BAR25-601,136 Maple Ave W - Pure Green - Signs
2025-05-15,Board of Architectural Review,BAR25-600,446 Maple Ave E - Spot Specialty Caffe - Signs
2025-05-15,Board of Architectural Review,BAR25-599,110 Pleasant St SW - Nojan Jafari DDS - Signs
2025-05-15,Board of Architectural Review,BAR25-598,203 Maple Ave W - Vienna Crossroads - Exterior Modifications - Revision
2025-05-15,Board of Architectural Review,BAR25-597,282 Cedar Ln SE - Red Bird Café - Sign
2025-05-15,Board of Architectural Review,BAR25-596,216 Maple Ave W - T-Mobile - Sign
2025-05-15,Board of Architectural Review,BAR25-595,303 Mill St NE - Woodfire - Sign
2025-05-15,Board of Architectural Review,BAR25-594,390 B Maple Ave E - Clay & Kiln - Sign
2025-05-14,Planning Commission Work Session,PCWS25-151,Comprehensive Plan Work Session - Review First Draft of Transportation Chapter
2025-05-14,Planning Commission,PC25-268,"Continued discussion on a proposed rezoning at 128 Nutley Street NW from the Residential - Single-Unit, 12,500 sq. ft. Zone (RS-12.5) to the Residential - Multi-Unit Zone (RMU) for a proposed nine-unit townhouse development."
2025-05-14,Planning Commission,25-5105,Acceptance of Meeting MInutes
2025-05-08,Board of Architectural Review Work Session,BARWS25-094,Navy Federal credit Union - 820 Follin Ln SE - Exterior Modifications- Work Session
2025-05-06,Windover Heights Board of Review,WHRB25-015,"Request for a Certificate of Appropriateness for New Single Family Detached Dwelling located at 348 Windover Avenue NW, per Sec. 18-840.1.A, Docket No WHBR-1516610-25, in the RS-16, single-family detached residential zoning district; filed by David Chau of Geoenv Engineers, on behalf of 348 Windover LLC, property owner."
2025-04-30,Board of Architectural Review Work Session,BARWS25-093,Navy Federal Credit Union - 820 Follin Ln SE - Exterior Modifications - Work Session
2025-04-23,Planning Commission Work Session,PCWS25-150,Comprehensive Plan Work Session - Review First Draft of Parks and Recreation Chapter
2025-04-23,Planning Commission,PC25-267,"Public hearing on a proposed rezoning at 128 Nutley Street NW from the Residential - Single-Unit, 12,500 sq. ft. Zone (RS-12.5) to the Residential - Multi-Unit Zone (RMU) for a proposed nine-unit townhouse development."
2025-04-22,Board of Architectural Review Work Session,BARWS25-092,Lighting Design Guide and Sign Design Guide - Board of Architectural Review Work Session
2025-04-21,Planning Commission Work Session,25-5025,7:00 p.m. - 8:00 p.m. Outdoor Lighting Regulations - Joint Work Session of Town Council and Planning Commission: Presentation and Discussion
2025-04-16,Board of Zoning Appeals,BZA-25136,"Request for approval of a variance from Sec. 18-323.2 and 18-323.7, to construct a drive-through ATM facility within the front yard setback with two lanes for Navy Federal Credit Union, on the property located at 1007 Electric Ave SE, in the CP Corporate Park zoning district."
2025-04-16,Board of Zoning Appeals,BZA-25135,"Request for approval of conditional use permit from Section 18-824 for specialized instruction for Manita Music Center, at 354 Maple Ave W, in the AW Avenue West zoning district."
2025-04-16,Board of Zoning Appeals,BZA-25134,"Request for approval of conditional use permit from Section 18-824 for specialized instruction for Colby Fastpitch, at 512 Mill St NE, in the M Mill zoning district."
2025-04-10,Board of Architectural Review,BAR25-593,176 Maple Ave W - Electric Bull - Outdoor Dining
2025-04-10,Board of Architectural Review,BAR25-592,800 Maple Ave E - Westwood Country Club - Exterior Modification
2025-04-10,Board of Architectural Review,BAR25-591,314 Maple Ave W - Dunkin - Sign
2025-04-10,Board of Architectural Review,BAR25-590,340 Maple Ave W - Shilla Bakery - Sign
2025-04-10,Board of Architectural Review,BAR25-589,527 Maple Ave E - VHC Health - Sign
2025-04-10,Board of Architectural Review,BAR25-587,513 Maple Ave W - Trippy Smoke Shop - Sign
2025-04-09,Planning Commission Work Session,PCWS25-149,Comprehensive Plan Work Session - Review First Drafts of Chapters on 1) Community Profile and 2) Economic Development
2025-04-09,Planning Commission,PC25-265,Request for recommendation to the Board of Zoning Appeals in favor of a conditional use permit to allow specialized instruction for Manita Music Center.
2025-04-09,Planning Commission,PC25-264,Request for recommendation to the Board of Zoning Appeals in favor of a conditional use permit to allow specialized instruction for Colby Fastpitch.
2025-04-09,Planning Commission,25-5030,Acceptance of Meeting Minutes
2025-04-03,Board of Architectural Review,BAR25-586,Outdoor Dining Guidelines - Intent to Adopt -Board of Architectural Review - Special Meeting.
2025-04-01,Windover Heights Board of Review,WHRB25-014,"Request for a revision of a Certificate of Appropriateness for New Single Family Detached Dwelling, and Accessory Structures, located at 288 Windover Avenue NW per Sec. 18-840, Docket No WHBR-1150891-23, in the RS-16, single-unit detached residential zoning district."
2025-03-26,Planning Commission Work Session,PCWS25-148,Comprehensive Plan Work Session - Review First Drafts of Chapters on 1) Community Facilities and Infrastructure and 2) Environment and Sustainability
2025-03-26,Planning Commission Work Session,PCWS25-147,"Comprehensive Plan Update Discussion on Transportation Chapter, Continued"
2025-03-20,Board of Architectural Review,BAR25-585,437 Knoll St NW - KinderCare - Exterior Modifications
2025-03-20,Board of Architectural Review,BAR25-584,820 Follin Ln SE - NFCU - Exterior Modifications
2025-03-20,Board of Architectural Review,BAR25-583,416 Maple Ave E - Aroma Express - Sign
2025-03-20,Board of Architectural Review,BAR25-582,314 Maple Ave W - Dunkin - Sign
2025-03-20,Board of Architectural Review,BAR25-581,146 Maple Ave W - Cucos Peruvian - Signs
2025-03-20,Board of Architectural Review,BAR25-580,538 Maple Ave W - Chick-fil-A - Exterior Modifications
2025-03-20,Board of Architectural Review,BAR25-579,112 Pleasant St NW Suite D - Himalayan Massage & Spa - Signs
2025-03-20,Board of Architectural Review,BAR25-578,442 Maple Ave E - Clarity - Signs
2025-03-20,Board of Architectural Review,BAR25-577,305 Maple Ave W - Labelle MD Esthetics - Sign
2025-03-20,Board of Architectural Review,BAR25-576,**WITHDRAWN** 176 Maple Ave W - Electric Bull - Outdoor Dining
2025-03-19,Board of Zoning Appeals,BZA-25133,"**WITHDRAWN**Request to hear an appeal of the Zoning Administrator’s Determination in accordance with the requirements of Section 18-820 Appeals of Zoning Administrator Decision., of the Town of Vienna Zoning and Subdivision Ordinance, affecting property located at 430, 440, 444 Maple Ave W, Vienna, Virginia, tax map numbers: 0383 02 0139, 0383 02 0140, 0383 02 0141, in the AW - Avenue West zoning district. Filed by Sara Mariska, of Odin Feldman Pittleman, on behalf of Vienna Development Associates LLC, property owner. The decision being appealed is the issuance of a Notice of Violation by the Zoning Administrator, case number 24-208, for a violation of Section 18-836 Site Plan Review. The Zoning Administrator determined that the existing condition of the property did not meet the requirements of the site plan approved in June of 2021."
2025-03-19,Board of Zoning Appeals,BZA-25132,"Request for approval of a variance from Sec. 18-217., Residential - Single-Unit, 16,000 sq. ft. Zone (RS-16), 2. Residential Coverage, of the Town of Vienna Zoning and Subdivision Ordinance, to retain lot coverage over the permitted 25% on the property located at 205 Berry Street SE, in RS-16, Single-Family Detached Residential zone."
2025-03-12,Planning Commission Work Session,PCWS25-146,Comprehensive Plan Update Discussion on Transportation Chapter
2025-03-12,Planning Commission,PC25-262,"Request for recommendations to the Town Council to convert six small lots into two equally sized lots, which would be accomplished through the approval of a Boundary Line Adjustment and Lot Consolidations"
2025-03-12,Planning Commission,PC25-261,"Request for recommendation to the Town Council on proposed site plan and modifications of requirements for 800-900 Follin Ln SE, Navy Federal Credit Union, for the installation of emergency generators and construction of related infrastructure."
2025-03-12,Planning Commission,25-4975,Acceptance of Meeting Minutes
2025-02-26,Planning Commission Work Session,PCWS25-143,"Work Session on updated concept plans for amendments to both the Conditional Use Permit and the site plan for Green Hedges School, located at 415 Windover Ave NW"
2025-02-26,Planning Commission Work Session,PCWS25-142,Comprehensive Plan Update Discussion on Community Facilities & Services Chapter and Transportation Chapter
2025-02-26,Planning Commission,PC25-258,"Public hearing and recommendation to Town Council regarding an amendment to the site plan for Meadow Lane Park for new restrooms, on lot 0384 08C, located at 400 Courthouse Rd SW, in the Parks and Recreational (PR) zoning district."
2025-02-26,Planning Commission,25-4945,Acceptance of Meeting Minutes
2025-02-20,Board of Architectural Review,BAR25-575,131 Church St NW - Café de Vienna - Signs
2025-02-20,Board of Architectural Review,BAR25-574,131 Church St NW - Café de Vienna - Exterior Modification - Revision
2025-02-20,Board of Architectural Review,BAR25-573,352 Maple Ave W - Train - Exterior Modifications
2025-02-20,Board of Architectural Review,BAR25-572,352 Maple Ave W - Train - Signs
2025-02-20,Board of Architectural Review,BAR25-571,132 Branch Rd SE - Chef Tan - Exterior Modifications
2025-02-20,Board of Architectural Review,BAR25-570,132 Branch Rd SE - Chef Tan -Sign
2025-02-20,Board of Architectural Review,BAR25-569,1007 Electric Avenue SE - Navy Federal Credit Union - Exterior Modification
2025-02-20,Board of Architectural Review,BAR25-568,900 Follin Ln SE - Navy Federal Credit Union - Exterior Modification
2025-02-20,Board of Architectural Review,BAR25-567,155 Maple Ave W - Panda Dumpling - Sign
2025-02-20,Board of Architectural Review,BAR25-566,442 Maple Ave E - Clarity - Signs
2025-02-20,Board of Architectural Review,BAR25-565,176 Maple Ave W - Electric Bull - Outdoor Dining
2025-02-12,Planning Commission Work Session,PCWS25-140,Comprehensive Plan Update Discussion on Community Facilities & Services Chapter and Transportation Chapter
2025-02-12,Planning Commission Work Session,PCWS25-139,"Work Session on updated concept plans for amendments to both the Conditional Use Permit and the site plan for Green Hedges School, located at 415 Windover Ave NW"
2025-01-22,Planning Commission,PC25-255,Comprehensive Plan Update
2025-01-22,Planning Commission,PC25-254,"Recommendation to the Town Council on a final plat for the lot consolidation of parcels 0391 12 0049A and 0391 12 0050 at 244 Old Courthouse Road NE into a single lot in the Residential - Single-Unit, 16,000 sq. ft. (RS-16) zoning district."
2025-01-22,Planning Commission,25-4861,Acceptance of Meeting Minutes
2025-01-16,Board of Architectural Review,BAR25-564,444 Maple Ave W - Exterior Modification
2025-01-16,Board of Architectural Review,BAR25-563,155 Maple Ave W - Panda Dumpling - Sign
2025-01-16,Board of Architectural Review,BAR25-562,131 Church St NW - Café de Vienna - Signs
2025-01-16,Board of Architectural Review,BAR25-561,131 Church St NW - Café de Vienna - Exterior Modification - Revision
2025-01-16,Board of Architectural Review,BAR25-560,101 Maple Ave E - Patrick Henry Library - Exterior Modification - Revision
2025-01-15,Board of Zoning Appeals,BZA-25130,"Request for approval of a variance from Section 18-218 Residential - Single-Unit, 12,500 sq. ft. Zone (RS-12.5), Building Placement Standards, Rear Yard, of the Town of Vienna Zoning Code, to construct a covered deck on the rear of an existing conforming dwelling, located at 853 Shady Dr SE, in the RS-12.5, Single-Family Detached Residential zone. The proposed structure will encroach into the required rear yard setback of 35 feet."
2025-01-10,Board of Architectural Review Work Session,BARWS24-089,820 Follin Ln SE - Navy Federal Credit Union - Exterior Modification- Work Session
2025-01-07,Windover Heights Board of Review,WHRB24-013,"348 Windover Avenue NW - Work Session 
Design Review - New Single-Unit Dwelling"
2025-01-07,Windover Heights Board of Review,WHRB24-012,288 Windover Ave NW - Request for Deferral
2024-12-19,Board of Architectural Review,BAR24-554,127-133 Park St NE - The Grove on Park - Exterior Modification (Revision)
2024-12-19,Board of Architectural Review,BAR24-553,135 Center St S - Townhome - Exterior Modification
2024-12-19,Board of Architectural Review,BAR24-552,513 Maple Ave W - Trippy Smoke Shop - Sign
2024-12-19,Board of Architectural Review,BAR24-551,107 Maple Ave W - Dar Mariam - Signs
2024-12-18,Board of Zoning Appeals,BZA-24127,"Request to hear an appeal of the Zoning Administrator’s Determination in accordance with the requirements of Section 18-820 Appeals of Zoning Administrator Decision., of the Town of Vienna Zoning and Subdivision Ordinance, affecting a property located at 204 Prescott Cir SE, Vienna, Virginia, tax map numbers: 0384 65 0001, in the RS-12.5 Residential zoning district. Filed by Deborah Gwyn, resident of 204 Prescott Cir SE."
2024-12-18,Board of Zoning Appeals,BZA-24126,"Request for approval of a variance from Sec. 18-410.1.D., Fences., of the Town of Vienna Zoning and Subdivision Ordinance, to install a fence exceeding 6 feet in the rear yard of a single-unit dwelling located at 3 Elaine Cir SE, in the RS-10, Single-Family Detached Residential zone. Filed by Yousef Shadid, Contractor."
2024-12-11,Planning Commission,PC24-253,Consideration of the draft 2024 Annual Report for the Planning Commission
2024-12-11,Planning Commission,PC24-252,Public Hearing and Discussion: Proposed Corrections and Edits to the Town of Vienna Zoning and Subdivision Ordinance (Chapter 18)
2024-12-11,Planning Commission,PC24-251,Election of Planning Commission Officers and Planning Commission Member of the Windover Heights Board of Review
2024-12-11,Planning Commission,24-4790,Meeting Minutes
2024-12-03,Windover Heights Board of Review,WHRB24-011,"Request for a recommendation by the Windover Heights Board of Review (WHBR) to Town Council regarding the necessity of Public Improvements adjacent to the property located at 348 Windover Avenue NW, per Town Code Sec. 18-237.2., Docket No. PF-#1516610-WHBR, in the RS-16, single-unit+ detached residential zoning district; filed by Davis Chau, project engineer with GeoEnv Engineers, and property owner."
2024-11-21,Board of Architectural Review,BAR24-550,386 Maple Ave E - Vienna Gun & Gold - Exterior Modifications
2024-11-21,Board of Architectural Review,BAR24-549,386 Maple Ave E - Vienna Gun & Gold - Sign
2024-11-21,Board of Architectural Review,BAR24-548,142 Branch Rd SE - Big Buns - Sign
2024-11-21,Board of Architectural Review,BAR24-547,107 Maple Ave W - Dar Mariam - Signs
2024-11-20,Board of Zoning Appeals,BZA-24125,"Request to hear an appeal of the Zoning Administrators Determination in accordance with the requirements of Section 18-820 Appeals of Zoning Administrator Decision., of the Town of Vienna Zoning and Subdivision Ordinance, affecting property located at 430, 440, 444 Maple Ave W, Vienna, Virginia, tax map numbers: 0383 02 0139, 0383 02 0140, 0383 02 0141, in the AW - Avenue West zoning district. Filed by Sara Mariska, of Odin Feldman Pittleman, on behalf of Vienna Development Associates LLC, property owner. 

The decision being appealed is the issuance of a Notice of Violation by the Zoning Administrator, case number 24-208, for a violation of Section 18-836 Site Plan Review. The Zoning Administrator determined that the existing condition of the property did not meet the requirements of the site plan approved in June of 2021."
2024-11-20,Board of Zoning Appeals,BZA-24124,"Request for approval of a variance from Section 18-219 Residential - Single-Unit, 10,000 sq. ft. Zone (RS-10), Building Placement Standards, Rear Yard, of the Town of Vienna Zoning Code, to construct a covered deck on the rear of an existing conforming dwelling, located at 1201 Ross Dr. SW, in the RS-10, Single-Family Detached Residential zone. The proposed structure will encroach into the required rear yard setback of 35 feet."
2024-11-20,Board of Zoning Appeals,BZA-24123,"Request for approval of a variance from Section 18-410, Fences. 1.A., of the Town of Vienna Zoning Code, to install a non-conforming fence, located at 714 Kingsley Rd SW, in the RS-10, Single-Family Detached Residential zone. The proposed fence will exceed the 4-foot height limit for fences within the corner side yard setback."
2024-11-20,Board of Zoning Appeals,BZA-24122,"Request for approval of variances from 1) Section 18-219 Residential - Single-Unit, 10,000 sq. ft. Zone (RS-10), Building Placement Standards, Rear Yard, 2) Section 18-219, Residential Coverage, and 3) Section 18-213 Lot Coverage, 2.A. Outdoor living coverage., of the Town of Vienna Zoning Code, to construct: A) A covered deck, and B) an addition to the rear of the property, attached to an existing non-conforming single-family dwelling located at 409 East Street NE, in the RS-10, Single-Family Detached Residential zone. The proposed structures will encroach into the required rear yard setback of 35 feet, exceed the 25% lot coverage requirement, and deviate from the standards of Outdoor Living Coverage."
2024-11-20,Board of Zoning Appeals,BZA-24121,"Request for approval of variances from Section 18-219 Residential - Single-Unit, 10,000 sq. ft. Zone (RS-10), Buildable Lot Dimensions, of the Town of Vienna Zoning Code, to create a new non-conforming lot from existing non-conforming parcels, known as 0384 03 0061 (Lots 61 & 62), to construct a single-unit dwelling on the newly created lot, on a portion of the parcels known as 130 Wilmar Place NW, in the RS-10, Single-Unit Detached Residential zone. The proposed non-conforming lot will not meet the following Buildable Lot Dimensions: 1) Lot area, 2) Lot Width at Front Building Line, and 3) Lot Width at Midline."
2024-11-13,Planning Commission,PC24-250,Proposed Lot Consolidations - 130 Wilmar Place NW
2024-11-13,Planning Commission,PC24-249,"Public Hearing - Zoning Amendments to Allow Accessory Living Units, With Regulations"
2024-11-13,Planning Commission,24-4754,Acceptance of the Meeting Minutes
2024-11-12,Board of Architectural Review Work Session,BARWS24-087,245 Maple Ave W_Vienna Market_Work Session
2024-11-07,Board of Architectural Review Work Session,BARWS24-086,"Outdoor Lighting Regulations - BAR Meeting with Clanton & Associates

You are also invited to take the online lighting code survey here: <https://www.surveymonkey.com/r/ViennaOutdoorLighting>
now through February 2025.

Questions? Call the Planning and Zoning Department at (703) 255-6341."
2024-10-29,Planning Commission Work Session,PCWS24-137,Accessory Living Units Work Session 2
2024-10-17,Board of Architectural Review,BAR24-546,101 Maple Ave E - Vienna Carter Library - Signs
2024-10-17,Board of Architectural Review,BAR24-545,101 Maple Ave E - Patrick Henry Library - Exterior Modification
2024-10-17,Board of Architectural Review,BAR24-544,131 Church St NW - Café de Vienna - Outdoor Dining
2024-10-17,Board of Architectural Review,BAR24-543,130 Park St SE - INOVA - Sign
2024-10-17,Board of Architectural Review,BAR24-542,1131 Moorefield Hill Ct SW - Solar Panels
2024-10-09,Planning Commission,PC24-248,"Recommendations to the Town Council regarding 1) proposed modifications of requirements for front and rear yard setbacks, loading space, and tree canopy coverage and 2) the proposed landscape plans for Patrick Henry Library, located at 101 Maple Ave E."
2024-10-09,Planning Commission,PC24-247,"Determination of whether the project to build a new library and parking garage at 101 Maple Avenue East conforms with the adopted Comprehensive Plan, as required by §15.2-2232 of the Code of Virginia."
2024-10-09,Planning Commission,24-4714,"Acceptance of the July 10, 2024, and August 28, 2024, Work Session Action Minutes."
2024-10-02,Board of Architectural Review Work Session,BARWS24-085,101 Maple Ave E - Patrick Henry Library - 4th Work Session
2024-10-02,Board of Architectural Review,BAR24-541,302 Maple Ave W - Frame Coffee Roasters - Outdoor Seating - Special Meeting
2024-09-25,Planning Commission Work Session,PCWS24-135,Comprehensive Plan: Key Policy Topics
2024-09-19,Board of Architectural Review,BAR24-540,Outdoor Dining Discussion
2024-09-19,Board of Architectural Review,BAR24-539,513 Maple Ave W - Lash and Spa By Neda - Sign
2024-09-19,Board of Architectural Review,BAR24-538,205 Maple Ave E - Call Your Mother - Exterior Modification
2024-09-19,Board of Architectural Review,BAR24-537,205 Maple Ave E - Call Your Mother - Sign
2024-09-19,Board of Architectural Review,BAR24-536,139 Church St NW - Bognet Properties - Exterior Modification - Revision
2024-09-19,Board of Architectural Review,BAR24-535,139 Church St NW - Bognet Properties - Sign
2024-09-19,Board of Architectural Review,BAR24-534,146 Church St NE - Sanctuary Interior Design - Sign
2024-09-19,Board of Architectural Review,BAR24-533,543 Beulah Rd NE - Church of the Holy Comforter - Solar Panels
2024-09-19,Board of Architectural Review,BAR24-532,1131 Moorefield Hill CT S.W - Solar Panels
2024-09-18,Board of Zoning Appeals,BZA-24120,"Request to the Board of Zoning Appeals to hear an appeal of the Zoning Administrators Determination in accordance with the requirements of Section 18-820 Appeals of Zoning Administrator Decision., of the Town of Vienna Zoning and Subdivision Ordinance, affecting property located at 430, 440, 444 Maple Ave W, Vienna, Virginia, tax map numbers: 0383 02 0139, 0383 02 0140, 0383 02 0141, in the AW Avenue West zoning district. Filed by Sara Mariska, of Odin Feldman Pittleman, on behalf of Vienna Development Associates LLC, property owner."
2024-09-18,Board of Zoning Appeals,BZA-24119,"Request approval by the Board of Zoning Appeals for a conditional use permit per Section 18-304 of the Vienna Town Code for a Family Day Home to care for up to twelve (12) children at 304 Jade Court NW, in the 12.5 zoning district. Application filed by Hesham Ibrahim."
2024-09-11,Planning Commission,PC24-246,"Request for a recommendation to the Town Council on a final plat for a proposed lot consolidation of two lots into one at 841 Ninovan Rd SE in the RS-10 Residential - Single-Unit, 10,000 sq. ft. zone."
2024-09-11,Planning Commission,PC24-245,"Request for a recommendation to Town Council for approval of a lot line adjustment for lot 0382 02 0046, located at 300 Glyndon St NE, in the PR Parks and Recreation zoning district."
2024-09-10,Windover Heights Board of Review,WHRB24-010,Background Information on Windover Heights Board of Review
2024-09-10,Windover Heights Board of Review,WHRB24-009,Windover Heights Board of Review Annual Report for Fiscal Year 2024
2024-09-10,Windover Heights Board of Review,WHRB24-008,Memo to the Planning Commission for Recommendations for the Comprehensive Plan Update
2024-09-04,Board of Architectural Review Work Session,BARWS24-083,Navy Federal Credit Uinon - 1007 Electric Ave SE & 900 Follin NE - Exterior Modifications
2024-08-28,Planning Commission Work Session,PCWS24-134,Comprehensive Plan Update
2024-08-28,Planning Commission Work Session,PCWS24-133,Glyndon St NE Drainage Project
2024-08-15,Board of Architectural Review,BAR24-531,BAR 2024 Annual Report
2024-08-15,Board of Architectural Review,BAR24-530,127 - 133 Park St NE - Vienna Courts (The Grove on Park) - Revision
2024-08-15,Board of Architectural Review,BAR24-529,600 Mill St NE- Town of Vienna - Exterior Modification
2024-08-15,Board of Architectural Review,BAR24-528,302 Maple Ave W - Frame Coffee Roasters - Outdoor Seating
2024-08-15,Board of Architectural Review,BAR24-527,235 Maple Ave W - Bank of America - Exterior Modifications
2024-08-15,Board of Architectural Review,BAR24-526,160 Maple Ave E - Seray - Sign
2024-08-15,Board of Architectural Review,BAR24-525,112 Courthouse Rd SW - LC Massage - Sign
2024-08-15,Board of Architectural Review,BAR24-524,301A Maple Ave W - Prime Custom Kitchen & Bath Remodeling - Sign
2024-08-15,Board of Architectural Review,BAR24-523,201 Maple Ave E - Citibank - Exterior Modification - Revision
2024-07-17,Board of Zoning Appeals,BZA-24117,"**DEFERRED** Request to hear an appeal of the Zoning Administrators Determination in accordance with the requirements of Section 18-820 Appeals of Zoning Administrator Decision., of the Town of Vienna Zoning and Subdivision Ordinance, affecting property located at 430, 440, 444 Maple Ave W, Vienna, Virginia, tax map numbers: 0383 02 0139, 0383 02 0140, 0383 02 0141, in the AW - Avenue West zoning district. Filed by Sara Mariska, of Odin Feldman Pittleman, on behalf of Vienna Development Associates LLC, property owner. 

The decision being appealed is the issuance of a Notice of Violation by the Zoning Administrator, case number 24-208, for a violation of Section 18-836 Site Plan Review. The Zoning Administrator determined that the existing condition of the property did not meet the requirements of the site plan approved in June of 2021."
2024-07-17,Board of Zoning Appeals,BZA-24116,"Request for the renewal of a conditional use permit for a Family Day Home, per Section 18-824 Conditional Use Permit, of the Town of Vienna Zoning and Subdivision Ordinance, for the care of up to twelve (12) children at 305 Jade Court NW, in the 12.5 zoning district."
2024-07-17,Board of Zoning Appeals,BZA-24115,"Request for approval of a conditional use permit to allow Outdoor Dining, per Section 18-824 Conditional Use Permit, of the Town of Vienna Zoning and Subdivision Ordinance, for over twelve (12) seats at a restaurant located at 160 Maple Avenue West, in the Avenue Center (AC) zoning district."
2024-07-17,Board of Zoning Appeals,BZA-24114,"Request for approval of a conditional use permit to allow Specialized Instruction, per Section 18-824 Conditional Use Permit, of the Town of Vienna Zoning and Subdivision Ordinance, to operate a driver’s education program at 450 Maple Avenue East, Suite 302, in the Avenue East (AE) zoning district."
2024-07-17,Board of Zoning Appeals,BZA-24113,"Request for approval of a conditional use permit for Specialized Instruction, per Section 18-824 Conditional Use Permit, of the Town of Vienna Zoning and Subdivision Ordinance, for sports training at 514 and 516 Mill St NE, in the Mill District."
2024-07-17,Board of Zoning Appeals,BZA-24112,"Request for approval to the Board of Zoning Appeals of a conditional use permit for a Private Indoor Recreation Facility, per Section 18-824 Conditional Use Permit, of the Town of Vienna Zoning and Subdivision Ordinance, to operate a dance hall for tango dancing, at 303 C Mill Street NE, in the Mill District."
2024-07-17,Board of Zoning Appeals,BZA-24111,"Request approval for a conditional use permit for a Family Day Home, per Section 18-824 Conditional Use Permit, of the Town of Vienna Zoning and Subdivision Ordinance, to care for up to twelve (12) children at 430 Old Court House Rd NE, in the RS-12.5 zoning district."
2024-07-17,Board of Zoning Appeals,BZA-24110,"Request for approval of a variance from Section 18-407.3 Swimming Pools and Outdoor Hot Tubs., of the Town of Vienna Zoning Code, to construct a swimming pool in the rear yard of an existing single-family dwelling located at 514 Spring St SE, in the RS-10, Single-Family Detached Residential zone. The Zoning Code states the front edge of the swimming pool shall be no less than five feet from an extension of the rear wall line of the principal building on the adjacent lots. If the variance is approved, the proposed pool will be set closer than five feet from, and encroaching into, the extension of the rear wall line of the adjacent lots."
2024-07-10,Planning Commission,PCWS24-132,Discussion on Proposed Rezoning and Redevelopment of 128 Nutley St NW
2024-07-10,Planning Commission Work Session,PCWS24-132,Discussion on Proposed Rezoning and Redevelopment of 128 Nutley St NW
2024-07-10,Planning Commission,PC24-244,"Request for recommendation for Conditional Use Permit to the Board of Zoning Appeals for a family day home to accommodate up to a maximum of twelve (12) children at 305 Jade Court NW, in the RS-12.5, single-family residential zoning district. Application filed by Zeinab Salem."
2024-07-10,Planning Commission,PC24-243,"Request for recommendation for conditional use permit to the Board of Zoning Appeals for specialized instruction, at 450 Maple Ave E, Suite 302, in the Avenue East (AE) zoning district. Application filed by Issam Mohamed."
2024-07-10,Planning Commission,PC24-242,"Request for Recommendation for conditional use permit to the Board of Zoning Appeals to allow outdoor dining for over twelve (12) seats at 160 Maple Avenue West, in the AC, Avenue Center zoning district. Application filed by Stephen Kenney."
2024-07-10,Planning Commission,PC24-240,Selection of Planning Commission Member of Tree Advocacy Committee
2024-06-26,Planning Commission,PC24-239,"Request for recommendation to the Board of Zoning Appeals for a conditional use permit for a private indoor recreation facility, at 303 C Mill Street NE, in the Mill District. Application filed by Melody Yazdani, of Melody Yazdani Studios LLC, business owner."
2024-06-20,Board of Architectural Review,BAR24-522,543 Beulah Rd NE -Holy Comforter Church - Exterior Modification
2024-06-20,Board of Architectural Review,BAR24-521,160 Maple Ave W - Seray Restaurant - Outdoor Dining 13+ seats
2024-06-20,Board of Architectural Review,BAR24-520,136A Maple Ave W - Vienna Shopping Center - Exterior Modification
2024-06-20,Board of Architectural Review,BAR24-519,262 Cedar Ln Suite H - Suchi Koji - Outdoor Dining
2024-06-20,Board of Architectural Review,BAR24-518,415 Windover Ave NW - Green Hedges - Exterior Modification - Fence
2024-06-20,Board of Architectural Review,BAR24-517,208A - Dominion Rd NE - Commonwealth - Mural Revision
2024-06-20,Board of Architectural Review,BAR24-516,226 Maple Ave W - Vienna Thai & Bar - Sign
2024-06-20,Board of Architectural Review,BAR24-515,311 Maple Ave W - Proshto Endo Dental - Tenant Panels
2024-06-20,Board of Architectural Review,BAR24-514,139A Church St NW - Van Smiles - Sign
2024-06-12,Planning Commission,PC24-238,"Recommendation to the Town Council on a final plat for a proposed lot consolidation of two lots into one at 103 Saint Andrews Drive NE in the RS-12.5 Single-Family Detached Residential zone. Application filed by Mir Zohori, of M&Z Construction and Consulting LLC, property owner."
2024-06-12,Planning Commission,PC24-237,"Request for recommendation for Conditional Use Permit to the Board of Zoning Appeals for a family day home to accommodate up to a maximum of twelve (12) children at 430 Old Courthouse Rd NE, in the RS-12.5, single-family residential zoning district. Application filed by Bahareh Ranjbar, owner of Happy Hive Daycare."
2024-06-12,Planning Commission,PC24-236,"Request for recommendation for conditional use permit to the Board of Zoning Appeals for specialized instruction, at 514 and 516 Mill St NE, in the Mill District. Application filed by Renee Pippin, of Pitcher’s Edge LLC, business owner."
2024-06-11,Board of Architectural Review Work Session,BARWS24-081,"120 Cherry St SE & 301 King St Alexandria, VA - Outdoor Dining Design Plan - Work Session"
2024-06-05,Board of Zoning Appeals,BZA-24100,"**Deferred** Request for approval of a variance from Section 18-219 Residential - Single-Unit, 10,000 sq. ft. Zone (RS-10), Building Placement Standards, Rear Yard, of the Town of Vienna Zoning Code, to construct a covered deck, attached to an existing non-conforming single-family dwelling located at 409 East Street NE, in the RS-10, Single-Family Detached Residential zone. The Zoning Code requires that all structures in the Single-Family Residential zoning districts maintain a setback of 35’ from the rear property line. The proposed porch encroaches 19’-2.5” into the setback leaving a setback of 15’-9.5” from the rear property line."
2024-06-05,Board of Zoning Appeals,BZA-24099,"Request for approval of a variance from Section 18-219 Residential - Single-Unit, 10,000 sq. ft. Zone (RS-10), Building Placement Standards, Rear Yard, of the Town of Vienna Zoning Code, to construct a covered deck, attached to an existing single-family dwelling located at 231 Talahi Road SE, in the RS-10, Single-Family Detached Residential zone. The Zoning Code requires that all structures in the Single-Family Residential zoning districts maintain a setback of 35’ from the rear property line. The proposed porch encroaches 8.4’ into the setback leaving a setback of 26.6’ from the rear property line."
2024-06-05,Board of Zoning Appeals,BZA-24098,"Request for approval of a conditional use permit, as required by Section 18-304 of the Vienna Town Code, for a Family Day Home care of up to twelve (12) children at 108 Yeonas Circle SE, in the RS-10, Single-Family Residential zoning district. Application filed by Tania Giviani-Faris and Kami Faris, owners."
2024-06-05,Board of Zoning Appeals,BZA-24097,"Request for approval of a conditional use permit, as required by Section 18-304 of the Vienna Town Code, for a Family Day Home care of up to twelve (12) children at 100 Battle Street SE, in the RS-10, Single-Family Residential zoning district. Application filed by Anastasia Abraham."
2024-06-04,Windover Heights Board of Review,WHRB24-008,Memo to the Planning Commission for Recommendations for the Comprehensive Plan Update
2024-06-04,Windover Heights Board of Review,WHRB24-007,"Request for a Certificate of Appropriateness for New Single Family Detached Dwelling located at 288 Windover Avenue  NW, per Sec. 18-280.4., Docket No WHBR- 1150891-23, in the RS-16, single-family detached residential zoning district; filed by Patrick Ohlhorst of Cloud IX Homes, on behalf of the property owners, Mary & Michael Parks."
2024-05-22,Planning Commission,PC24-235,"Request for recommendation for Conditional Use Permit to the Board of Zoning Appeals for a family day home to accommodate up to a maximum of twelve (12) children at 304 Jade Court NW, in the RS-12.5, single-family residential zoning district. Application filed by Hesham Ibrahim, owner of Adam Home Daycare. Property owned by Choi Dae Woong."
2024-05-16,Board of Architectural Review,BAR24-513,Discussion
2024-05-16,Board of Architectural Review,BAR24-512,144 Maple Ave E - Town of Vienna - Exterior Modification - Temporary Pop-Up Garden.
2024-05-16,Board of Architectural Review,BAR24-511,127 Center St S - Town of Vienna & Capital Bikeshare - Exterior Modification
2024-05-16,Board of Architectural Review,BAR24-510,415 Windover Ave NW- Green Hedges - Exterior Modification - Fence
2024-05-16,Board of Architectural Review,BAR24-509,501 Maple Ave W - Carnegie Diner - Signs & Exterior Modification
2024-05-16,Board of Architectural Review,BAR24-508,234 Maple Ave E - Sushi Oishii - Signs
2024-05-16,Board of Architectural Review,BAR24-507,180 Maple Ave W - Go Health - Signs
2024-05-16,Board of Architectural Review,BAR24-506,386 Maple Ave E - Vienna Gun & Gold - Sign
2024-05-16,Board of Architectural Review,BAR24-505,112 Courthouse Rd SW - LC Massage - Sign
2024-05-15,Board of Zoning Appeals,BZA-24098,"Request for approval of a conditional use permit, as required by Section 18-304 of the Vienna Town Code, for a Family Day Home care of up to twelve (12) children at 108 Yeonas Circle SE, in the RS-10, Single-Family Residential zoning district. Application filed by Tania Giviani-Faris and Kami Faris, owners."
2024-05-15,Board of Zoning Appeals,BZA-24097,"Request for approval of a conditional use permit, as required by Section 18-304 of the Vienna Town Code, for a Family Day Home care of up to twelve (12) children at 100 Battle Street SE, in the RS-10, Single-Family Residential zoning district. Application filed by Anastasia Abraham."
2024-05-08,Planning Commission Work Session,PCWS24-130,Comprehensive Plan Review - Subcommittee Discussion - Group 2: Transportation & Community Facilities
2024-05-07,Windover Heights Board of Review,WHRB24-006,Comprehensive Plan Update
2024-04-24,Planning Commission,PCWS24-129,Comprehensive Plan Review - Subcommittee Discussion - Group 2: Transportation & Community Facilities
2024-04-24,Planning Commission Work Session,PCWS24-129,Comprehensive Plan Review - Subcommittee Discussion - Group 2: Transportation & Community Facilities
2024-04-24,Planning Commission,PC24-234,"Request for recommendation for Conditional Use Permit to the Board of Zoning Appeals for a family day home to accommodate up to a maximum of twelve (12) children at 108 Yeonas Cir SE, in the RS-10, single-family residential zoning district. Application filed by Tania Giviani-Faris & Kambiz Faris, property owners and Happy Younglings Family Daycare owners."
2024-04-18,Board of Architectural Review,BAR24-504,125 Center St S - Dominion - Exterior Modification
2024-04-18,Board of Architectural Review,BAR24-503,401 Maple Ave E - Vienna Tobacco - Sign
2024-04-18,Board of Architectural Review,BAR24-502,386 Maple Ave E - Vienna Gun & Gold - Sign
2024-04-18,Board of Architectural Review,BAR24-501,541 Maple Ave W - Zburger - Sign
2024-04-18,Board of Architectural Review,BAR24-500,112 Courthouse Rd SW - LC Massage - Sign
2024-04-18,Board of Architectural Review,BAR24-499,1007 Electric Ave SE - Navy Federal Credit Union - Exterior Modification
2024-04-18,Board of Architectural Review,BAR24-498,131 Church St NW - Freeman House - Exterior Modification
2024-04-18,Board of Architectural Review,BAR24-497,501 Maple Ave W - Yellow Diner - Exterior Modification (Revision)
2024-04-18,Board of Architectural Review,BAR24-496,138 Maple Ave W - Stretch Zone - Sign
2024-04-18,Board of Architectural Review,BAR24-495,229 Maple Ave E - Mattress Warehouse - Sign
2024-04-18,Board of Architectural Review,BAR24-494,136 Maple Ave W - Pure Green - Sign
2024-04-10,Planning Commission,PC24-232,"Request for recommendation for conditional use permit to the Board of Zoning Appeals for a Family Day Home care of up to twelve (12) children at 100 Battle Street SE, in the RS-10, Single-Family Residential zoning district.  Application filed by Anastasia Abraham, owner."
2024-04-10,Planning Commission,PC24-231,Comprehensive Plan Update: Community Engagement and Data Development
2024-04-10,Planning Commission,PC24-230,Planning Commission Comments to Town Council on Parking Study Utilization and Recommendation Reports
2024-03-21,Board of Architectural Review,BAR24-493,Comprehensive Plan Update
2024-03-21,Board of Architectural Review,BAR24-491,305 Maple Ave W - Iris Building - Master Sign Plan
2024-03-21,Board of Architectural Review,BAR24-490,305 Maple Ave W - Iris Building - Exterior Modifications
2024-03-21,Board of Architectural Review,BAR24-489,124 Maple Ave W - Qamaria Coffee - Signs
2024-03-21,Board of Architectural Review,BAR24-488,440 Maple Ave E - Truist - Sign
2024-03-21,Board of Architectural Review,BAR24-487,203 Maple Ave W - Windover Square - Signs
2024-03-21,Board of Architectural Review,BAR24-486,210 Maple Ave W - Town of Vienna - Exterior Modification
2024-03-21,Board of Architectural Review,BAR24-485,317 Maple Ave W - Town of Vienna - Exterior Modification
2024-03-21,Board of Architectural Review,BAR24-484,136 Maple Ave W - Pure Green - Sign
2024-03-21,Board of Architectural Review,BAR24-483,115 Beulah Rd NE - Vienna Art Academy - Sign
2024-03-21,Board of Architectural Review,BAR24-482,115 Beulah Rd NE - New York School or Arts - Sign
2024-03-21,Board of Architectural Review,BAR24-481,201 Maple Ave E - Citibank - Sign
2024-03-21,Board of Architectural Review,BAR24-480,377 Maple Ave W - The Maple Room - Exterior Modification & Signs (Revisions)
2024-03-21,Board of Architectural Review,BAR24-479,300 Center St S- Bowman House - Exterior Modifications
2024-03-21,Board of Architectural Review,BAR24-478,400 Courthouse Rd SW- Meadow Ln Park- Exterior Modifications
2024-03-20,Board of Architectural Review Work Session,BARWS24-080,144 Maple Ave E - Town Green - Exterior Modifications
2024-03-13,Planning Commission,PC24-229,Staff Update on the Comprehensive Plan Update
2024-03-13,Planning Commission,PC24-228,Parking Study Utilization and Recommendation Reports
2024-03-05,Windover Heights Board of Review,WHRB24-005,Comprehensive Plan Update
2024-02-28,Planning Commission,PC24-227,"Work session on proposed amendments to conditional use permit and modifications of site plan requirements related to proposed changes to the site for Green Hedges School, located at 415 Windover Avenue NW in the RS-12.5 Single-Family Detached Residential Zoning District"
2024-02-23,Board of Architectural Review Work Session,BARWS24-079,Green Hedges School - 415 Windover Ave NW- Work Session - CUP Recommendation
2024-02-21,Board of Zoning Appeals,BZA-24096,"Request for approval of a variance from Section 18-218 Residential - Single-Unit, 12,500 sq. ft. Zone(RS-12.5), Front Yard Setback and Rear Yard Setback, of the Town of Vienna Zoning Code, to construct a garage addition encroaching 4’-8 ¼” in the required 30’ front yard for a setback of 25’-3 ¾”, and a kitchen addition extending 4’-4.5” into the required 35’ rear yard for a setback of 30’-7.5”, to an existing single-family dwelling located at 204 Owaissa Ct SE, in the RS-12.5, Single-Family Detached Residential zone. Filed by Kevin Wrabley, of Heltzel Architects, on behalf of Lauren & Trevor Begley, property owners."
2024-02-15,Board of Architectural Review,BAR24-477,Outdoor Dining Discussion
2024-02-15,Board of Architectural Review,BAR24-476,124 Park St SE - VSC Veterinary Surgical Center - Exterior Modification - Revision
2024-02-15,Board of Architectural Review,BAR24-475,111 Maple Ave W - PR Run & Walk - Signs
2024-02-15,Board of Architectural Review,BAR24-474,139 Church St NW - Bognet - Signs
2024-02-15,Board of Architectural Review,BAR24-473,400 - Courthouse Rd SW - Meadows Ln Park - Exterior Modifications
2024-02-06,Windover Heights Board of Review,WHRB24-004,"Request that the WHBR develop a recommendation to Town Council regarding the necessity of Public Improvements adjacent to the property located at 288 Windover Avenue NW, per Town Code Sec. 18-280.3., Docket No. PF-1150891-WHBR, in the RS-16, single-family detached residential zoning district; filed by Patrick Ohlhorst, of Cloud IX Homes, LLC, on behalf of the applicants, Michael & Mary Parks, property owners."
2024-01-24,Planning Commission,PC24-226,American Planning Association Membership for Planning Commission and Its Members
2024-01-24,Planning Commission,PC24-225,Parking Study Utilization and Recommendation Reports
2024-01-24,Planning Commission,PC24-224,Comprehensive Plan Update Proposed Process
2024-01-23,Windover Heights Board of Review,24-4239,Discussion of Public Improvement requirements on property adjacent to 288 Windover Avenue NW.
2024-01-18,Board of Architectural Review,BAR24-472,820 Follin Ln SE - Navy Federal Credit Union - Sign & Exterior Modification
2024-01-18,Board of Architectural Review,BAR24-471,203 Maple Ave W - Windover Square - Signs
2024-01-18,Board of Architectural Review,BAR24-470,146 Church St NE - Sanctuary Interior Designs- Sign
2024-01-18,Board of Architectural Review,BAR24-469,541 Maple Ave W - ZBurger - Sign
2024-01-18,Board of Architectural Review,BAR24-468,420 Center St S - Townhouse - Exterior Modification
2024-01-18,Board of Architectural Review,BAR24-467,212 Maple Ave E - Wells Fargo Bank - Signs
2024-01-17,Board of Zoning Appeals,BZA-24095,"Request for approval of a variance from Sec. 18-24. - Area requirements., E., Rear yard., of the Town of Vienna Zoning Code, to convert an existing carport to an enclosed garage attached to an existing non-conforming single-family dwelling located at 1001 Pruitt Court SW, in the RS-12.5, Single-Family Detached Residential zone. The Zoning Code requires that all structures in the Single-Family Residential zoning districts maintain a setback of 35’ from the rear property line. If the variance is approved, the proposed garage will retain the existing non-conforming setback of 28’ from the rear property line."
2024-01-10,Planning Commission,PC24-223,"Recommendation to the Town Council on a final plat for a proposed subdivision of two lots into three lots at 445 and 447 Courthouse Rd SW in the RS-16, Single-Family Detached Residential zone"
2024-01-09,Board of Architectural Review Work Session,BARWS24-078,400 Courthouse Road SW - Meadow Lane Park - Exterior Modifications - Work Session
2023-12-21,Board of Architectural Review,BAR23-466,212 Maple Ave E - Wells Fargo Bank - Signs
2023-12-21,Board of Architectural Review,BAR23-465,830 Follin Lane - NFCU - Exterior Modifications
2023-12-21,Board of Architectural Review,BAR23-464,100 Maple Ave E - Park Brothers LLC - Exterior Modifications
2023-12-21,Board of Architectural Review,BAR23-463,201 Maple Ave E - Citibank - Signs
2023-12-21,Board of Architectural Review,BAR23-462,201 Maple Ave E - Citibank - Exterior Modification
2023-12-21,Board of Architectural Review,BAR23-461,804 Tapawingo Rd SW - Townhouse - Exterior Modification
2023-12-21,Board of Architectural Review,BAR23-460,330 Maple Ave W - Thai Mom Restaurant - Sign
2023-12-21,Board of Architectural Review,BAR23-459,169 Glyndon Rd SE - The Virginian Restaurant - Sign
2023-12-21,Board of Architectural Review,BAR23-458,165 Glyndon Rd SE - Viet Aroma Asian Cuisine - Sign
2023-12-21,Board of Architectural Review,BAR23-457,163 Glyndon St SE - Café Renaissance - Sign
2023-12-21,Board of Architectural Review,BAR23-456,159 Glyndon St SE - Vienna Barbers - Sign
2023-12-21,Board of Architectural Review,BAR23-455,157 Glyndon St SE- H&R Block - Signs
2023-12-21,Board of Architectural Review,BAR23-454,153 Glyndon St SE - Natta Thai Cuisine - Sign
2023-12-21,Board of Architectural Review,BAR23-453,227 Maple Ave E - Jammin Java - Sign
2023-12-21,Board of Architectural Review,BAR23-452,513 Maple Ave W - Troika Gastronom- Signs
2023-12-13,Planning Commission,PC23-221,Discussion of the review process of the Comprehensive Plan
2023-12-13,Planning Commission,PC23-220,Consideration of the Draft 2023 Annual Report
2023-12-13,Planning Commission,PC23-219,Election of Planning Commission Officers and Planning Commission Member of the Windover Heights Board of Review
2023-12-05,Windover Heights Board of Review,23-4126,"Request for a recommendation to Town Council for the necessity of Public Improvements adjacent to property located at 288 Windover Avenue NW, per Town Code Sec. 18-280.3, Docket No. PF-1150891-WHBR, in the RS-16, single-family detached residential zoning district; filed by Patrick Ohlhorst, of Cloud IX Homes, LLC, on behalf of the property owners, Michael & Mary Parks."
2023-11-29,Board of Architectural Review Work Session,BARWS23-077,201 Maple Ave E- Citibank- Work Session
2023-11-16,Board of Architectural Review,BAR23-451,Decisions of the Board of Architectural Review
2023-11-16,Board of Architectural Review,BAR23-450,400 Courthouse Rd SW- Meadow Lane Park - Exterior Modifications
2023-11-16,Board of Architectural Review,BAR23-449,201 Maple Ave E - Citibank - Signs
2023-11-16,Board of Architectural Review,BAR23-448,201 Maple Ave E - Citibank - Exterior Modification
2023-11-16,Board of Architectural Review,BAR23-447,377 Maple Ave W - The Maple Room - Revisions ( Exterior Modifications & Signs)
2023-11-16,Board of Architectural Review,BAR23-446,374 Maple Ave W - Tango Pastry - Exterior Modification
2023-11-16,Board of Architectural Review,BAR23-445,128 Maple Ave W - Oh My Dak - Signs
2023-11-16,Board of Architectural Review,BAR23-444,318 Maple Ave W - StretchLAB-Signs
2023-11-16,Board of Architectural Review,BAR23-443,513 Maple Ave W - Dalisay Beauty - Signs
2023-11-08,Planning Commission,PC23-218,Review of Draft Memorandum to Town Council on Recommendations for Code Amendments to Preserve and Enhance Tree Canopy
2023-10-19,Board of Architectural Review,BAR23-442,127-133 Park St NE- Vienna Courts - Exterior Modification
2023-10-19,Board of Architectural Review,BAR23-441,131 Church St- NE - NOVA Parks - Exterior Modifications
2023-10-19,Board of Architectural Review,BAR23-440,400 Council Dr NE- Townhome - Exterior Modifications
2023-10-19,Board of Architectural Review,BAR23-439,377 Maple Ave W - The Maple Room - Exterior Modifications
2023-10-19,Board of Architectural Review,BAR23-438,144 Maple Ave W - Wag & Wash - Signs
2023-10-19,Board of Architectural Review,BAR23-437,233 Maple Ave E - Vivi Bubble Tea - Sign
2023-10-19,Board of Architectural Review,BAR23-436,448 Maple Ave E - The Mixx Delight - Sign
2023-10-19,Board of Architectural Review,BAR23-435,527 Maple Ave W - Norah Boutique - Signs
2023-10-19,Board of Architectural Review,BAR23-434,300 Center St S - Waters Field - Exterior Modification - Revision
2023-10-18,Board of Zoning Appeals,BZA-23094,"Request for approval of a variance from Sec. 18-33. - Area requirements. F., Lot Coverage., of the Town of Vienna Zoning Code, to construct an addition to an existing single-family dwelling located at 826 Glyndon Street SE, in the RS-10, Single-Family Detached Residential zone. The Zoning Code requires that lot coverage in the Single-Family Residential zoning districts not exceed 25% of the total lot size. If the variance is approved, the property will be approved to have a lot of coverage of 29.05%. Application filed by Hossain Kamyab, the property owner."
2023-10-13,Board of Architectural Review Work Session,BARWS23-076,127-133 Park St NE - Vienna Courts - Work Session
2023-10-11,Planning Commission,PC23-217,"Discussion of Potential Code Amendments to Enhance Tree Canopy, For Recommendation to Town Council"
2023-09-28,Board of Architectural Review Work Session,BARWS23-075,101 Maple Avenue E - Patrick Henry Library - Work Session
2023-09-27,Planning Commission,PC23-215,"Public Hearing On Potential Code Amendments to Enhance Tree Canopy, Followed by Discussion"
2023-09-21,Board of Architectural Review,BAR23-433,145 Church St NW - Bognet Construction - Exterior Modification
2023-09-21,Board of Architectural Review,BAR23-432,139 Church St NW - Bognet Constriction - Exterior Modification
2023-09-21,Board of Architectural Review,BAR23-431,419A Maple Ave E - iCode - Sign
2023-09-21,Board of Architectural Review,BAR23-430,374 Maple Ave W - Tango Pastry (Sunrise) - Signs
2023-09-21,Board of Architectural Review,BAR23-429,124 Branch Rd SE - Kaizen MMA - Sign
2023-09-21,Board of Architectural Review,BAR23-428,501 Maple Ave W - Yellow Diner - Signs
2023-09-21,Board of Architectural Review,BAR23-427,308 Maple Ave E - TD Bank - Signs
2023-09-21,Board of Architectural Review,BAR23-426,308 Maple Ave E - TD Bank - Exterior Modifications
2023-09-21,Board of Architectural Review,BAR23-425,377 Maple Ave W - The Maple Room - Exterior Modifications
2023-09-13,Planning Commission,PC23-213,"Presentation and Discussion of Potential Code Amendments to Enhance Tree Canopy, and Amendments to Tree Board and/or Creation of an Independent Tree Commission"
2023-08-23,Planning Commission,PC23-212,Code Create: Review Public Testimony and Develop Final Recommendation Letter to Town Council on Draft Chapter 18 - Zoning and Subdivision
2023-08-17,Board of Architectural Review,BAR23-424,Commonwealth Home Design - 208 Dominion Rd NE - Wall Mural
2023-08-17,Board of Architectural Review,BAR23-423,HBC Tax & Accounting - 360 Maple Ave W Suite D - Sign
2023-08-17,Board of Architectural Review,BAR23-422,Tobacco Lion - 512 Maple Ave W - Sign
2023-08-11,Board of Architectural Review Work Session,BARWS23-074,419A Maple Ave E-iCODE-Work Session
2023-08-02,Planning Commission Work Session,PCWS23-128,Code Create Vienna: Review of public comments on Draft Chapter 18 and Preparation of Recommendations to Town Council
2023-08-01,Windover Heights Board of Review,23-3917,"Request for a Certificate of Appropriateness for exterior alterations to the existing dwelling located at 125 Pleasant St. NW, per Sec. 18-280.4., Docket No WHBR- 1051134-23 in the RS-16, single-family detached residential zoning district; filed by Brad Zombro of Customized Office Enterprises on behalf Charles and Laura Anderson, property owners."
2023-07-20,Board of Architectural Review,BAR23-421,127 Center St S - Recommendations to Town of Vienna for updated Code.
2023-07-20,Board of Architectural Review,BAR23-420,139 Church St NW - Bognet Construction - Exterior Modifications
2023-07-20,Board of Architectural Review,BAR23-419,139 Church St NW - Bognet Construction - Master Sign Plan
2023-07-20,Board of Architectural Review,BAR23-418,319 Mill St NE - Vienna Matclub Inc - Sign
2023-07-20,Board of Architectural Review,BAR23-417,512 Maple Ave W - Tobacco Lion - Signs
2023-07-20,Board of Architectural Review,BAR23-416,377 Maple Ave W - The Maple Room - Exterior Modifications (Revision)
2023-07-19,Board of Zoning Appeals,BZA-23093,"Request for approval of a variance from Sec. 18-24. - Area requirements. E., Rear yard., of the Town of Vienna Zoning Code, to construct a screened porch on the rear of an existing single-family dwelling located at 411 Upham Place, NW, in the RS-12.5, Single-Family Detached Residential zone. The Zoning Code requires a rear setback of 35’; if approved, the screened porch will have a 19’ setback from the property line for a width of 22’. Application filed by Michael Petrusic, property owner."
2023-07-12,Planning Commission Work Session,PCWS23-127,Code Create Vienna: Review of Draft Chapter 18 - Zoning and Subdivision Ordinance
2023-07-12,Planning Commission,PC23-210,Code Create Vienna: Joint Public Hearing (Day 2) on Draft Chapter 18 - Zoning and Subdivision Ordinance.
2023-07-12,Board of Architectural Review Work Session,BARWS23-073,Special Meeting- Recommendation to Town Council Chapter 18 - Zoning and Subdivision Ordinance.
2023-07-11,Windover Heights Board of Review,23-3907,Discuss the exterior alterations to the existing dwelling located at 125 Pleasant St. NW.
2023-07-10,Planning Commission,PC23-211,Code Create Vienna: Joint Public Hearing (Day 1) on Draft Chapter 18 - Zoning and Subdivision Ordinance.
2023-06-28,Planning Commission Work Session,PCWS23-126,Code Create Vienna: Review of Draft Chapter 18 - Zoning and Subdivision Ordinance
2023-06-15,Board of Architectural Review,BAR23-415,Vienna Public Art Foundation - 120 Cherry St SE - Mural
2023-06-15,Board of Architectural Review,BAR23-410,Bognet Construction - 139 Church St NW - Exterior Modification
2023-06-15,Board of Architectural Review,BAR23-409,Bognet Construction - 139 Church St NW - Signs
2023-06-15,Board of Architectural Review,BAR23-408,Vienna Shopping Center - 160 Maple Ave W - Exterior Modification
2023-06-15,Board of Architectural Review,BAR23-407,The Maple Room - 377 Maple Ave W - Signs
2023-06-15,Board of Architectural Review,BAR23-406,The Maple Room - 377 Maple Ave W - Exterior Modification (Revision)
2023-06-15,Board of Architectural Review,BAR23-405,Town of Vienna Property Yard - 600 Mill St NE - Exterior Modification
2023-06-14,Planning Commission,PC23-209,"Request for approval to amend a conditional use permit to install sixteen (16) cell antennas and equipment including screen wall on the roof of the existing building located at 527 Maple Ave E, located in the C-1, Local Commercial zone. 
  **This item has been deferred by the applicant. Notice will be revised when new meeting date is set.**"
2023-06-14,Planning Commission,PC23-208,Code Create Vienna: Review of Draft Chapter 18 - Zoning and Subdivision Ordinance
2023-06-14,Board of Architectural Review Work Session,BARWS23-071,Sign Ordinance update for Code Create - Work Session
2023-06-09,Board of Architectural Review Work Session,BARWS23-070,AT&T Antennas - 527 Maple Ave E - Work Session
2023-05-24,Planning Commission,PC23-207,CERTIFICATE OF OCCUPANCY - 831 Follin Lane SE
2023-05-18,Board of Architectural Review,BAR23-404,FB Meekins Pre-School- 900 Maple Ave E - Exterior Modification
2023-05-18,Board of Architectural Review,BAR23-403,Symmetry Salon - 262 Cedar Ln SE Ste N - Exterior Modifications
2023-05-18,Board of Architectural Review,BAR23-402,Yellow Diner - 501 Maple Ave W - Exterior Modification
2023-05-18,Board of Architectural Review,BAR23-401,Bruster’s Ice Cream - 237 Maple Ave E - Exterior Modification (Revision)
2023-05-18,Board of Architectural Review,BAR23-400,Chase Bank - 315 Maple Ave E - Exterior Modification (Revision)
2023-05-18,Board of Architectural Review,BAR23-399,Karmouche Café - 305 Maple Ave W - Exterior Modification
2023-05-18,Board of Architectural Review,BAR23-398,Principle Gallery - 120 Church St NE - Sign
2023-05-18,Board of Architectural Review,BAR23-397,Symmetry Salon - 262 Cedar Ln SE Ste N - Sign
2023-05-18,Board of Architectural Review,BAR23-396,Vienna Matclub Inc - 319 Mill St NE - Sign
2023-05-18,Board of Architectural Review,BAR23-395,Benjamin Moore - 203 Maple Ave W - Exterior Modifications
2023-05-17,Board of Zoning Appeals,BZA-23092,"309 Moorefield Rd, SW - Request for approval of a variance from Sec. 18-33. - Area requirements., E. Rear yard., of the Zoning Code, to construct a screened porch on the rear of an existing single-family dwelling located at 309 Moorefield Rd, SW, in the RS-10, Single-Family Detached Residential zone. The Zoning Code requires a rear setback of 35’; if approved, the screened porch will have a 21.5’ setback from the property line for a width of 13’. Application filed by Susan and Bruce Olson, property owners."
2023-05-12,Board of Architectural Review Work Session,BARWS23-068,120 Cherry St SE - Vienna Community Center Wall Mural - Work Session
2023-05-10,Planning Commission,PC23-206,Code Create Discussion: Articles 5A & 5B - Development Standards
2023-05-10,Planning Commission,PC23-205,Amend Planning Commission Bylaws and Rules of Procedure
2023-05-05,Board of Architectural Review Work Session,BARWS23-067,127-133 Park St NE - Vienna Courts - Work Session
2023-05-02,Windover Heights Board of Review,23-3776,"Request for a Certificate of Appropriateness to construct a 6 ft. wood fence on the property located at 246 Lawyers Rd NW, Docket No. PF-995193-WHBR, in the RS-16, single-family detached residential zoning district; filed by Meghan Yurchisin, owner."
2023-04-26,Planning Commission,PC23-203,Review of Town Council April 17th discussion of Article 2 and Article 3 provisions
2023-04-26,Planning Commission,PC23-202,Amend Planning Commission Bylaws and Rules of Procedure
2023-04-26,Planning Commission,PC23-201,Code Create Discussion: Articles 5A & 5B - Development Standards
2023-04-26,Board of Architectural Review Work Session,BARWS23-066,120 Cherry St SE - Vienna Community Center Wall Mural - Work Session
2023-04-20,Board of Architectural Review,BAR23-394,Dukas Properties - 527 Maple Ave E - Pylon Sign
2023-04-20,Board of Architectural Review,BAR23-393,Townhouse - 911 Moorefield Hill Grove SW- Exterior Modification
2023-04-20,Board of Architectural Review,BAR23-392,Windover Square- 203 Maple Ave W (106 Lawyers Rd NW-Legal Address) - Exterior Modifications
2023-04-20,Board of Architectural Review,BAR23-391,Council Square Townhouse - 516 Council Ct NE - Exterior Modifications
2023-04-20,Board of Architectural Review,BAR23-390,Courthouse Cottages -117 Courthouse Rd SW - Exterior Modification
2023-04-12,Planning Commission,PC23-200,Code Create Discussion: Articles 4 & 5 - Development Standards
2023-04-12,Planning Commission,23-3717,Amend Planning Commission Bylaws and Rules of Procedure
2023-04-12,Planning Commission,23-3717,Amend Planning Commission Bylaws and Rules of Procedure
2023-04-11,Windover Heights Board of Review,23-3722,"Request for a Certificate of Appropriateness for exterior modifications to existing dwelling located at 220 Lawyers Rd. NW, per Sec. 18-280.4., Docket No. PF-923578-WHBR, in the RS-16, single-family detached residential zoning district; filed by Anwar Maharmeh, of MTES Engineering Service, on behalf of Kemal Atam, property owner."
2023-03-22,Planning Commission Work Session,PCWS23-125,Training and refresher for Planning Commissioners on rules and use of Parliamentary Procedures (Robert’s Rules of Order) during Planning Commission Meetings
2023-03-16,Board of Architectural Review,BAR23-389,Tobacco Vape King - 332 Maple Ave W - Signs
2023-03-16,Board of Architectural Review,BAR23-388,Vienna Matclub Inc. - 319 Mill St NE - Sign
2023-03-16,Board of Architectural Review,BAR23-387,Pizza Vienna - 235 Maple Ave E - Sign
2023-03-16,Board of Architectural Review,BAR23-386,4U Nails - 155 Glyndon St SE - Signs
2023-03-16,Board of Architectural Review,BAR23-385,Monarch - 374 Maple Ave E - Signs
2023-03-16,Board of Architectural Review,BAR23-384,Conte’s Bike Shop - 204 Mill St NE - Signs
2023-03-15,Board of Zoning Appeals,BZA-23090,"101 Cedar Ln. SW - Request for approval of a variance from Sec. 18-17. - Fences., (a) Any fence from the rear lot line to and including the front line of the building shall be no more than six feet (6’) high, of the Zoning Code, to construct a ten-foot (10’) fence on the northeast end of the multi-sport court located at the Cedar Lane School, at 101 Cedar Ln. SW, in the RS-12.5 and RS-10, Single-Family Detached Residential zone. The Zoning Code requires fences within the Town of Vienna be below 6’ in height. Application filed by Navdeep Kaur of Fairfax County Public Schools, and Oscar Leon, of Vienna Youth Soccer."
2023-03-15,Board of Zoning Appeals,BZA-23089,"311 Valeview Ct. NW - Request for approval of a variance from Sec. 18-24. - Area requirements. E. Rear yard., of the Zoning Code, to construct a sunroom on an existing single-family dwelling located at 311 Valeview Ct. NW, in the RS-12.5, Single-Family Detached Residential zone. The Zoning Code requires a rear setback of 35’. Approval for construction of the sunroom would result in an encroachment of 9.6’, thereby having a rear yard setback of 25.4’ on the property. Application filed by David Jacobstein and Eleonora Ibrani, property owners."
2023-03-08,Planning Commission,PC23-199,"Recommendation to Town Council on application for boundary line adjustment and consolidation of parcels for parcels 0393 03110009B (which has no address) and 0393 25 0024, also known as 405 Onondio Circle SE. Application filed by Betsy DeShazo of Caliber Developments LC."
2023-03-08,Planning Commission,PC23-198,Code Create Discussion: Article 4 - Development Standards - Single-Unit Detached Residential Uses and Discussion of Staff Briefing on Maple Avenue setbacks and building heights
2023-02-16,Board of Architectural Review,BAR23-383,Role of the Board of Architectural Review - RE: Conditional Use Permit (CUP) process.
2023-02-16,Board of Architectural Review,BAR23-382,Akai Tori - 234 Maple Ave E - Signs
2023-02-16,Board of Architectural Review,BAR23-381,Bank drive through canopy- 440 Maple Ave E - Exterior Modifications
2023-02-16,Board of Architectural Review,BAR23-380,Dr. Allen Garai - 427 Maple Ave W - Sign
2023-02-15,Board of Zoning Appeals,BZA-23087,"311 Valeview Ct NW - Request for approval of a variance from Sec. 18-24. - Area requirements. E. Rear yard., of the Zoning Code, to construct a sunroom on an existing single-family dwelling located at 311 Valeview Ct. NW, in the RS-12.5, Single-Family Detached Residential zone. The Zoning Code requires a rear setback of 35’. Approval for construction of the sunroom would result in an encroachment of 9.6’, thereby having a rear yard setback of 25.4’ on the property. Application filed by David Jacobstein and Eleonora Ibrani, property owners"
2023-02-08,Planning Commission Work Session,PC23-197,"Code Create Vienna: Review and Discussion of Article 2 - Zones, Districts, and Dimensional Standards and Article 3 - Uses and Use Standards"
2023-02-07,Windover Heights Board of Review,23-3613,"Request for a Certificate of Appropriateness for exterior modifications to existing dwelling located at 220 Lawyers Rd. NW, per Sec. 18-280.4., Docket No. PF-923578-WHBR, in the RS-16, single-family detached residential zoning district; filed by Anwar Maharmeh, of MTES Engineering Service, on behalf of Kemal Atam, property owner."
2023-02-07,Windover Heights Board of Review,23-3602,Meet with the Town Attorney to Discuss FOIA Requirements
2023-01-19,Board of Architectural Review,BAR23-379,Tobacco King - 332 Maple Ave W - Signs
2023-01-19,Board of Architectural Review,BAR23-378,Frame Coffee Roasters - 302 Maple Ave W - Signs
2023-01-19,Board of Architectural Review,BAR23-376,Bank drive through - 440 Maple Ave E - Exterior Modifications
2023-01-19,Board of Architectural Review,BAR23-375,Town Hall - 127 Center St S - Exterior Modification
2023-01-11,Planning Commission,PC22-195,"Staff presentation and discussion of Code Create Articles 1 (Introduction), 6 (Subdivision, Lot Line Adjustments, and Lot Consolidation) and 9 (Definitions)"
2023-01-11,Planning Commission,PC22-193,Consideration of Draft 2022 Annual Report
2022-12-21,Board of Zoning Appeals,BZA-22085,"100 Moore Ave SW - Request for approval of a variance from Section Sec. 18-15. F. Lot Coverage, of the Vienna Town Code, to construct a driveway for an existing single-family dwelling located at 100 Moore Avenue, SW, in the RS-10, Single-Family Detached Residential zone. The Town Code permits a maximum lot coverage of 25%. Approval for construction of the driveway would result in the lot coverage exceeding the 25% limit by 1.11%, thereby having a total of 26.11% on the property. Application filed by Jacqueline Hirschkop Prensky and Mark Funk, property owners"
2022-12-15,Board of Architectural Review,BAR22-373,Tobacco King - 332 Maple Ave W - Signs
2022-12-15,Board of Architectural Review,BAR22-372,Bank drive through Canopy - 440 Maple  Ave E - Exterior Modification
2022-12-15,Board of Architectural Review,BAR22-371,Dr. Goldberg & Associates - 110 Pleasant Ave NW Unit D - Signs
2022-12-15,Board of Architectural Review,BAR22-370,Midnightreats - 167 Glyndon St SE - Signs
2022-12-15,Board of Architectural Review,BAR22-369,Vienna Shopping Center- 138 Maple Ave W- Exterior Modification
2022-12-14,Planning Commission,PC22-194,Amendment of Planning Commission Bylaws and Rules of Procedure related to Election of Officers
2022-12-14,Planning Commission,PC22-192,Discussion and possible election of Chair and Vice Chair
2022-12-14,Planning Commission,PC22-191,Discussion of Comprehensive Plan Review Subcommittees
2022-12-07,Planning Commission Work Session,PCWS22-122,"Code Create: Joint Conference Session of Town Council and Planning Commission, draft articles 7 and 8, overview of proposed districts and zones, issues of Council/Commission concern."
2022-11-30,Board of Architectural Review Work Session,BARWS22-065,101 Maple Ave E - Patrick Henry Library Concept Designs - 2nd BAR Work Session
2022-11-29,Planning Commission Work Session,PCWS22-121,"Discussion of CODE CREATE draft articles 6-8, in joint session of Town Council and Planning Commission"
2022-11-17,Board of Architectural Review,BAR22-368,BAR Secretary Memo
2022-11-17,Board of Architectural Review,BAR22-367,Vienna Market (Revision) - 245 Maple Ave W - Exterior Modification
2022-11-17,Board of Architectural Review,BAR22-366,Compass Real Estate - 245 Maple Ave W- Signs
2022-10-20,Board of Architectural Review,BAR22-365,Vienna Bridge - 131 Church St NE - Exterior Modification
2022-10-20,Board of Architectural Review,BAR22-364,419 Maple Ave E -Retaining Wall - Exterior Modification
2022-10-20,Board of Architectural Review,BAR22-362,Vienna Police Station - 215 Center St S - Sign
2022-10-20,Board of Architectural Review,BAR22-361,Courthouse Cottages - 117 Courthouse Rd SW - Exterior Modification
2022-10-20,Board of Architectural Review,BAR22-360,Vienna Market - 245 Maple Ave W - Exterior Modification
2022-10-20,Board of Architectural Review,BAR22-359,Glyndon Park - 300 Glyndon Park St NE - Exterior Modification
2022-10-12,Windover Heights Board of Review,22-3436,"Request for a Certificate of Appropriateness for a new fence located at 346 Orchard Street NW, per Sec. 18-280.4., Docket No. PF-860000-WHBR, in the RS-16, single-family detached residential zoning district; filed by Sally Ozefovich, property owner."
2022-09-28,Planning Commission,PC22-189,"Recommendation to the Town Council on a final plat for the proposed subdivision of 204 Courthouse Rd SW, into two lots, on property located in the RS-10, Single-Family Detached Residential zone."
2022-09-28,Planning Commission,PC22-188,"Recommendation to the Town Council for site plan modifications of requirements related to the rezoning request to RM-2 Multifamily, Low Density, located at 127-133 Park Street NE (Parcel #s 0382-52-0001, 0002, 0003, 0004,005,006, 0007, 0008, 0009, 0010, 0011, and 0012), for lot coverage, front yard setback, rear yard setback, and minimum lot area requirements."
2022-09-28,Planning Commission,PC22-187,"Public hearing on recommendation to the Town Council for a requested change to the zoning map for twelve parcels, located at 127-133 Park Street NE (Parcel #s 0382-52-0001, 0002, 0003, 0004,005,006, 0007, 0008, 0009, 0010, 0011, and 0012) in the T Transitional zoning district. Requested zoning is RM-2 Multifamily, Low Density."
2022-09-28,Planning Commission,22-3395,Appointment of Planning Commission Member of the WIndover Heights Board of Review
2022-09-21,Board of Zoning Appeals,BZA-22084,"140 Park St SE - Request to amend an existing conditional use permit for an animal hospital per Sections 18-74.E and 18-210.P, for Hope Advanced Veterinary Center, located at 140 Park Street SE, in the C-1, Local Commercial zone."
2022-09-15,Board of Architectural Review,BAR22-358,Sunrise - 374 Maple Ave W - Mural
2022-09-15,Board of Architectural Review,BAR22-357,Restore- 214 Maple Ave W - Exterior Modification
2022-09-15,Board of Architectural Review,BAR22-356,Fosters Grille - 138-A Maple Ave W - Exterior Modification
2022-09-15,Board of Architectural Review,BAR22-355,Water Field - 300 Center St S - Exterior Modification
2022-09-15,Board of Architectural Review,BAR22-354,Glyndon Park - 300 Glyndon St NE - Exterior Modification
2022-09-15,Board of Architectural Review,BAR22-353,DermUtopia- 527 Maple Ave E - Signs
2022-09-01,Board of Architectural Review Work Session,BARWS22-064,Board of Architectural Review (BAR) work session on the Concept Design for the proposed new Patrick Henry Library and Parking Garage.
2022-08-24,Planning Commission,PC22-186,"Presentation on proposed rezoning of 127-133 Park Street NE (Vienna Courts Condos) from T Transitional Zone to RM-2 Multi-Family, Low Density Zone"
2022-08-24,Planning Commission,PC22-185,Amend Planning Commission’s Bylaws & Rules of Procedure
2022-08-24,Planning Commission,PC22-184,"Recommendation by the Planning Commission to the Town Council on the application to modify the current limitation related to required parking in the C-1A, Special Commercial zone on property located at 301 Maple Avenue, West. Application filed by Kim Luu-Tu of White Oak Tower Office Condominium Association."
2022-08-18,Board of Architectural Review,BAR22-351,Truist Bank - 440 Maple Ave E - Exterior Modification
2022-08-18,Board of Architectural Review,BAR22-350,Cedar Park Elementary School - 101 Cedar Ln - Exterior Modification
2022-08-18,Board of Architectural Review,BAR22-349,Trek Bike - 224 Maple Ave E - Signs
2022-08-18,Board of Architectural Review,BAR22-348,DermUtopia - 527 Maple Ave E - Signs
2022-08-18,Board of Architectural Review,BAR22-347,Brusters Real Ice Cream - 237 Maple Ave E - Signs
2022-08-18,Board of Architectural Review,BAR22-346,"Achikiah Goldsmiths, Inc - 110 Pleasant St NW Unit C - Signs"
2022-08-05,Board of Architectural Review Work Session,BARWS22-063,CodeCreate Work Session - Article 12.1 C-1B Pedestrian Commercial Zone - Church Street Vision
2022-07-27,Board of Architectural Review Work Session,BARWS22-062,CodeCreate Work Session - Sign Regulations Article 5 - Development Standards - Non-Residential and Multi-Unit Uses
2022-07-21,Board of Architectural Review,BAR22-345,Smoothie King - 258 Maple Ave E - Signs
2022-07-21,Board of Architectural Review,BAR22-344,Veterinary Surgical Center - 124 Park St SE - Exterior Modification
2022-07-21,Board of Architectural Review,BAR22-343,Restore Hyper Wellness and Cryotherapy - 214 Maple Ave W - Exterior Modification
2022-07-21,Board of Architectural Review,BAR22-342,Truist - 440 Maple Ave E - Signs
2022-07-21,Board of Architectural Review,BAR22-341,Brusters Real Ice Cream - 237 Maple Ave E - Exterior Modification
2022-07-21,Board of Architectural Review,BAR22-340,Glyndon Park - 300 Glyndon St NE - Exterior Modification
2022-07-21,Board of Architectural Review,BAR22-339,Eastern Business Machines - 226 Dominion Rd NE - Exterior Modification
2022-07-21,Board of Architectural Review,BAR22-338,Yellow Diner- 501 Maple Ave W- Exterior Modification
2022-07-21,Board of Architectural Review,BAR22-337,Nozzo Pazzo - 122 Branch Rd SE - Signs
2022-07-21,Board of Architectural Review,BAR22-336,Diane T. Salon - 434 Maple Ave E - Signs
2022-07-21,Board of Architectural Review,BAR22-335,Long & Foster - 438 Maple Ave E - Signs
2022-07-20,Board of Zoning Appeals,BZA-22083,140 Park Street SE - Conditional Use Permit
2022-07-12,Windover Heights Board of Review,22-3280,WHBR - 5 year New Single Family Dwelling Reviews
2022-07-12,Windover Heights Board of Review,22-3279,"Request for a Certificate of Appropriateness for a new fence, located at 305 Salsbury Lane NW, per Sec. 18-280.4., Docket No. PF-787936-WHBR, in the RS-16, single-family detached residential zoning district; filed by Andres Quintero, property owner.

Proposed/Suggested Motion"
2022-07-12,Windover Heights Board of Review,22-3278,"Request for a Certificate of Appropriateness for New Single Family Detached Dwelling located at 246 Lawyers Rd. NW, per Sec. 18-280.4., Docket No. PF-760130-WHBR, in the RS-16, single-family detached residential zoning district; filed by Melanie Sfreddo, of The Evergreene Companies, LLC, on behalf of Jerome Yurchisin, property owner.

Proposed/Suggested Motion"
2022-06-22,Planning Commission,PC22-182,Discussion of Progress of Comprehensive Plan Subcommittees
2022-06-22,Planning Commission,PC22-180,"Recommendation to the Board of Zoning Appeals to amend an existing conditional use permit for an animal hospital per Sections 18-74.E and 18-210.P, for Hope Advanced Veterinary Center, located at 140 Park Street SE, in the C-1, Local Commercial zone."
2022-06-16,Board of Architectural Review,BAR22-333,126 Branch Rd SE - Massage Envy - Sign
2022-06-16,Board of Architectural Review,BAR22-332,252 Maple Ave W - Shell Gas Station - Signs
2022-06-16,Board of Architectural Review,BAR22-331,527 Maple Ave E - VHC Health Physicians - Sign
2022-06-16,Board of Architectural Review,BAR22-330,434 Maple Ave E - Diane T. Salon - Sign
2022-06-16,Board of Architectural Review,BAR22-329,438 Maple Ave E - Long and Foster - Sign
2022-06-16,Board of Architectural Review,BAR22-328,110 Market Sq NW - Solar Panels
2022-06-16,Board of Architectural Review,BAR22-327,374 Maple Ave W - Sunrise Senior Living - Exterior Modification Revision
2022-06-07,Windover Heights Board of Review,22-3190,Electronic Participation Resolution for Windover Heights Board of Review
2022-06-07,Windover Heights Board of Review,22-3189,"Request for a Certificate of Appropriateness for a New Single-Family Detached Dwelling located at 246 Lawyers Rd. NW, per Sec. 18-280.4., Docket No. PF-760130-WHBR, in the RS-16, single-family detached residential zoning district; filed by Melanie Sfreddo, of The Evergreene Companies, LLC, on behalf of Jerome Yurchisin, property owner."
2022-05-19,Board of Architectural Review,BAR22-326,122 Branch Rd SE - Nozzo Pazzo - Signs
2022-05-19,Board of Architectural Review,BAR22-325,517 Maple Ave W - Hair by DV - Signs
2022-05-19,Board of Architectural Review,BAR22-324,142 Branch Rd SE - Big Buns - Exterior Modification
2022-05-19,Board of Architectural Review,BAR22-323,258 Maple Ave E - Smoothie King - Exterior Modification
2022-05-19,Board of Architectural Review,BAR22-322,150 Branch Rd SE - Danor Plaza - Signs
2022-05-19,Board of Architectural Review,BAR22-321,418 Maple Ave E - Cava - Signs
2022-05-19,Board of Architectural Review,BAR22-320,361 Maple Ave W - Sampson Properties - Signs
2022-05-19,Board of Architectural Review,BAR22-319,300 Center St - Water Field - Exterior Modification
2022-05-19,Board of Architectural Review,BAR22-318,374 Maple Ave W - Sunrise Senior Living - Signs
2022-05-19,Board of Architectural Review,BAR22-317,374 Maple Ave W - Sunrise Senior Living - Revised Exterior Modification
2022-05-19,Board of Architectural Review,BAR22-316,101 Maple Ave E - Patrick Henry Library - Exterior Modification
2022-05-19,Board of Architectural Review,BAR22-315,226 Maple Ave W - Burapa Thai & Bar - Signs
2022-05-19,Board of Architectural Review,BAR22-314,107 Maple Ave W - Donutchew - Signs
2022-05-18,Board of Zoning Appeals,BZA-22081,"374 Maple Ave E - Request for approval to amend a conditional use permit per Section § 18-209. to remove three (3) existing cell antennas and equipment including stealth flagpole and install nine (9) new cell antennas, equipment, and screen wall on the roof of the existing building located at 374 Maple Ave E, located in the C-1A, Special Commercial zone."
2022-05-18,Board of Zoning Appeals,BZA-22080,"142 Branch Rd SE- Request for approval of a conditional use permit per Section(s) § 18-74., 18-210. and 18-209.  of the Vienna Town Code for outdoor seating for Big Buns restaurant, located at 142 Branch Rd SE, in the C-2, General Commercial, C-1A, Special Commercial and RS-10, Single Family Detached Residential zones."
2022-05-11,Planning Commission Work Session,PCWS22-119,"Work Session on proposed amendments to conditional use permit for Green Hedges School, located at 415 Windover Avenue NW in the RS-12.5 Single-Family Detached Residential zoning district, related to changes to school site with potential new buildings and expansion of existing buildings"
2022-05-11,Planning Commission,PC22-178,"Joint Public Hearing with the Planning Commission on May 11, 2022 for Text Amendments Related to Outdoor Dining in Sections 18-72, 18-74, and 18-210."
2022-04-27,Planning Commission Work Session,PCWS22-118,"Work session on consideration of a zoning ordinance text amendment related to outdoor dining, regulated in Section 18-72, Section 18-74, and Section 18-210 of Chapter 18 of the Town Code."
2022-04-27,Planning Commission,PC22-177,"Recommendation by the Planning Commission to the Board of Zoning Appeals for a conditional use permit for outdoor seating for Big Buns restaurant, located at 142 Branch Rd SE, in the C-2, General Commercial, C-1A, Special Commercial and RS-10, Single Family Detached Residential zones. Application filed by Dan Kiser of X-Pediters Plus Inc, representative for Big Buns."
2022-04-27,Planning Commission,PC22-176,"Recommendation by the Planning Commission to the Board of Zoning Appeals to amend a conditional use permit to remove three (3) existing cell antennas and equipment including stealth flagpole and install nine (9) new cell antennas, equipment, and screen wall on the roof of the existing building located at 374 Maple Ave E, located in the C-1A, Special Commercial zone. Application filed by Katherine Blackwood of Network Building + Consulting representative for Sprint."
2022-04-21,Board of Architectural Review,BAR22-311,377 Maple Ave W- The Maple Room- Exterior Modification/ Signs
2022-04-21,Board of Architectural Review,BAR22-310,101 Maple Ave E- Patrick Henry Library- Mural *Application Withdrawn by Applicant*
2022-04-21,Board of Architectural Review,BAR22-309,625 Marshall Rd SW- Vienna Aquatics- Exterior Modifications
2022-04-21,Board of Architectural Review,BAR22-308,374 Maple Ave E- Sprint- Exterior Modification
2022-04-21,Board of Architectural Review,BAR22-307,226 Maple Ave W Ste 100- Burapa Thai and Bar LLC- Sign
2022-04-21,Board of Architectural Review,BAR22-306,513 Maple Ave W- Coco Soda Sweets- Sign
2022-04-21,Board of Architectural Review,BAR22-305,107 Maple Ave W- Donutchew- Signs
2022-04-21,Board of Architectural Review,BAR22-304,512 Maple Ave W- Alma Beauty- Signs
2022-04-21,Board of Architectural Review,BAR22-302,322 Maple Ave W- F45- Signs
2022-04-21,Board of Architectural Review,BAR22-299,512 Maple Ave W - Galaxy Dancer Center - New Sign
2022-04-20,Board of Zoning Appeals,BZA-22079,"324 Nutley St NW- Louise Archer Middle School request for Conditional use permit for renovation and expansion of Louise Archer Elementary School, to include temporary construction classrooms during construction, located at 324 Nutley Street NW, in the RS-12.5 Single-family Detached Residential Zone"
2022-04-13,Board of Architectural Review Work Session,BAR22-311,377 Maple Ave W- The Maple Room- Exterior Modification/ Signs
2022-03-30,Planning Commission Work Session,PCWS22-117,"6:45 - 7:45 pm CODE CREATE Vienna: Discuss Article 3, Multi-Unit and Non-Residential Uses"
2022-03-30,Planning Commission Work Session,PCWS22-116,"7:45 - 8:45 pm CODE CREATE Vienna: Discuss Article 5, Multi-Unit and Non-Residential Development Standards"
2022-03-30,Planning Commission Work Session,PCWS22-115,6:30 - 6:45 pm CODE CREATE Vienna: Introduction and Overview
2022-03-30,Planning Commission Work Session,PCWS22-114,9:15 - 9:30 pm CODE CREATE Vienna: Discuss Next Steps
2022-03-30,Planning Commission Work Session,PCWS22-113,8:45 - 9:15 pm CODE CREATE Vienna: Discuss Parking Memo
2022-03-30,Board of Architectural Review Work Session,BARWS22-060,377 Maple Ave W - The Maple Room - Exterior Modifications
2022-03-30,Board of Architectural Review Work Session,BARWS22-060,377 Maple Ave W - The Maple Room - Exterior Modifications
2022-03-23,Planning Commission,PC22-175,"Recommendation to Town Council on final plat for 2-lot re-subdivision of 2 existing lots, located at 841 Ninovan Road SE, in the RS-10 Single-Family Detached Residential ZonE"
2022-03-17,Board of Architectural Review,BAR22-301,320 Maple Ave E Ste E- Cora Homes - New Sign
2022-03-17,Board of Architectural Review,BAR22-300,322 Maple Ave W - F45 - Signs
2022-03-17,Board of Architectural Review,BAR22-299,512 Maple Ave W - Galaxy Dancer Center - New Sign
2022-03-17,Board of Architectural Review,BAR22-298,117 Courthouse Rd SW - Exterior Modifications - Courthouse Cottages
2022-03-16,Board of Zoning Appeals,BZA-22076,377 Maple Ave W - The Maple Room - Conditional Use Permit - Outdoor Seating
2022-03-16,Board of Zoning Appeals,BZA-22075,"Public Hearing for Consideration of Request for Conditional Use Permit for School Use related to Renovation and Expansion of Louise Archer Elementary School, Located at 324 Nutley Street NW, in the RS-12.5 Single-Family Detached Residential Zoning District	

**This agenda items will NOT be heard at the Wednesday March 16, 2022, Board of Zoning Appeals meeting.  It will be re-scheduled to be heard at a later date. **"
2022-03-11,Board of Architectural Review Work Session,BARWS22-059,501 Maple Ave W - Yellow Diner - Exterior Modifications
2022-03-01,Board of Architectural Review Work Session,BARWS22-058,117 Courthouse Rd SW - Courthouse Cottages - Exterior Modifications
2022-02-23,Planning Commission,PC22-173,"Recommendation by the Planning Commission to the Town Council for modifications of requirement related to required parking in the C-1A, Special Commercial zone on property located at 301 Maple Avenue, West. Application filed by Kim Luu-Tu of White Oak Tower Office Condominium Association."
2022-02-23,Planning Commission,PC22-172,"Recommendation by the Planning Commission to the Board of Zoning Appeals for conditional use permit for outdoor seating for Maple Room restaurant, located at 377 Maple Avenue West, in the C-1, Local Commercial zone. Application filed by John Gaston, Paramount Construction Services, on behalf of Sarantis Properties, owner."
2022-02-23,Planning Commission,PC22-169,"Recommendation of the Planning Commission to Town Council for site plan modifications of requirements related to Renovation and Expansion of Louise Archer Elementary School, located at 324 Nutley Street NW. Application filed by John Cummings of Rinker Design Associates, PC on behalf of Fairfax County Public Schools, owner."
2022-02-23,Planning Commission,PC22-168,"Recommendation of the Planning Commission to the Board of Zoning Appeals for Conditional Use Permit for Renovation and Expansion of Louise Archer Elementary School, located at 324 Nutley Street NW, in the RS-12.5, Single-Family Detached Residential zone. Application Filed by John Cummings of Rinker Design Associates, PC on behalf of Fairfax County Public Schools, owners."
2022-02-17,Board of Architectural Review,BAR22-296,410 Maple Ave E - Vienna Gas & Auto Care - Exterior Modification
2022-02-17,Board of Architectural Review,BAR22-295,100 Maple Ave E - Somerset Trust - Exterior Modifications and Sign
2022-02-17,Board of Architectural Review,BAR22-294,212-218 Locust St SE - Park Terrace Condominiums - Exterior Modification
2022-02-17,Board of Architectural Review,BAR22-293,1001 Park St SE - Cunningham Park Elementary School - Exterior Modification
2022-02-17,Board of Architectural Review,BAR22-292,155 B Maple Ave W - Bubble Mochi - Signs
2022-02-17,Board of Architectural Review,BAR22-291,106 Lawyers Rd NW - 29th Parallel - Sign
2022-02-17,Board of Architectural Review,BAR22-290,354 Maple Ave W - Tobacco Hut - Signs
2022-02-17,Board of Architectural Review,BAR22-289,324 Nutley St NW - Louise Archer Elementary School - Exterior Modifications
2022-02-17,Board of Architectural Review,BAR22-288,431 Maple Ave W - Removary Tattoo - Sign
2022-02-11,Board of Architectural Review Work Session,BARWS22-057,"374 Maple Ave E - Sprint - Exterior Modifications:  Antenna screening, new antennas."
2022-02-09,Planning Commission,PC22-167,Public Hearing on Recommendation to Town Council on Proposed Medical Testing Zoning Text Amendment
2022-01-26,Planning Commission Work Session,PCWS22-112,CODE CREATE VIENNA - Review and Discussion of Articles 3 & 4 related to Single-Unit Residential Standards and Uses
2022-01-20,Board of Architectural Review,BAR22-287,Board of Architectural Review - Electronic Participation Policy Resolution
2022-01-20,Board of Architectural Review,BAR22-286,431 Maple Ave W - Removery Tattoo - Sign
2022-01-20,Board of Architectural Review,BAR22-285,360 Maple Ave W - RX Wellness - Sign
2022-01-20,Board of Architectural Review,BAR22-284,315 Maple Ave E - Chase Bank - Exterior Modifications
2022-01-19,Board of Zoning Appeals,BZA-22074,"543 Beulah Rd NE - Request approval of a conditional use permit from Section §18-22, §18-13.A, and §18-210 of the Vienna Town Code for a hypothermia shelter, as part of operations of a church."
2022-01-12,Planning Commission,PC22-166,Consideration of Draft 2021 Annual Report
2022-01-12,Planning Commission,PC22-165,"Recommendation to Board of Zoning Appeals for a conditional use permit for a hypothermia shelter, as part of operations of a church"
2021-12-29,Board of Architectural Review Work Session,BARWS22-056,415 Church St NE - Carient Heart & Vascular
2021-12-29,Board of Architectural Review Work Session,BARWS22-055,"Resolution for Continuity of Government - December 29, 2021"
2021-12-16,Board of Architectural Review,BAR21-283,315 Maple Ave E - Exterior Modifications & Signage - Chase Bank
2021-12-16,Board of Architectural Review,BAR21-282,142 Branch Rd SE - Sign Revision - Big Buns
2021-12-16,Board of Architectural Review,BAR21-281,"Resolution for Continuity of Government - December 16, 2021"
2021-12-15,Board of Zoning Appeals,BZA-21073,"Resolution for Continuity of Government - December 15, 2021"
2021-12-15,Board of Zoning Appeals,BZA-21072,315 Maple Ave E - Conditional Use Permit - Drive Through Facility
2021-12-14,Board of Architectural Review Work Session,BARWS21-054,"Resolution for Continuity of Government - December 16, 2021"
2021-12-14,Board of Architectural Review Work Session,BARWS21-053,324 Nutley St NW - Louise Archer ES
2021-12-08,Planning Commission Work Session,PCWS21-111,Resolution for Continuity of Government. Comprehensive plan amendment subcommittee work session - Land Use and Economic Development
2021-12-08,Planning Commission,PC21-164,Resolution for Continuity of Government
2021-12-08,Planning Commission,PC21-163,"Public Hearing on Recommendations to Town Council for Request of a Zoning Ordinance Text Amendment for Sections 18-15 and 18-168, Related to Lot Coverage and Porch Projections into the Front Yard"
2021-12-08,Planning Commission,PC21-163,"Public Hearing on Recommendations to Town Council for Request of a Zoning Ordinance Text Amendment for Sections 18-15 and 18-168, Related to Lot Coverage and Porch Projections into the Front Yard"
2021-11-18,Board of Architectural Review,BAR21-280,"Continuity of Government - November 18, 2021"
2021-11-18,Board of Architectural Review,BAR21-278,222 Maple Ave W - Subway - Sign
2021-11-18,Board of Architectural Review,BAR21-277,142 Branch Rd SE - Big Buns - Signs
2021-11-18,Board of Architectural Review,BAR21-276,136 Maple Ave W - Asurion - Signs
2021-11-18,Board of Architectural Review,BAR21-275,436-438 Maple Ave E - Wolftrappe Shops - Exterior Modifications
2021-11-18,Board of Architectural Review,BAR21-274,435 Maple Ave W - Hawk & Griffin - Exterior Modifications
2021-11-18,Board of Architectural Review,BAR21-273,211 Mill St NE - Dulles Kitchen & Bath - Exterior Modification
2021-11-10,Planning Commission,PC21-162,Resolution for Continuity of Government
2021-11-10,Planning Commission,PC21-161,"Public Hearing on Recommendations to Town Council for Request of a Zoning Ordinance Text Amendment for Sections 18-15 and 18-168, Related to Lot Coverage and Porch Projections into the Front Yard"
2021-11-09,Board of Architectural Review Work Session,BARWS21-052,117 Courthouse Rd SW - Courthouse Cottages - Exterior Modification
2021-11-09,Board of Architectural Review Work Session,BARWS21-051,"Continuity of Government - Board of Architectural Review Work Session - Nov 9, 2021"
2021-11-03,Planning Commission,PC21-159,Resolution for Continuity of Government.
2021-11-03,Planning Commission,PC21-158,"Public hearing on recommendation to Town Council for request for a zoning ordinance text amendment for Section 18-72 and Section 18-210, related to the allowance of outdoor dining"
2021-10-21,Board of Architectural Review,BAR21-272,430 - 444 Maple Ave W - 444 Maple (MAC Development) - Exterior Modifications
2021-10-21,Board of Architectural Review,BAR21-271,131 Maple Ave W - Royal Nepal Bistro - Signs
2021-10-21,Board of Architectural Review,BAR21-270,320 Maple Ave W - Yama Chen - Sign
2021-10-21,Board of Architectural Review,BAR21-269,436-438 Maple Ave E - Wolfetrappe Shops - Signs and Exterior Modification
2021-10-21,Board of Architectural Review,BAR21-268,410 Maple Ave E - Vienna Gas and Auto - Exterior Modification
2021-10-21,Board of Architectural Review,BAR21-267,402 Maple Ave W - Expressions Music Academy - Sign & Exterior Modification
2021-10-21,Board of Architectural Review,BAR21-266,211 Mill St NE - Dulles Kitchen & Bath - Sign & Exterior Modification
2021-10-21,Board of Architectural Review,BAR21-265,"October 21, 2021 - BAR Continuity of Government"
2021-10-20,Board of Zoning Appeals,BZA-21071,124 Park St NE - Conditional Use Permit: Hypothermia Shelter
2021-10-20,Board of Zoning Appeals,BZA-21070,"Continuity of Government - October 20, 2021"
2021-10-19,Board of Architectural Review Work Session,BARWS21-050,324 Nutley St NW - Louise Archer Elementary School - Exterior Modification
2021-10-19,Board of Architectural Review Work Session,BARWS21-049,Resolution for Continuity of Government
2021-10-13,Planning Commission Work Session,PCWS21-107,"Work session on potential rezoning of 127-133 Park Street NE (Vienna Courts Condos) from T Transitional Zone to RM-2 Multi-Family, Low Density Zone"
2021-10-13,Planning Commission Work Session,PCWS21-106,Resolution for Continuity of Government.
2021-10-13,Planning Commission Work Session,PCWS21-105,Resolution for Continuity of Government. Comprehensive plan amendment subcommittee work session - Environment & Sustainability and Parks & Recreation
2021-10-13,Planning Commission Work Session,PCWS21-104,Resolution for Continuity of Government. Comprehensive plan amendment subcommittee work session - Transportation and Community Facilities
2021-10-13,Planning Commission Work Session,PCWS21-103,"Work session on consideration of a zoning ordinance text amendment for Section 18-72 and Section 18-210, related to the allowance of outdoor dining"
2021-09-22,Planning Commission,PC21-154,Resolution for Continuity of Government
2021-09-22,Planning Commission,PC21-153,"Recommendation to the Board of Zoning Appeals for a conditional use permit for the re-approval of an annual one to two week-long Hypothermia Shelter operated in partnership with Fairfax County staff, beginning February 2022, and situated within the Vienna Presbyterian Church on property located at 124 Park Street NE, within the RS-12.5, Single-Family Detached Residential, C-1B, Pedestrian Commercial, C-1A, Special Commercial and C-2, General Commercial zones."
2021-09-21,Board of Architectural Review Work Session,BARWS21-048,444 Maple Ave W - Exterior Modification - Mixed Use
2021-09-21,Board of Architectural Review Work Session,BARWS21-047,"Resolution for Continuity of Government - September 21, 2021"
2021-09-16,Board of Architectural Review,BAR21-264,211Center St S. - Bowman House - Roof Color Revision
2021-09-16,Board of Architectural Review,BAR21-263,215 Center St S. - Vienna Police Dept - Roof Color Revision
2021-09-16,Board of Architectural Review,BAR21-262,140 Church St NW - Trace - the Zero Waste Store - Sign
2021-09-16,Board of Architectural Review,BAR21-261,415 Windover Ave NW - Green Hedges School - Exterior Modification (fence)
2021-09-16,Board of Architectural Review,BAR21-260,"110 Pleasant St NW Unit C - Achikian Goldsmiths, Inc.- Sign"
2021-09-16,Board of Architectural Review,BAR21-259,100 Maple Ave E - Park Brothers LLC - Exterior Modification (fence)
2021-09-16,Board of Architectural Review,BAR21-258,448 Maple Ave E - Madeline Proust Baker - Sign
2021-09-16,Board of Architectural Review,BAR21-257,"Board of Architectural Review - Continuity of Government Sept 16, 2021"
2021-09-14,Board of Zoning Appeals,BZA-21068,BZA  - Board Member Electronic Participation Discussion
2021-09-14,Board of Zoning Appeals,BZA-21067,"Applicant requests deferral of public hearing for request for a conditional use permit for a drive-through facility for Chase Bank on property located at 315 Maple Avenue East, in the C-2 General Commercial zone. Application filed by Michelle Rosati of Holland and Knight on behalf of Chase Bank"
2021-09-14,Board of Zoning Appeals,BZA-21066,100 Ayr Hill Ave NE (301 Center St N) - Child Day Center
2021-09-14,Board of Zoning Appeals,BZA-21065,"BZA Resolution for Continuity of Government - September 14, 2021"
2021-09-14,Board of Zoning Appeals,BZA-21064,1001 Mountfort Ct SW - Request for a Variance
2021-09-14,Board of Zoning Appeals,BZA-21063,131 Wilmar Pl NW - Request for a Variance
2021-09-14,Board of Zoning Appeals,BZA-21062,205 James Dr SW - Request for a Variance.
2021-09-08,Planning Commission Work Session,PCWS21-102,Resolution for Continuity of Government. Comprehensive plan amendment subcommittee work session - Transportation and Community Facilities
2021-08-31,Planning Commission Work Session,PCWS21-096,8:50 - 9:00 pm CODE CREATE Vienna:  Next Steps
2021-08-31,Planning Commission Work Session,PCWS21-095,8:00 - 8:50 pm CODE CREATE Vienna:  General Overview of Article 5 - Development Standards Non-Residential and Discussion of Parking Memos
2021-08-31,Planning Commission Work Session,PCWS21-094,7:00 - 7:50 pm CODE CREATE Vienna:  Review and Discussion of Article 3 - Uses and Use Standards
2021-08-31,Planning Commission Work Session,PCWS21-093,"6:10 - 7:00 pm CODE CREATE Vienna:  Review and Discussion of Article 2 - Non-Residential Zones, Districts and Dimensional Standards"
2021-08-31,Planning Commission Work Session,PCWS21-092,6:00 - 6:10 pm CODE CREATE Vienna:  Introduction and Overview
2021-08-27,Board of Architectural Review Work Session,BARWS21-044,374 Maple Ave W - Exterior Modifications
2021-08-27,Board of Architectural Review Work Session,BARWS21-043,Board of Architectural - Continuity of Government
2021-08-25,Planning Commission,PC21-152,Resolution for continuity of government
2021-08-25,Planning Commission,PC21-151,"Recommendation to the Town Council for site plan modifications of requirements related to RM-2 Multifamily, Low Density rezoning request, located at 117-121 Courthouse Road SW, for lot coverage, front yard setback, rear yard setback, and minimum lot area requirements."
2021-08-25,Planning Commission,PC21-150,"Public hearing on a requested change to the zoning map for three parcels, located at 117 Courthouse Road SW (Parcel # 0384 02 0032A), 119 Courthouse Road SW (Parcel # 0384 02 0057A) , and 121 Courthouse Road SW (Parcel # 0384 02 0057B) in the RS-10 Single-Family Detached Residential zoning district. Requested zoning is RM-2 Multifamily, Low Density"
2021-08-25,Planning Commission,PC21-149,"Recommendation to Board of Zoning Appeals for request of conditional use permit for a child day center (referred to as nursery and kindergarten schools, private in Town Code), located at Vienna Assembly of god church at 100 Ayr Hill Avenue NE (also addressed as 301 Center Street North)"
2021-08-25,Planning Commission,PC21-147,"Recommendation to Board of Zoning Appeals for request of conditional use permit for a two-Lane drive-through ATM facility located at 315 Maple Avenue East, associated with proposed new Chase Bank Building"
2021-08-19,Board of Architectural Review Work Session,BARWS21-042,315 Maple Ave E - Chase Bank - Exterior Modifications
2021-08-19,Board of Architectural Review Work Session,BARWS21-041,Board of Architectural Review - Continuity of Government
2021-08-19,Board of Architectural Review,BAR21-256,200 Maple Ave E -Chit Chat Café (Mobil Gas) - Signs
2021-08-19,Board of Architectural Review,BAR21-255,131 Patrick St SE (260-280 Cedar Ln SE) - Cedar Park Shopping Center - Exterior Modifications
2021-08-19,Board of Architectural Review,BAR21-254,410 Maple Ave E - Vienna Gas & Auto - Signs
2021-08-19,Board of Architectural Review,BAR21-253,140 Church St NW - Trace - the Zero Waste Store - Sign
2021-08-19,Board of Architectural Review,BAR21-252,100 Maple Ave E - Somerset Trust - Signs
2021-08-19,Board of Architectural Review,BAR21-251,515 Maple Ave E - Truist Bank - Signs
2021-08-19,Board of Architectural Review,BAR21-250,215 Center St S - Vienna Police Station - Fence
2021-08-19,Board of Architectural Review,BAR21-249,435 Maple Ave W - Chahel Automotive - Sign
2021-08-19,Board of Architectural Review,BAR21-248,211 Mill St NE - Dulles Kitchen and Bath - Sign
2021-08-19,Board of Architectural Review,BAR21-247,Board of Architectural Review - Continuity of Government
2021-08-17,Board of Architectural Review Work Session,BARWS21-040,444 Maple Ave W - Exterior Modifications - Mixed-Use
2021-08-17,Board of Architectural Review Work Session,BARWS21-039,Board of Architectural Review - Continuity of Government
2021-08-11,Planning Commission Work Session,PCWS21-088,Resolution for Continuity of Government. Comprehensive plan amendment subcommittee work session - TRANSPORTATION & COMMUNITY FACILITIES
2021-08-11,Planning Commission,PC21-148,Election of Officers for vice chair
2021-08-11,Planning Commission,PC21-146,Update of Electronic Participation Resolution for Planning Commission
2021-08-11,Planning Commission,PC21-145,Amend Planning Commission Bylaws & Rules of Procedures
2021-08-11,Planning Commission,PC21-144,Resolution for Continuity of Government
2021-07-21,Board of Zoning Appeals,BZA-21060,1001 Mountfort Ct SW - Request for a Variance
2021-07-21,Board of Zoning Appeals,BZA-21059,131 Wilmar Pl NW - Request for a Variance
2021-07-21,Board of Zoning Appeals,BZA-21058,205 James Dr SW - Request for a Variance.
2021-07-21,Board of Zoning Appeals,BZA-21057,305 Jade Ct NW - Request for a Conditional Use Permit
2021-07-21,Board of Zoning Appeals,BZA-21056,"BZA Resolution for Continuity of Government - July 21, 2021"
2021-07-15,Board of Architectural Review,BAR21-246,444 Maple Ave W - Exterior Modification
2021-07-15,Board of Architectural Review,BAR21-245,300 Mill St NE - CubeSmart - Signs
2021-07-15,Board of Architectural Review,BAR21-244,435 Maple Ave W - Chahel Automotive - Sign
2021-07-15,Board of Architectural Review,BAR21-243,211 Mill St  NE - Dulles Kitchen and Bath - Sign
2021-07-15,Board of Architectural Review,BAR21-242,"Board of Architectural Review - July 15, 2021 Continuity of Government"
2021-06-23,Planning Commission Work Session,PCWS21-087,Resolution for Continuity of Government
2021-06-23,Planning Commission Work Session,PCWS21-086,Work Session to discuss Planning Commission Bylaws and Rules of Procedure
2021-06-23,Planning Commission,PC21-142,Resolution for Continuity of Government
2021-06-23,Planning Commission,PC21-141,"Recommendation to the Board of Zoning Appeals for renewal of a conditional use permit for a Family Day Home for up to twelve (12) children on property located at 305 Jade Court NW, in the RS-12.5, Single Family Detached Residential zone. Application filed by Zeinab Salem, business owner of Zeinab Home Daycare."
2021-06-17,Board of Architectural Review,BAR21-241,333 Maple Ave E - Sign - Amity Nail Spa
2021-06-17,Board of Architectural Review,BAR21-240,800 Maple Ave E - Exterior Modification - Westwood Country Club
2021-06-17,Board of Architectural Review,BAR21-239,211 Mill St NE - Sign - Dulles Kitchen and Bath
2021-06-17,Board of Architectural Review,BAR21-238,301 Maple Ave W - Exterior Modification
2021-06-17,Board of Architectural Review,BAR21-237,396 Maple Ave E - Sign - Monarch Custom Homes
2021-06-17,Board of Architectural Review,BAR21-236,804 Tapawingo Rd SW - Exterior Modification
2021-06-17,Board of Architectural Review,BAR21-235,211 Center St S.- Exterior Modification - Bowman House
2021-06-17,Board of Architectural Review,BAR21-234,245 Maple Ave W - Exterior Modification Revision - Vienna Market
2021-06-17,Board of Architectural Review,BAR21-233,Board of Architectural Review - Continuity of Government
2021-06-09,Planning Commission Work Session,PCWS21-085,Resolution for Continuity of Government. Comprehensive Plan Amendment Subcommittee Work Session - Environment & Sustainability and Parks & Recreation
2021-06-09,Planning Commission Work Session,PCWS21-083,Resolution for Continuity of Government. Comprehensive plan amendment subcommittee work session - Land Use & Economic Development
2021-05-26,Planning Commission Work Session,PCWS21-081,Work Session Resolution for Continuity of Government
2021-05-26,Planning Commission Work Session,PCWS21-080,Planning Commission Work Session on CODE CREATE Vienna
2021-05-19,Board of Zoning Appeals,BZA-21055,124 Park St SE - Conditional Use Permit
2021-05-19,Board of Zoning Appeals,BZA-21054,416 Council Dr NE -
2021-05-19,Board of Zoning Appeals,BZA-21053,"BZA - Resolution for Continuity of Government - May 19, 2021"
2021-05-12,Planning Commission Work Session,PCWS21-079,Work Session Discussion with Supervisor Walter L. Alcorn of Fairfax County’s Hunter Mill District
2021-05-12,Planning Commission Work Session,PCWS21-078,Work Session Resolution for Continuity of Government
2021-05-12,Planning Commission Work Session,PCWS21-078,Work Session Resolution for Continuity of Government
2021-05-12,Planning Commission,PC21-140,Resolution for Continuity of Government
2021-05-12,Planning Commission,PC21-139,"Recommendation to the Board of Zoning Appeals for a conditional use permit to establish an animal hospital at a commercial tenant space located at 124 Park Street, SE Unit 100, in the C-1 Local Commercial zone."
2021-04-28,Planning Commission Work Session,PCWS21-077,Resolution for Continuity of Government. Comprehensive plan amendment subcommittee work session - Land Use & Economic Development
2021-04-28,Planning Commission Work Session,PCWS21-076,Resolution for Continuity of Government. Comprehensive plan amendment subcommittee work session - Environment and Sustainability/Parks and Recreation
2021-04-28,Planning Commission Work Session,PCWS21-075,Resolution for Continuity of Government. Comprehensive plan amendment subcommittee work session - Transportation and Community Facilities
2021-04-21,Board of Zoning Appeals,BZA-21052,416 Council Dr NE - Request for a Variance
2021-04-21,Board of Zoning Appeals,BZA-21051,"BZA Resolution for Continuity of Government - April 21, 2021"
2021-04-15,Board of Architectural Review,BAR21-231,337 Maple Ave E- Sign
2021-04-15,Board of Architectural Review,BAR21-230,223 Mill St NE- Exterior Modification
2021-04-15,Board of Architectural Review,BAR21-229,301 Maple Ave W - Sign
2021-04-15,Board of Architectural Review,BAR21-228,416 Council Dr. NE - Exterior Modification
2021-04-15,Board of Architectural Review,BAR21-227,Board of Architectural Review - Continuity of Government
2021-04-14,Planning Commission Work Session,PCWS21-074,Resolution for Continuity of Government. Comprehensive plan amendment subcommittee work session - Land Use & Economic Development
2021-04-14,Planning Commission Work Session,PCWS21-073,Resolution for Continuity of Government. Comprehensive plan amendment subcommittee work session - Environment & Sustainability and Parks & Recreation
2021-03-31,Planning Commission Work Session,PCWS21-072,Joint Town Council Conference Session - Planning Commission Work Session on CODE CREATE VIENNA Public Engagement Update
2021-03-31,Planning Commission Work Session,21-2170,Resolution for Continuity of Government
2021-03-24,Planning Commission Work Session,PCWS21-071,Resolution for Continuity of Government. Comprehensive plan amendment subcommittee work session - Transportation & Community Facilities
2021-03-24,Planning Commission Work Session,PCWS21-070,Resolution for Continuity of Government. Comprehensive plan amendment subcommittee work session - Environment & Sustainability and Parks & Recreation
2021-03-18,Board of Architectural Review,BAR21-225,301 Maple Ave W - Sign
2021-03-18,Board of Architectural Review,BAR21-224,172 Maple Ave W - Sign
2021-03-18,Board of Architectural Review,BAR21-223,112 Lawyers Rd NW - Sign
2021-03-18,Board of Architectural Review,BAR21-222,300 Glyndon St NE - Exterior Modification
2021-03-18,Board of Architectural Review,BAR21-221,100 Maple Ave E - Exterior Modifications
2021-03-18,Board of Architectural Review,BAR21-220,416 Council Dr NE - Fence
2021-03-18,Board of Architectural Review,BAR21-219,201 Park St SE - Cadence on Park
2021-03-18,Board of Architectural Review,BAR21-218,332 Maple Ave E - Burke & Herbert Bank
2021-03-18,Board of Architectural Review,BAR21-217,"Board of Architectural Review - Continuity of Government - March 18, 2021"
2021-03-17,Board of Zoning Appeals,BZA-21050,332 Maple Ave E - Request for a Conditional Use Permit
2021-03-17,Board of Zoning Appeals,BZA-21049,414 Council Dr NE - Request for a Variance
2021-03-17,Board of Zoning Appeals,BZA-21048,"BZA Resolution for Continuity of Government - March 17, 2021"
2021-03-10,Planning Commission Work Session,PCWS21-069,Resolution for Continuity of Government. Comprehensive plan amendment subcommittee work session - Land Use & Economic Development
2021-03-10,Planning Commission Work Session,PCWS21-068,Resolution for Continuity of Government. Comprehensive plan amendment subcommittee work session - Transportation & Community Facilities
2021-03-05,Board of Architectural Review Work Session,BARWS21-038,201 Park St SE - Cadence on Park
2021-03-02,Windover Heights Board of Review,21-2091,"Request for a Certificate of Appropriateness for installation of a new fence on the property located at 212 West St. NW, Docket No.WHBR-01-21, in the RS-16, single-family detached residential zoning district; filed by Lynn Stattel, property owner."
2021-03-02,Windover Heights Board of Review,21-2090,Resolution for Continuity of Government
2021-02-25,Board of Architectural Review,BAR21-215,201 Park St SE - Cadence on Park - Exterior Modification
2021-02-25,Board of Architectural Review,BAR21-214,415 Church St NE - Carient Heart & Vascular - Exterior Modificaiton
2021-02-25,Board of Architectural Review,BAR21-213,332 Maple Ave E - Burke & Herbert Bank - Exterior Modification
2021-02-25,Board of Architectural Review,BAR21-212,Resolution for Continuity of Government - Board of Architectural Review
2021-02-18,Board of Architectural Review,BAR21-215,201 Park St SE - Cadence on Park - Exterior Modification
2021-02-18,Board of Architectural Review,BAR21-214,415 Church St NE - Carient Heart & Vascular - Exterior Modificaiton
2021-02-18,Board of Architectural Review,BAR21-213,332 Maple Ave E - Burke & Herbert Bank - Exterior Modification
2021-02-18,Board of Architectural Review,BAR21-212,Resolution for Continuity of Government - Board of Architectural Review
2021-02-10,Planning Commission Work Session,PCWS21-067,Comprehensive Plan Amendment Subcommittee Work Session - Land Use & Economic Development Discussion
2021-02-10,Planning Commission Work Session,PCWS21-066,Comprehensive Plan Amendment - Transportation & Community Facilities subcommittee discussion
2021-02-10,Planning Commission Work Session,PCWS21-064,Resolution for Continuity of Government. Comprehensive plan amendment subcommittee work session - Land Use & Economic Development
2021-02-10,Planning Commission Work Session,PCWS21-063,Resolution for Continuity of Government. Comprehensive plan amendment subcommittee work session - Transportation & Community Facilities
2021-02-10,Planning Commission,PC21-135,Resolution for Continuity of Government.
2021-02-10,Planning Commission,PC21-134,"Recommendation to the Board of Zoning Appeals for a conditional use permit for a drive-through facility for Burke & Herbert Bank & Trust on property located at 332 Maple Avenue East, in the C-1A Special Commercial zone."
2021-02-03,Planning Commission Work Session,PCWS21-062,Resolution for Continuity of Government
2021-02-03,Planning Commission Work Session,PCWS21-061,Planning Commission Work Session on CODE CREATE VIENNA Non-Residential Zones + Districts
2021-01-28,Board of Zoning Appeals,BZA-21046,"Code Create, Vienna proposed residential standards for code update, discussion with Board Members"
2021-01-28,Board of Zoning Appeals,BZA-21045,Resolution of Continuity of Government - Board of Zoning Appeals
2021-01-21,Board of Architectural Review,BAR21-211,BAR - Resolution for Continuity of Government
2021-01-21,Board of Architectural Review,BAR21-210,"COde Create, Vienna proposed residential standards for code update, discussion with Board Members"
2021-01-21,Board of Architectural Review,BAR21-209,332 Maple Ave E - Burke & Herbert Bank - Exterior Modification
2021-01-21,Board of Architectural Review,BAR21-208,115 Park St SE - Vienna Family Medicine - Sign
2021-01-21,Board of Architectural Review,BAR21-207,107 Follin Ln SE - Vienna Village - Fence
2021-01-13,Planning Commission,PC21-127,"Public hearing on proposed text amendments to Temporary Sign Regulations in Article 19 of Chapter 18 of the Town Code, Sections 18-175, 18-177, 18-178, 18-185, Planning Commission recommendation to Town Council"
2021-01-13,Planning Commission,PC21-126,Resolution for Continuity of Government
2021-01-13,Planning Commission,PC21-125,Kick-off for Review of Town of Vienna Comprehensive Plan
2021-01-13,Planning Commission,PC21-124,Consideration of draft 2020 annual report
2021-01-13,Planning Commission,PC20-122,"Public hearing on proposed text amendments to add Family Day Home provisions to Chapter 18 of the Town Code, Sections 18-4, 18-13, 18-210, Planning Commission recommendation to Town Council"
2021-01-13,Planning Commission,PC20-119,"Public hearing on proposed text amendment to Sidewalk Ordinance, Section 17-67.2 of Chapter 17 of the Town Code, Planning Commission recommendation to Town Council"
2020-12-17,Board of Architectural Review,BAR20-206,Board of Architectural Review - Resolution Continuity of Government
2020-12-17,Board of Architectural Review,BAR20-205,435 Maple Ave W - Hawk & Griffin - Exterior Modification and Sign
2020-12-17,Board of Architectural Review,BAR20-204,415  Windover Ave NW - Green Hedges - Fence
2020-12-17,Board of Architectural Review,BAR20-203,308 Maple Ave E - TD Bank - Signs
2020-12-17,Board of Architectural Review,BAR20-202,120 Cherry St SW - VPAC - Mural
2020-12-17,Board of Architectural Review,BAR20-201,235 Maple Ave W - Bank of America - Signs
2020-12-09,Planning Commission Work Session,PCWS20-055,Work Session on proposed amendment of the zoning ordinance to specify Family Day Home as a permitted use.
2020-12-09,Planning Commission Work Session,PCWS20-054,"Work session on proposed revision to sidewalk ordinance, Section 17-67.2"
2020-12-09,Planning Commission Work Session,PCWS20-053,Resolution for Continuity of Government
2020-12-09,Planning Commission Work Session,21-2047,Work session on proposed amendments to temporary sign regulations
2020-12-03,Planning Commission Work Session,PCWS20-052,Resolution for Continuity of Government
2020-12-03,Planning Commission Work Session,PCWS20-051,Planning Commission Work Session on CODE CREATE VIENNA
2020-11-19,Board of Architectural Review,BAR20-200,100 East St SE - Repair and Replacement of Retaining Wall
2020-11-19,Board of Architectural Review,BAR20-199,198 Park Terrace Ct SE - Park Terrace Condominiums - Fence
2020-11-19,Board of Architectural Review,BAR20-198,413 Tapawingo Rd SW - Vienna Water Tank - Telecommunication Antennas
2020-11-19,Board of Architectural Review,BAR20-197,800 Maple Ave E - Westwood Country Club - Exterior Modifications
2020-11-19,Board of Architectural Review,BAR20-196,515 Maple Ave E - SunTrust/BB&T Bank - Sign
2020-11-19,Board of Architectural Review,BAR20-195,256 Maple Ave E - T-Mobile - Sign
2020-11-19,Board of Architectural Review,BAR20-194,120 Cherry St SE - Caffi Field - VPAC Mural
2020-11-19,Board of Architectural Review,BAR20-193,159 Maple Ave W - Cruz ‘n’ Shine Car Wash - Sign and Exterior Modification
2020-11-19,Board of Architectural Review,BAR20-192,BAR - Resolution -Continuity of Government
2020-11-18,Board of Zoning Appeals,BZA-20044,435 Maple Ave W - Request for approval of a conditional use permit from Section 18-211 of the Vienna Town Code for outdoor dining and live entertainment
2020-11-18,Board of Zoning Appeals,BZA-20043,244 Hillside Circle SW - Request for approval of a variance from Sections §18-15.C & §18-15.E of the Vienna Town Code in order to construct an addition and screened porch beyond the required front and rear yard setback lines
2020-11-18,Board of Zoning Appeals,BZA-20042,"Resolution - Continuity of Government - November 18, 2020"
2020-11-04,Planning Commission,PC20-118,Resolution for Continuity of Government
2020-11-04,Planning Commission,PC20-117,"Recommendation by the Planning Commission to the Town Council for modifications of requirement related to required lot coverage, front yard setback and side yard setback in the RM-2 Multifamily, Low Density zoning district, for the property located at 201 Park Street Southeast. Application filed by John Sekas of Sekas Homes, Ltd."
2020-11-04,Planning Commission,PC20-116,"Recommendation to the Town Council on a final plat for the Parkwood Oaks subdivision of 601 Marshall Road SW and 1011 Ware Street SW into Six lots on property located in the RS-16, Single-Family Detached Residential zone."
2020-11-04,Planning Commission,PC20-115,"Recommendation to the Town Council on a final plat for the subdivision of 117-121 Courthouse Road SW into three lots on property located in the RS-10, Single-Family Detached Residential zone."
2020-11-04,Planning Commission,PC20-115,"Recommendation to the Town Council on a final plat for the subdivision of 117-121 Courthouse Road SW into three lots on property located in the RS-10, Single-Family Detached Residential zone."
2020-10-21,Board of Zoning Appeals,BZA-20041,"301 Center St S. - Request approval of a conditional use permit from Section 18-31, and by reference Section 18-13, of the Vienna Town Code to permit temporary use of existing building for police department staff during construction of new police station"
2020-10-21,Board of Zoning Appeals,BZA-20040,"Resolution - Continuity of Government - October 21, 2020"
2020-10-15,Board of Architectural Review,BAR20-191,159 Maple Ave W - Cruz’n’Shine - Exterior Modification and Signs
2020-10-15,Board of Architectural Review,BAR20-190,319 Mill St NE - Velocity Dance - Mural
2020-10-15,Board of Architectural Review,BAR20-189,527 Maple Ave E - T-Mobile - Exterior Modification
2020-10-15,Board of Architectural Review,BAR20-188,235 Maple Ave W - Bank of America - Signs
2020-10-15,Board of Architectural Review,BAR20-187,260-280 Cedar Ln SE - Cedar Park Shopping Center Revision
2020-10-15,Board of Architectural Review,BAR20-186,Resolution - Continuity of Government
2020-10-14,Planning Commission,PC20-114,Resolution for Continuity of Government
2020-10-14,Planning Commission,PC20-113,"Recommendation by the Planning Commission to the Board of Zoning Appeals on request for conditional use permits for live entertainment and outdoor dining for Hawk & Griffin Public House, located at 435 Maple Avenue West in the C-1 zone.
AND
Recommendation by the Planning Commission to the Town Council for modifications of requirement related to required minimum number of parking spaces associated with restaurant use and minimum tree canopy coverage in the C-1 Local Commercial zoning district, for the property located at 435 Maple Avenue West."
2020-10-14,Planning Commission,PC20-112,"Public hearing for review by the Planning Commission to find that the proposed public use of an existing building, located at 301 Center Street South in the RS-10 Single-Family Detached 
Residential zoning district, is substantially in accord with the Town of Vienna Comprehensive Plan, as required by Section 15.2-2232 of the Code of Virginia"
2020-10-14,Planning Commission,PC20-111,Recommendation to the Board of Zoning Appeals for a conditional use permit to permit temporary use of existing building at 301 Center Street South for police department staff during construction of new police station
2020-10-14,Planning Commission,PC20-110,"Recommendation to the Town Council on a final plat for the subdivision of 311 Ayito Road SE into two lots on property located in the RS-12.5, Single-Family Detached Residential zone."
2020-10-06,Windover Heights Board of Review,20-1908,"Request for a Certificate of Appropriateness for installation of a new fence on the property located at 210 Lawyers Rd. NW, Docket No.WHBR-06-20, in the RS-16, single-family detached residential zoning district; filed by Chetan D. & Angela B. Tiwari, property owners."
2020-10-06,Windover Heights Board of Review,20-1907,Resolution for Continuity of Government
2020-09-30,Planning Commission Work Session,PCWS20-050,Resolution for Continuity of Government
2020-09-30,Planning Commission Work Session,PCWS20-049,Joint Work Session with Town Council on Land Use Goals for Zoning Update.
2020-09-30,Planning Commission,PC20-109,Resolution for Continuity of Government
2020-09-30,Planning Commission,PC20-108,"Public hearing on recommendation to the Town Council for proposed amendments to the Town of Vienna Comprehensive Plan for a Town-owned property located at 301 Center Street South, specifically amending the Future Land Use Plan (page 38) and Community Facilities and Services chapter (pages 98)."
2020-09-23,Planning Commission Work Session,PCWS20-048,Resolution for Continuity of Government
2020-09-23,Planning Commission Work Session,PCWS20-047,Joint Work Session with Town Council on Zoning Update
2020-09-17,Board of Architectural Review,BAR20-185,"Resolution - Continuity of Government - September 17, 2020"
2020-09-17,Board of Architectural Review,BAR20-184,301 Maple Ave W - T-Mobile - Exterior Modification
2020-09-17,Board of Architectural Review,BAR20-183,820 Follin Rd Ln SE - Navy FCU - Exterior Modification
2020-09-17,Board of Architectural Review,BAR20-182,245 Maple Ave W - Vienna Market - Exterior Modification
2020-09-16,Board of Zoning Appeals,BZA-20039,260 Cedar Ln SE - Request or a Conditional Use Permit from §18-73.B and §18-210.II of the Town Code
2020-09-16,Board of Zoning Appeals,BZA-20038,604 Beulah Rd NE - Request for Variance from §18-24.F of the Town Code.
2020-09-16,Board of Zoning Appeals,BZA-20037,"Resolution - Continuity of Government - September 16, 2020"
2020-09-09,Planning Commission,PC20-107,Resolution for Continuity of Government
2020-09-09,Planning Commission,PC20-106,"Public Hearing on Proposed Amendments to Chapter 18 - Zoning, Article 19 - Nameplates and Signs relating to Temporary Sign Regulations"
2020-08-26,Planning Commission Work Session,PCWS20-045,Work Session on Proposed Amendments to Temporary Sign Regulations
2020-08-26,Planning Commission Work Session,PCWS20-045,Work Session on Proposed Amendments to Temporary Sign Regulations
2020-08-26,Planning Commission Work Session,PCWS20-044,Resolution for Continuity of Government
2020-08-26,Planning Commission Work Session,PCWS20-044,Resolution for Continuity of Government
2020-08-26,Planning Commission,PC20-104,Resolution for Continuity of Government
2020-08-26,Planning Commission,PC20-103,"Recommendation to the Board of Zoning Appeals for a conditional use permit for a drive-through facility on property located at 260 Cedar Lane SE, in the C-1, Local Commercial zone."
2020-08-20,Board of Architectural Review,BAR20-181,208 Dominion Rd NE - Greenheart Juice - Sign
2020-08-20,Board of Architectural Review,BAR20-180,301 Maple Ave W - Verizon Wireless - Sign
2020-08-20,Board of Architectural Review,BAR20-179,820 Follin Ln SE - Navy Federal Credit Union - Signs
2020-08-20,Board of Architectural Review,BAR20-178,127 Center St S - Town Hall Generator - Exterior Modification
2020-08-20,Board of Architectural Review,BAR20-177,245 Maple Ave W - Vienna Market - Exterior Modificaitons
2020-08-20,Board of Architectural Review,BAR20-176,405 Maple Ave E - Aditi Gourment - Sign
2020-08-20,Board of Architectural Review,BAR20-175,"Resolution for Continuity of Government - August 20, 2020"
2020-08-12,Planning Commission Work Session,PCWS20-043,Work Session Discussion with the Town Attorney
2020-08-12,Planning Commission Work Session,PCWS20-042,Resolution for Continuity of Government
2020-08-12,Planning Commission Work Session,PCWS20-041,Work Session on Proposed Amendments to Temporary Sign Regulations
2020-08-04,Windover Heights Board of Review,20-1803,Resolution for Continuity of Government
2020-08-04,Windover Heights Board of Review,20-1802,"Request for a Certificate of Appropriateness to construct a new single family detached residential dwelling on the property located at 364 Windover Ave NW, Docket No. WHBR-05-20, in the RS-12.5, single-family detached residential zoning district; filed by Geoff Davis, owner, Marc O'Grady, CPBD, AIBD, of Marc O'Grady Design, and Dan Govan of Govan Builders LLC.."
2020-07-16,Board of Architectural Review,BAR20-174,"Resolution for Continuity of Government - July 16, 2020"
2020-07-16,Board of Architectural Review,BAR20-173,465 Maple Ave W - Wawa - Exterior Modification - Revision
2020-07-16,Board of Architectural Review,BAR20-172,344 Maple Ave E - Amma Vegetarian Kitchen - Sign
2020-07-16,Board of Architectural Review,BAR20-171,405 Maple Ave E - Aditi Gourmet - Sign
2020-07-07,Windover Heights Board of Review,20-1790,Resolution for Continuity of Government
2020-07-07,Windover Heights Board of Review,20-1789,"Request for a Certificate of Appropriateness for installation of new fence at the property located at 127 Lewis Street, NW, Docket No. 04-20-WHBR, in the RS-12.5, single-family detached residential zoning district; filed by Jason Levine, property owner."
2020-06-24,Planning Commission,PC20-102,"Recommendation to the Town Council for a requested change to the zoning map for one parcel, located at 117 Courthouse Road SW (Parcel # 0384 02 0032), in the C-2 General Commercial and C-1A Special Commercial zoning districts. Requested zoning is RS-10 Single-Family Detached Residential."
2020-06-24,Planning Commission,20-1779,Resolution for Continuity of Government
2020-06-18,Board of Architectural Review,BAR20-170,Resolution for Continuity of Government
2020-06-18,Board of Architectural Review,BAR20-169,374 Maple Ave W - Sunrise Senior Living - Exterior Modification (MAC)
2020-06-18,Board of Architectural Review,BAR20-168,223 Mill St NE - CubeSmart - Exterior Modification
2020-06-18,Board of Architectural Review,BAR20-167,260 Cedar Ln SE - Simply Social - Exterior Modification
2020-06-18,Board of Architectural Review,BAR20-166,235 Maple Ave E - Pizzaroni - Signs
2020-06-18,Board of Architectural Review,BAR20-165,203 Maple Ave W - Crumbl Cookies - Sign
2020-06-18,Board of Architectural Review,BAR20-164,502 Maple Ave W - Younger Image Plastic Surgery - Signs
2020-06-17,Board of Zoning Appeals,BZA-20036,800 Maple Ave E - Request for a Conditional Use Permit from § 18-13.c and § 18-210.O of the Town Code.
2020-06-17,Board of Zoning Appeals,BZA-20035,324 Nutley St NW - Request for a Conditional Use Permit from §18-210.G of the Town Code
2020-06-17,Board of Zoning Appeals,BZA-20034,315 Center St - Request for a Variance from §18-49 of the Town Code.
2020-06-17,Board of Zoning Appeals,BZA-20033,Resolution for Continuity of Government
2020-06-02,Windover Heights Board of Review,20-1739,Resolution for Continuity of Government
2020-06-02,Windover Heights Board of Review,20-1738,"Request for a of a Certificate of Appropriateness to construct a new single family dwelling on the property located at 303 Salsbury Ln NW, Docket No. WHBR-03-20, in the RS-16, single-family detached residential zoning district; filed by Kevin Krush, First Light Development LLC., project builder and owner."
2020-06-02,Windover Heights Board of Review,20-1737,"Request for a REVISION of a Certificate of Appropriateness to construct a new fence on the property located at 203 West Street NW, Docket No. WHBR-02-20, in the RS-16, single-family detached residential zoning district; filed by Kevin & Michelle White, owners."
2020-05-27,Planning Commission,PC20-101,Resolution for Continuity of Government
2020-05-27,Planning Commission,PC20-100,"Recommendation by the Planning Commission to the Town Council for continued use of two public use trailers for an additional two years, located at Louise Archer Elementary School at 324 Nutley Street NW, in the RS-12.5, Single-Family Detached Residential zone"
2020-05-27,Planning Commission,PC20-099,"Recommendation by the Planning Commission to the Board of Zoning Appeals for conditional use permit for continued placement of one (1) modular classroom, located at Louise Archer Elementary School at 324 Nutley Street NW, in the RS-12.5, Single-Family Detached Residential zone"
2020-05-27,Planning Commission,PC20-098,"Recommendation by the Planning Commission to the Town Council for a landscape plan associated with the proposed new self-storage building, located at 223-241 Mill Street NE, in the CM Limited Industrial zoning district"
2020-05-27,Planning Commission,PC20-097,"Recommendation by the Planning Commission to the Town Council for modification of requirement related to the size of the loading space, located at 223-241 Mill Street NE, in the CM Limited Industrial zoning district"
2020-05-27,Planning Commission,PC20-096,"Recommendation by the Planning Commission to the Town Council for the waiver of a masonry wall required at the rear of the proposed building, located at 223-241 Mill Street NE, in the CM Limited Industrial zoning district"
2020-05-27,Planning Commission,PC20-094,"Recommendation by the Planning Commission to the Board of Zoning Appeals for an amendment to an existing conditional use permit to construct an addition to the existing clubhouse at Westwood Country Club, on property located at 800 Maple Avenue East, in the RS-16, Single-Family Residential zoning district. Application filed by Patrick M. Via, Esq., attorney representative with Rees Broome, PC on behalf of Westwood Country Club."
2020-05-21,Board of Architectural Review,BAR20-163,BAR - Resolution for Continuity of Government
2020-05-21,Board of Architectural Review,BAR20-162,127 Center St S - Town Hall - Exterior Modification
2020-05-21,Board of Architectural Review,BAR20-161,215 Center St S - New Police Station - Exterior Modifications
2020-05-21,Board of Architectural Review,BAR20-160,235 Maple Ave E - Pizzaroni - Signage
2020-05-21,Board of Architectural Review,BAR20-159,203 Maple Ave E - Crumbl Cookies - Signage
2020-05-21,Board of Architectural Review,BAR20-158,124 Maple Ave W - Viva Sol Juice Co. - Signage
2020-05-21,Board of Architectural Review,BAR20-157,207 Maple Ave E - South Block Juice - Signage
2020-05-21,Board of Architectural Review,BAR20-156,139 Church St NW - Sam;s Studio - Signage
2020-05-21,Board of Architectural Review,BAR20-155,200 Maple Ave E - Mobile Gas - Signage
2020-05-21,Board of Architectural Review,BAR20-154,538 Maple Ave W - Chick-fil-A - Signage
2020-05-21,Board of Architectural Review,BAR20-153,540 Maple Ave W - Flagship Carwash - Screening
2020-05-20,Board of Zoning Appeals,BZA-20032,Resolution for Continuity of Government
2020-05-20,Board of Zoning Appeals,BZA-20031,215 Center St S - 114 Locust St SW - Request for a conditional use permit for a new public building (new police station).
2020-05-13,Planning Commission,PC20-092,"ITEM DEFERRED TO FUTURE MEETING - Recommendation by the Planning Commission to the Board of Zoning Appeals for an amendment to an existing conditional use permit to construct an addition to the existing clubhouse at Westwood Country Club, on property located at 800 Maple Avenue East, in the RS-16, Single-Family Residential zoning district. Application filed by Patrick M. Via, Esq., attorney representative with Rees Broome, PC on behalf of Westwood Country Club."
2020-05-13,Planning Commission,PC20-091,"Recommendation by the Planning Commission to the Town Council for requested modifications of requirements related to lot coverage, parking, and location of a masonry wall, located at 215 
Center Street South and 114 Locust Street SW, in the RM-2 Multifamily, Low Density and RS-10 Single-Family Detached Residential zoning districts."
2020-05-13,Planning Commission,PC20-090,"Recommendation by the Planning Commission to the Board of Zoning Appeals for conditional use permits for a new public building (police station), located at 215 Center Street South and 114 Locust Street SW, in the RM-2 Multifamily, Low Density and RS-10 Single-Family Detached Residential zoning districts"
2020-05-13,Planning Commission,PC20-089,Public hearing for “2232 Review” of proposed police Station to determine if Proposed Public building is substantially in accord with the Comprehensive Plan
2020-05-13,Planning Commission,20-1694,Resolution for Continuity of Government
2020-05-13,Planning Commission,20-1682,Public Hearing to Repeal the Maple Avenue Commercial (MAC) Zone
2020-05-13,Planning Commission,20-1681,"Public Hearing to Extend the Temporary Suspension of the Maple Avenue Commercial (MAC) Zone, set to expire June 30, 2020, to June 30, 2022"
2020-05-12,Windover Heights Board of Review,20-1697,Resolution for Continuity of Government
2020-05-12,Windover Heights Board of Review,20-1695,"Request for a Certificate of Appropriateness to construct a new fence on the property located at 203 West Street NW, Docket No. WHBR-02-20, in the RS-16, single-family detached residential zoning district; filed by Kevin & Michelle White, owners."
2020-03-19,Board of Architectural Review,BAR20-152,203 Maple Ave E - Crumbl Cookie - Sign and Awning
2020-03-19,Board of Architectural Review,BAR20-151,124 Maple Ave W - Viva Sol Juice Co - Sign
2020-03-19,Board of Architectural Review,BAR20-150,207 Maple Ave E - South Block Juice - Sign
2020-03-19,Board of Architectural Review,BAR20-149,139 Church St NW - Sam’s Studio - Signs
2020-03-19,Board of Architectural Review,BAR20-148,200 Maple Ave E - Mobile Gas - Signs
2020-03-19,Board of Architectural Review,BAR20-147,540 Maple Ave W - Flagship Carwash - Screening
2020-03-03,Windover Heights Board of Review,20-1622,"Request for revision to a Certificate of Appropriateness for a new single family detached residential dwelling on the property located at 222 Lovers Lane NW, Docket No. WHBR-03-19, in the RS-16, single-family detached residential zoning district; filed by 222 Lovers Land, LLC, Inc., owner, and JDA Custom Homes, Inc., builder."
2020-02-26,Planning Commission,PC20-088,"Recommendation by the Planning Commission to the Board of Zoning Appeals on request for conditional use permit for live entertainment for Hawk & Griffin Public House, located at 405-409 Maple Avenue West in the C-1 zone.
AND
Recommendation by the Planning Commission to the Town Council on related request for modification of requirement to allow parking between the building setback line and the street line in the C-1 zone, for the property located at 405-409 Maple Avenue West."
2020-02-20,Board of Architectural Review,BAR20-146,820 Follin Ln SE - Navy Federal Credit Union - Exterior Modification
2020-02-20,Board of Architectural Review,BAR20-145,414 Maple Ave E - Banfield Pet Hospital - Signs
2020-02-19,Board of Zoning Appeals,BZA-20030,BZA Work Session - Discussion on Family Day Homes
2020-02-19,Board of Zoning Appeals,BZA-20029,206 Scott Circle SW - Fairfax County Circuit Court remand to BZA for clarification as to its findings and grounds for denial of variance.
2020-02-19,Board of Zoning Appeals,BZA-20028,211 Center St N - Request for approval of a Variance
2020-02-12,Planning Commission Work Session,PCWS20-039,"Work Session on New Police Department Headquarters, located at 215 Center Street South and 114 Locust Street SW"
2020-02-12,Planning Commission,PC20-087,Continuation of Consideration of 2019 Annual Report
2020-01-22,Windover Heights Board of Review,19-1522,"Request for a Revision to a  Certificate of Appropriateness for the exterior modification (second floor addition, front porch, and new siding, paint and windows) of the property located at 344 Orchard Street NW, Docket No. 02-19-WHBR, in the RS-16, single-family detached residential zoning district; filed by Swaroop Parekh & Naveena Sompalli, home owners."
2020-01-16,Board of Architectural Review,BAR20-144,"This agenda item will be deferred to a later meeting date, to be determined.  540 Maple Ave W - Flagship Car Wash - Exterior Modification"
2020-01-16,Board of Architectural Review,BAR20-143,521 Maple Ave W - Molly’s Yogurt - Exterior Modification
2020-01-16,Board of Architectural Review,BAR20-142,302 Maple Ave W - Cindy Nail Spa - Sign
2020-01-16,Board of Architectural Review,BAR20-141,303A Mill St - LB Food Market - Sign
2020-01-08,Planning Commission,PC19-085,Consideration of 2019 Annual Report
2020-01-08,Planning Commission,PC19-083,"Recommendation to the Town Council for proposed amendments to the Town of Vienna Comprehensive Plan for Town-owned properties located at 114 Locust Street SW and 440 Beulah Road NE, specifically amending the Future Land Use Plan (page 38) and Community Facilities and Services chapter (pages 98-99)."
2020-01-07,Board of Architectural Review Work Session,BARWS19-037,211 Mill St NE - Mill Street Development - Cube Smart Self Storage
2019-12-19,Board of Architectural Review,BAR19-140,374-380 Maple Ave W - Sunrise of Vienna - Exterior Modifications - MAC (Article 13.1)
2019-12-19,Board of Architectural Review,BAR19-139,502 Maple Ave W - Younger Image Plastic Surgery - Sign
2019-12-19,Board of Architectural Review,BAR19-138,308 Dominion Rd NE - Med Spa - Sign
2019-12-19,Board of Architectural Review,BAR19-137,405 (401-409) Maple Ave E - Kochin Kitchen Indian Dinning - Sign
2019-12-18,Board of Zoning Appeals,BZA-19027,374 to 380 Maple Ave W - Assisted Living CUP (Maple Ave Commercial zone)
2019-12-11,Planning Commission,PC19-082,"Recommendation by the Planning Commission to the Town Council on a proposed amendment to proffered conditions for Sunrise of Vienna, a mixed-use building with ground floor restaurant and 85 unit assisted living facility, located at 374 to 380 Maple Avenue West, in Maple Avenue Commercial (MAC) Zone.

AND

Recommendation by The Planning Commission to the Town Council on related request for modifications of requirements.

AND

Recommendation by the Planning Commission to the Board of Zoning Appeals on related request for conditional use permit for assisted living in Maple Avenue Commercial (MAC) Zone."
2019-12-03,Windover Heights Board of Review,19-1522,"Request for a Revision to a  Certificate of Appropriateness for the exterior modification (second floor addition, front porch, and new siding, paint and windows) of the property located at 344 Orchard Street NW, Docket No. 02-19-WHBR, in the RS-16, single-family detached residential zoning district; filed by Swaroop Parekh & Naveena Sompalli, home owners."
2019-11-21,Board of Architectural Review,BAR19-135,359 Maple Ave E - Landscape Revision
2019-11-21,Board of Architectural Review,BAR19-134,303A Mill St NE - Wall Sign
2019-11-21,Board of Architectural Review,BAR19-133,112 Pleasant St NW - Wall Sign
2019-11-21,Board of Architectural Review,BAR19-132,214 Dominion Rd NE - Window Sign
2019-11-21,Board of Architectural Review,BAR19-131,126 Shepherdson Ln NE - Exterior Modification
2019-11-13,Planning Commission Work Session,PCWS19-038,Proposed proffer amendment and conditional use permit for Sunrise @ 380 Maple Ave W
2019-11-08,Board of Architectural Review Work Session,BARWS19-036,380 Maple Ave W - Sunrise
2019-11-05,Windover Heights Board of Review,19-1490,"Request for a Certificate of Appropriateness for installation of rear enclosed screened porch and new exterior paint color, at the property located at 127 Lewis Street NW, Docket No. 04-19-WHBR, in the RS-12.5, single-family detached residential zoning district; filed by Cathy LeGore, Project Coordinator at Design Builders Inc., on behalf of  Jason Levine and Tracy Schampers, property owners."
2019-11-01,Board of Architectural Review Work Session,BARWS19-035,245 Maple Ave W - Vienna Market - BAR Recommendation to Town Council
2019-10-30,Planning Commission,19-1481,"Public hearing to extend the temporary suspension of the Maple Avenue Commercial (MAC) Zone, set to expire on November 15, 2019, to June 30, 2020."
2019-10-17,Board of Architectural Review,BAR19-130,901 Follin Ln SE - Exterior Modification - Canopy
2019-10-17,Board of Architectural Review,BAR19-129,403 Maple Ave E - Sign - Replacement Façade Sign Panel
2019-10-17,Board of Architectural Review,BAR19-128,709 Hunter Ct SW - Exterior Modification - Fence
2019-10-16,Board of Zoning Appeals,BZA-19026,108 Yeonas Cir SE - Conditional Use Permit
2019-10-16,Board of Zoning Appeals,BZA-19025,124 Melody Ln SW - Continuance for an appeal of a zoning violation
2019-09-27,Board of Architectural Review Work Session,BARWS19-034,215 Center St S. - Vienna Police Department
2019-09-25,Planning Commission,PC19-081,Amend Planning Commission Bylaws
2019-09-25,Planning Commission,PC19-080,Recommendation to the Board of Zoning Appeals for approval of renewal of a conditional use permit for a Family Day Home of maximum ten (10) children.
2019-09-19,Board of Architectural Review,BAR19-127,544 Maple Ave W - McDonalds - Sign
2019-09-19,Board of Architectural Review,BAR19-126,513 Maple Ave W - Sherri Studios - Sign
2019-09-19,Board of Architectural Review,BAR19-125,419-B Maple Ave E - ABC Store - Sign
2019-09-19,Board of Architectural Review,BAR19-124,395 Maple Ave E - Exxon - Sign
2019-09-19,Board of Architectural Review,BAR19-123,112 Pleasant St SW - Bellini Salon & Gerrish MedEsthetics - Sign
2019-09-19,Board of Architectural Review,BAR19-122,245 Maple Ave W - Vienna Market
2019-09-18,Board of Zoning Appeals,BZA-19024,111 Church St NW - Blend 111 - Conditional Use Permit - Live Music
2019-08-28,Planning Commission Work Session,PCWS19-036,"Work session with Colette C Trohan of A Great Meeting, Inc. for Robert’s Rules of Order overview"
2019-08-15,Board of Architectural Review,BAR19-121,245 Maple Avenue West - Vienna Market
2019-08-15,Board of Architectural Review,BAR19-120,711 Hunter Ct SW - Exterior modifications - Fence
2019-08-15,Board of Architectural Review,BAR19-119,703 Hunter Court SW - Exterior Modifications - Solar Panels
2019-08-15,Board of Architectural Review,BAR19-118,1009 Moorefield Hill Grove SW - Exterior Modifications - Solar Panels
2019-08-15,Board of Architectural Review,BAR19-117,515 Maple Avenue West - Soleil Nail Spa - Signage
2019-08-14,Planning Commission,PC19-079,"Recommendation to the Board of Zoning Appeals for a Conditional Use Permit for live entertainment in a restaurant located at 111 Church Street NW, in the C-1B Pedestrian Commercial Zone."
2019-08-02,Board of Architectural Review Work Session,BARWS19-033,245 Maple Ave W - Vienna Market
2019-07-18,Board of Architectural Review,BAR19-115,260-280 Cedar Ln SE - Cedar Shopping Center - Exterior Modification Revision
2019-07-18,Board of Architectural Review,BAR19-114,820 Follin Ln SE - Navy Federal Credit Union - Monument Sign
2019-07-18,Board of Architectural Review,BAR19-113,1007 Electric Ave SE - Navy Federal Credit Union - Sign Revision
2019-07-18,Board of Architectural Review,BAR19-112,126B Branch Rd SE - Chi-Mc Korean Fried Chicken - Sign
2019-07-18,Board of Architectural Review,BAR19-111,301 Maple Ave W - Generations Wealth Management - Sign
2019-07-18,Board of Architectural Review,BAR19-110,144 Maple Ave W - Loyal Companion - Sign
2019-07-18,Board of Architectural Review,BAR19-109,414 Maple Ave E - KIN Properties - Revision
2019-07-18,Board of Architectural Review,BAR19-108,121 Maple Ave W - Jolie Hair Salon Studio - Revision
2019-07-17,Board of Zoning Appeals,BZA-19023,206 Scott Cir SW - Request for a variance
2019-07-17,Board of Zoning Appeals,BZA-19022,303A Mill St NE - Revocation of a Conditional Use Permit
2019-07-17,Board of Zoning Appeals,BZA-19021,414 Maple Ave E - Request for approval of a Conditional Use Permit
2019-07-17,Board of Zoning Appeals,BZA-19020,919 Ware St SW - Continuance for approval of a variance
2019-07-17,Board of Zoning Appeals,BZA-19019,124 Melody Ln SW - Continuance for an appeal of a zoning violation
2019-07-12,Board of Architectural Review Work Session,BARWS19-032,223 Mill St SE - Cube Smart Self-Storage
2019-06-28,Board of Architectural Review Work Session,BARWS19-031,245 Maple Ave W- Vienna Market
2019-06-20,Board of Architectural Review,BAR19-107,133 Maple Ave E - Bear Branch Tavern - Exterior Modification / Sign
2019-06-20,Board of Architectural Review,BAR19-106,517 Maple Ave W - Maple Tailoring - Canopy
2019-06-20,Board of Architectural Review,BAR19-105,234 Maple Ave E - Shin Se Kai Ramen  - Sign
2019-06-14,Board of Architectural Review Work Session,BARWS19-029,245 Maple Avenue West- Vienna Market
2019-06-12,Planning Commission,PC19-078,"Recommendation to the Board of Zoning Appeals for a conditional use permit to establish an animal hospital at a commercial tenant space located at 414 Maple Avenue East, in the C-1 Local Commercial zone."
2019-06-12,Planning Commission,PC19-077,Final Plat for Addition to the Katrina Hine Echols Division
2019-06-07,Board of Architectural Review Work Session,BARWS19-028,133 Maple Ave E - Bear Branch Tavern
2019-06-05,Board of Zoning Appeals,BZA-19018,124 Melody Ln SW - Continuance: request for an appeal of a zoning violation
2019-06-05,Board of Zoning Appeals,BZA-19017,133 Maple Avenue East - Conditional Use Permits - Bear Branch Tavern - Case No. PF-18-19-SP/CUP
2019-06-05,Board of Zoning Appeals,BZA-19016,305 Jade Court NW - Conditional Use Permit - Case No. PF-25-19-CUP
2019-05-24,Board of Architectural Review Work Session,BARWS19-027,245 Maple Ave W - Vienna Market
2019-05-22,Planning Commission,PC19-076,"Continued - Sunrise Assisted Living Rezoning and Site Plan Modifications

Recommendation by the Planning Commission to the Town Council on a proposed rezoning for Sunrise Assisted Living mixed-use building with ground floor retail and senior assisted living facility, located at 100 to 112 Maple Avenue East, from the C-2 General Commercial Zone and C-1A Special Commercial Zone to MAC Maple Avenue Commercial Zone. Application filed by Sara Mariska of Womble Bond Dickinson on behalf of Sunrise Development Inc.

AND 

Recommendation by the Planning Commission to the Town Council on a request for site plan modifications of requirements 
* 15 foot wide loading space, a reduction of 38 feet from the required 53 foot wide loading space
* 12 bike spaces, a reduction of 15 spaces from the required 27 bike spaces
* Proposed fence to be 8 feet in height, 2 feet greater that the maximum height of 6 feet
* Building awnings to extend 6 feet from the building face, an increase of 3 feet to the maximum 3 feet permitted.
Application filed by Sara Mariska of Womble Bond Dickinson on behalf of Sunrise Development Inc."
2019-05-22,Planning Commission,PC19-075,"Recommendation to the Board of Zoning Appeals for a conditional use permit to establish a family day home care of up to twelve (12) children on property located at 305 Jade Court NW, in the RS-12.5, single-family detached residential zone."
2019-05-16,Board of Architectural Review,BAR19-104,128 Maple Ave E - Sundown & Rise Up
2019-05-16,Board of Architectural Review,BAR19-103,118 Park St SE - Potomac Appalachian Trail Club
2019-05-16,Board of Architectural Review,BAR19-102,360 Maple Ave W Unit F - Dr. Goldberg & Associates
2019-05-16,Board of Architectural Review,BAR19-101,362 Maple Ave E - Starbucks
2019-05-15,Board of Zoning Appeals,BZA-19015,"100 to 112 Maple Avenue East - Sunrise Assisted Living - Conditional Use Permit for Assisted Living, as part of a proposed rezoning from the C-2 General Commercial Zone and C-1A Special Commercial Zone to MAC Maple Avenue Commercial Zone. Application filed by Sara Mariska of Womble Bond Dickinson on behalf of Sunrise Development Inc."
2019-05-15,Board of Zoning Appeals,BZA-19011,124 Melody Ln SW - Appeal to a Zoning Violation
2019-05-10,Board of Architectural Review Work Session,BARWS19-026,"This work session will be rescheduled for a future date:
245 Maple Ave W (239 Maple Ave W) - Vienna Market"
2019-05-08,Planning Commission,PC19-072,"Recommendation by the Planning Commission to the Board of Zoning Appeals for conditional use permits for outdoor dining and live entertainment for a restaurant use, located at 133 Maple Avenue East, in the C-2 General Commercial and RM-2 Multifamily, Low Density zoning districts. Application filed by Adam Lubar of Speakeasy Restaurants LLC."
2019-05-08,Planning Commission,PC19-071,"Continued Public Hearing - Sunrise Assisted Living Rezoning, Site Plan Modifications and Conditional Use Permit

Recommendation by the Planning Commission to the Town Council on a proposed rezoning for Sunrise Assisted Living mixed-use building with ground floor retail and senior assisted living facility, located at 100 to 112 Maple Avenue East, from the C-2 General Commercial Zone and C-1A Special Commercial Zone to MAC Maple Avenue Commercial Zone. Application filed by Sara Mariska of Womble Bond Dickinson on behalf of Sunrise Development Inc.

AND 

Recommendation by the Planning Commission to the Town Council on a request for site plan modifications of requirements 
·	15 foot wide loading space, a reduction of 38 feet from the required 53 foot wide loading space
·	7 bike spaces, a reduction of 20 spaces from the required 27 bike spaces
·	Proposed fence to be 8 feet in height, 2 feet greater that the maximum height of 6 feet
·	Building awnings to extend 6 feet from the building face, an increase of 3 feet to the maximum 3 feet permitted.
Application filed by Sara Mariska of Womble Bond Dickinson on behalf of Sunrise Development Inc.

AND 

Recommendation by the Planning Commission to the Board of Zoning Appeals on a request for a conditional use permit to allow an assisted living facility for seniors per Section 18-95.5.J. Application filed by Sara Mariska of Womble Bond Dickinson on behalf of Sunrise Development Inc."
2019-04-26,Board of Architectural Review Work Session,BARWS19-025,215 Center St S. - Town of Vienna Police Station - Dewberry
2019-04-24,Planning Commission,PC19-070,"Recommendation by the Planning Commission to the Town Council on a proposed rezoning for Sunrise Assisted Living mixed-use building with ground floor retail and senior assisted living facility, located at 100 to 112 Maple Avenue East, from the C-2 General Commercial Zone and C-1A Special Commercial Zone to MAC Maple Avenue Commercial Zone. Application filed by Sara Mariska of Womble Bond Dickinson on behalf of Sunrise Development Inc.

AND 

Recommendation by the Planning Commission to the Town Council on a request for site plan modifications of requirements 
·	15 foot wide loading space, a reduction of 38 feet from the required 53 foot wide loading space
·	7 bike spaces, a reduction of 20 spaces from the required 27 bike spaces
·	Proposed fence to be 8 feet in height, 2 feet greater that the maximum height of 6 feet
·	Building awnings to extend 6 feet from the building face, an increase of 3 feet to the maximum 3 feet permitted.
Application filed by Sara Mariska of Womble Bond Dickinson on behalf of Sunrise Development Inc.

AND 

Recommendation by the Planning Commission to the Board of Zoning Appeals on a request for a conditional use permit to allow an assisted living facility for seniors per Section 18-95.5.J. Application filed by Sara Mariska of Womble Bond Dickinson on behalf of Sunrise Development Inc."
2019-04-24,Planning Commission,PC19-068,"Recommendation by the Planning Commission to the Town Council to extend the temporary suspension of the Maple Avenue Commercial (MAC) Zone, set to expire on June 27, 2019, to November 15, 2019"
2019-04-18,Board of Architectural Review,BAR19-100,245 Maple Ave W - Vienna Market
2019-04-18,Board of Architectural Review,BAR19-099,374 Maple Ave E - Eagle Contractors
2019-04-18,Board of Architectural Review,BAR19-098,465 Maple Ave W - Wawa
2019-04-18,Board of Architectural Review,BAR19-097,374 Maple Ave E - McEnearney Associates Realtors
2019-04-18,Board of Architectural Review,BAR19-096,360 Maple Ave W Unit F - Dr. Goldberg & Associates
2019-04-17,Board of Zoning Appeals,BZA-19009,608 Kearney Ct SW - Variance - Lot Coverage
2019-04-10,Planning Commission,PC19-065,"Recommendation by the Planning Commission to the Town Council on a proposed rezoning for 380 Maple, a mixed-use building with ground floor retail and multi-family residential condominium units, located at 374 to 380 Maple Avenue West, in the C-1 Local Commercial and RS-16 Single-Family Detached Residential zoning districts (Requested zoning is Maple Avenue Commercial (MAC))

AND

Recommendation by the Planning Commission to the Town Council On Related Requests for modifications of requirements"
2019-03-27,Planning Commission,PC19-064,Draft Meeting & Work Session Minutes for Review
2019-03-27,Planning Commission,PC19-063,"Recommendation by the Planning Commission to the Town Council on a proposed rezoning for 380 Maple, a mixed-use building with ground floor retail and multi-family residential condominium units, located at 374 to 380 Maple Avenue West, in the C-1 Local Commercial and RS-16 Single-Family Detached Residential zoning districts (Requested zoning is Maple Avenue Commercial (MAC))

AND

Recommendation by the Planning Commission to the Town Council On Related Requests for modifications of requirements"
2019-03-27,Planning Commission,PC19-062,Consideration of Adoption of Planning Commission Bylaws and Rules of Procedure
2019-03-21,Board of Architectural Review,BAR19-095,260-280 Cedar Ln SE (131 Patrick St SE) - Cedar Park Shopping Center
2019-03-21,Board of Architectural Review,BAR19-094,235 Maple Ave W - Bank of America
2019-03-21,Board of Architectural Review,BAR19-093,418 Maple Ave E - Bank of America
2019-03-21,Board of Architectural Review,BAR19-092,328 Maple Ave E - Mathnasium
2019-03-21,Board of Architectural Review,BAR19-091,320 Maple Ave E Unit D - New York School of Arts
2019-03-21,Board of Architectural Review,BAR19-090,360 Maple Ave W Unit F - Dr. Goldberg & Associates
2019-03-21,Board of Architectural Review,BAR19-089,211 Maple Ave E - AT&T
2019-03-13,Planning Commission Work Session,PCWS19-033,Review and Discuss Proposed Draft Amendments to the Maple Avenue Commercial (MAC) Zone Regulations
2019-02-27,Planning Commission Work Session,PCWS19-032,Review and Discuss Proposed Draft Amendments to the Maple Avenue Commercial (MAC) Zone Regulations
2019-02-21,Board of Architectural Review,BAR19-088,100-112 Maple Ave E - Sunrise Assisted Living - Maple Avenue Commercial (MAC)
2019-02-21,Board of Architectural Review,BAR19-087,465 Maple Ave W - Wawa Convenience Store - Exterior Modification and Signs
2019-02-21,Board of Architectural Review,BAR19-086,362 Maple Ave E - Starbucks - Exterior Modification (Revision)
2019-02-21,Board of Architectural Review,BAR19-085,121 Maple Ave W - Jolie Hair Studio 2 - Exterior Modification and Signs
2019-02-21,Board of Architectural Review,BAR19-084,132 Branch Rd SE - Zenola Restaurant - Sign
2019-02-21,Board of Architectural Review,BAR19-083,235 Maple Ave E - Keiko Charcoal Chicken - Sign
2019-02-20,Planning Commission Work Session,19-1153,Update on process to Develop Design Guidelines and Amendments to the MAC Zone Regulations.
2019-02-15,Board of Architectural Review Work Session,BARWS19-023,Review of the Preliminary Draft of the Design Guidelines for Maple Avenue Commercial (MAC) Zone
2019-02-13,Planning Commission Work Session,PCWS19-027,Work Session Reviewing Draft of Planning Commission Bylaws and Rules of Procedure
2019-02-13,Planning Commission Work Session,PCWS19-026,Work session to discuss 380 Maple mixed-use MAC rezoning application
2019-02-13,Planning Commission Work Session,19-1162,"Update on process to Develop Design Guidelines and Amendments to the Maple Avenue Commercial (MAC) Zone Regulations
*Special Meeting/Work Session will be held on February 20th to discuss in detail"
2019-02-08,Board of Architectural Review Work Session,BARWS19-022,Review Design Guidelines for Maple Avenue Commercial (MAC) Zone - rescheduled to Friday 2/15/19 at 8:00 am
2019-02-01,Board of Architectural Review Work Session,BARWS19-021,465 Maple Ave W - Wawa Convenience Store
2019-01-23,Planning Commission Work Session,PCWS19-025,Work Session Reviewing Draft of Planning Commission Bylaws and Rules of Procedure
2019-01-17,Board of Architectural Review,BAR19-082,380 Maple Ave W - MAC Rezoning
2019-01-17,Board of Architectural Review,BAR19-081,625 Marshall Rd SW - Vienna Aquatic Club
2019-01-17,Board of Architectural Review,BAR19-080,127 Maple Ave W - Orange Theory Fitness
2019-01-17,Board of Architectural Review,BAR19-079,425 Maple Ave E - The Tailor Shop
2019-01-17,Board of Architectural Review,BAR19-078,142 Maple Ave W - Tea DM Mini
2019-01-11,Board of Architectural Review Work Session,BARWS19-020,100-102 Maple Ave E - Sunrise of Vienna
2019-01-09,Planning Commission,PC18-061,Election of Officers for Planning Commission
2019-01-09,Planning Commission,PC18-060,Resolution for participation of Planning Commissioners through electronic communication during public meetings
2018-12-20,Board of Architectural Review,BAR18-077,260-280 Cedar Ln SE (131 Patrick St SE) - Cedar Park Shopping Center - Exterior Modifications
2018-12-20,Board of Architectural Review,BAR18-076,234 Maple Ave E - Shin Se Kai Ramen - Exterior Modifications
2018-12-20,Board of Architectural Review,BAR18-075,127 Maple Ave W - Orange Theory Fitness - Window Graphic
2018-12-20,Board of Architectural Review,BAR18-074,414 Maple Ave E - KIN Properties - Façade Renovation
2018-12-20,Board of Architectural Review,BAR18-073,233 Maple Ave E - Elite Tutoring Place - Façade Sign
2018-12-20,Board of Architectural Review,BAR18-072,307 Maple Ave W - NOVA Dental Care - Façade Sign
2018-12-20,Board of Architectural Review,BAR18-071,307 Maple Ave W - SOS Ortho - Façade Sign
2018-12-14,Board of Architectural Review Work Session,BARWS18-019,"374-380 Maple Ave W - MAC Rezoning Application for 4 story mixed use building with 40 residential units and 7,500 square feet of ground floor retail.  Applicant: Red Investment LLC and MJW Maple LLC"
2018-12-07,Board of Architectural Review Work Session,BARWS18-018,465 Maple Ave W - Wawa Convenience Store
2018-11-30,Board of Architectural Review Work Session,BARWS18-017,131 Patrick St SE - Cedar Park Shopping Center
2018-11-15,Board of Architectural Review,BAR18-070,Staff presentation of the Maple Ave Commercial (MAC) Zone - Visual Preference Survey results.
2018-11-15,Board of Architectural Review,BAR18-069,540 Maple Ave W - Flagship Carwash - Docket No. 57-18-BAR
2018-11-15,Board of Architectural Review,BAR18-068,320B Maple Ave E - Studio 320 Interior Design - Docket No. 63-18-BAR
2018-11-15,Board of Architectural Review,BAR18-067,231 Mill St NE - The Sweet Wood Collection “Vintage Home & Interiors” Docket No. BAR-65-18
2018-11-14,Planning Commission Work Session,PCWS18-023,Work Session with Town Attorney
2018-11-14,Planning Commission,PC18-057,Final Plat for Addition to the Jennie Lynne Division
2018-11-13,Board of Zoning Appeals,BZA-18006,108 Yeonas Circle SE - Conditional Use Permit - Case No. PF-50-18-CUP
2018-11-09,Board of Architectural Review Work Session,BARWS18-016,131 Patrick St SE - Cedar Park Shopping Center
2018-10-18,Board of Architectural Review,BAR18-066,540 Maple Ave W - Flagship Carwash - sign
2018-10-18,Board of Architectural Review,BAR18-065,540 Maple Ave W - Chick-fil-A - sign
2018-10-18,Board of Architectural Review,BAR18-064,213 Maple Ave E - Chipotle - sign
2018-10-18,Board of Architectural Review,BAR18-063,215 Maple Ave W - The Dollar Tree - Sign
2018-10-18,Board of Architectural Review,BAR18-062,352 Maple Ave W - The Carpet House - sign & modifications
2018-10-18,Board of Architectural Review,BAR18-061,146 Maple Ave W - Don Pollo of Vienna - sign
2018-10-18,Board of Architectural Review,BAR18-060,231 Maple Ave W - Northwest Federal Credit Union - sign
2018-10-18,Board of Architectural Review,BAR18-059,130 Park St SE - INOVA Primary Care - sign
2018-10-18,Board of Architectural Review,BAR18-058,203 Maple Ave W - Benjamin Moore Paints - sign
2018-10-10,Planning Commission,PC18-056,"Recommendation to the Board of Zoning Appeals for a conditional use permit to establish a family day home care of up to ten (10) children on property located at 108 Yeonas Circle SE, in the RS-10, Single-Family Detached Residential zone."
2018-10-04,Board of Architectural Review Work Session,BARWS18-015,Work session to discuss the Maple Avenue Commercial (MAC) Zone Visual Preference Survey and Design Guidelines
2018-09-28,Board of Architectural Review Work Session,BARWS18-013,Work session to discuss the Maple Avenue Commercial (MAC) Zone Visual Preference Survey and Design Guidelines
2018-09-20,Board of Architectural Review,BAR18-057,234 Maple Ave E - Shin Se Kai Ramen exterior modifications
2018-09-20,Board of Architectural Review,BAR18-056,362 Maple Ave E - Starbucks monument sign and exterior modifications
2018-09-20,Board of Architectural Review,BAR18-055,"155 Maple Ave W - Gem Tea façade sign, freestanding sign, exterior modifications"
2018-09-20,Board of Architectural Review,BAR18-054,136 Maple Ave W - Panera Bread window sign
2018-09-20,Board of Architectural Review,BAR18-053,155 Glyndon Ave E - On Edge Hair Salon sign
2018-09-12,Planning Commission Work Session,PCWS18-022,Proposed MAC project for 380 Maple Avenue West
2018-09-12,Planning Commission,PC18-053,"Malcolm Road Subdivision at properties located at 424 and 440 Malcolm Road, NW."
2018-08-21,Planning Commission,PC18-053,"Malcolm Road Subdivision at properties located at 424 and 440 Malcolm Road, NW."
2018-08-21,Planning Commission,PC18-050,"Recommendation by the Planning Commission to the Town Council on proposed zoning ordinance amendments to Article 13.1. - MAC Maple Avenue Commercial Zone Regulations of Chapter 18 of the Town Code...
Body"
2018-08-16,Board of Architectural Review,BAR18-052,309 Maple Ave W - Long and Foster - PF-43-18-BAR
2018-08-16,Board of Architectural Review,BAR18-051,225 Maple Ave E - Walgreens - PF-39-18-BAR
2018-08-16,Board of Architectural Review,BAR18-050,502 Maple Ave W - Moments of Peace Massage Therapy PF-44-18-BAR
2018-08-16,Board of Architectural Review,BAR18-049,"405, 407, & 409 Maple Ave E - Aditi Spice Depot and Crepe Amour - PF-44-18-BAR"
2018-08-08,Planning Commission Work Session,PCWS18-020,"Work Session on a proposed zoning ordinance amendment to Article 2, Section 4 - Definitions- FINISHED LOT GRADE of Chapter 18 of the Town Code"
2018-08-08,Planning Commission,PC18-050,"Recommendation by the Planning Commission to the Town Council on proposed zoning ordinance amendments to Article 13.1. - MAC Maple Avenue Commercial Zone Regulations of Chapter 18 of the Town Code...
Body"
2018-08-08,Planning Commission,PC18-049,"Recommendation by the Planning Commission to the Town Council on a proposed zoning ordinance amendment to Article 2, Section 4 - Definitions - finished lot grade of Chapter 18 of the Town Code"
2018-08-08,Planning Commission,PC18-048,Request for Modification of Requirements for required parking associated with restaurant use at 133 Maple Avenue East
2018-07-30,Planning Commission,PC18-045,"Recommendation by the Planning Commission to the Town Council on proposed zoning ordinance amendments to Article 13.1. - MAC Maple Avenue Commercial Zone Regulations of Chapter 18 of the Town Code...
Body

PROPOSED/SUGGESTED MOTION"
2018-07-30,Planning Commission,PC18-044,"Recommendation by the Planning Commission to the Town Council on a proposed zoning ordinance amendment to Article 2, Section 4 - Definitions of Chapter 18 of the Town Code...
Body

PROPOSED/SUGGESTED MOTION"
2018-07-19,Board of Architectural Review,BAR18-048,200 Maple Ave E - BP Gas
2018-07-19,Board of Architectural Review,BAR18-047,234 Maple Ave E - Shin Se Kai Ramen Signs and Awning
2018-07-19,Board of Architectural Review,BAR18-046,131A Maple Ave W - Momo House Sign
2018-07-19,Board of Architectural Review,BAR18-045,330 Maple Ave W - Thai Treasure Sign
2018-07-19,Board of Architectural Review,BAR18-044,127 Maple Ave W - Orange Theory pylon sign
2018-07-18,Board of Zoning Appeals,BZA-18002,610 Kearney Ct SW - Variance - Case No. BZA-36-18
2018-07-18,Board of Zoning Appeals,21-2246,505 Princess Ct SW - Variance - Case No. BZA-37-18
2018-06-29,Board of Architectural Review Work Session,BARWS18-011,"Work session to discuss exterior improvements and signage for BP Gas located at 200 Maple Avenue East, (Docket No. BAR-35-18), in the C-2 General Commercial zoning district; Bhoopendra Prakash, PE of the Plan Source Inc., agent for owners TSPP LLC, ZEE Investments LLC."
2018-06-27,Planning Commission Work Session,18-940,Planning Commission joint work session with Town Council to continue discussions regarding MAC text amendments
2018-06-21,Board of Architectural Review,BAR18-043,200 Maple Ave E - BP Gas
2018-06-21,Board of Architectural Review,BAR18-042,140-160 Maple Ave W - VPAC - Vienna Shopping Center Mural
2018-06-21,Board of Architectural Review,BAR18-041,212 Cedar Ln SE - Vienna Parks Apartments
2018-06-21,Board of Architectural Review,BAR18-040,129 Maple Ave W - Nothing Bundt Cakes
2018-06-21,Board of Architectural Review,BAR18-039,127 Maple Ave W - Orange Theory Fitness
2018-06-21,Board of Architectural Review,BAR18-038,503 Maple Ave W - Moon Lake Massage
2018-06-21,Board of Architectural Review,BAR18-037,431 Maple Ave W - White Lotus Nails
2018-06-13,Planning Commission,18-975,Written Comments Provided at Public Hearing
2018-06-13,Planning Commission,18-925,"Withdrawn Item - 
Continued request for recommendation to Town Council for site plan modifiction of requirements for landscaping related to off-street surface parking for site development on properties located at 430, 440, 444 Maple Avenue West and parcel map# 0383 02 0141A; all currently zoned C-1, Local Commercial and RS-16, Residential Single-Family zoning district. Application filed by Sara Mariska, attorney representative with Womble Bond Dickinson, agent on behalf of Vienna Development Associates, LLC and James C. & Lucy C. Meng owners."
2018-06-13,Planning Commission,18-924,"Continuation of a Request for recommendation to Town Council for a proposed rezoning for mixed-use development of 3 lots, located at 430, 440, 444 Maple Avenue West and parcel map# 0383 02 0141A; all currently zoned C-1, Local Commercial and RS-16, Residential Single-Family zoning district (requested zoning is MAC - Maple Avenue Commercial). Application filed by Sara Mariska, attorney Representative with Womble Bond Dickinson, agent on behalf of Vienna Development Associates, LLC and James C. and Lucy C. Meng owners."
2018-05-25,Board of Architectural Review Work Session,BARWS18-009,MAC assisted living project at 100-110 Maple Avenue East
2018-05-23,Planning Commission,PC18-041,"Request for recommendation to Town Council for site plan modifiction of requirements for landscaping related to off-street surface parking for site development on properties located at 430, 440, 444 Maple Avenue West and parcel map# 0383 02 0141A; all currently zoned C-1, Local Commercial and RS-16, Residential Single-Family zoning district. Application filed by Sara Mariska, attorney representative with Walsh Colucci Lubeley & Walsh PC, agent on behalf of Vienna Development Associates, LLC and James C. & Lucy C. Meng owners."
2018-05-23,Planning Commission,18-976,Written Public Comments - See Meeting Agenda
2018-05-23,Planning Commission,18-888,"Request for recommendation to Town Council for a proposed rezoning for mixed-use development of 3 lots, located at 430, 440, 444 Maple Avenue West and parcel map# 0383 02 0141A; all currently zoned C-1, Local Commercial and RS-16, Residential Single-Family zoning district (requested zoning is MAC - Maple Avenue Commercial). Application filed by Sara Mariska, attorney Representative with Walsh Colucci Lubeley & Walsh PC, agent on behalf of Vienna Development Associates, LLC and James C. and Lucy C. MEng owners."
2018-05-23,Planning Commission Work Session,18-887,Joint work session with Town Council and Planning Commission on the MAC ad hoc committee’s proposed text amendments to the Maple Avenue Commercial (MAC) zoning district.
2018-05-17,Board of Architectural Review,BAR18-036,West Maple Ave - 444 Maple Ave W
2018-05-17,Board of Architectural Review,BAR18-035,Cadence on Center
2018-05-17,Board of Architectural Review,BAR18-034,Ben and Jerry’s
2018-05-17,Board of Architectural Review,BAR18-033,Vienna Design Kitchen and Bath
2018-04-25,Planning Commission,PC18-040,"Request for recommendation to the Board of Zoning Appeals for re-approval of a conditional use permit for the continuation of live entertainment for Lela, LLC dba Bey, located at 303 Mill Street NE, in the CM, limited industrial zoning district, filed by Rawad Hasrouni of Wooden Bakery USA."
2018-04-25,Planning Commission,PC18-039,"Request for recommendation to Town Council for site plan modification of requirements for minimum required off-street parking spaces on properties located at 109-113 Park Street NE and 200 Maple Avenue East.  Application filed by Bhoopendra Prakash, PE of the Plan Source Inc., agent on behalf of Zee Investments, LLC and TSPP, LLC, owners."
2018-04-25,Planning Commission,PC18-038,"Public Hearing for a Recommendation to Town Council for the proposed rezoning of two lots located at 109-113 Park Street NE and 200 Maple Avenue East, from C-1A, special commercial to C-2, general commercial. Application filed by Bhoopendra Prakash, PE of the Plan Source Inc., agent on behalf of Zee Investments, LLC and TSSP, LLC, owners"
2018-04-19,Board of Architectural Review,BAR18-032,Navy Federal Credit Union
2018-04-19,Board of Architectural Review,BAR18-031,Virginia Tire & Auto
2018-04-19,Board of Architectural Review,BAR18-030,Starbucks
2018-04-19,Board of Architectural Review,BAR18-029,Jennings Management Sign Plan
2018-04-19,Board of Architectural Review,BAR18-028,USAA
2018-04-19,Board of Architectural Review,BAR18-027,Noble’s Nail Salon
2018-04-19,Board of Architectural Review,BAR18-026,Total Health Concepts
2018-04-05,Board of Architectural Review Work Session,BARWS18-008,Work Session with VPAC for mural at Vienna Shopping Center
2018-03-28,Planning Commission Work Session,PCWS18-017,Discussion regarding implementing Town of Vienna Comprehensive Plan
2018-03-28,Planning Commission,PC18-037,Continued Public Hearing - Vienna Market MAC Rezoning Project
2018-03-28,Planning Commission,PC18-035,362 Maple Avenue East (Starbucks)
2018-03-23,Board of Architectural Review Work Session,BARWS18-007,Virginia Tire & Auto
2018-03-15,Board of Architectural Review,BAR18-025,120 Cherry St SE - Community Center Plantings
2018-03-15,Board of Architectural Review,BAR18-024,130 Park Street SE - Virginia Heart
2018-03-14,Planning Commission,PC18-034,Kingsley Myers Subdivision at properties located at 713 Kingsley Rd SW and 911 Myers Circle SW.
2018-03-14,Planning Commission,PC18-033,Vienna Market MAC rezoning project
2018-03-14,Planning Commission,PC18-031,135 Center Street South - Cadence on Center
2018-02-15,Board of Architectural Review,BAR17-023,Vienna Market
2018-02-15,Board of Architectural Review,BAR17-022,Body and Brain of Vienna
2018-02-15,Board of Architectural Review,BAR17-021,Vienna Tax & Accounting
2018-02-02,Board of Architectural Review Work Session,BARWS17-006,Vienna Marketplace Project Subject:
2018-01-24,Planning Commission Work Session,PCWS18-015,245 Maple Avenue West
2018-01-24,Planning Commission Work Session,18-766,Election of Chair and Vice-chair for 2018 - 7:45pm
2018-01-18,Board of Architectural Review,BAR17-017,Exterior modifications for USAA located at 527 Maple Avenue East
2018-01-18,Board of Architectural Review,BAR17-016,"Exterior modifications for Vienna Shopping Center, space 15, located at 146 Maple Avenue West"
2018-01-18,Board of Architectural Review,BAR17-015,Signage for FedEx Office located at 328 Maple Avenue East
2018-01-18,Board of Architectural Review,BAR17-014,Signage for Magnolia Coffee Shop located at 431 Maple Avenue West
2017-12-21,Board of Architectural Review,BAR17-013,Approval of Minutes - November 2017 Regular Meeting
2017-12-21,Board of Architectural Review,BAR17-011,Exterior Modifications for Vienna Shopping Center
2017-12-21,Board of Architectural Review,BAR17-010,Tenant Signs for Vienna Shopping Center
2017-12-21,Board of Architectural Review,BAR17-009,Exterior Modifications for Exxon Gas Station
2017-12-21,Board of Architectural Review,BAR17-008,Façade Sign for Vienna Sports
2017-12-08,Board of Architectural Review Work Session,BARWS17-002,Cedar Park Shopping Center Renovation
2017-11-08,Planning Commission,PC17-025,"Recommendation to the Board of Zoning Appeals on a conditional use permit (CUP) application for installation of a drive-through ATM facility, located at 527 Maple Avenue East, in the C-1, Local Commercial zone.  Application filed by Billy Classen of KFW Engineers agent on behalf Security Valut Works, Inc."
2017-11-08,Planning Commission Work Session,17-679,"Q&A of Commission and staff on PC regular agenda item: Recommendation to the Board of Zoning Appeals on a conditional use permit (CUP) application for installation of a drive-through ATM facility, located at 527 Maple Avenue East, in the C-1, Local Commercial zone.  Application filed by Billy Classen of KFW Engineers agent on behalf Security Valut Works, Inc."
2017-10-11,Planning Commission,PC17-024,"Planning Commission’s recommendation to the Board of Zoning Appeals on a conditional use permit (CUP) for the continuation of live entertainment for Bey Lounge, located at 303A Mill Street NE, in the CM, Limited Commercial zone. Application filed by Rawad Hasrouni, owner."
2017-10-11,Planning Commission Work Session,17-612,Work Session - Q&A Bey Lounge Application
2017-09-27,Planning Commission Work Session,PCWS20-040,"Work Session with Dennis Rice, agent on behalf of Red Investment, LLC, to discuss a possible MAC (Maple Avenue Corridor) overlay district development of 380 Maple Avenue West."
2017-09-27,Planning Commission,PC17-023,"Recommendation by the Planning Commission to the Town Council on Proposed Ordinance Amendment Language to Section 18-241 - Decisions of the Board, Consistent with State of Virginia Code (15.2-2312)."
2017-09-13,Planning Commission Work Session,17-580,"Q&A of PC Regular Meeting Agenda Item No. 1: Proposed Ordinance Amendment language to Sec. 18-72 (Restaurants) C-1 permited uses under Article 11 and Section 18-4, Definitions under Article 2 of Chapter 18 of the Vienna Town Code"
2017-09-13,Planning Commission,17-576,Recommendation by the Planning Commission to the Town Council on Proposed Ordinance Amendment Language
2017-08-09,Planning Commission,PCWS16-009,Q&A Of PC Regular Meeting Agenda Item No. 2: Site Plan Modifications Request for Redevelopment of 135 Center St N.
2017-08-09,Planning Commission,PC16-021,Request for Site Plan Modifications for 135 Center Street South Development
2017-08-09,Planning Commission,PC16-020,"Request for the Planning Commission’s recommendation on a final plat for a proposed re-subdivision of  4-lot existing  lots 77, 78, 79, and 80 located at 101, 103, and 201 Mashie Drive as well as 701 Maple Drive into 6 new lots in the RS-16 zone and two waivers of subdivision requirements.

This is a RS-16, by-right, low-density, single-family residential application. It is consistent with the land-use map in the 2015 Comprehensive Plan update and current Zoning Map. The 6-lot proposal maintains the current RS-16 (Single Family Detached Residential) zone. The proposed development meets all zoning ordinance requirements of the RS-16 (Single Family Detached Residential) district as detailed in the attached staff report. However, the applicant has requested two waivers as provided for in Section 17-12 of the Towns subdivision ordinance. The project as proposed needs a waiver from Town Council for the lot deviation of more than 3 feet to accommodate needed grading/fill to build the cul-de-sac. A waiver is also being requested for the required construction of sidewalk along Follin Lane SE.  

Departmental Recommendation: Staff recommends that the planning Commission recommends that Town Council approve the 6 lot subdivision on a cul-de-sac off Mashie Drive and approve Mashie Drive, LLC’s request for waivers of the sidewalk requirement on Follin Lane and requested lot grade deviation. 



PROPOSED/SUGGESTED MOTION"
2017-08-09,Planning Commission,18-701,"Discuss proposed ordinance amendment language to Sec. 18-72, Permitted uses under Article 11 of Chapter 18 of the Vienna Town Code."
2017-08-09,Planning Commission,17-678,"Q&A of PC Regular Meeting Agenda Item No. 1: Final Plat Review of 101, 103, 201 Mashie Dr SE, and 701 Maple Ave E for a 6 Lot Subdivsion"
2017-06-28,Planning Commission,PC16-018,Conditional use permit for live entertainment at Whole Foods located at 143 Maple Avenue East
2017-06-28,Planning Commission,PC16-017,Conditional Use Permit for Family Day Home Care located at 715 Marshall Rd SW
2016-09-21,Planning Commission Work Session,PCWS19-035,"Continuation of Discussions Regarding Zoning Code Amendments Related to MAC, RM-2 zones, Parking, and Definitions"
2016-09-14,Planning Commission,16-221,"Continuation of discussions regarding zoning code amendments related to MAC, RM-2, parking, and Definitions"
